ISO-10303-21;
HEADER;
FILE_DESCRIPTION(('STEP AP203'),'1');
FILE_NAME('691214110003.stp','2022-06-01T11:16:07',('TraceParts'),('TraceParts S.A.'),'Spatial InterOp 3D',' ',' ');
FILE_SCHEMA(('CONFIG_CONTROL_DESIGN'));
ENDSEC;
DATA;
#1=DESIGN_CONTEXT('',#36,'design');
#2=APPLICATION_PROTOCOL_DEFINITION('INTERNATIONAL STANDARD','config_control_design',1994,#36);
#3=PRODUCT_CATEGORY_RELATIONSHIP('NONE','NONE',#37,#38);
#4=DATE_AND_TIME(#39,#40);
#5=DATE_TIME_ROLE('creation_date');
#6=DATE_TIME_ROLE('classification_date');
#7=PERSON_AND_ORGANIZATION_ROLE('creator');
#8=PERSON_AND_ORGANIZATION_ROLE('design_supplier');
#9=PERSON_AND_ORGANIZATION_ROLE('classification_officer');
#10=PERSON_AND_ORGANIZATION_ROLE('design_owner');
#11=APPROVAL_PERSON_ORGANIZATION(#41,#42,#43);
#12=APPROVAL_DATE_TIME(#4,#42);
#13=CC_DESIGN_APPROVAL(#42,(#44,#45,#46));
#14=CC_DESIGN_DATE_AND_TIME_ASSIGNMENT(#4,#5,(#46));
#15=CC_DESIGN_DATE_AND_TIME_ASSIGNMENT(#4,#6,(#44));
#16=CC_DESIGN_PERSON_AND_ORGANIZATION_ASSIGNMENT(#41,#10,(#47));
#17=CC_DESIGN_PERSON_AND_ORGANIZATION_ASSIGNMENT(#41,#7,(#46));
#18=CC_DESIGN_PERSON_AND_ORGANIZATION_ASSIGNMENT(#41,#7,(#45));
#19=CC_DESIGN_PERSON_AND_ORGANIZATION_ASSIGNMENT(#41,#8,(#45));
#20=CC_DESIGN_SECURITY_CLASSIFICATION(#44,(#45));
#21=CC_DESIGN_PERSON_AND_ORGANIZATION_ASSIGNMENT(#41,#9,(#44));
#22=SHAPE_DEFINITION_REPRESENTATION(#48,#49);
#23=SHAPE_DEFINITION_REPRESENTATION(#48,#50);
#24=SHAPE_DEFINITION_REPRESENTATION(#48,#51);
#25=SHAPE_DEFINITION_REPRESENTATION(#48,#52);
#26=SHAPE_DEFINITION_REPRESENTATION(#48,#53);
#27=SHAPE_DEFINITION_REPRESENTATION(#48,#54);
#28=SHAPE_DEFINITION_REPRESENTATION(#48,#55);
#29=SHAPE_DEFINITION_REPRESENTATION(#48,#56);
#30=SHAPE_DEFINITION_REPRESENTATION(#48,#57);
#31=SHAPE_DEFINITION_REPRESENTATION(#48,#58);
#32= (GEOMETRIC_REPRESENTATION_CONTEXT(3)GLOBAL_UNCERTAINTY_ASSIGNED_CONTEXT((#61))GLOBAL_UNIT_ASSIGNED_CONTEXT((#63,#64,#65))REPRESENTATION_CONTEXT('NONE','WORKSPACE'));
#36=APPLICATION_CONTEXT('CONFIGURATION CONTROLLED 3D DESIGNS OF MECHANICAL PARTS AND ASSEMBLIES');
#37=PRODUCT_CATEGORY('part','NONE');
#38=PRODUCT_RELATED_PRODUCT_CATEGORY('detail',' ',(#47));
#39=CALENDAR_DATE(2022,1,5);
#40=LOCAL_TIME(13,16,7.0,#67);
#41=PERSON_AND_ORGANIZATION(#68,#69);
#42=APPROVAL(#70,'SOLID MODEL');
#43=APPROVAL_ROLE('APPROVED');
#44=SECURITY_CLASSIFICATION('','',#71);
#45=PRODUCT_DEFINITION_FORMATION_WITH_SPECIFIED_SOURCE(' ','NONE',#47,.NOT_KNOWN.);
#46=PRODUCT_DEFINITION('','NONE',#45,#1);
#47=PRODUCT('1','','PART--DESC',(#72));
#48=PRODUCT_DEFINITION_SHAPE('NONE','NONE',#46);
#49=ADVANCED_BREP_SHAPE_REPRESENTATION('1',(#73,#74),#32);
#50=ADVANCED_BREP_SHAPE_REPRESENTATION('2',(#75,#76),#32);
#51=ADVANCED_BREP_SHAPE_REPRESENTATION('3',(#77,#78),#32);
#52=ADVANCED_BREP_SHAPE_REPRESENTATION('4',(#79,#80),#32);
#53=ADVANCED_BREP_SHAPE_REPRESENTATION('5',(#81,#82),#32);
#54=ADVANCED_BREP_SHAPE_REPRESENTATION('6',(#83,#84),#32);
#55=ADVANCED_BREP_SHAPE_REPRESENTATION('7',(#85,#86),#32);
#56=ADVANCED_BREP_SHAPE_REPRESENTATION('8',(#87,#88),#32);
#57=ADVANCED_BREP_SHAPE_REPRESENTATION('9',(#89,#90),#32);
#58=ADVANCED_BREP_SHAPE_REPRESENTATION('10',(#91,#92),#32);
#61=UNCERTAINTY_MEASURE_WITH_UNIT(LENGTH_MEASURE(1.0E-06),#63,'','');
#63= (CONVERSION_BASED_UNIT('MILLIMETRE',#95)LENGTH_UNIT()NAMED_UNIT(#98));
#64= (NAMED_UNIT(#100)PLANE_ANGLE_UNIT()SI_UNIT($,.RADIAN.));
#65= (NAMED_UNIT(#100)SOLID_ANGLE_UNIT()SI_UNIT($,.STERADIAN.));
#67=COORDINATED_UNIVERSAL_TIME_OFFSET(1,0,.AHEAD.);
#68=PERSON('','UNSPECIFIED',$,$,$,$);
#69=ORGANIZATION('UNSPECIFIED','UNSPECIFIED','UNSPECIFIED');
#70=APPROVAL_STATUS('approved');
#71=SECURITY_CLASSIFICATION_LEVEL('unclassified');
#72=MECHANICAL_CONTEXT('',#36,'mechanical');
#73=MANIFOLD_SOLID_BREP('1',#106);
#74=AXIS2_PLACEMENT_3D('',#107,#108,#109);
#75=MANIFOLD_SOLID_BREP('2',#110);
#76=AXIS2_PLACEMENT_3D('',#111,#112,#113);
#77=MANIFOLD_SOLID_BREP('3',#114);
#78=AXIS2_PLACEMENT_3D('',#115,#116,#117);
#79=MANIFOLD_SOLID_BREP('4',#118);
#80=AXIS2_PLACEMENT_3D('',#119,#120,#121);
#81=MANIFOLD_SOLID_BREP('5',#122);
#82=AXIS2_PLACEMENT_3D('',#123,#124,#125);
#83=MANIFOLD_SOLID_BREP('6',#126);
#84=AXIS2_PLACEMENT_3D('',#127,#128,#129);
#85=MANIFOLD_SOLID_BREP('7',#130);
#86=AXIS2_PLACEMENT_3D('',#131,#132,#133);
#87=MANIFOLD_SOLID_BREP('8',#134);
#88=AXIS2_PLACEMENT_3D('',#135,#136,#137);
#89=MANIFOLD_SOLID_BREP('9',#138);
#90=AXIS2_PLACEMENT_3D('',#139,#140,#141);
#91=MANIFOLD_SOLID_BREP('10',#142);
#92=AXIS2_PLACEMENT_3D('',#143,#144,#145);
#95=LENGTH_MEASURE_WITH_UNIT(LENGTH_MEASURE(1.0),#146);
#98=DIMENSIONAL_EXPONENTS(1.0,0.0,0.0,0.0,0.0,0.0,0.0);
#100=DIMENSIONAL_EXPONENTS(0.0,0.0,0.0,0.0,0.0,0.0,0.0);
#106=CLOSED_SHELL('',(#147,#148,#149,#150,#151,#152,#153,#154,#155,#156,#157,#158,#159,#160));
#107=CARTESIAN_POINT('',(0.0,0.0,0.0));
#108=DIRECTION('',(0.0,0.0,1.0));
#109=DIRECTION('',(1.0,0.0,0.0));
#110=CLOSED_SHELL('',(#161,#162,#163,#164,#165,#166,#167,#168,#169,#170,#171,#172,#173,#174));
#111=CARTESIAN_POINT('',(0.0,0.0,0.0));
#112=DIRECTION('',(0.0,0.0,1.0));
#113=DIRECTION('',(1.0,0.0,0.0));
#114=CLOSED_SHELL('',(#175,#176,#177,#178,#179,#180,#181,#182,#183,#184,#185,#186,#187,#188));
#115=CARTESIAN_POINT('',(0.0,0.0,0.0));
#116=DIRECTION('',(0.0,0.0,1.0));
#117=DIRECTION('',(1.0,0.0,0.0));
#118=CLOSED_SHELL('',(#189,#190,#191,#192,#193,#194,#195,#196,#197,#198,#199,#200,#201,#202,#203,#204,#205,#206,#207,#208,#209,#210,#211,#212,#213,#214,#215,#216,#217,#218,#219,#220,#221,#222,#223,#224,#225,#226,#227,#228));
#119=CARTESIAN_POINT('',(0.0,0.0,0.0));
#120=DIRECTION('',(0.0,0.0,1.0));
#121=DIRECTION('',(1.0,0.0,0.0));
#122=CLOSED_SHELL('',(#229,#230,#231,#232,#233,#234,#235,#236,#237,#238,#239,#240,#241,#242,#243,#244,#245,#246,#247,#248,#249,#250,#251,#252,#253,#254,#255,#256,#257,#258,#259,#260,#261,#262,#263,#264,#265,#266,#267,#268));
#123=CARTESIAN_POINT('',(0.0,0.0,0.0));
#124=DIRECTION('',(0.0,0.0,1.0));
#125=DIRECTION('',(1.0,0.0,0.0));
#126=CLOSED_SHELL('',(#269,#270,#271,#272,#273,#274,#275,#276,#277,#278,#279,#280,#281,#282,#283,#284,#285,#286,#287,#288,#289,#290,#291,#292,#293,#294,#295,#296,#297,#298,#299,#300,#301,#302,#303,#304,#305,#306,#307,#308));
#127=CARTESIAN_POINT('',(0.0,0.0,0.0));
#128=DIRECTION('',(0.0,0.0,1.0));
#129=DIRECTION('',(1.0,0.0,0.0));
#130=CLOSED_SHELL('',(#309,#310,#311,#312,#313,#314,#315,#316,#317,#318,#319,#320,#321,#322,#323,#324,#325));
#131=CARTESIAN_POINT('',(0.0,0.0,0.0));
#132=DIRECTION('',(0.0,0.0,1.0));
#133=DIRECTION('',(1.0,0.0,0.0));
#134=CLOSED_SHELL('',(#326,#327,#328,#329,#330,#331,#332,#333,#334,#335,#336,#337,#338,#339,#340,#341,#342));
#135=CARTESIAN_POINT('',(0.0,0.0,0.0));
#136=DIRECTION('',(0.0,0.0,1.0));
#137=DIRECTION('',(1.0,0.0,0.0));
#138=CLOSED_SHELL('',(#343,#344,#345,#346,#347,#348,#349,#350,#351,#352,#353,#354,#355,#356,#357,#358,#359));
#139=CARTESIAN_POINT('',(0.0,0.0,0.0));
#140=DIRECTION('',(0.0,0.0,1.0));
#141=DIRECTION('',(1.0,0.0,0.0));
#142=CLOSED_SHELL('',(#360,#361,#362,#363,#364,#365,#366,#367,#368,#369,#370,#371,#372,#373,#374,#375,#376,#377,#378,#379,#380,#381,#382,#383,#384,#385,#386,#387,#388,#389,#390,#391,#392,#393,#394,#395,#396,#397,#398,#399,#400,#401,#402,#403,#404,#405,#406,#407,#408,#409,#410,#411,#412,#413,#414,#415,#416,#417,#418,#419,#420,#421,#422,#423,#424,#425,#426,#427,#428,#429,#430,#431,#432,#433,#434,#435,#436,#437,#438,#439,#440,#441,#442,#443,#444,#445,#446,#447,#448,#449,#450,#451,#452,#453,#454,#455,#456,#457,#458,#459,#460,#461,#462,#463,#464,#465,#466));
#143=CARTESIAN_POINT('',(0.0,0.0,0.0));
#144=DIRECTION('',(0.0,0.0,1.0));
#145=DIRECTION('',(1.0,0.0,0.0));
#146= (NAMED_UNIT(#98)LENGTH_UNIT()SI_UNIT(.MILLI.,.METRE.));
#147=ADVANCED_FACE('',(#468),#469,.F.);
#148=ADVANCED_FACE('',(#470),#471,.F.);
#149=ADVANCED_FACE('',(#472),#473,.F.);
#150=ADVANCED_FACE('',(#474),#475,.F.);
#151=ADVANCED_FACE('',(#476,#477),#478,.T.);
#152=ADVANCED_FACE('',(#479,#480),#481,.T.);
#153=ADVANCED_FACE('',(#482),#483,.T.);
#154=ADVANCED_FACE('',(#484),#485,.T.);
#155=ADVANCED_FACE('',(#486),#487,.T.);
#156=ADVANCED_FACE('',(#488,#489),#490,.T.);
#157=ADVANCED_FACE('',(#491,#492),#493,.F.);
#158=ADVANCED_FACE('',(#494),#495,.T.);
#159=ADVANCED_FACE('',(#496),#497,.T.);
#160=ADVANCED_FACE('',(#498),#499,.T.);
#161=ADVANCED_FACE('',(#500),#501,.F.);
#162=ADVANCED_FACE('',(#502),#503,.F.);
#163=ADVANCED_FACE('',(#504),#505,.F.);
#164=ADVANCED_FACE('',(#506),#507,.F.);
#165=ADVANCED_FACE('',(#508,#509),#510,.T.);
#166=ADVANCED_FACE('',(#511,#512),#513,.T.);
#167=ADVANCED_FACE('',(#514),#515,.T.);
#168=ADVANCED_FACE('',(#516),#517,.T.);
#169=ADVANCED_FACE('',(#518),#519,.T.);
#170=ADVANCED_FACE('',(#520,#521),#522,.T.);
#171=ADVANCED_FACE('',(#523,#524),#525,.F.);
#172=ADVANCED_FACE('',(#526),#527,.T.);
#173=ADVANCED_FACE('',(#528),#529,.T.);
#174=ADVANCED_FACE('',(#530),#531,.T.);
#175=ADVANCED_FACE('',(#532),#533,.F.);
#176=ADVANCED_FACE('',(#534),#535,.F.);
#177=ADVANCED_FACE('',(#536),#537,.F.);
#178=ADVANCED_FACE('',(#538),#539,.F.);
#179=ADVANCED_FACE('',(#540,#541),#542,.T.);
#180=ADVANCED_FACE('',(#543,#544),#545,.T.);
#181=ADVANCED_FACE('',(#546),#547,.T.);
#182=ADVANCED_FACE('',(#548),#549,.T.);
#183=ADVANCED_FACE('',(#550),#551,.T.);
#184=ADVANCED_FACE('',(#552,#553),#554,.T.);
#185=ADVANCED_FACE('',(#555,#556),#557,.F.);
#186=ADVANCED_FACE('',(#558),#559,.T.);
#187=ADVANCED_FACE('',(#560),#561,.T.);
#188=ADVANCED_FACE('',(#562),#563,.T.);
#189=ADVANCED_FACE('',(#564),#565,.F.);
#190=ADVANCED_FACE('',(#566),#567,.T.);
#191=ADVANCED_FACE('',(#568),#569,.F.);
#192=ADVANCED_FACE('',(#570),#571,.T.);
#193=ADVANCED_FACE('',(#572),#573,.T.);
#194=ADVANCED_FACE('',(#574),#575,.T.);
#195=ADVANCED_FACE('',(#576),#577,.F.);
#196=ADVANCED_FACE('',(#578),#579,.F.);
#197=ADVANCED_FACE('',(#580),#581,.F.);
#198=ADVANCED_FACE('',(#582),#583,.T.);
#199=ADVANCED_FACE('',(#584),#585,.F.);
#200=ADVANCED_FACE('',(#586),#587,.T.);
#201=ADVANCED_FACE('',(#588),#589,.F.);
#202=ADVANCED_FACE('',(#590),#591,.F.);
#203=ADVANCED_FACE('',(#592),#593,.T.);
#204=ADVANCED_FACE('',(#594),#595,.T.);
#205=ADVANCED_FACE('',(#596),#597,.F.);
#206=ADVANCED_FACE('',(#598),#599,.F.);
#207=ADVANCED_FACE('',(#600),#601,.T.);
#208=ADVANCED_FACE('',(#602),#603,.T.);
#209=ADVANCED_FACE('',(#604),#605,.T.);
#210=ADVANCED_FACE('',(#606),#607,.F.);
#211=ADVANCED_FACE('',(#608),#609,.F.);
#212=ADVANCED_FACE('',(#610),#611,.T.);
#213=ADVANCED_FACE('',(#612),#613,.T.);
#214=ADVANCED_FACE('',(#614),#615,.T.);
#215=ADVANCED_FACE('',(#616),#617,.T.);
#216=ADVANCED_FACE('',(#618),#619,.T.);
#217=ADVANCED_FACE('',(#620),#621,.T.);
#218=ADVANCED_FACE('',(#622),#623,.F.);
#219=ADVANCED_FACE('',(#624),#625,.F.);
#220=ADVANCED_FACE('',(#626),#627,.F.);
#221=ADVANCED_FACE('',(#628),#629,.T.);
#222=ADVANCED_FACE('',(#630),#631,.T.);
#223=ADVANCED_FACE('',(#632),#633,.F.);
#224=ADVANCED_FACE('',(#634),#635,.T.);
#225=ADVANCED_FACE('',(#636),#637,.T.);
#226=ADVANCED_FACE('',(#638),#639,.F.);
#227=ADVANCED_FACE('',(#640),#641,.F.);
#228=ADVANCED_FACE('',(#642),#643,.F.);
#229=ADVANCED_FACE('',(#644),#645,.F.);
#230=ADVANCED_FACE('',(#646),#647,.T.);
#231=ADVANCED_FACE('',(#648),#649,.F.);
#232=ADVANCED_FACE('',(#650),#651,.T.);
#233=ADVANCED_FACE('',(#652),#653,.T.);
#234=ADVANCED_FACE('',(#654),#655,.T.);
#235=ADVANCED_FACE('',(#656),#657,.F.);
#236=ADVANCED_FACE('',(#658),#659,.F.);
#237=ADVANCED_FACE('',(#660),#661,.F.);
#238=ADVANCED_FACE('',(#662),#663,.T.);
#239=ADVANCED_FACE('',(#664),#665,.F.);
#240=ADVANCED_FACE('',(#666),#667,.T.);
#241=ADVANCED_FACE('',(#668),#669,.F.);
#242=ADVANCED_FACE('',(#670),#671,.F.);
#243=ADVANCED_FACE('',(#672),#673,.T.);
#244=ADVANCED_FACE('',(#674),#675,.T.);
#245=ADVANCED_FACE('',(#676),#677,.F.);
#246=ADVANCED_FACE('',(#678),#679,.F.);
#247=ADVANCED_FACE('',(#680),#681,.T.);
#248=ADVANCED_FACE('',(#682),#683,.T.);
#249=ADVANCED_FACE('',(#684),#685,.T.);
#250=ADVANCED_FACE('',(#686),#687,.F.);
#251=ADVANCED_FACE('',(#688),#689,.F.);
#252=ADVANCED_FACE('',(#690),#691,.T.);
#253=ADVANCED_FACE('',(#692),#693,.T.);
#254=ADVANCED_FACE('',(#694),#695,.T.);
#255=ADVANCED_FACE('',(#696),#697,.T.);
#256=ADVANCED_FACE('',(#698),#699,.T.);
#257=ADVANCED_FACE('',(#700),#701,.T.);
#258=ADVANCED_FACE('',(#702),#703,.F.);
#259=ADVANCED_FACE('',(#704),#705,.F.);
#260=ADVANCED_FACE('',(#706),#707,.F.);
#261=ADVANCED_FACE('',(#708),#709,.T.);
#262=ADVANCED_FACE('',(#710),#711,.T.);
#263=ADVANCED_FACE('',(#712),#713,.F.);
#264=ADVANCED_FACE('',(#714),#715,.T.);
#265=ADVANCED_FACE('',(#716),#717,.T.);
#266=ADVANCED_FACE('',(#718),#719,.F.);
#267=ADVANCED_FACE('',(#720),#721,.F.);
#268=ADVANCED_FACE('',(#722),#723,.F.);
#269=ADVANCED_FACE('',(#724),#725,.F.);
#270=ADVANCED_FACE('',(#726),#727,.T.);
#271=ADVANCED_FACE('',(#728),#729,.F.);
#272=ADVANCED_FACE('',(#730),#731,.T.);
#273=ADVANCED_FACE('',(#732),#733,.T.);
#274=ADVANCED_FACE('',(#734),#735,.T.);
#275=ADVANCED_FACE('',(#736),#737,.F.);
#276=ADVANCED_FACE('',(#738),#739,.F.);
#277=ADVANCED_FACE('',(#740),#741,.F.);
#278=ADVANCED_FACE('',(#742),#743,.T.);
#279=ADVANCED_FACE('',(#744),#745,.F.);
#280=ADVANCED_FACE('',(#746),#747,.T.);
#281=ADVANCED_FACE('',(#748),#749,.F.);
#282=ADVANCED_FACE('',(#750),#751,.F.);
#283=ADVANCED_FACE('',(#752),#753,.T.);
#284=ADVANCED_FACE('',(#754),#755,.T.);
#285=ADVANCED_FACE('',(#756),#757,.F.);
#286=ADVANCED_FACE('',(#758),#759,.F.);
#287=ADVANCED_FACE('',(#760),#761,.T.);
#288=ADVANCED_FACE('',(#762),#763,.T.);
#289=ADVANCED_FACE('',(#764),#765,.T.);
#290=ADVANCED_FACE('',(#766),#767,.F.);
#291=ADVANCED_FACE('',(#768),#769,.F.);
#292=ADVANCED_FACE('',(#770),#771,.T.);
#293=ADVANCED_FACE('',(#772),#773,.T.);
#294=ADVANCED_FACE('',(#774),#775,.T.);
#295=ADVANCED_FACE('',(#776),#777,.T.);
#296=ADVANCED_FACE('',(#778),#779,.T.);
#297=ADVANCED_FACE('',(#780),#781,.T.);
#298=ADVANCED_FACE('',(#782),#783,.F.);
#299=ADVANCED_FACE('',(#784),#785,.F.);
#300=ADVANCED_FACE('',(#786),#787,.F.);
#301=ADVANCED_FACE('',(#788),#789,.T.);
#302=ADVANCED_FACE('',(#790),#791,.T.);
#303=ADVANCED_FACE('',(#792),#793,.F.);
#304=ADVANCED_FACE('',(#794),#795,.T.);
#305=ADVANCED_FACE('',(#796),#797,.T.);
#306=ADVANCED_FACE('',(#798),#799,.F.);
#307=ADVANCED_FACE('',(#800),#801,.F.);
#308=ADVANCED_FACE('',(#802),#803,.F.);
#309=ADVANCED_FACE('',(#804),#805,.T.);
#310=ADVANCED_FACE('',(#806),#807,.T.);
#311=ADVANCED_FACE('',(#808),#809,.T.);
#312=ADVANCED_FACE('',(#810),#811,.T.);
#313=ADVANCED_FACE('',(#812),#813,.T.);
#314=ADVANCED_FACE('',(#814),#815,.T.);
#315=ADVANCED_FACE('',(#816),#817,.F.);
#316=ADVANCED_FACE('',(#818),#819,.T.);
#317=ADVANCED_FACE('',(#820),#821,.F.);
#318=ADVANCED_FACE('',(#822),#823,.T.);
#319=ADVANCED_FACE('',(#824),#825,.T.);
#320=ADVANCED_FACE('',(#826,#827),#828,.T.);
#321=ADVANCED_FACE('',(#829),#830,.T.);
#322=ADVANCED_FACE('',(#831),#832,.F.);
#323=ADVANCED_FACE('',(#833),#834,.T.);
#324=ADVANCED_FACE('',(#835),#836,.T.);
#325=ADVANCED_FACE('',(#837),#838,.F.);
#326=ADVANCED_FACE('',(#839),#840,.T.);
#327=ADVANCED_FACE('',(#841),#842,.T.);
#328=ADVANCED_FACE('',(#843),#844,.T.);
#329=ADVANCED_FACE('',(#845),#846,.T.);
#330=ADVANCED_FACE('',(#847),#848,.T.);
#331=ADVANCED_FACE('',(#849),#850,.T.);
#332=ADVANCED_FACE('',(#851),#852,.F.);
#333=ADVANCED_FACE('',(#853),#854,.T.);
#334=ADVANCED_FACE('',(#855),#856,.F.);
#335=ADVANCED_FACE('',(#857),#858,.T.);
#336=ADVANCED_FACE('',(#859),#860,.T.);
#337=ADVANCED_FACE('',(#861,#862),#863,.T.);
#338=ADVANCED_FACE('',(#864),#865,.T.);
#339=ADVANCED_FACE('',(#866),#867,.F.);
#340=ADVANCED_FACE('',(#868),#869,.T.);
#341=ADVANCED_FACE('',(#870),#871,.T.);
#342=ADVANCED_FACE('',(#872),#873,.F.);
#343=ADVANCED_FACE('',(#874),#875,.T.);
#344=ADVANCED_FACE('',(#876),#877,.T.);
#345=ADVANCED_FACE('',(#878),#879,.T.);
#346=ADVANCED_FACE('',(#880),#881,.T.);
#347=ADVANCED_FACE('',(#882),#883,.T.);
#348=ADVANCED_FACE('',(#884),#885,.T.);
#349=ADVANCED_FACE('',(#886),#887,.F.);
#350=ADVANCED_FACE('',(#888),#889,.T.);
#351=ADVANCED_FACE('',(#890),#891,.F.);
#352=ADVANCED_FACE('',(#892),#893,.T.);
#353=ADVANCED_FACE('',(#894),#895,.T.);
#354=ADVANCED_FACE('',(#896,#897),#898,.T.);
#355=ADVANCED_FACE('',(#899),#900,.T.);
#356=ADVANCED_FACE('',(#901),#902,.F.);
#357=ADVANCED_FACE('',(#903),#904,.T.);
#358=ADVANCED_FACE('',(#905),#906,.T.);
#359=ADVANCED_FACE('',(#907),#908,.F.);
#360=ADVANCED_FACE('',(#909),#910,.F.);
#361=ADVANCED_FACE('',(#911),#912,.F.);
#362=ADVANCED_FACE('',(#913),#914,.F.);
#363=ADVANCED_FACE('',(#915),#916,.F.);
#364=ADVANCED_FACE('',(#917),#918,.F.);
#365=ADVANCED_FACE('',(#919),#920,.F.);
#366=ADVANCED_FACE('',(#921),#922,.F.);
#367=ADVANCED_FACE('',(#923),#924,.F.);
#368=ADVANCED_FACE('',(#925),#926,.F.);
#369=ADVANCED_FACE('',(#927),#928,.F.);
#370=ADVANCED_FACE('',(#929,#930),#931,.F.);
#371=ADVANCED_FACE('',(#932),#933,.F.);
#372=ADVANCED_FACE('',(#934,#935,#936,#937),#938,.F.);
#373=ADVANCED_FACE('',(#939),#940,.F.);
#374=ADVANCED_FACE('',(#941),#942,.F.);
#375=ADVANCED_FACE('',(#943),#944,.F.);
#376=ADVANCED_FACE('',(#945),#946,.F.);
#377=ADVANCED_FACE('',(#947,#948,#949,#950),#951,.F.);
#378=ADVANCED_FACE('',(#952),#953,.F.);
#379=ADVANCED_FACE('',(#954),#955,.T.);
#380=ADVANCED_FACE('',(#956),#957,.T.);
#381=ADVANCED_FACE('',(#958),#959,.T.);
#382=ADVANCED_FACE('',(#960),#961,.T.);
#383=ADVANCED_FACE('',(#962),#963,.F.);
#384=ADVANCED_FACE('',(#964),#965,.T.);
#385=ADVANCED_FACE('',(#966),#967,.T.);
#386=ADVANCED_FACE('',(#968),#969,.T.);
#387=ADVANCED_FACE('',(#970),#971,.T.);
#388=ADVANCED_FACE('',(#972),#973,.T.);
#389=ADVANCED_FACE('',(#974),#975,.F.);
#390=ADVANCED_FACE('',(#976),#977,.T.);
#391=ADVANCED_FACE('',(#978),#979,.T.);
#392=ADVANCED_FACE('',(#980),#981,.T.);
#393=ADVANCED_FACE('',(#982),#983,.T.);
#394=ADVANCED_FACE('',(#984),#985,.T.);
#395=ADVANCED_FACE('',(#986),#987,.F.);
#396=ADVANCED_FACE('',(#988),#989,.T.);
#397=ADVANCED_FACE('',(#990),#991,.F.);
#398=ADVANCED_FACE('',(#992),#993,.T.);
#399=ADVANCED_FACE('',(#994),#995,.F.);
#400=ADVANCED_FACE('',(#996),#997,.F.);
#401=ADVANCED_FACE('',(#998),#999,.F.);
#402=ADVANCED_FACE('',(#1000),#1001,.F.);
#403=ADVANCED_FACE('',(#1002),#1003,.T.);
#404=ADVANCED_FACE('',(#1004),#1005,.F.);
#405=ADVANCED_FACE('',(#1006),#1007,.F.);
#406=ADVANCED_FACE('',(#1008),#1009,.T.);
#407=ADVANCED_FACE('',(#1010),#1011,.F.);
#408=ADVANCED_FACE('',(#1012),#1013,.F.);
#409=ADVANCED_FACE('',(#1014),#1015,.F.);
#410=ADVANCED_FACE('',(#1016,#1017),#1018,.T.);
#411=ADVANCED_FACE('',(#1019),#1020,.T.);
#412=ADVANCED_FACE('',(#1021),#1022,.T.);
#413=ADVANCED_FACE('',(#1023),#1024,.T.);
#414=ADVANCED_FACE('',(#1025),#1026,.F.);
#415=ADVANCED_FACE('',(#1027),#1028,.T.);
#416=ADVANCED_FACE('',(#1029),#1030,.F.);
#417=ADVANCED_FACE('',(#1031),#1032,.F.);
#418=ADVANCED_FACE('',(#1033),#1034,.F.);
#419=ADVANCED_FACE('',(#1035),#1036,.F.);
#420=ADVANCED_FACE('',(#1037),#1038,.T.);
#421=ADVANCED_FACE('',(#1039),#1040,.F.);
#422=ADVANCED_FACE('',(#1041),#1042,.F.);
#423=ADVANCED_FACE('',(#1043),#1044,.T.);
#424=ADVANCED_FACE('',(#1045),#1046,.F.);
#425=ADVANCED_FACE('',(#1047),#1048,.F.);
#426=ADVANCED_FACE('',(#1049),#1050,.F.);
#427=ADVANCED_FACE('',(#1051,#1052),#1053,.F.);
#428=ADVANCED_FACE('',(#1054,#1055),#1056,.T.);
#429=ADVANCED_FACE('',(#1057),#1058,.T.);
#430=ADVANCED_FACE('',(#1059),#1060,.T.);
#431=ADVANCED_FACE('',(#1061),#1062,.T.);
#432=ADVANCED_FACE('',(#1063),#1064,.F.);
#433=ADVANCED_FACE('',(#1065),#1066,.T.);
#434=ADVANCED_FACE('',(#1067),#1068,.F.);
#435=ADVANCED_FACE('',(#1069),#1070,.F.);
#436=ADVANCED_FACE('',(#1071),#1072,.F.);
#437=ADVANCED_FACE('',(#1073),#1074,.F.);
#438=ADVANCED_FACE('',(#1075),#1076,.T.);
#439=ADVANCED_FACE('',(#1077),#1078,.F.);
#440=ADVANCED_FACE('',(#1079),#1080,.F.);
#441=ADVANCED_FACE('',(#1081),#1082,.T.);
#442=ADVANCED_FACE('',(#1083),#1084,.F.);
#443=ADVANCED_FACE('',(#1085),#1086,.F.);
#444=ADVANCED_FACE('',(#1087),#1088,.F.);
#445=ADVANCED_FACE('',(#1089,#1090),#1091,.F.);
#446=ADVANCED_FACE('',(#1092,#1093),#1094,.T.);
#447=ADVANCED_FACE('',(#1095),#1096,.T.);
#448=ADVANCED_FACE('',(#1097),#1098,.T.);
#449=ADVANCED_FACE('',(#1099),#1100,.T.);
#450=ADVANCED_FACE('',(#1101),#1102,.T.);
#451=ADVANCED_FACE('',(#1103),#1104,.F.);
#452=ADVANCED_FACE('',(#1105),#1106,.F.);
#453=ADVANCED_FACE('',(#1107),#1108,.F.);
#454=ADVANCED_FACE('',(#1109),#1110,.T.);
#455=ADVANCED_FACE('',(#1111),#1112,.T.);
#456=ADVANCED_FACE('',(#1113),#1114,.T.);
#457=ADVANCED_FACE('',(#1115),#1116,.T.);
#458=ADVANCED_FACE('',(#1117),#1118,.T.);
#459=ADVANCED_FACE('',(#1119),#1120,.F.);
#460=ADVANCED_FACE('',(#1121),#1122,.T.);
#461=ADVANCED_FACE('',(#1123),#1124,.T.);
#462=ADVANCED_FACE('',(#1125),#1126,.T.);
#463=ADVANCED_FACE('',(#1127),#1128,.F.);
#464=ADVANCED_FACE('',(#1129),#1130,.F.);
#465=ADVANCED_FACE('',(#1131),#1132,.F.);
#466=ADVANCED_FACE('',(#1133),#1134,.F.);
#468=FACE_OUTER_BOUND('',#1135,.T.);
#469=CYLINDRICAL_SURFACE('',#1136,0.75);
#470=FACE_OUTER_BOUND('',#1137,.T.);
#471=CONICAL_SURFACE('',#1138,0.95,0.7853981634);
#472=FACE_OUTER_BOUND('',#1139,.T.);
#473=CONICAL_SURFACE('',#1140,0.95,0.7853981634);
#474=FACE_OUTER_BOUND('',#1141,.T.);
#475=CYLINDRICAL_SURFACE('',#1142,0.75);
#476=FACE_OUTER_BOUND('',#1143,.T.);
#477=FACE_BOUND('',#1144,.T.);
#478=PLANE('',#1145);
#479=FACE_OUTER_BOUND('',#1146,.T.);
#480=FACE_BOUND('',#1147,.T.);
#481=PLANE('',#1148);
#482=FACE_OUTER_BOUND('',#1149,.T.);
#483=PLANE('',#1150);
#484=FACE_OUTER_BOUND('',#1151,.T.);
#485=PLANE('',#1152);
#486=FACE_OUTER_BOUND('',#1153,.T.);
#487=PLANE('',#1154);
#488=FACE_OUTER_BOUND('',#1155,.T.);
#489=FACE_BOUND('',#1156,.T.);
#490=PLANE('',#1157);
#491=FACE_OUTER_BOUND('',#1158,.T.);
#492=FACE_BOUND('',#1159,.T.);
#493=PLANE('',#1160);
#494=FACE_OUTER_BOUND('',#1161,.T.);
#495=PLANE('',#1162);
#496=FACE_OUTER_BOUND('',#1163,.T.);
#497=PLANE('',#1164);
#498=FACE_OUTER_BOUND('',#1165,.T.);
#499=PLANE('',#1166);
#500=FACE_OUTER_BOUND('',#1167,.T.);
#501=CYLINDRICAL_SURFACE('',#1168,0.75);
#502=FACE_OUTER_BOUND('',#1169,.T.);
#503=CONICAL_SURFACE('',#1170,0.95,0.7853981634);
#504=FACE_OUTER_BOUND('',#1171,.T.);
#505=CONICAL_SURFACE('',#1172,0.95,0.7853981634);
#506=FACE_OUTER_BOUND('',#1173,.T.);
#507=CYLINDRICAL_SURFACE('',#1174,0.75);
#508=FACE_OUTER_BOUND('',#1175,.T.);
#509=FACE_BOUND('',#1176,.T.);
#510=PLANE('',#1177);
#511=FACE_OUTER_BOUND('',#1178,.T.);
#512=FACE_BOUND('',#1179,.T.);
#513=PLANE('',#1180);
#514=FACE_OUTER_BOUND('',#1181,.T.);
#515=PLANE('',#1182);
#516=FACE_OUTER_BOUND('',#1183,.T.);
#517=PLANE('',#1184);
#518=FACE_OUTER_BOUND('',#1185,.T.);
#519=PLANE('',#1186);
#520=FACE_OUTER_BOUND('',#1187,.T.);
#521=FACE_BOUND('',#1188,.T.);
#522=PLANE('',#1189);
#523=FACE_OUTER_BOUND('',#1190,.T.);
#524=FACE_BOUND('',#1191,.T.);
#525=PLANE('',#1192);
#526=FACE_OUTER_BOUND('',#1193,.T.);
#527=PLANE('',#1194);
#528=FACE_OUTER_BOUND('',#1195,.T.);
#529=PLANE('',#1196);
#530=FACE_OUTER_BOUND('',#1197,.T.);
#531=PLANE('',#1198);
#532=FACE_OUTER_BOUND('',#1199,.T.);
#533=CYLINDRICAL_SURFACE('',#1200,0.75);
#534=FACE_OUTER_BOUND('',#1201,.T.);
#535=CONICAL_SURFACE('',#1202,0.95,0.7853981634);
#536=FACE_OUTER_BOUND('',#1203,.T.);
#537=CONICAL_SURFACE('',#1204,0.95,0.7853981634);
#538=FACE_OUTER_BOUND('',#1205,.T.);
#539=CYLINDRICAL_SURFACE('',#1206,0.75);
#540=FACE_OUTER_BOUND('',#1207,.T.);
#541=FACE_BOUND('',#1208,.T.);
#542=PLANE('',#1209);
#543=FACE_OUTER_BOUND('',#1210,.T.);
#544=FACE_BOUND('',#1211,.T.);
#545=PLANE('',#1212);
#546=FACE_OUTER_BOUND('',#1213,.T.);
#547=PLANE('',#1214);
#548=FACE_OUTER_BOUND('',#1215,.T.);
#549=PLANE('',#1216);
#550=FACE_OUTER_BOUND('',#1217,.T.);
#551=PLANE('',#1218);
#552=FACE_OUTER_BOUND('',#1219,.T.);
#553=FACE_BOUND('',#1220,.T.);
#554=PLANE('',#1221);
#555=FACE_OUTER_BOUND('',#1222,.T.);
#556=FACE_BOUND('',#1223,.T.);
#557=PLANE('',#1224);
#558=FACE_OUTER_BOUND('',#1225,.T.);
#559=PLANE('',#1226);
#560=FACE_OUTER_BOUND('',#1227,.T.);
#561=PLANE('',#1228);
#562=FACE_OUTER_BOUND('',#1229,.T.);
#563=PLANE('',#1230);
#564=FACE_OUTER_BOUND('',#1231,.T.);
#565=CYLINDRICAL_SURFACE('',#1232,0.1);
#566=FACE_OUTER_BOUND('',#1233,.T.);
#567=CYLINDRICAL_SURFACE('',#1234,0.1);
#568=FACE_OUTER_BOUND('',#1235,.T.);
#569=CYLINDRICAL_SURFACE('',#1236,0.1);
#570=FACE_OUTER_BOUND('',#1237,.T.);
#571=PLANE('',#1238);
#572=FACE_OUTER_BOUND('',#1239,.T.);
#573=CYLINDRICAL_SURFACE('',#1240,1.01);
#574=FACE_OUTER_BOUND('',#1241,.T.);
#575=PLANE('',#1242);
#576=FACE_OUTER_BOUND('',#1243,.T.);
#577=PLANE('',#1244);
#578=FACE_OUTER_BOUND('',#1245,.T.);
#579=CYLINDRICAL_SURFACE('',#1246,0.51);
#580=FACE_OUTER_BOUND('',#1247,.T.);
#581=PLANE('',#1248);
#582=FACE_OUTER_BOUND('',#1249,.T.);
#583=CYLINDRICAL_SURFACE('',#1250,0.51);
#584=FACE_OUTER_BOUND('',#1251,.T.);
#585=PLANE('',#1252);
#586=FACE_OUTER_BOUND('',#1253,.T.);
#587=CYLINDRICAL_SURFACE('',#1254,0.51);
#588=FACE_OUTER_BOUND('',#1255,.T.);
#589=PLANE('',#1256);
#590=FACE_OUTER_BOUND('',#1257,.T.);
#591=PLANE('',#1258);
#592=FACE_OUTER_BOUND('',#1259,.T.);
#593=PLANE('',#1260);
#594=FACE_OUTER_BOUND('',#1261,.T.);
#595=PLANE('',#1262);
#596=FACE_OUTER_BOUND('',#1263,.T.);
#597=PLANE('',#1264);
#598=FACE_OUTER_BOUND('',#1265,.T.);
#599=PLANE('',#1266);
#600=FACE_OUTER_BOUND('',#1267,.T.);
#601=PLANE('',#1268);
#602=FACE_OUTER_BOUND('',#1269,.T.);
#603=CYLINDRICAL_SURFACE('',#1270,0.1);
#604=FACE_OUTER_BOUND('',#1271,.T.);
#605=CYLINDRICAL_SURFACE('',#1272,0.1);
#606=FACE_OUTER_BOUND('',#1273,.T.);
#607=CYLINDRICAL_SURFACE('',#1274,0.1);
#608=FACE_OUTER_BOUND('',#1275,.T.);
#609=CYLINDRICAL_SURFACE('',#1276,0.1);
#610=FACE_OUTER_BOUND('',#1277,.T.);
#611=CYLINDRICAL_SURFACE('',#1278,0.1);
#612=FACE_OUTER_BOUND('',#1279,.T.);
#613=PLANE('',#1280);
#614=FACE_OUTER_BOUND('',#1281,.T.);
#615=PLANE('',#1282);
#616=FACE_OUTER_BOUND('',#1283,.T.);
#617=PLANE('',#1284);
#618=FACE_OUTER_BOUND('',#1285,.T.);
#619=PLANE('',#1286);
#620=FACE_OUTER_BOUND('',#1287,.T.);
#621=PLANE('',#1288);
#622=FACE_OUTER_BOUND('',#1289,.T.);
#623=PLANE('',#1290);
#624=FACE_OUTER_BOUND('',#1291,.T.);
#625=PLANE('',#1292);
#626=FACE_OUTER_BOUND('',#1293,.T.);
#627=PLANE('',#1294);
#628=FACE_OUTER_BOUND('',#1295,.T.);
#629=PLANE('',#1296);
#630=FACE_OUTER_BOUND('',#1297,.T.);
#631=PLANE('',#1298);
#632=FACE_OUTER_BOUND('',#1299,.T.);
#633=PLANE('',#1300);
#634=FACE_OUTER_BOUND('',#1301,.T.);
#635=PLANE('',#1302);
#636=FACE_OUTER_BOUND('',#1303,.T.);
#637=PLANE('',#1304);
#638=FACE_OUTER_BOUND('',#1305,.T.);
#639=PLANE('',#1306);
#640=FACE_OUTER_BOUND('',#1307,.T.);
#641=CYLINDRICAL_SURFACE('',#1308,0.01);
#642=FACE_OUTER_BOUND('',#1309,.T.);
#643=CYLINDRICAL_SURFACE('',#1310,0.01);
#644=FACE_OUTER_BOUND('',#1311,.T.);
#645=CYLINDRICAL_SURFACE('',#1312,0.1);
#646=FACE_OUTER_BOUND('',#1313,.T.);
#647=CYLINDRICAL_SURFACE('',#1314,0.1);
#648=FACE_OUTER_BOUND('',#1315,.T.);
#649=CYLINDRICAL_SURFACE('',#1316,0.1);
#650=FACE_OUTER_BOUND('',#1317,.T.);
#651=PLANE('',#1318);
#652=FACE_OUTER_BOUND('',#1319,.T.);
#653=CYLINDRICAL_SURFACE('',#1320,1.01);
#654=FACE_OUTER_BOUND('',#1321,.T.);
#655=PLANE('',#1322);
#656=FACE_OUTER_BOUND('',#1323,.T.);
#657=PLANE('',#1324);
#658=FACE_OUTER_BOUND('',#1325,.T.);
#659=CYLINDRICAL_SURFACE('',#1326,0.51);
#660=FACE_OUTER_BOUND('',#1327,.T.);
#661=PLANE('',#1328);
#662=FACE_OUTER_BOUND('',#1329,.T.);
#663=CYLINDRICAL_SURFACE('',#1330,0.51);
#664=FACE_OUTER_BOUND('',#1331,.T.);
#665=PLANE('',#1332);
#666=FACE_OUTER_BOUND('',#1333,.T.);
#667=CYLINDRICAL_SURFACE('',#1334,0.51);
#668=FACE_OUTER_BOUND('',#1335,.T.);
#669=PLANE('',#1336);
#670=FACE_OUTER_BOUND('',#1337,.T.);
#671=PLANE('',#1338);
#672=FACE_OUTER_BOUND('',#1339,.T.);
#673=PLANE('',#1340);
#674=FACE_OUTER_BOUND('',#1341,.T.);
#675=PLANE('',#1342);
#676=FACE_OUTER_BOUND('',#1343,.T.);
#677=PLANE('',#1344);
#678=FACE_OUTER_BOUND('',#1345,.T.);
#679=PLANE('',#1346);
#680=FACE_OUTER_BOUND('',#1347,.T.);
#681=PLANE('',#1348);
#682=FACE_OUTER_BOUND('',#1349,.T.);
#683=CYLINDRICAL_SURFACE('',#1350,0.1);
#684=FACE_OUTER_BOUND('',#1351,.T.);
#685=CYLINDRICAL_SURFACE('',#1352,0.1);
#686=FACE_OUTER_BOUND('',#1353,.T.);
#687=CYLINDRICAL_SURFACE('',#1354,0.1);
#688=FACE_OUTER_BOUND('',#1355,.T.);
#689=CYLINDRICAL_SURFACE('',#1356,0.1);
#690=FACE_OUTER_BOUND('',#1357,.T.);
#691=CYLINDRICAL_SURFACE('',#1358,0.1);
#692=FACE_OUTER_BOUND('',#1359,.T.);
#693=PLANE('',#1360);
#694=FACE_OUTER_BOUND('',#1361,.T.);
#695=PLANE('',#1362);
#696=FACE_OUTER_BOUND('',#1363,.T.);
#697=PLANE('',#1364);
#698=FACE_OUTER_BOUND('',#1365,.T.);
#699=PLANE('',#1366);
#700=FACE_OUTER_BOUND('',#1367,.T.);
#701=PLANE('',#1368);
#702=FACE_OUTER_BOUND('',#1369,.T.);
#703=PLANE('',#1370);
#704=FACE_OUTER_BOUND('',#1371,.T.);
#705=PLANE('',#1372);
#706=FACE_OUTER_BOUND('',#1373,.T.);
#707=PLANE('',#1374);
#708=FACE_OUTER_BOUND('',#1375,.T.);
#709=PLANE('',#1376);
#710=FACE_OUTER_BOUND('',#1377,.T.);
#711=PLANE('',#1378);
#712=FACE_OUTER_BOUND('',#1379,.T.);
#713=PLANE('',#1380);
#714=FACE_OUTER_BOUND('',#1381,.T.);
#715=PLANE('',#1382);
#716=FACE_OUTER_BOUND('',#1383,.T.);
#717=PLANE('',#1384);
#718=FACE_OUTER_BOUND('',#1385,.T.);
#719=PLANE('',#1386);
#720=FACE_OUTER_BOUND('',#1387,.T.);
#721=CYLINDRICAL_SURFACE('',#1388,0.01);
#722=FACE_OUTER_BOUND('',#1389,.T.);
#723=CYLINDRICAL_SURFACE('',#1390,0.01);
#724=FACE_OUTER_BOUND('',#1391,.T.);
#725=CYLINDRICAL_SURFACE('',#1392,0.1);
#726=FACE_OUTER_BOUND('',#1393,.T.);
#727=CYLINDRICAL_SURFACE('',#1394,0.1);
#728=FACE_OUTER_BOUND('',#1395,.T.);
#729=CYLINDRICAL_SURFACE('',#1396,0.1);
#730=FACE_OUTER_BOUND('',#1397,.T.);
#731=PLANE('',#1398);
#732=FACE_OUTER_BOUND('',#1399,.T.);
#733=CYLINDRICAL_SURFACE('',#1400,1.01);
#734=FACE_OUTER_BOUND('',#1401,.T.);
#735=PLANE('',#1402);
#736=FACE_OUTER_BOUND('',#1403,.T.);
#737=PLANE('',#1404);
#738=FACE_OUTER_BOUND('',#1405,.T.);
#739=CYLINDRICAL_SURFACE('',#1406,0.51);
#740=FACE_OUTER_BOUND('',#1407,.T.);
#741=PLANE('',#1408);
#742=FACE_OUTER_BOUND('',#1409,.T.);
#743=CYLINDRICAL_SURFACE('',#1410,0.51);
#744=FACE_OUTER_BOUND('',#1411,.T.);
#745=PLANE('',#1412);
#746=FACE_OUTER_BOUND('',#1413,.T.);
#747=CYLINDRICAL_SURFACE('',#1414,0.51);
#748=FACE_OUTER_BOUND('',#1415,.T.);
#749=PLANE('',#1416);
#750=FACE_OUTER_BOUND('',#1417,.T.);
#751=PLANE('',#1418);
#752=FACE_OUTER_BOUND('',#1419,.T.);
#753=PLANE('',#1420);
#754=FACE_OUTER_BOUND('',#1421,.T.);
#755=PLANE('',#1422);
#756=FACE_OUTER_BOUND('',#1423,.T.);
#757=PLANE('',#1424);
#758=FACE_OUTER_BOUND('',#1425,.T.);
#759=PLANE('',#1426);
#760=FACE_OUTER_BOUND('',#1427,.T.);
#761=PLANE('',#1428);
#762=FACE_OUTER_BOUND('',#1429,.T.);
#763=CYLINDRICAL_SURFACE('',#1430,0.1);
#764=FACE_OUTER_BOUND('',#1431,.T.);
#765=CYLINDRICAL_SURFACE('',#1432,0.1);
#766=FACE_OUTER_BOUND('',#1433,.T.);
#767=CYLINDRICAL_SURFACE('',#1434,0.1);
#768=FACE_OUTER_BOUND('',#1435,.T.);
#769=CYLINDRICAL_SURFACE('',#1436,0.1);
#770=FACE_OUTER_BOUND('',#1437,.T.);
#771=CYLINDRICAL_SURFACE('',#1438,0.1);
#772=FACE_OUTER_BOUND('',#1439,.T.);
#773=PLANE('',#1440);
#774=FACE_OUTER_BOUND('',#1441,.T.);
#775=PLANE('',#1442);
#776=FACE_OUTER_BOUND('',#1443,.T.);
#777=PLANE('',#1444);
#778=FACE_OUTER_BOUND('',#1445,.T.);
#779=PLANE('',#1446);
#780=FACE_OUTER_BOUND('',#1447,.T.);
#781=PLANE('',#1448);
#782=FACE_OUTER_BOUND('',#1449,.T.);
#783=PLANE('',#1450);
#784=FACE_OUTER_BOUND('',#1451,.T.);
#785=PLANE('',#1452);
#786=FACE_OUTER_BOUND('',#1453,.T.);
#787=PLANE('',#1454);
#788=FACE_OUTER_BOUND('',#1455,.T.);
#789=PLANE('',#1456);
#790=FACE_OUTER_BOUND('',#1457,.T.);
#791=PLANE('',#1458);
#792=FACE_OUTER_BOUND('',#1459,.T.);
#793=PLANE('',#1460);
#794=FACE_OUTER_BOUND('',#1461,.T.);
#795=PLANE('',#1462);
#796=FACE_OUTER_BOUND('',#1463,.T.);
#797=PLANE('',#1464);
#798=FACE_OUTER_BOUND('',#1465,.T.);
#799=PLANE('',#1466);
#800=FACE_OUTER_BOUND('',#1467,.T.);
#801=CYLINDRICAL_SURFACE('',#1468,0.01);
#802=FACE_OUTER_BOUND('',#1469,.T.);
#803=CYLINDRICAL_SURFACE('',#1470,0.01);
#804=FACE_OUTER_BOUND('',#1471,.T.);
#805=CYLINDRICAL_SURFACE('',#1472,0.8);
#806=FACE_OUTER_BOUND('',#1473,.T.);
#807=TOROIDAL_SURFACE('',#1474,1.1,0.2);
#808=FACE_OUTER_BOUND('',#1475,.T.);
#809=CONICAL_SURFACE('',#1476,0.8,0.3805063771);
#810=FACE_OUTER_BOUND('',#1477,.T.);
#811=CYLINDRICAL_SURFACE('',#1478,1.3);
#812=FACE_OUTER_BOUND('',#1479,.T.);
#813=PLANE('',#1480);
#814=FACE_OUTER_BOUND('',#1481,.T.);
#815=PLANE('',#1482);
#816=FACE_OUTER_BOUND('',#1483,.T.);
#817=PLANE('',#1484);
#818=FACE_OUTER_BOUND('',#1485,.T.);
#819=CYLINDRICAL_SURFACE('',#1486,1.3);
#820=FACE_OUTER_BOUND('',#1487,.T.);
#821=PLANE('',#1488);
#822=FACE_OUTER_BOUND('',#1489,.T.);
#823=CONICAL_SURFACE('',#1490,0.8,0.3805063771);
#824=FACE_OUTER_BOUND('',#1491,.T.);
#825=TOROIDAL_SURFACE('',#1492,1.1,0.2);
#826=FACE_OUTER_BOUND('',#1493,.T.);
#827=FACE_BOUND('',#1494,.T.);
#828=PLANE('',#1495);
#829=FACE_OUTER_BOUND('',#1496,.T.);
#830=CYLINDRICAL_SURFACE('',#1497,0.8);
#831=FACE_OUTER_BOUND('',#1498,.T.);
#832=PLANE('',#1499);
#833=FACE_OUTER_BOUND('',#1500,.T.);
#834=TOROIDAL_SURFACE('',#1501,1.1,0.2);
#835=FACE_OUTER_BOUND('',#1502,.T.);
#836=TOROIDAL_SURFACE('',#1503,1.1,0.2);
#837=FACE_OUTER_BOUND('',#1504,.T.);
#838=PLANE('',#1505);
#839=FACE_OUTER_BOUND('',#1506,.T.);
#840=CYLINDRICAL_SURFACE('',#1507,0.8);
#841=FACE_OUTER_BOUND('',#1508,.T.);
#842=TOROIDAL_SURFACE('',#1509,1.1,0.2);
#843=FACE_OUTER_BOUND('',#1510,.T.);
#844=CONICAL_SURFACE('',#1511,0.8,0.3805063771);
#845=FACE_OUTER_BOUND('',#1512,.T.);
#846=CYLINDRICAL_SURFACE('',#1513,1.3);
#847=FACE_OUTER_BOUND('',#1514,.T.);
#848=PLANE('',#1515);
#849=FACE_OUTER_BOUND('',#1516,.T.);
#850=PLANE('',#1517);
#851=FACE_OUTER_BOUND('',#1518,.T.);
#852=PLANE('',#1519);
#853=FACE_OUTER_BOUND('',#1520,.T.);
#854=CYLINDRICAL_SURFACE('',#1521,1.3);
#855=FACE_OUTER_BOUND('',#1522,.T.);
#856=PLANE('',#1523);
#857=FACE_OUTER_BOUND('',#1524,.T.);
#858=CONICAL_SURFACE('',#1525,0.8,0.3805063771);
#859=FACE_OUTER_BOUND('',#1526,.T.);
#860=TOROIDAL_SURFACE('',#1527,1.1,0.2);
#861=FACE_OUTER_BOUND('',#1528,.T.);
#862=FACE_BOUND('',#1529,.T.);
#863=PLANE('',#1530);
#864=FACE_OUTER_BOUND('',#1531,.T.);
#865=CYLINDRICAL_SURFACE('',#1532,0.8);
#866=FACE_OUTER_BOUND('',#1533,.T.);
#867=PLANE('',#1534);
#868=FACE_OUTER_BOUND('',#1535,.T.);
#869=TOROIDAL_SURFACE('',#1536,1.1,0.2);
#870=FACE_OUTER_BOUND('',#1537,.T.);
#871=TOROIDAL_SURFACE('',#1538,1.1,0.2);
#872=FACE_OUTER_BOUND('',#1539,.T.);
#873=PLANE('',#1540);
#874=FACE_OUTER_BOUND('',#1541,.T.);
#875=CYLINDRICAL_SURFACE('',#1542,0.8);
#876=FACE_OUTER_BOUND('',#1543,.T.);
#877=TOROIDAL_SURFACE('',#1544,1.1,0.2);
#878=FACE_OUTER_BOUND('',#1545,.T.);
#879=CONICAL_SURFACE('',#1546,0.8,0.3805063771);
#880=FACE_OUTER_BOUND('',#1547,.T.);
#881=CYLINDRICAL_SURFACE('',#1548,1.3);
#882=FACE_OUTER_BOUND('',#1549,.T.);
#883=PLANE('',#1550);
#884=FACE_OUTER_BOUND('',#1551,.T.);
#885=PLANE('',#1552);
#886=FACE_OUTER_BOUND('',#1553,.T.);
#887=PLANE('',#1554);
#888=FACE_OUTER_BOUND('',#1555,.T.);
#889=CYLINDRICAL_SURFACE('',#1556,1.3);
#890=FACE_OUTER_BOUND('',#1557,.T.);
#891=PLANE('',#1558);
#892=FACE_OUTER_BOUND('',#1559,.T.);
#893=CONICAL_SURFACE('',#1560,0.8,0.3805063771);
#894=FACE_OUTER_BOUND('',#1561,.T.);
#895=TOROIDAL_SURFACE('',#1562,1.1,0.2);
#896=FACE_OUTER_BOUND('',#1563,.T.);
#897=FACE_BOUND('',#1564,.T.);
#898=PLANE('',#1565);
#899=FACE_OUTER_BOUND('',#1566,.T.);
#900=CYLINDRICAL_SURFACE('',#1567,0.8);
#901=FACE_OUTER_BOUND('',#1568,.T.);
#902=PLANE('',#1569);
#903=FACE_OUTER_BOUND('',#1570,.T.);
#904=TOROIDAL_SURFACE('',#1571,1.1,0.2);
#905=FACE_OUTER_BOUND('',#1572,.T.);
#906=TOROIDAL_SURFACE('',#1573,1.1,0.2);
#907=FACE_OUTER_BOUND('',#1574,.T.);
#908=PLANE('',#1575);
#909=FACE_OUTER_BOUND('',#1576,.T.);
#910=CYLINDRICAL_SURFACE('',#1577,1.3);
#911=FACE_OUTER_BOUND('',#1578,.T.);
#912=CYLINDRICAL_SURFACE('',#1579,1.3);
#913=FACE_OUTER_BOUND('',#1580,.T.);
#914=CYLINDRICAL_SURFACE('',#1581,1.3);
#915=FACE_OUTER_BOUND('',#1582,.T.);
#916=CONICAL_SURFACE('',#1583,1.5,0.7853981634);
#917=FACE_OUTER_BOUND('',#1584,.T.);
#918=CONICAL_SURFACE('',#1585,1.5,0.7853981634);
#919=FACE_OUTER_BOUND('',#1586,.T.);
#920=CONICAL_SURFACE('',#1587,1.5,0.7853981634);
#921=FACE_OUTER_BOUND('',#1588,.T.);
#922=PLANE('',#1589);
#923=FACE_OUTER_BOUND('',#1590,.T.);
#924=PLANE('',#1591);
#925=FACE_OUTER_BOUND('',#1592,.T.);
#926=PLANE('',#1593);
#927=FACE_OUTER_BOUND('',#1594,.T.);
#928=PLANE('',#1595);
#929=FACE_OUTER_BOUND('',#1596,.T.);
#930=FACE_BOUND('',#1597,.T.);
#931=PLANE('',#1598);
#932=FACE_OUTER_BOUND('',#1599,.T.);
#933=PLANE('',#1600);
#934=FACE_OUTER_BOUND('',#1601,.T.);
#935=FACE_BOUND('',#1602,.T.);
#936=FACE_BOUND('',#1603,.T.);
#937=FACE_BOUND('',#1604,.T.);
#938=PLANE('',#1605);
#939=FACE_OUTER_BOUND('',#1606,.T.);
#940=PLANE('',#1607);
#941=FACE_OUTER_BOUND('',#1608,.T.);
#942=PLANE('',#1609);
#943=FACE_OUTER_BOUND('',#1610,.T.);
#944=PLANE('',#1611);
#945=FACE_OUTER_BOUND('',#1612,.T.);
#946=PLANE('',#1613);
#947=FACE_OUTER_BOUND('',#1614,.T.);
#948=FACE_BOUND('',#1615,.T.);
#949=FACE_BOUND('',#1616,.T.);
#950=FACE_BOUND('',#1617,.T.);
#951=PLANE('',#1618);
#952=FACE_OUTER_BOUND('',#1619,.T.);
#953=PLANE('',#1620);
#954=FACE_OUTER_BOUND('',#1621,.T.);
#955=PLANE('',#1622);
#956=FACE_OUTER_BOUND('',#1623,.T.);
#957=PLANE('',#1624);
#958=FACE_OUTER_BOUND('',#1625,.T.);
#959=PLANE('',#1626);
#960=FACE_OUTER_BOUND('',#1627,.T.);
#961=PLANE('',#1628);
#962=FACE_OUTER_BOUND('',#1629,.T.);
#963=CONICAL_SURFACE('',#1630,1.5,0.7853981634);
#964=FACE_OUTER_BOUND('',#1631,.T.);
#965=PLANE('',#1632);
#966=FACE_OUTER_BOUND('',#1633,.T.);
#967=PLANE('',#1634);
#968=FACE_OUTER_BOUND('',#1635,.T.);
#969=PLANE('',#1636);
#970=FACE_OUTER_BOUND('',#1637,.T.);
#971=PLANE('',#1638);
#972=FACE_OUTER_BOUND('',#1639,.T.);
#973=PLANE('',#1640);
#974=FACE_OUTER_BOUND('',#1641,.T.);
#975=CONICAL_SURFACE('',#1642,1.5,0.7853981634);
#976=FACE_OUTER_BOUND('',#1643,.T.);
#977=PLANE('',#1644);
#978=FACE_OUTER_BOUND('',#1645,.T.);
#979=PLANE('',#1646);
#980=FACE_OUTER_BOUND('',#1647,.T.);
#981=PLANE('',#1648);
#982=FACE_OUTER_BOUND('',#1649,.T.);
#983=PLANE('',#1650);
#984=FACE_OUTER_BOUND('',#1651,.T.);
#985=PLANE('',#1652);
#986=FACE_OUTER_BOUND('',#1653,.T.);
#987=CONICAL_SURFACE('',#1654,1.5,0.7853981634);
#988=FACE_OUTER_BOUND('',#1655,.T.);
#989=PLANE('',#1656);
#990=FACE_OUTER_BOUND('',#1657,.T.);
#991=CYLINDRICAL_SURFACE('',#1658,1.3);
#992=FACE_OUTER_BOUND('',#1659,.T.);
#993=PLANE('',#1660);
#994=FACE_OUTER_BOUND('',#1661,.T.);
#995=PLANE('',#1662);
#996=FACE_OUTER_BOUND('',#1663,.T.);
#997=PLANE('',#1664);
#998=FACE_OUTER_BOUND('',#1665,.T.);
#999=PLANE('',#1666);
#1000=FACE_OUTER_BOUND('',#1667,.T.);
#1001=PLANE('',#1668);
#1002=FACE_OUTER_BOUND('',#1669,.T.);
#1003=PLANE('',#1670);
#1004=FACE_OUTER_BOUND('',#1671,.T.);
#1005=PLANE('',#1672);
#1006=FACE_OUTER_BOUND('',#1673,.T.);
#1007=PLANE('',#1674);
#1008=FACE_OUTER_BOUND('',#1675,.T.);
#1009=PLANE('',#1676);
#1010=FACE_OUTER_BOUND('',#1677,.T.);
#1011=PLANE('',#1678);
#1012=FACE_OUTER_BOUND('',#1679,.T.);
#1013=PLANE('',#1680);
#1014=FACE_OUTER_BOUND('',#1681,.T.);
#1015=PLANE('',#1682);
#1016=FACE_OUTER_BOUND('',#1683,.T.);
#1017=FACE_BOUND('',#1684,.T.);
#1018=PLANE('',#1685);
#1019=FACE_OUTER_BOUND('',#1686,.T.);
#1020=PLANE('',#1687);
#1021=FACE_OUTER_BOUND('',#1688,.T.);
#1022=PLANE('',#1689);
#1023=FACE_OUTER_BOUND('',#1690,.T.);
#1024=PLANE('',#1691);
#1025=FACE_OUTER_BOUND('',#1692,.T.);
#1026=CYLINDRICAL_SURFACE('',#1693,1.3);
#1027=FACE_OUTER_BOUND('',#1694,.T.);
#1028=PLANE('',#1695);
#1029=FACE_OUTER_BOUND('',#1696,.T.);
#1030=PLANE('',#1697);
#1031=FACE_OUTER_BOUND('',#1698,.T.);
#1032=PLANE('',#1699);
#1033=FACE_OUTER_BOUND('',#1700,.T.);
#1034=PLANE('',#1701);
#1035=FACE_OUTER_BOUND('',#1702,.T.);
#1036=PLANE('',#1703);
#1037=FACE_OUTER_BOUND('',#1704,.T.);
#1038=PLANE('',#1705);
#1039=FACE_OUTER_BOUND('',#1706,.T.);
#1040=PLANE('',#1707);
#1041=FACE_OUTER_BOUND('',#1708,.T.);
#1042=PLANE('',#1709);
#1043=FACE_OUTER_BOUND('',#1710,.T.);
#1044=PLANE('',#1711);
#1045=FACE_OUTER_BOUND('',#1712,.T.);
#1046=PLANE('',#1713);
#1047=FACE_OUTER_BOUND('',#1714,.T.);
#1048=PLANE('',#1715);
#1049=FACE_OUTER_BOUND('',#1716,.T.);
#1050=PLANE('',#1717);
#1051=FACE_OUTER_BOUND('',#1718,.T.);
#1052=FACE_BOUND('',#1719,.T.);
#1053=PLANE('',#1720);
#1054=FACE_OUTER_BOUND('',#1721,.T.);
#1055=FACE_BOUND('',#1722,.T.);
#1056=PLANE('',#1723);
#1057=FACE_OUTER_BOUND('',#1724,.T.);
#1058=PLANE('',#1725);
#1059=FACE_OUTER_BOUND('',#1726,.T.);
#1060=PLANE('',#1727);
#1061=FACE_OUTER_BOUND('',#1728,.T.);
#1062=PLANE('',#1729);
#1063=FACE_OUTER_BOUND('',#1730,.T.);
#1064=CYLINDRICAL_SURFACE('',#1731,1.3);
#1065=FACE_OUTER_BOUND('',#1732,.T.);
#1066=PLANE('',#1733);
#1067=FACE_OUTER_BOUND('',#1734,.T.);
#1068=PLANE('',#1735);
#1069=FACE_OUTER_BOUND('',#1736,.T.);
#1070=PLANE('',#1737);
#1071=FACE_OUTER_BOUND('',#1738,.T.);
#1072=PLANE('',#1739);
#1073=FACE_OUTER_BOUND('',#1740,.T.);
#1074=PLANE('',#1741);
#1075=FACE_OUTER_BOUND('',#1742,.T.);
#1076=PLANE('',#1743);
#1077=FACE_OUTER_BOUND('',#1744,.T.);
#1078=PLANE('',#1745);
#1079=FACE_OUTER_BOUND('',#1746,.T.);
#1080=PLANE('',#1747);
#1081=FACE_OUTER_BOUND('',#1748,.T.);
#1082=PLANE('',#1749);
#1083=FACE_OUTER_BOUND('',#1750,.T.);
#1084=PLANE('',#1751);
#1085=FACE_OUTER_BOUND('',#1752,.T.);
#1086=PLANE('',#1753);
#1087=FACE_OUTER_BOUND('',#1754,.T.);
#1088=PLANE('',#1755);
#1089=FACE_OUTER_BOUND('',#1756,.T.);
#1090=FACE_BOUND('',#1757,.T.);
#1091=PLANE('',#1758);
#1092=FACE_OUTER_BOUND('',#1759,.T.);
#1093=FACE_BOUND('',#1760,.T.);
#1094=PLANE('',#1761);
#1095=FACE_OUTER_BOUND('',#1762,.T.);
#1096=PLANE('',#1763);
#1097=FACE_OUTER_BOUND('',#1764,.T.);
#1098=PLANE('',#1765);
#1099=FACE_OUTER_BOUND('',#1766,.T.);
#1100=PLANE('',#1767);
#1101=FACE_OUTER_BOUND('',#1768,.T.);
#1102=PLANE('',#1769);
#1103=FACE_OUTER_BOUND('',#1770,.T.);
#1104=PLANE('',#1771);
#1105=FACE_OUTER_BOUND('',#1772,.T.);
#1106=PLANE('',#1773);
#1107=FACE_OUTER_BOUND('',#1774,.T.);
#1108=PLANE('',#1775);
#1109=FACE_OUTER_BOUND('',#1776,.T.);
#1110=PLANE('',#1777);
#1111=FACE_OUTER_BOUND('',#1778,.T.);
#1112=PLANE('',#1779);
#1113=FACE_OUTER_BOUND('',#1780,.T.);
#1114=PLANE('',#1781);
#1115=FACE_OUTER_BOUND('',#1782,.T.);
#1116=PLANE('',#1783);
#1117=FACE_OUTER_BOUND('',#1784,.T.);
#1118=PLANE('',#1785);
#1119=FACE_OUTER_BOUND('',#1786,.T.);
#1120=PLANE('',#1787);
#1121=FACE_OUTER_BOUND('',#1788,.T.);
#1122=PLANE('',#1789);
#1123=FACE_OUTER_BOUND('',#1790,.T.);
#1124=PLANE('',#1791);
#1125=FACE_OUTER_BOUND('',#1792,.T.);
#1126=PLANE('',#1793);
#1127=FACE_OUTER_BOUND('',#1794,.T.);
#1128=PLANE('',#1795);
#1129=FACE_OUTER_BOUND('',#1796,.T.);
#1130=PLANE('',#1797);
#1131=FACE_OUTER_BOUND('',#1798,.T.);
#1132=PLANE('',#1799);
#1133=FACE_OUTER_BOUND('',#1800,.T.);
#1134=PLANE('',#1801);
#1135=EDGE_LOOP('',(#1802,#1803,#1804,#1805));
#1136=AXIS2_PLACEMENT_3D('',#1806,#1807,#1808);
#1137=EDGE_LOOP('',(#1809,#1810,#1811,#1812));
#1138=AXIS2_PLACEMENT_3D('',#1813,#1814,#1815);
#1139=EDGE_LOOP('',(#1816,#1817,#1818,#1819));
#1140=AXIS2_PLACEMENT_3D('',#1820,#1821,#1822);
#1141=EDGE_LOOP('',(#1823,#1824,#1825,#1826));
#1142=AXIS2_PLACEMENT_3D('',#1827,#1828,#1829);
#1143=EDGE_LOOP('',(#1830,#1831,#1832,#1833));
#1144=EDGE_LOOP('',(#1834,#1835));
#1145=AXIS2_PLACEMENT_3D('',#1836,#1837,#1838);
#1146=EDGE_LOOP('',(#1839,#1840,#1841,#1842));
#1147=EDGE_LOOP('',(#1843,#1844));
#1148=AXIS2_PLACEMENT_3D('',#1845,#1846,#1847);
#1149=EDGE_LOOP('',(#1848,#1849,#1850,#1851));
#1150=AXIS2_PLACEMENT_3D('',#1852,#1853,#1854);
#1151=EDGE_LOOP('',(#1855,#1856,#1857,#1858));
#1152=AXIS2_PLACEMENT_3D('',#1859,#1860,#1861);
#1153=EDGE_LOOP('',(#1862,#1863,#1864,#1865));
#1154=AXIS2_PLACEMENT_3D('',#1866,#1867,#1868);
#1155=EDGE_LOOP('',(#1869,#1870,#1871,#1872));
#1156=EDGE_LOOP('',(#1873,#1874,#1875,#1876));
#1157=AXIS2_PLACEMENT_3D('',#1877,#1878,#1879);
#1158=EDGE_LOOP('',(#1880,#1881,#1882,#1883));
#1159=EDGE_LOOP('',(#1884,#1885,#1886,#1887));
#1160=AXIS2_PLACEMENT_3D('',#1888,#1889,#1890);
#1161=EDGE_LOOP('',(#1891,#1892,#1893,#1894));
#1162=AXIS2_PLACEMENT_3D('',#1895,#1896,#1897);
#1163=EDGE_LOOP('',(#1898,#1899,#1900,#1901));
#1164=AXIS2_PLACEMENT_3D('',#1902,#1903,#1904);
#1165=EDGE_LOOP('',(#1905,#1906,#1907,#1908));
#1166=AXIS2_PLACEMENT_3D('',#1909,#1910,#1911);
#1167=EDGE_LOOP('',(#1912,#1913,#1914,#1915));
#1168=AXIS2_PLACEMENT_3D('',#1916,#1917,#1918);
#1169=EDGE_LOOP('',(#1919,#1920,#1921,#1922));
#1170=AXIS2_PLACEMENT_3D('',#1923,#1924,#1925);
#1171=EDGE_LOOP('',(#1926,#1927,#1928,#1929));
#1172=AXIS2_PLACEMENT_3D('',#1930,#1931,#1932);
#1173=EDGE_LOOP('',(#1933,#1934,#1935,#1936));
#1174=AXIS2_PLACEMENT_3D('',#1937,#1938,#1939);
#1175=EDGE_LOOP('',(#1940,#1941,#1942,#1943));
#1176=EDGE_LOOP('',(#1944,#1945));
#1177=AXIS2_PLACEMENT_3D('',#1946,#1947,#1948);
#1178=EDGE_LOOP('',(#1949,#1950,#1951,#1952));
#1179=EDGE_LOOP('',(#1953,#1954));
#1180=AXIS2_PLACEMENT_3D('',#1955,#1956,#1957);
#1181=EDGE_LOOP('',(#1958,#1959,#1960,#1961));
#1182=AXIS2_PLACEMENT_3D('',#1962,#1963,#1964);
#1183=EDGE_LOOP('',(#1965,#1966,#1967,#1968));
#1184=AXIS2_PLACEMENT_3D('',#1969,#1970,#1971);
#1185=EDGE_LOOP('',(#1972,#1973,#1974,#1975));
#1186=AXIS2_PLACEMENT_3D('',#1976,#1977,#1978);
#1187=EDGE_LOOP('',(#1979,#1980,#1981,#1982));
#1188=EDGE_LOOP('',(#1983,#1984,#1985,#1986));
#1189=AXIS2_PLACEMENT_3D('',#1987,#1988,#1989);
#1190=EDGE_LOOP('',(#1990,#1991,#1992,#1993));
#1191=EDGE_LOOP('',(#1994,#1995,#1996,#1997));
#1192=AXIS2_PLACEMENT_3D('',#1998,#1999,#2000);
#1193=EDGE_LOOP('',(#2001,#2002,#2003,#2004));
#1194=AXIS2_PLACEMENT_3D('',#2005,#2006,#2007);
#1195=EDGE_LOOP('',(#2008,#2009,#2010,#2011));
#1196=AXIS2_PLACEMENT_3D('',#2012,#2013,#2014);
#1197=EDGE_LOOP('',(#2015,#2016,#2017,#2018));
#1198=AXIS2_PLACEMENT_3D('',#2019,#2020,#2021);
#1199=EDGE_LOOP('',(#2022,#2023,#2024,#2025));
#1200=AXIS2_PLACEMENT_3D('',#2026,#2027,#2028);
#1201=EDGE_LOOP('',(#2029,#2030,#2031,#2032));
#1202=AXIS2_PLACEMENT_3D('',#2033,#2034,#2035);
#1203=EDGE_LOOP('',(#2036,#2037,#2038,#2039));
#1204=AXIS2_PLACEMENT_3D('',#2040,#2041,#2042);
#1205=EDGE_LOOP('',(#2043,#2044,#2045,#2046));
#1206=AXIS2_PLACEMENT_3D('',#2047,#2048,#2049);
#1207=EDGE_LOOP('',(#2050,#2051,#2052,#2053));
#1208=EDGE_LOOP('',(#2054,#2055));
#1209=AXIS2_PLACEMENT_3D('',#2056,#2057,#2058);
#1210=EDGE_LOOP('',(#2059,#2060,#2061,#2062));
#1211=EDGE_LOOP('',(#2063,#2064));
#1212=AXIS2_PLACEMENT_3D('',#2065,#2066,#2067);
#1213=EDGE_LOOP('',(#2068,#2069,#2070,#2071));
#1214=AXIS2_PLACEMENT_3D('',#2072,#2073,#2074);
#1215=EDGE_LOOP('',(#2075,#2076,#2077,#2078));
#1216=AXIS2_PLACEMENT_3D('',#2079,#2080,#2081);
#1217=EDGE_LOOP('',(#2082,#2083,#2084,#2085));
#1218=AXIS2_PLACEMENT_3D('',#2086,#2087,#2088);
#1219=EDGE_LOOP('',(#2089,#2090,#2091,#2092));
#1220=EDGE_LOOP('',(#2093,#2094,#2095,#2096));
#1221=AXIS2_PLACEMENT_3D('',#2097,#2098,#2099);
#1222=EDGE_LOOP('',(#2100,#2101,#2102,#2103));
#1223=EDGE_LOOP('',(#2104,#2105,#2106,#2107));
#1224=AXIS2_PLACEMENT_3D('',#2108,#2109,#2110);
#1225=EDGE_LOOP('',(#2111,#2112,#2113,#2114));
#1226=AXIS2_PLACEMENT_3D('',#2115,#2116,#2117);
#1227=EDGE_LOOP('',(#2118,#2119,#2120,#2121));
#1228=AXIS2_PLACEMENT_3D('',#2122,#2123,#2124);
#1229=EDGE_LOOP('',(#2125,#2126,#2127,#2128));
#1230=AXIS2_PLACEMENT_3D('',#2129,#2130,#2131);
#1231=EDGE_LOOP('',(#2132,#2133,#2134,#2135));
#1232=AXIS2_PLACEMENT_3D('',#2136,#2137,#2138);
#1233=EDGE_LOOP('',(#2139,#2140,#2141,#2142));
#1234=AXIS2_PLACEMENT_3D('',#2143,#2144,#2145);
#1235=EDGE_LOOP('',(#2146,#2147,#2148,#2149));
#1236=AXIS2_PLACEMENT_3D('',#2150,#2151,#2152);
#1237=EDGE_LOOP('',(#2153,#2154,#2155,#2156,#2157,#2158,#2159,#2160,#2161,#2162,#2163,#2164));
#1238=AXIS2_PLACEMENT_3D('',#2165,#2166,#2167);
#1239=EDGE_LOOP('',(#2168,#2169,#2170,#2171));
#1240=AXIS2_PLACEMENT_3D('',#2172,#2173,#2174);
#1241=EDGE_LOOP('',(#2175,#2176,#2177,#2178,#2179,#2180));
#1242=AXIS2_PLACEMENT_3D('',#2181,#2182,#2183);
#1243=EDGE_LOOP('',(#2184,#2185,#2186,#2187,#2188,#2189));
#1244=AXIS2_PLACEMENT_3D('',#2190,#2191,#2192);
#1245=EDGE_LOOP('',(#2193,#2194,#2195,#2196));
#1246=AXIS2_PLACEMENT_3D('',#2197,#2198,#2199);
#1247=EDGE_LOOP('',(#2200,#2201,#2202,#2203,#2204,#2205,#2206,#2207,#2208,#2209,#2210,#2211));
#1248=AXIS2_PLACEMENT_3D('',#2212,#2213,#2214);
#1249=EDGE_LOOP('',(#2215,#2216,#2217,#2218));
#1250=AXIS2_PLACEMENT_3D('',#2219,#2220,#2221);
#1251=EDGE_LOOP('',(#2222,#2223,#2224,#2225,#2226,#2227,#2228,#2229,#2230,#2231,#2232,#2233,#2234,#2235));
#1252=AXIS2_PLACEMENT_3D('',#2236,#2237,#2238);
#1253=EDGE_LOOP('',(#2239,#2240,#2241,#2242));
#1254=AXIS2_PLACEMENT_3D('',#2243,#2244,#2245);
#1255=EDGE_LOOP('',(#2246,#2247,#2248,#2249,#2250,#2251));
#1256=AXIS2_PLACEMENT_3D('',#2252,#2253,#2254);
#1257=EDGE_LOOP('',(#2255,#2256,#2257,#2258));
#1258=AXIS2_PLACEMENT_3D('',#2259,#2260,#2261);
#1259=EDGE_LOOP('',(#2262,#2263,#2264,#2265));
#1260=AXIS2_PLACEMENT_3D('',#2266,#2267,#2268);
#1261=EDGE_LOOP('',(#2269,#2270,#2271,#2272));
#1262=AXIS2_PLACEMENT_3D('',#2273,#2274,#2275);
#1263=EDGE_LOOP('',(#2276,#2277,#2278,#2279));
#1264=AXIS2_PLACEMENT_3D('',#2280,#2281,#2282);
#1265=EDGE_LOOP('',(#2283,#2284,#2285,#2286));
#1266=AXIS2_PLACEMENT_3D('',#2287,#2288,#2289);
#1267=EDGE_LOOP('',(#2290,#2291,#2292,#2293));
#1268=AXIS2_PLACEMENT_3D('',#2294,#2295,#2296);
#1269=EDGE_LOOP('',(#2297,#2298,#2299,#2300));
#1270=AXIS2_PLACEMENT_3D('',#2301,#2302,#2303);
#1271=EDGE_LOOP('',(#2304,#2305,#2306,#2307));
#1272=AXIS2_PLACEMENT_3D('',#2308,#2309,#2310);
#1273=EDGE_LOOP('',(#2311,#2312,#2313,#2314));
#1274=AXIS2_PLACEMENT_3D('',#2315,#2316,#2317);
#1275=EDGE_LOOP('',(#2318,#2319,#2320,#2321));
#1276=AXIS2_PLACEMENT_3D('',#2322,#2323,#2324);
#1277=EDGE_LOOP('',(#2325,#2326,#2327,#2328));
#1278=AXIS2_PLACEMENT_3D('',#2329,#2330,#2331);
#1279=EDGE_LOOP('',(#2332,#2333,#2334,#2335));
#1280=AXIS2_PLACEMENT_3D('',#2336,#2337,#2338);
#1281=EDGE_LOOP('',(#2339,#2340,#2341,#2342));
#1282=AXIS2_PLACEMENT_3D('',#2343,#2344,#2345);
#1283=EDGE_LOOP('',(#2346,#2347,#2348,#2349,#2350,#2351,#2352,#2353));
#1284=AXIS2_PLACEMENT_3D('',#2354,#2355,#2356);
#1285=EDGE_LOOP('',(#2357,#2358,#2359,#2360));
#1286=AXIS2_PLACEMENT_3D('',#2361,#2362,#2363);
#1287=EDGE_LOOP('',(#2364,#2365,#2366,#2367,#2368,#2369,#2370,#2371));
#1288=AXIS2_PLACEMENT_3D('',#2372,#2373,#2374);
#1289=EDGE_LOOP('',(#2375,#2376,#2377,#2378,#2379,#2380,#2381,#2382));
#1290=AXIS2_PLACEMENT_3D('',#2383,#2384,#2385);
#1291=EDGE_LOOP('',(#2386,#2387,#2388,#2389));
#1292=AXIS2_PLACEMENT_3D('',#2390,#2391,#2392);
#1293=EDGE_LOOP('',(#2393,#2394,#2395,#2396,#2397,#2398,#2399,#2400));
#1294=AXIS2_PLACEMENT_3D('',#2401,#2402,#2403);
#1295=EDGE_LOOP('',(#2404,#2405,#2406,#2407,#2408,#2409,#2410,#2411,#2412,#2413,#2414,#2415,#2416,#2417));
#1296=AXIS2_PLACEMENT_3D('',#2418,#2419,#2420);
#1297=EDGE_LOOP('',(#2421,#2422,#2423,#2424,#2425,#2426));
#1298=AXIS2_PLACEMENT_3D('',#2427,#2428,#2429);
#1299=EDGE_LOOP('',(#2430,#2431,#2432,#2433,#2434,#2435,#2436,#2437));
#1300=AXIS2_PLACEMENT_3D('',#2438,#2439,#2440);
#1301=EDGE_LOOP('',(#2441,#2442,#2443,#2444,#2445,#2446,#2447,#2448));
#1302=AXIS2_PLACEMENT_3D('',#2449,#2450,#2451);
#1303=EDGE_LOOP('',(#2452,#2453,#2454,#2455));
#1304=AXIS2_PLACEMENT_3D('',#2456,#2457,#2458);
#1305=EDGE_LOOP('',(#2459,#2460,#2461,#2462));
#1306=AXIS2_PLACEMENT_3D('',#2463,#2464,#2465);
#1307=EDGE_LOOP('',(#2466,#2467,#2468,#2469));
#1308=AXIS2_PLACEMENT_3D('',#2470,#2471,#2472);
#1309=EDGE_LOOP('',(#2473,#2474,#2475,#2476));
#1310=AXIS2_PLACEMENT_3D('',#2477,#2478,#2479);
#1311=EDGE_LOOP('',(#2480,#2481,#2482,#2483));
#1312=AXIS2_PLACEMENT_3D('',#2484,#2485,#2486);
#1313=EDGE_LOOP('',(#2487,#2488,#2489,#2490));
#1314=AXIS2_PLACEMENT_3D('',#2491,#2492,#2493);
#1315=EDGE_LOOP('',(#2494,#2495,#2496,#2497));
#1316=AXIS2_PLACEMENT_3D('',#2498,#2499,#2500);
#1317=EDGE_LOOP('',(#2501,#2502,#2503,#2504,#2505,#2506,#2507,#2508,#2509,#2510,#2511,#2512));
#1318=AXIS2_PLACEMENT_3D('',#2513,#2514,#2515);
#1319=EDGE_LOOP('',(#2516,#2517,#2518,#2519));
#1320=AXIS2_PLACEMENT_3D('',#2520,#2521,#2522);
#1321=EDGE_LOOP('',(#2523,#2524,#2525,#2526,#2527,#2528));
#1322=AXIS2_PLACEMENT_3D('',#2529,#2530,#2531);
#1323=EDGE_LOOP('',(#2532,#2533,#2534,#2535,#2536,#2537));
#1324=AXIS2_PLACEMENT_3D('',#2538,#2539,#2540);
#1325=EDGE_LOOP('',(#2541,#2542,#2543,#2544));
#1326=AXIS2_PLACEMENT_3D('',#2545,#2546,#2547);
#1327=EDGE_LOOP('',(#2548,#2549,#2550,#2551,#2552,#2553,#2554,#2555,#2556,#2557,#2558,#2559));
#1328=AXIS2_PLACEMENT_3D('',#2560,#2561,#2562);
#1329=EDGE_LOOP('',(#2563,#2564,#2565,#2566));
#1330=AXIS2_PLACEMENT_3D('',#2567,#2568,#2569);
#1331=EDGE_LOOP('',(#2570,#2571,#2572,#2573,#2574,#2575,#2576,#2577,#2578,#2579,#2580,#2581,#2582,#2583));
#1332=AXIS2_PLACEMENT_3D('',#2584,#2585,#2586);
#1333=EDGE_LOOP('',(#2587,#2588,#2589,#2590));
#1334=AXIS2_PLACEMENT_3D('',#2591,#2592,#2593);
#1335=EDGE_LOOP('',(#2594,#2595,#2596,#2597,#2598,#2599));
#1336=AXIS2_PLACEMENT_3D('',#2600,#2601,#2602);
#1337=EDGE_LOOP('',(#2603,#2604,#2605,#2606));
#1338=AXIS2_PLACEMENT_3D('',#2607,#2608,#2609);
#1339=EDGE_LOOP('',(#2610,#2611,#2612,#2613));
#1340=AXIS2_PLACEMENT_3D('',#2614,#2615,#2616);
#1341=EDGE_LOOP('',(#2617,#2618,#2619,#2620));
#1342=AXIS2_PLACEMENT_3D('',#2621,#2622,#2623);
#1343=EDGE_LOOP('',(#2624,#2625,#2626,#2627));
#1344=AXIS2_PLACEMENT_3D('',#2628,#2629,#2630);
#1345=EDGE_LOOP('',(#2631,#2632,#2633,#2634));
#1346=AXIS2_PLACEMENT_3D('',#2635,#2636,#2637);
#1347=EDGE_LOOP('',(#2638,#2639,#2640,#2641));
#1348=AXIS2_PLACEMENT_3D('',#2642,#2643,#2644);
#1349=EDGE_LOOP('',(#2645,#2646,#2647,#2648));
#1350=AXIS2_PLACEMENT_3D('',#2649,#2650,#2651);
#1351=EDGE_LOOP('',(#2652,#2653,#2654,#2655));
#1352=AXIS2_PLACEMENT_3D('',#2656,#2657,#2658);
#1353=EDGE_LOOP('',(#2659,#2660,#2661,#2662));
#1354=AXIS2_PLACEMENT_3D('',#2663,#2664,#2665);
#1355=EDGE_LOOP('',(#2666,#2667,#2668,#2669));
#1356=AXIS2_PLACEMENT_3D('',#2670,#2671,#2672);
#1357=EDGE_LOOP('',(#2673,#2674,#2675,#2676));
#1358=AXIS2_PLACEMENT_3D('',#2677,#2678,#2679);
#1359=EDGE_LOOP('',(#2680,#2681,#2682,#2683));
#1360=AXIS2_PLACEMENT_3D('',#2684,#2685,#2686);
#1361=EDGE_LOOP('',(#2687,#2688,#2689,#2690));
#1362=AXIS2_PLACEMENT_3D('',#2691,#2692,#2693);
#1363=EDGE_LOOP('',(#2694,#2695,#2696,#2697,#2698,#2699,#2700,#2701));
#1364=AXIS2_PLACEMENT_3D('',#2702,#2703,#2704);
#1365=EDGE_LOOP('',(#2705,#2706,#2707,#2708));
#1366=AXIS2_PLACEMENT_3D('',#2709,#2710,#2711);
#1367=EDGE_LOOP('',(#2712,#2713,#2714,#2715,#2716,#2717,#2718,#2719));
#1368=AXIS2_PLACEMENT_3D('',#2720,#2721,#2722);
#1369=EDGE_LOOP('',(#2723,#2724,#2725,#2726,#2727,#2728,#2729,#2730));
#1370=AXIS2_PLACEMENT_3D('',#2731,#2732,#2733);
#1371=EDGE_LOOP('',(#2734,#2735,#2736,#2737));
#1372=AXIS2_PLACEMENT_3D('',#2738,#2739,#2740);
#1373=EDGE_LOOP('',(#2741,#2742,#2743,#2744,#2745,#2746,#2747,#2748));
#1374=AXIS2_PLACEMENT_3D('',#2749,#2750,#2751);
#1375=EDGE_LOOP('',(#2752,#2753,#2754,#2755,#2756,#2757,#2758,#2759,#2760,#2761,#2762,#2763,#2764,#2765));
#1376=AXIS2_PLACEMENT_3D('',#2766,#2767,#2768);
#1377=EDGE_LOOP('',(#2769,#2770,#2771,#2772,#2773,#2774));
#1378=AXIS2_PLACEMENT_3D('',#2775,#2776,#2777);
#1379=EDGE_LOOP('',(#2778,#2779,#2780,#2781,#2782,#2783,#2784,#2785));
#1380=AXIS2_PLACEMENT_3D('',#2786,#2787,#2788);
#1381=EDGE_LOOP('',(#2789,#2790,#2791,#2792,#2793,#2794,#2795,#2796));
#1382=AXIS2_PLACEMENT_3D('',#2797,#2798,#2799);
#1383=EDGE_LOOP('',(#2800,#2801,#2802,#2803));
#1384=AXIS2_PLACEMENT_3D('',#2804,#2805,#2806);
#1385=EDGE_LOOP('',(#2807,#2808,#2809,#2810));
#1386=AXIS2_PLACEMENT_3D('',#2811,#2812,#2813);
#1387=EDGE_LOOP('',(#2814,#2815,#2816,#2817));
#1388=AXIS2_PLACEMENT_3D('',#2818,#2819,#2820);
#1389=EDGE_LOOP('',(#2821,#2822,#2823,#2824));
#1390=AXIS2_PLACEMENT_3D('',#2825,#2826,#2827);
#1391=EDGE_LOOP('',(#2828,#2829,#2830,#2831));
#1392=AXIS2_PLACEMENT_3D('',#2832,#2833,#2834);
#1393=EDGE_LOOP('',(#2835,#2836,#2837,#2838));
#1394=AXIS2_PLACEMENT_3D('',#2839,#2840,#2841);
#1395=EDGE_LOOP('',(#2842,#2843,#2844,#2845));
#1396=AXIS2_PLACEMENT_3D('',#2846,#2847,#2848);
#1397=EDGE_LOOP('',(#2849,#2850,#2851,#2852,#2853,#2854,#2855,#2856,#2857,#2858,#2859,#2860));
#1398=AXIS2_PLACEMENT_3D('',#2861,#2862,#2863);
#1399=EDGE_LOOP('',(#2864,#2865,#2866,#2867));
#1400=AXIS2_PLACEMENT_3D('',#2868,#2869,#2870);
#1401=EDGE_LOOP('',(#2871,#2872,#2873,#2874,#2875,#2876));
#1402=AXIS2_PLACEMENT_3D('',#2877,#2878,#2879);
#1403=EDGE_LOOP('',(#2880,#2881,#2882,#2883,#2884,#2885));
#1404=AXIS2_PLACEMENT_3D('',#2886,#2887,#2888);
#1405=EDGE_LOOP('',(#2889,#2890,#2891,#2892));
#1406=AXIS2_PLACEMENT_3D('',#2893,#2894,#2895);
#1407=EDGE_LOOP('',(#2896,#2897,#2898,#2899,#2900,#2901,#2902,#2903,#2904,#2905,#2906,#2907));
#1408=AXIS2_PLACEMENT_3D('',#2908,#2909,#2910);
#1409=EDGE_LOOP('',(#2911,#2912,#2913,#2914));
#1410=AXIS2_PLACEMENT_3D('',#2915,#2916,#2917);
#1411=EDGE_LOOP('',(#2918,#2919,#2920,#2921,#2922,#2923,#2924,#2925,#2926,#2927,#2928,#2929,#2930,#2931));
#1412=AXIS2_PLACEMENT_3D('',#2932,#2933,#2934);
#1413=EDGE_LOOP('',(#2935,#2936,#2937,#2938));
#1414=AXIS2_PLACEMENT_3D('',#2939,#2940,#2941);
#1415=EDGE_LOOP('',(#2942,#2943,#2944,#2945,#2946,#2947));
#1416=AXIS2_PLACEMENT_3D('',#2948,#2949,#2950);
#1417=EDGE_LOOP('',(#2951,#2952,#2953,#2954));
#1418=AXIS2_PLACEMENT_3D('',#2955,#2956,#2957);
#1419=EDGE_LOOP('',(#2958,#2959,#2960,#2961));
#1420=AXIS2_PLACEMENT_3D('',#2962,#2963,#2964);
#1421=EDGE_LOOP('',(#2965,#2966,#2967,#2968));
#1422=AXIS2_PLACEMENT_3D('',#2969,#2970,#2971);
#1423=EDGE_LOOP('',(#2972,#2973,#2974,#2975));
#1424=AXIS2_PLACEMENT_3D('',#2976,#2977,#2978);
#1425=EDGE_LOOP('',(#2979,#2980,#2981,#2982));
#1426=AXIS2_PLACEMENT_3D('',#2983,#2984,#2985);
#1427=EDGE_LOOP('',(#2986,#2987,#2988,#2989));
#1428=AXIS2_PLACEMENT_3D('',#2990,#2991,#2992);
#1429=EDGE_LOOP('',(#2993,#2994,#2995,#2996));
#1430=AXIS2_PLACEMENT_3D('',#2997,#2998,#2999);
#1431=EDGE_LOOP('',(#3000,#3001,#3002,#3003));
#1432=AXIS2_PLACEMENT_3D('',#3004,#3005,#3006);
#1433=EDGE_LOOP('',(#3007,#3008,#3009,#3010));
#1434=AXIS2_PLACEMENT_3D('',#3011,#3012,#3013);
#1435=EDGE_LOOP('',(#3014,#3015,#3016,#3017));
#1436=AXIS2_PLACEMENT_3D('',#3018,#3019,#3020);
#1437=EDGE_LOOP('',(#3021,#3022,#3023,#3024));
#1438=AXIS2_PLACEMENT_3D('',#3025,#3026,#3027);
#1439=EDGE_LOOP('',(#3028,#3029,#3030,#3031));
#1440=AXIS2_PLACEMENT_3D('',#3032,#3033,#3034);
#1441=EDGE_LOOP('',(#3035,#3036,#3037,#3038));
#1442=AXIS2_PLACEMENT_3D('',#3039,#3040,#3041);
#1443=EDGE_LOOP('',(#3042,#3043,#3044,#3045,#3046,#3047,#3048,#3049));
#1444=AXIS2_PLACEMENT_3D('',#3050,#3051,#3052);
#1445=EDGE_LOOP('',(#3053,#3054,#3055,#3056));
#1446=AXIS2_PLACEMENT_3D('',#3057,#3058,#3059);
#1447=EDGE_LOOP('',(#3060,#3061,#3062,#3063,#3064,#3065,#3066,#3067));
#1448=AXIS2_PLACEMENT_3D('',#3068,#3069,#3070);
#1449=EDGE_LOOP('',(#3071,#3072,#3073,#3074,#3075,#3076,#3077,#3078));
#1450=AXIS2_PLACEMENT_3D('',#3079,#3080,#3081);
#1451=EDGE_LOOP('',(#3082,#3083,#3084,#3085));
#1452=AXIS2_PLACEMENT_3D('',#3086,#3087,#3088);
#1453=EDGE_LOOP('',(#3089,#3090,#3091,#3092,#3093,#3094,#3095,#3096));
#1454=AXIS2_PLACEMENT_3D('',#3097,#3098,#3099);
#1455=EDGE_LOOP('',(#3100,#3101,#3102,#3103,#3104,#3105,#3106,#3107,#3108,#3109,#3110,#3111,#3112,#3113));
#1456=AXIS2_PLACEMENT_3D('',#3114,#3115,#3116);
#1457=EDGE_LOOP('',(#3117,#3118,#3119,#3120,#3121,#3122));
#1458=AXIS2_PLACEMENT_3D('',#3123,#3124,#3125);
#1459=EDGE_LOOP('',(#3126,#3127,#3128,#3129,#3130,#3131,#3132,#3133));
#1460=AXIS2_PLACEMENT_3D('',#3134,#3135,#3136);
#1461=EDGE_LOOP('',(#3137,#3138,#3139,#3140,#3141,#3142,#3143,#3144));
#1462=AXIS2_PLACEMENT_3D('',#3145,#3146,#3147);
#1463=EDGE_LOOP('',(#3148,#3149,#3150,#3151));
#1464=AXIS2_PLACEMENT_3D('',#3152,#3153,#3154);
#1465=EDGE_LOOP('',(#3155,#3156,#3157,#3158));
#1466=AXIS2_PLACEMENT_3D('',#3159,#3160,#3161);
#1467=EDGE_LOOP('',(#3162,#3163,#3164,#3165));
#1468=AXIS2_PLACEMENT_3D('',#3166,#3167,#3168);
#1469=EDGE_LOOP('',(#3169,#3170,#3171,#3172));
#1470=AXIS2_PLACEMENT_3D('',#3173,#3174,#3175);
#1471=EDGE_LOOP('',(#3176,#3177,#3178,#3179));
#1472=AXIS2_PLACEMENT_3D('',#3180,#3181,#3182);
#1473=EDGE_LOOP('',(#3183,#3184,#3185,#3186));
#1474=AXIS2_PLACEMENT_3D('',#3187,#3188,#3189);
#1475=EDGE_LOOP('',(#3190,#3191,#3192,#3193));
#1476=AXIS2_PLACEMENT_3D('',#3194,#3195,#3196);
#1477=EDGE_LOOP('',(#3197,#3198,#3199,#3200,#3201,#3202,#3203,#3204));
#1478=AXIS2_PLACEMENT_3D('',#3205,#3206,#3207);
#1479=EDGE_LOOP('',(#3208,#3209,#3210,#3211,#3212,#3213));
#1480=AXIS2_PLACEMENT_3D('',#3214,#3215,#3216);
#1481=EDGE_LOOP('',(#3217,#3218,#3219,#3220,#3221,#3222));
#1482=AXIS2_PLACEMENT_3D('',#3223,#3224,#3225);
#1483=EDGE_LOOP('',(#3226,#3227,#3228,#3229,#3230,#3231));
#1484=AXIS2_PLACEMENT_3D('',#3232,#3233,#3234);
#1485=EDGE_LOOP('',(#3235,#3236,#3237,#3238,#3239,#3240,#3241,#3242));
#1486=AXIS2_PLACEMENT_3D('',#3243,#3244,#3245);
#1487=EDGE_LOOP('',(#3246,#3247));
#1488=AXIS2_PLACEMENT_3D('',#3248,#3249,#3250);
#1489=EDGE_LOOP('',(#3251,#3252,#3253,#3254));
#1490=AXIS2_PLACEMENT_3D('',#3255,#3256,#3257);
#1491=EDGE_LOOP('',(#3258,#3259,#3260,#3261));
#1492=AXIS2_PLACEMENT_3D('',#3262,#3263,#3264);
#1493=EDGE_LOOP('',(#3265,#3266));
#1494=EDGE_LOOP('',(#3267,#3268));
#1495=AXIS2_PLACEMENT_3D('',#3269,#3270,#3271);
#1496=EDGE_LOOP('',(#3272,#3273,#3274,#3275));
#1497=AXIS2_PLACEMENT_3D('',#3276,#3277,#3278);
#1498=EDGE_LOOP('',(#3279,#3280));
#1499=AXIS2_PLACEMENT_3D('',#3281,#3282,#3283);
#1500=EDGE_LOOP('',(#3284,#3285,#3286,#3287));
#1501=AXIS2_PLACEMENT_3D('',#3288,#3289,#3290);
#1502=EDGE_LOOP('',(#3291,#3292,#3293,#3294));
#1503=AXIS2_PLACEMENT_3D('',#3295,#3296,#3297);
#1504=EDGE_LOOP('',(#3298,#3299));
#1505=AXIS2_PLACEMENT_3D('',#3300,#3301,#3302);
#1506=EDGE_LOOP('',(#3303,#3304,#3305,#3306));
#1507=AXIS2_PLACEMENT_3D('',#3307,#3308,#3309);
#1508=EDGE_LOOP('',(#3310,#3311,#3312,#3313));
#1509=AXIS2_PLACEMENT_3D('',#3314,#3315,#3316);
#1510=EDGE_LOOP('',(#3317,#3318,#3319,#3320));
#1511=AXIS2_PLACEMENT_3D('',#3321,#3322,#3323);
#1512=EDGE_LOOP('',(#3324,#3325,#3326,#3327,#3328,#3329,#3330,#3331));
#1513=AXIS2_PLACEMENT_3D('',#3332,#3333,#3334);
#1514=EDGE_LOOP('',(#3335,#3336,#3337,#3338,#3339,#3340));
#1515=AXIS2_PLACEMENT_3D('',#3341,#3342,#3343);
#1516=EDGE_LOOP('',(#3344,#3345,#3346,#3347,#3348,#3349));
#1517=AXIS2_PLACEMENT_3D('',#3350,#3351,#3352);
#1518=EDGE_LOOP('',(#3353,#3354,#3355,#3356,#3357,#3358));
#1519=AXIS2_PLACEMENT_3D('',#3359,#3360,#3361);
#1520=EDGE_LOOP('',(#3362,#3363,#3364,#3365,#3366,#3367,#3368,#3369));
#1521=AXIS2_PLACEMENT_3D('',#3370,#3371,#3372);
#1522=EDGE_LOOP('',(#3373,#3374));
#1523=AXIS2_PLACEMENT_3D('',#3375,#3376,#3377);
#1524=EDGE_LOOP('',(#3378,#3379,#3380,#3381));
#1525=AXIS2_PLACEMENT_3D('',#3382,#3383,#3384);
#1526=EDGE_LOOP('',(#3385,#3386,#3387,#3388));
#1527=AXIS2_PLACEMENT_3D('',#3389,#3390,#3391);
#1528=EDGE_LOOP('',(#3392,#3393));
#1529=EDGE_LOOP('',(#3394,#3395));
#1530=AXIS2_PLACEMENT_3D('',#3396,#3397,#3398);
#1531=EDGE_LOOP('',(#3399,#3400,#3401,#3402));
#1532=AXIS2_PLACEMENT_3D('',#3403,#3404,#3405);
#1533=EDGE_LOOP('',(#3406,#3407));
#1534=AXIS2_PLACEMENT_3D('',#3408,#3409,#3410);
#1535=EDGE_LOOP('',(#3411,#3412,#3413,#3414));
#1536=AXIS2_PLACEMENT_3D('',#3415,#3416,#3417);
#1537=EDGE_LOOP('',(#3418,#3419,#3420,#3421));
#1538=AXIS2_PLACEMENT_3D('',#3422,#3423,#3424);
#1539=EDGE_LOOP('',(#3425,#3426));
#1540=AXIS2_PLACEMENT_3D('',#3427,#3428,#3429);
#1541=EDGE_LOOP('',(#3430,#3431,#3432,#3433));
#1542=AXIS2_PLACEMENT_3D('',#3434,#3435,#3436);
#1543=EDGE_LOOP('',(#3437,#3438,#3439,#3440));
#1544=AXIS2_PLACEMENT_3D('',#3441,#3442,#3443);
#1545=EDGE_LOOP('',(#3444,#3445,#3446,#3447));
#1546=AXIS2_PLACEMENT_3D('',#3448,#3449,#3450);
#1547=EDGE_LOOP('',(#3451,#3452,#3453,#3454,#3455,#3456,#3457,#3458));
#1548=AXIS2_PLACEMENT_3D('',#3459,#3460,#3461);
#1549=EDGE_LOOP('',(#3462,#3463,#3464,#3465,#3466,#3467));
#1550=AXIS2_PLACEMENT_3D('',#3468,#3469,#3470);
#1551=EDGE_LOOP('',(#3471,#3472,#3473,#3474,#3475,#3476));
#1552=AXIS2_PLACEMENT_3D('',#3477,#3478,#3479);
#1553=EDGE_LOOP('',(#3480,#3481,#3482,#3483,#3484,#3485));
#1554=AXIS2_PLACEMENT_3D('',#3486,#3487,#3488);
#1555=EDGE_LOOP('',(#3489,#3490,#3491,#3492,#3493,#3494,#3495,#3496));
#1556=AXIS2_PLACEMENT_3D('',#3497,#3498,#3499);
#1557=EDGE_LOOP('',(#3500,#3501));
#1558=AXIS2_PLACEMENT_3D('',#3502,#3503,#3504);
#1559=EDGE_LOOP('',(#3505,#3506,#3507,#3508));
#1560=AXIS2_PLACEMENT_3D('',#3509,#3510,#3511);
#1561=EDGE_LOOP('',(#3512,#3513,#3514,#3515));
#1562=AXIS2_PLACEMENT_3D('',#3516,#3517,#3518);
#1563=EDGE_LOOP('',(#3519,#3520));
#1564=EDGE_LOOP('',(#3521,#3522));
#1565=AXIS2_PLACEMENT_3D('',#3523,#3524,#3525);
#1566=EDGE_LOOP('',(#3526,#3527,#3528,#3529));
#1567=AXIS2_PLACEMENT_3D('',#3530,#3531,#3532);
#1568=EDGE_LOOP('',(#3533,#3534));
#1569=AXIS2_PLACEMENT_3D('',#3535,#3536,#3537);
#1570=EDGE_LOOP('',(#3538,#3539,#3540,#3541));
#1571=AXIS2_PLACEMENT_3D('',#3542,#3543,#3544);
#1572=EDGE_LOOP('',(#3545,#3546,#3547,#3548));
#1573=AXIS2_PLACEMENT_3D('',#3549,#3550,#3551);
#1574=EDGE_LOOP('',(#3552,#3553));
#1575=AXIS2_PLACEMENT_3D('',#3554,#3555,#3556);
#1576=EDGE_LOOP('',(#3557,#3558,#3559,#3560));
#1577=AXIS2_PLACEMENT_3D('',#3561,#3562,#3563);
#1578=EDGE_LOOP('',(#3564,#3565,#3566,#3567));
#1579=AXIS2_PLACEMENT_3D('',#3568,#3569,#3570);
#1580=EDGE_LOOP('',(#3571,#3572,#3573,#3574));
#1581=AXIS2_PLACEMENT_3D('',#3575,#3576,#3577);
#1582=EDGE_LOOP('',(#3578,#3579,#3580,#3581));
#1583=AXIS2_PLACEMENT_3D('',#3582,#3583,#3584);
#1584=EDGE_LOOP('',(#3585,#3586,#3587,#3588));
#1585=AXIS2_PLACEMENT_3D('',#3589,#3590,#3591);
#1586=EDGE_LOOP('',(#3592,#3593,#3594,#3595));
#1587=AXIS2_PLACEMENT_3D('',#3596,#3597,#3598);
#1588=EDGE_LOOP('',(#3599,#3600,#3601,#3602));
#1589=AXIS2_PLACEMENT_3D('',#3603,#3604,#3605);
#1590=EDGE_LOOP('',(#3606,#3607,#3608,#3609));
#1591=AXIS2_PLACEMENT_3D('',#3610,#3611,#3612);
#1592=EDGE_LOOP('',(#3613,#3614,#3615,#3616));
#1593=AXIS2_PLACEMENT_3D('',#3617,#3618,#3619);
#1594=EDGE_LOOP('',(#3620,#3621,#3622,#3623,#3624,#3625,#3626,#3627,#3628,#3629,#3630,#3631,#3632,#3633,#3634,#3635));
#1595=AXIS2_PLACEMENT_3D('',#3636,#3637,#3638);
#1596=EDGE_LOOP('',(#3639,#3640,#3641,#3642));
#1597=EDGE_LOOP('',(#3643,#3644));
#1598=AXIS2_PLACEMENT_3D('',#3645,#3646,#3647);
#1599=EDGE_LOOP('',(#3648,#3649,#3650,#3651));
#1600=AXIS2_PLACEMENT_3D('',#3652,#3653,#3654);
#1601=EDGE_LOOP('',(#3655,#3656,#3657,#3658));
#1602=EDGE_LOOP('',(#3659,#3660));
#1603=EDGE_LOOP('',(#3661,#3662));
#1604=EDGE_LOOP('',(#3663,#3664));
#1605=AXIS2_PLACEMENT_3D('',#3665,#3666,#3667);
#1606=EDGE_LOOP('',(#3668,#3669,#3670,#3671,#3672,#3673,#3674,#3675,#3676,#3677));
#1607=AXIS2_PLACEMENT_3D('',#3678,#3679,#3680);
#1608=EDGE_LOOP('',(#3681,#3682,#3683,#3684));
#1609=AXIS2_PLACEMENT_3D('',#3685,#3686,#3687);
#1610=EDGE_LOOP('',(#3688,#3689,#3690,#3691,#3692,#3693,#3694,#3695,#3696,#3697,#3698,#3699,#3700,#3701,#3702,#3703));
#1611=AXIS2_PLACEMENT_3D('',#3704,#3705,#3706);
#1612=EDGE_LOOP('',(#3707,#3708,#3709,#3710,#3711,#3712,#3713,#3714,#3715,#3716,#3717,#3718,#3719,#3720,#3721,#3722,#3723,#3724,#3725,#3726,#3727,#3728,#3729,#3730,#3731,#3732,#3733,#3734,#3735,#3736,#3737,#3738,#3739,#3740,#3741,#3742,#3743,#3744,#3745,#3746,#3747,#3748,#3749,#3750,#3751,#3752,#3753,#3754,#3755,#3756,#3757,#3758,#3759,#3760,#3761,#3762));
#1613=AXIS2_PLACEMENT_3D('',#3763,#3764,#3765);
#1614=EDGE_LOOP('',(#3766,#3767,#3768,#3769,#3770,#3771,#3772,#3773,#3774,#3775));
#1615=EDGE_LOOP('',(#3776,#3777,#3778,#3779));
#1616=EDGE_LOOP('',(#3780,#3781,#3782,#3783));
#1617=EDGE_LOOP('',(#3784,#3785,#3786,#3787));
#1618=AXIS2_PLACEMENT_3D('',#3788,#3789,#3790);
#1619=EDGE_LOOP('',(#3791,#3792,#3793,#3794));
#1620=AXIS2_PLACEMENT_3D('',#3795,#3796,#3797);
#1621=EDGE_LOOP('',(#3798,#3799,#3800,#3801));
#1622=AXIS2_PLACEMENT_3D('',#3802,#3803,#3804);
#1623=EDGE_LOOP('',(#3805,#3806,#3807,#3808));
#1624=AXIS2_PLACEMENT_3D('',#3809,#3810,#3811);
#1625=EDGE_LOOP('',(#3812,#3813,#3814,#3815));
#1626=AXIS2_PLACEMENT_3D('',#3816,#3817,#3818);
#1627=EDGE_LOOP('',(#3819,#3820,#3821,#3822));
#1628=AXIS2_PLACEMENT_3D('',#3823,#3824,#3825);
#1629=EDGE_LOOP('',(#3826,#3827,#3828,#3829));
#1630=AXIS2_PLACEMENT_3D('',#3830,#3831,#3832);
#1631=EDGE_LOOP('',(#3833,#3834,#3835,#3836));
#1632=AXIS2_PLACEMENT_3D('',#3837,#3838,#3839);
#1633=EDGE_LOOP('',(#3840,#3841,#3842,#3843));
#1634=AXIS2_PLACEMENT_3D('',#3844,#3845,#3846);
#1635=EDGE_LOOP('',(#3847,#3848,#3849,#3850));
#1636=AXIS2_PLACEMENT_3D('',#3851,#3852,#3853);
#1637=EDGE_LOOP('',(#3854,#3855,#3856,#3857));
#1638=AXIS2_PLACEMENT_3D('',#3858,#3859,#3860);
#1639=EDGE_LOOP('',(#3861,#3862,#3863,#3864));
#1640=AXIS2_PLACEMENT_3D('',#3865,#3866,#3867);
#1641=EDGE_LOOP('',(#3868,#3869,#3870,#3871));
#1642=AXIS2_PLACEMENT_3D('',#3872,#3873,#3874);
#1643=EDGE_LOOP('',(#3875,#3876,#3877,#3878));
#1644=AXIS2_PLACEMENT_3D('',#3879,#3880,#3881);
#1645=EDGE_LOOP('',(#3882,#3883,#3884,#3885));
#1646=AXIS2_PLACEMENT_3D('',#3886,#3887,#3888);
#1647=EDGE_LOOP('',(#3889,#3890,#3891,#3892));
#1648=AXIS2_PLACEMENT_3D('',#3893,#3894,#3895);
#1649=EDGE_LOOP('',(#3896,#3897,#3898,#3899));
#1650=AXIS2_PLACEMENT_3D('',#3900,#3901,#3902);
#1651=EDGE_LOOP('',(#3903,#3904,#3905,#3906));
#1652=AXIS2_PLACEMENT_3D('',#3907,#3908,#3909);
#1653=EDGE_LOOP('',(#3910,#3911,#3912,#3913));
#1654=AXIS2_PLACEMENT_3D('',#3914,#3915,#3916);
#1655=EDGE_LOOP('',(#3917,#3918,#3919,#3920));
#1656=AXIS2_PLACEMENT_3D('',#3921,#3922,#3923);
#1657=EDGE_LOOP('',(#3924,#3925,#3926,#3927));
#1658=AXIS2_PLACEMENT_3D('',#3928,#3929,#3930);
#1659=EDGE_LOOP('',(#3931,#3932,#3933,#3934));
#1660=AXIS2_PLACEMENT_3D('',#3935,#3936,#3937);
#1661=EDGE_LOOP('',(#3938,#3939,#3940,#3941,#3942));
#1662=AXIS2_PLACEMENT_3D('',#3943,#3944,#3945);
#1663=EDGE_LOOP('',(#3946,#3947,#3948,#3949));
#1664=AXIS2_PLACEMENT_3D('',#3950,#3951,#3952);
#1665=EDGE_LOOP('',(#3953,#3954,#3955,#3956,#3957));
#1666=AXIS2_PLACEMENT_3D('',#3958,#3959,#3960);
#1667=EDGE_LOOP('',(#3961,#3962,#3963,#3964,#3965,#3966,#3967,#3968));
#1668=AXIS2_PLACEMENT_3D('',#3969,#3970,#3971);
#1669=EDGE_LOOP('',(#3972,#3973,#3974,#3975));
#1670=AXIS2_PLACEMENT_3D('',#3976,#3977,#3978);
#1671=EDGE_LOOP('',(#3979,#3980,#3981,#3982));
#1672=AXIS2_PLACEMENT_3D('',#3983,#3984,#3985);
#1673=EDGE_LOOP('',(#3986,#3987,#3988,#3989));
#1674=AXIS2_PLACEMENT_3D('',#3990,#3991,#3992);
#1675=EDGE_LOOP('',(#3993,#3994,#3995,#3996));
#1676=AXIS2_PLACEMENT_3D('',#3997,#3998,#3999);
#1677=EDGE_LOOP('',(#4000,#4001,#4002,#4003,#4004));
#1678=AXIS2_PLACEMENT_3D('',#4005,#4006,#4007);
#1679=EDGE_LOOP('',(#4008,#4009,#4010,#4011));
#1680=AXIS2_PLACEMENT_3D('',#4012,#4013,#4014);
#1681=EDGE_LOOP('',(#4015,#4016,#4017,#4018,#4019));
#1682=AXIS2_PLACEMENT_3D('',#4020,#4021,#4022);
#1683=EDGE_LOOP('',(#4023,#4024,#4025,#4026));
#1684=EDGE_LOOP('',(#4027,#4028,#4029,#4030));
#1685=AXIS2_PLACEMENT_3D('',#4031,#4032,#4033);
#1686=EDGE_LOOP('',(#4034,#4035,#4036,#4037,#4038));
#1687=AXIS2_PLACEMENT_3D('',#4039,#4040,#4041);
#1688=EDGE_LOOP('',(#4042,#4043,#4044,#4045,#4046,#4047,#4048,#4049));
#1689=AXIS2_PLACEMENT_3D('',#4050,#4051,#4052);
#1690=EDGE_LOOP('',(#4053,#4054,#4055,#4056,#4057));
#1691=AXIS2_PLACEMENT_3D('',#4058,#4059,#4060);
#1692=EDGE_LOOP('',(#4061,#4062,#4063,#4064));
#1693=AXIS2_PLACEMENT_3D('',#4065,#4066,#4067);
#1694=EDGE_LOOP('',(#4068,#4069,#4070,#4071));
#1695=AXIS2_PLACEMENT_3D('',#4072,#4073,#4074);
#1696=EDGE_LOOP('',(#4075,#4076,#4077,#4078,#4079));
#1697=AXIS2_PLACEMENT_3D('',#4080,#4081,#4082);
#1698=EDGE_LOOP('',(#4083,#4084,#4085,#4086));
#1699=AXIS2_PLACEMENT_3D('',#4087,#4088,#4089);
#1700=EDGE_LOOP('',(#4090,#4091,#4092,#4093,#4094));
#1701=AXIS2_PLACEMENT_3D('',#4095,#4096,#4097);
#1702=EDGE_LOOP('',(#4098,#4099,#4100,#4101,#4102,#4103,#4104,#4105));
#1703=AXIS2_PLACEMENT_3D('',#4106,#4107,#4108);
#1704=EDGE_LOOP('',(#4109,#4110,#4111,#4112));
#1705=AXIS2_PLACEMENT_3D('',#4113,#4114,#4115);
#1706=EDGE_LOOP('',(#4116,#4117,#4118,#4119));
#1707=AXIS2_PLACEMENT_3D('',#4120,#4121,#4122);
#1708=EDGE_LOOP('',(#4123,#4124,#4125,#4126));
#1709=AXIS2_PLACEMENT_3D('',#4127,#4128,#4129);
#1710=EDGE_LOOP('',(#4130,#4131,#4132,#4133));
#1711=AXIS2_PLACEMENT_3D('',#4134,#4135,#4136);
#1712=EDGE_LOOP('',(#4137,#4138,#4139,#4140,#4141));
#1713=AXIS2_PLACEMENT_3D('',#4142,#4143,#4144);
#1714=EDGE_LOOP('',(#4145,#4146,#4147,#4148));
#1715=AXIS2_PLACEMENT_3D('',#4149,#4150,#4151);
#1716=EDGE_LOOP('',(#4152,#4153,#4154,#4155,#4156));
#1717=AXIS2_PLACEMENT_3D('',#4157,#4158,#4159);
#1718=EDGE_LOOP('',(#4160,#4161,#4162,#4163));
#1719=EDGE_LOOP('',(#4164,#4165));
#1720=AXIS2_PLACEMENT_3D('',#4166,#4167,#4168);
#1721=EDGE_LOOP('',(#4169,#4170,#4171,#4172));
#1722=EDGE_LOOP('',(#4173,#4174,#4175,#4176));
#1723=AXIS2_PLACEMENT_3D('',#4177,#4178,#4179);
#1724=EDGE_LOOP('',(#4180,#4181,#4182,#4183,#4184));
#1725=AXIS2_PLACEMENT_3D('',#4185,#4186,#4187);
#1726=EDGE_LOOP('',(#4188,#4189,#4190,#4191,#4192,#4193,#4194,#4195));
#1727=AXIS2_PLACEMENT_3D('',#4196,#4197,#4198);
#1728=EDGE_LOOP('',(#4199,#4200,#4201,#4202,#4203));
#1729=AXIS2_PLACEMENT_3D('',#4204,#4205,#4206);
#1730=EDGE_LOOP('',(#4207,#4208,#4209,#4210));
#1731=AXIS2_PLACEMENT_3D('',#4211,#4212,#4213);
#1732=EDGE_LOOP('',(#4214,#4215,#4216,#4217));
#1733=AXIS2_PLACEMENT_3D('',#4218,#4219,#4220);
#1734=EDGE_LOOP('',(#4221,#4222,#4223,#4224,#4225));
#1735=AXIS2_PLACEMENT_3D('',#4226,#4227,#4228);
#1736=EDGE_LOOP('',(#4229,#4230,#4231,#4232));
#1737=AXIS2_PLACEMENT_3D('',#4233,#4234,#4235);
#1738=EDGE_LOOP('',(#4236,#4237,#4238,#4239,#4240));
#1739=AXIS2_PLACEMENT_3D('',#4241,#4242,#4243);
#1740=EDGE_LOOP('',(#4244,#4245,#4246,#4247,#4248,#4249,#4250,#4251));
#1741=AXIS2_PLACEMENT_3D('',#4252,#4253,#4254);
#1742=EDGE_LOOP('',(#4255,#4256,#4257,#4258));
#1743=AXIS2_PLACEMENT_3D('',#4259,#4260,#4261);
#1744=EDGE_LOOP('',(#4262,#4263,#4264,#4265));
#1745=AXIS2_PLACEMENT_3D('',#4266,#4267,#4268);
#1746=EDGE_LOOP('',(#4269,#4270,#4271,#4272));
#1747=AXIS2_PLACEMENT_3D('',#4273,#4274,#4275);
#1748=EDGE_LOOP('',(#4276,#4277,#4278,#4279));
#1749=AXIS2_PLACEMENT_3D('',#4280,#4281,#4282);
#1750=EDGE_LOOP('',(#4283,#4284,#4285,#4286,#4287));
#1751=AXIS2_PLACEMENT_3D('',#4288,#4289,#4290);
#1752=EDGE_LOOP('',(#4291,#4292,#4293,#4294));
#1753=AXIS2_PLACEMENT_3D('',#4295,#4296,#4297);
#1754=EDGE_LOOP('',(#4298,#4299,#4300,#4301,#4302));
#1755=AXIS2_PLACEMENT_3D('',#4303,#4304,#4305);
#1756=EDGE_LOOP('',(#4306,#4307,#4308,#4309));
#1757=EDGE_LOOP('',(#4310,#4311));
#1758=AXIS2_PLACEMENT_3D('',#4312,#4313,#4314);
#1759=EDGE_LOOP('',(#4315,#4316,#4317,#4318));
#1760=EDGE_LOOP('',(#4319,#4320,#4321,#4322));
#1761=AXIS2_PLACEMENT_3D('',#4323,#4324,#4325);
#1762=EDGE_LOOP('',(#4326,#4327,#4328,#4329,#4330));
#1763=AXIS2_PLACEMENT_3D('',#4331,#4332,#4333);
#1764=EDGE_LOOP('',(#4334,#4335,#4336,#4337,#4338,#4339,#4340,#4341));
#1765=AXIS2_PLACEMENT_3D('',#4342,#4343,#4344);
#1766=EDGE_LOOP('',(#4345,#4346,#4347,#4348,#4349));
#1767=AXIS2_PLACEMENT_3D('',#4350,#4351,#4352);
#1768=EDGE_LOOP('',(#4353,#4354,#4355,#4356,#4357,#4358,#4359,#4360,#4361,#4362,#4363,#4364,#4365,#4366,#4367,#4368));
#1769=AXIS2_PLACEMENT_3D('',#4369,#4370,#4371);
#1770=EDGE_LOOP('',(#4372,#4373,#4374,#4375));
#1771=AXIS2_PLACEMENT_3D('',#4376,#4377,#4378);
#1772=EDGE_LOOP('',(#4379,#4380,#4381,#4382));
#1773=AXIS2_PLACEMENT_3D('',#4383,#4384,#4385);
#1774=EDGE_LOOP('',(#4386,#4387,#4388,#4389));
#1775=AXIS2_PLACEMENT_3D('',#4390,#4391,#4392);
#1776=EDGE_LOOP('',(#4393,#4394,#4395,#4396));
#1777=AXIS2_PLACEMENT_3D('',#4397,#4398,#4399);
#1778=EDGE_LOOP('',(#4400,#4401,#4402,#4403));
#1779=AXIS2_PLACEMENT_3D('',#4404,#4405,#4406);
#1780=EDGE_LOOP('',(#4407,#4408,#4409,#4410));
#1781=AXIS2_PLACEMENT_3D('',#4411,#4412,#4413);
#1782=EDGE_LOOP('',(#4414,#4415,#4416,#4417));
#1783=AXIS2_PLACEMENT_3D('',#4418,#4419,#4420);
#1784=EDGE_LOOP('',(#4421,#4422,#4423,#4424));
#1785=AXIS2_PLACEMENT_3D('',#4425,#4426,#4427);
#1786=EDGE_LOOP('',(#4428,#4429,#4430,#4431));
#1787=AXIS2_PLACEMENT_3D('',#4432,#4433,#4434);
#1788=EDGE_LOOP('',(#4435,#4436,#4437,#4438));
#1789=AXIS2_PLACEMENT_3D('',#4439,#4440,#4441);
#1790=EDGE_LOOP('',(#4442,#4443,#4444,#4445));
#1791=AXIS2_PLACEMENT_3D('',#4446,#4447,#4448);
#1792=EDGE_LOOP('',(#4449,#4450,#4451,#4452));
#1793=AXIS2_PLACEMENT_3D('',#4453,#4454,#4455);
#1794=EDGE_LOOP('',(#4456,#4457,#4458,#4459));
#1795=AXIS2_PLACEMENT_3D('',#4460,#4461,#4462);
#1796=EDGE_LOOP('',(#4463,#4464,#4465,#4466));
#1797=AXIS2_PLACEMENT_3D('',#4467,#4468,#4469);
#1798=EDGE_LOOP('',(#4470,#4471,#4472,#4473));
#1799=AXIS2_PLACEMENT_3D('',#4474,#4475,#4476);
#1800=EDGE_LOOP('',(#4477,#4478,#4479,#4480));
#1801=AXIS2_PLACEMENT_3D('',#4481,#4482,#4483);
#1802=ORIENTED_EDGE('',*,*,#4484,.F.);
#1803=ORIENTED_EDGE('',*,*,#4485,.F.);
#1804=ORIENTED_EDGE('',*,*,#4486,.F.);
#1805=ORIENTED_EDGE('',*,*,#4487,.T.);
#1806=CARTESIAN_POINT('',(-0.0249999999999998,-0.3,-4.34166114790045));
#1807=DIRECTION('',(1.6680033422854E-16,0.0,1.0));
#1808=DIRECTION('',(1.0,0.0,-1.6680033422854E-16));
#1809=ORIENTED_EDGE('',*,*,#4488,.F.);
#1810=ORIENTED_EDGE('',*,*,#4489,.F.);
#1811=ORIENTED_EDGE('',*,*,#4490,.F.);
#1812=ORIENTED_EDGE('',*,*,#4491,.F.);
#1813=CARTESIAN_POINT('',(-0.0249999999999987,-0.3,1.95));
#1814=DIRECTION('',(1.66800334228539E-16,-0.0,1.0));
#1815=DIRECTION('',(1.0,0.0,-1.66800334228539E-16));
#1816=ORIENTED_EDGE('',*,*,#4488,.T.);
#1817=ORIENTED_EDGE('',*,*,#4487,.F.);
#1818=ORIENTED_EDGE('',*,*,#4490,.T.);
#1819=ORIENTED_EDGE('',*,*,#4492,.F.);
#1820=CARTESIAN_POINT('',(-0.0249999999999987,-0.3,1.95));
#1821=DIRECTION('',(1.66800334228539E-16,-0.0,1.0));
#1822=DIRECTION('',(1.0,0.0,-1.66800334228539E-16));
#1823=ORIENTED_EDGE('',*,*,#4484,.T.);
#1824=ORIENTED_EDGE('',*,*,#4491,.T.);
#1825=ORIENTED_EDGE('',*,*,#4486,.T.);
#1826=ORIENTED_EDGE('',*,*,#4493,.F.);
#1827=CARTESIAN_POINT('',(-0.0249999999999998,-0.3,-4.34166114790045));
#1828=DIRECTION('',(1.6680033422854E-16,0.0,1.0));
#1829=DIRECTION('',(1.0,0.0,-1.6680033422854E-16));
#1830=ORIENTED_EDGE('',*,*,#4494,.F.);
#1831=ORIENTED_EDGE('',*,*,#4495,.F.);
#1832=ORIENTED_EDGE('',*,*,#4496,.T.);
#1833=ORIENTED_EDGE('',*,*,#4497,.T.);
#1834=ORIENTED_EDGE('',*,*,#4492,.T.);
#1835=ORIENTED_EDGE('',*,*,#4489,.T.);
#1836=CARTESIAN_POINT('',(-1.325,-2.275,1.95));
#1837=DIRECTION('',(1.66800334228539E-16,0.0,1.0));
#1838=DIRECTION('',(1.0,0.0,-1.66800334228539E-16));
#1839=ORIENTED_EDGE('',*,*,#4498,.T.);
#1840=ORIENTED_EDGE('',*,*,#4499,.F.);
#1841=ORIENTED_EDGE('',*,*,#4500,.F.);
#1842=ORIENTED_EDGE('',*,*,#4501,.F.);
#1843=ORIENTED_EDGE('',*,*,#4485,.T.);
#1844=ORIENTED_EDGE('',*,*,#4493,.T.);
#1845=CARTESIAN_POINT('',(-0.824999999999999,4.01666114790045,0.5));
#1846=DIRECTION('',(0.0,0.0,-1.0));
#1847=DIRECTION('',(0.0,-1.0,0.0));
#1848=ORIENTED_EDGE('',*,*,#4502,.F.);
#1849=ORIENTED_EDGE('',*,*,#4503,.F.);
#1850=ORIENTED_EDGE('',*,*,#4504,.T.);
#1851=ORIENTED_EDGE('',*,*,#4495,.T.);
#1852=CARTESIAN_POINT('',(-1.325,-2.275,-2.2));
#1853=DIRECTION('',(-1.0,0.0,-1.0450141421547E-16));
#1854=DIRECTION('',(-1.0450141421547E-16,0.0,1.0));
#1855=ORIENTED_EDGE('',*,*,#4505,.F.);
#1856=ORIENTED_EDGE('',*,*,#4506,.F.);
#1857=ORIENTED_EDGE('',*,*,#4507,.T.);
#1858=ORIENTED_EDGE('',*,*,#4503,.T.);
#1859=CARTESIAN_POINT('',(1.275,-2.275,-2.2));
#1860=DIRECTION('',(1.66800334228539E-16,0.0,-1.0));
#1861=DIRECTION('',(0.0,-1.0,0.0));
#1862=ORIENTED_EDGE('',*,*,#4508,.F.);
#1863=ORIENTED_EDGE('',*,*,#4497,.F.);
#1864=ORIENTED_EDGE('',*,*,#4509,.T.);
#1865=ORIENTED_EDGE('',*,*,#4506,.T.);
#1866=CARTESIAN_POINT('',(1.275,-2.275,1.95));
#1867=DIRECTION('',(1.0,0.0,1.0450141421547E-16));
#1868=DIRECTION('',(-1.0450141421547E-16,0.0,1.0));
#1869=ORIENTED_EDGE('',*,*,#4508,.T.);
#1870=ORIENTED_EDGE('',*,*,#4505,.T.);
#1871=ORIENTED_EDGE('',*,*,#4502,.T.);
#1872=ORIENTED_EDGE('',*,*,#4494,.T.);
#1873=ORIENTED_EDGE('',*,*,#4501,.T.);
#1874=ORIENTED_EDGE('',*,*,#4510,.T.);
#1875=ORIENTED_EDGE('',*,*,#4511,.T.);
#1876=ORIENTED_EDGE('',*,*,#4512,.T.);
#1877=CARTESIAN_POINT('',(-0.024999999999999,1.675,-0.125));
#1878=DIRECTION('',(-0.0,1.0,0.0));
#1879=DIRECTION('',(1.0,0.0,0.0));
#1880=ORIENTED_EDGE('',*,*,#4509,.F.);
#1881=ORIENTED_EDGE('',*,*,#4496,.F.);
#1882=ORIENTED_EDGE('',*,*,#4504,.F.);
#1883=ORIENTED_EDGE('',*,*,#4507,.F.);
#1884=ORIENTED_EDGE('',*,*,#4513,.T.);
#1885=ORIENTED_EDGE('',*,*,#4499,.T.);
#1886=ORIENTED_EDGE('',*,*,#4514,.T.);
#1887=ORIENTED_EDGE('',*,*,#4515,.T.);
#1888=CARTESIAN_POINT('',(-0.024999999999999,-2.275,-0.125));
#1889=DIRECTION('',(-0.0,1.0,0.0));
#1890=DIRECTION('',(1.0,0.0,0.0));
#1891=ORIENTED_EDGE('',*,*,#4500,.T.);
#1892=ORIENTED_EDGE('',*,*,#4513,.F.);
#1893=ORIENTED_EDGE('',*,*,#4516,.F.);
#1894=ORIENTED_EDGE('',*,*,#4510,.F.);
#1895=CARTESIAN_POINT('',(-0.824999999999999,4.01666114790045,-1.6));
#1896=DIRECTION('',(1.0,0.0,0.0));
#1897=DIRECTION('',(0.0,1.0,0.0));
#1898=ORIENTED_EDGE('',*,*,#4517,.T.);
#1899=ORIENTED_EDGE('',*,*,#4514,.F.);
#1900=ORIENTED_EDGE('',*,*,#4498,.F.);
#1901=ORIENTED_EDGE('',*,*,#4512,.F.);
#1902=CARTESIAN_POINT('',(0.775000000000001,4.01666114790045,0.5));
#1903=DIRECTION('',(-1.0,0.0,0.0));
#1904=DIRECTION('',(0.0,0.0,1.0));
#1905=ORIENTED_EDGE('',*,*,#4516,.T.);
#1906=ORIENTED_EDGE('',*,*,#4515,.F.);
#1907=ORIENTED_EDGE('',*,*,#4517,.F.);
#1908=ORIENTED_EDGE('',*,*,#4511,.F.);
#1909=CARTESIAN_POINT('',(0.775000000000001,4.01666114790045,-1.6));
#1910=DIRECTION('',(0.0,0.0,1.0));
#1911=DIRECTION('',(1.0,0.0,0.0));
#1912=ORIENTED_EDGE('',*,*,#4518,.F.);
#1913=ORIENTED_EDGE('',*,*,#4519,.F.);
#1914=ORIENTED_EDGE('',*,*,#4520,.F.);
#1915=ORIENTED_EDGE('',*,*,#4521,.T.);
#1916=CARTESIAN_POINT('',(-3.525,-0.3,-4.34166114790045));
#1917=DIRECTION('',(1.6680033422854E-16,0.0,1.0));
#1918=DIRECTION('',(1.0,0.0,-1.6680033422854E-16));
#1919=ORIENTED_EDGE('',*,*,#4522,.F.);
#1920=ORIENTED_EDGE('',*,*,#4523,.F.);
#1921=ORIENTED_EDGE('',*,*,#4524,.F.);
#1922=ORIENTED_EDGE('',*,*,#4525,.F.);
#1923=CARTESIAN_POINT('',(-3.525,-0.3,1.95));
#1924=DIRECTION('',(1.66800334228539E-16,-0.0,1.0));
#1925=DIRECTION('',(1.0,0.0,-1.66800334228539E-16));
#1926=ORIENTED_EDGE('',*,*,#4522,.T.);
#1927=ORIENTED_EDGE('',*,*,#4521,.F.);
#1928=ORIENTED_EDGE('',*,*,#4524,.T.);
#1929=ORIENTED_EDGE('',*,*,#4526,.F.);
#1930=CARTESIAN_POINT('',(-3.525,-0.3,1.95));
#1931=DIRECTION('',(1.66800334228539E-16,-0.0,1.0));
#1932=DIRECTION('',(1.0,0.0,-1.66800334228539E-16));
#1933=ORIENTED_EDGE('',*,*,#4518,.T.);
#1934=ORIENTED_EDGE('',*,*,#4525,.T.);
#1935=ORIENTED_EDGE('',*,*,#4520,.T.);
#1936=ORIENTED_EDGE('',*,*,#4527,.F.);
#1937=CARTESIAN_POINT('',(-3.525,-0.3,-4.34166114790045));
#1938=DIRECTION('',(1.6680033422854E-16,0.0,1.0));
#1939=DIRECTION('',(1.0,0.0,-1.6680033422854E-16));
#1940=ORIENTED_EDGE('',*,*,#4528,.F.);
#1941=ORIENTED_EDGE('',*,*,#4529,.F.);
#1942=ORIENTED_EDGE('',*,*,#4530,.T.);
#1943=ORIENTED_EDGE('',*,*,#4531,.T.);
#1944=ORIENTED_EDGE('',*,*,#4526,.T.);
#1945=ORIENTED_EDGE('',*,*,#4523,.T.);
#1946=CARTESIAN_POINT('',(-4.825,-2.275,1.95));
#1947=DIRECTION('',(1.66800334228539E-16,0.0,1.0));
#1948=DIRECTION('',(1.0,0.0,-1.66800334228539E-16));
#1949=ORIENTED_EDGE('',*,*,#4532,.T.);
#1950=ORIENTED_EDGE('',*,*,#4533,.F.);
#1951=ORIENTED_EDGE('',*,*,#4534,.F.);
#1952=ORIENTED_EDGE('',*,*,#4535,.F.);
#1953=ORIENTED_EDGE('',*,*,#4519,.T.);
#1954=ORIENTED_EDGE('',*,*,#4527,.T.);
#1955=CARTESIAN_POINT('',(-4.325,4.01666114790045,0.5));
#1956=DIRECTION('',(0.0,0.0,-1.0));
#1957=DIRECTION('',(0.0,-1.0,0.0));
#1958=ORIENTED_EDGE('',*,*,#4536,.F.);
#1959=ORIENTED_EDGE('',*,*,#4537,.F.);
#1960=ORIENTED_EDGE('',*,*,#4538,.T.);
#1961=ORIENTED_EDGE('',*,*,#4529,.T.);
#1962=CARTESIAN_POINT('',(-4.825,-2.275,-2.2));
#1963=DIRECTION('',(-1.0,0.0,-1.0450141421547E-16));
#1964=DIRECTION('',(-1.0450141421547E-16,0.0,1.0));
#1965=ORIENTED_EDGE('',*,*,#4539,.F.);
#1966=ORIENTED_EDGE('',*,*,#4540,.F.);
#1967=ORIENTED_EDGE('',*,*,#4541,.T.);
#1968=ORIENTED_EDGE('',*,*,#4537,.T.);
#1969=CARTESIAN_POINT('',(-2.225,-2.275,-2.2));
#1970=DIRECTION('',(1.66800334228539E-16,0.0,-1.0));
#1971=DIRECTION('',(0.0,-1.0,0.0));
#1972=ORIENTED_EDGE('',*,*,#4542,.F.);
#1973=ORIENTED_EDGE('',*,*,#4531,.F.);
#1974=ORIENTED_EDGE('',*,*,#4543,.T.);
#1975=ORIENTED_EDGE('',*,*,#4540,.T.);
#1976=CARTESIAN_POINT('',(-2.225,-2.275,1.95));
#1977=DIRECTION('',(1.0,0.0,1.0450141421547E-16));
#1978=DIRECTION('',(-1.0450141421547E-16,0.0,1.0));
#1979=ORIENTED_EDGE('',*,*,#4542,.T.);
#1980=ORIENTED_EDGE('',*,*,#4539,.T.);
#1981=ORIENTED_EDGE('',*,*,#4536,.T.);
#1982=ORIENTED_EDGE('',*,*,#4528,.T.);
#1983=ORIENTED_EDGE('',*,*,#4535,.T.);
#1984=ORIENTED_EDGE('',*,*,#4544,.T.);
#1985=ORIENTED_EDGE('',*,*,#4545,.T.);
#1986=ORIENTED_EDGE('',*,*,#4546,.T.);
#1987=CARTESIAN_POINT('',(-3.525,1.675,-0.125));
#1988=DIRECTION('',(-0.0,1.0,0.0));
#1989=DIRECTION('',(1.0,0.0,0.0));
#1990=ORIENTED_EDGE('',*,*,#4543,.F.);
#1991=ORIENTED_EDGE('',*,*,#4530,.F.);
#1992=ORIENTED_EDGE('',*,*,#4538,.F.);
#1993=ORIENTED_EDGE('',*,*,#4541,.F.);
#1994=ORIENTED_EDGE('',*,*,#4547,.T.);
#1995=ORIENTED_EDGE('',*,*,#4533,.T.);
#1996=ORIENTED_EDGE('',*,*,#4548,.T.);
#1997=ORIENTED_EDGE('',*,*,#4549,.T.);
#1998=CARTESIAN_POINT('',(-3.525,-2.275,-0.125));
#1999=DIRECTION('',(-0.0,1.0,0.0));
#2000=DIRECTION('',(1.0,0.0,0.0));
#2001=ORIENTED_EDGE('',*,*,#4534,.T.);
#2002=ORIENTED_EDGE('',*,*,#4547,.F.);
#2003=ORIENTED_EDGE('',*,*,#4550,.F.);
#2004=ORIENTED_EDGE('',*,*,#4544,.F.);
#2005=CARTESIAN_POINT('',(-4.325,4.01666114790045,-1.6));
#2006=DIRECTION('',(1.0,0.0,0.0));
#2007=DIRECTION('',(0.0,1.0,0.0));
#2008=ORIENTED_EDGE('',*,*,#4551,.T.);
#2009=ORIENTED_EDGE('',*,*,#4548,.F.);
#2010=ORIENTED_EDGE('',*,*,#4532,.F.);
#2011=ORIENTED_EDGE('',*,*,#4546,.F.);
#2012=CARTESIAN_POINT('',(-2.725,4.01666114790045,0.5));
#2013=DIRECTION('',(-1.0,0.0,0.0));
#2014=DIRECTION('',(0.0,0.0,1.0));
#2015=ORIENTED_EDGE('',*,*,#4550,.T.);
#2016=ORIENTED_EDGE('',*,*,#4549,.F.);
#2017=ORIENTED_EDGE('',*,*,#4551,.F.);
#2018=ORIENTED_EDGE('',*,*,#4545,.F.);
#2019=CARTESIAN_POINT('',(-2.725,4.01666114790045,-1.6));
#2020=DIRECTION('',(0.0,0.0,1.0));
#2021=DIRECTION('',(1.0,0.0,0.0));
#2022=ORIENTED_EDGE('',*,*,#4552,.F.);
#2023=ORIENTED_EDGE('',*,*,#4553,.F.);
#2024=ORIENTED_EDGE('',*,*,#4554,.F.);
#2025=ORIENTED_EDGE('',*,*,#4555,.T.);
#2026=CARTESIAN_POINT('',(3.475,-0.3,-4.34166114790045));
#2027=DIRECTION('',(1.6680033422854E-16,0.0,1.0));
#2028=DIRECTION('',(1.0,0.0,-1.6680033422854E-16));
#2029=ORIENTED_EDGE('',*,*,#4556,.F.);
#2030=ORIENTED_EDGE('',*,*,#4557,.F.);
#2031=ORIENTED_EDGE('',*,*,#4558,.F.);
#2032=ORIENTED_EDGE('',*,*,#4559,.F.);
#2033=CARTESIAN_POINT('',(3.475,-0.3,1.95));
#2034=DIRECTION('',(1.66800334228539E-16,-0.0,1.0));
#2035=DIRECTION('',(1.0,0.0,-1.66800334228539E-16));
#2036=ORIENTED_EDGE('',*,*,#4556,.T.);
#2037=ORIENTED_EDGE('',*,*,#4555,.F.);
#2038=ORIENTED_EDGE('',*,*,#4558,.T.);
#2039=ORIENTED_EDGE('',*,*,#4560,.F.);
#2040=CARTESIAN_POINT('',(3.475,-0.3,1.95));
#2041=DIRECTION('',(1.66800334228539E-16,-0.0,1.0));
#2042=DIRECTION('',(1.0,0.0,-1.66800334228539E-16));
#2043=ORIENTED_EDGE('',*,*,#4552,.T.);
#2044=ORIENTED_EDGE('',*,*,#4559,.T.);
#2045=ORIENTED_EDGE('',*,*,#4554,.T.);
#2046=ORIENTED_EDGE('',*,*,#4561,.F.);
#2047=CARTESIAN_POINT('',(3.475,-0.3,-4.34166114790045));
#2048=DIRECTION('',(1.6680033422854E-16,0.0,1.0));
#2049=DIRECTION('',(1.0,0.0,-1.6680033422854E-16));
#2050=ORIENTED_EDGE('',*,*,#4562,.F.);
#2051=ORIENTED_EDGE('',*,*,#4563,.F.);
#2052=ORIENTED_EDGE('',*,*,#4564,.T.);
#2053=ORIENTED_EDGE('',*,*,#4565,.T.);
#2054=ORIENTED_EDGE('',*,*,#4560,.T.);
#2055=ORIENTED_EDGE('',*,*,#4557,.T.);
#2056=CARTESIAN_POINT('',(2.175,-2.275,1.95));
#2057=DIRECTION('',(1.66800334228539E-16,0.0,1.0));
#2058=DIRECTION('',(1.0,0.0,-1.66800334228539E-16));
#2059=ORIENTED_EDGE('',*,*,#4566,.T.);
#2060=ORIENTED_EDGE('',*,*,#4567,.F.);
#2061=ORIENTED_EDGE('',*,*,#4568,.F.);
#2062=ORIENTED_EDGE('',*,*,#4569,.F.);
#2063=ORIENTED_EDGE('',*,*,#4553,.T.);
#2064=ORIENTED_EDGE('',*,*,#4561,.T.);
#2065=CARTESIAN_POINT('',(2.675,4.01666114790045,0.5));
#2066=DIRECTION('',(0.0,0.0,-1.0));
#2067=DIRECTION('',(0.0,-1.0,0.0));
#2068=ORIENTED_EDGE('',*,*,#4570,.F.);
#2069=ORIENTED_EDGE('',*,*,#4571,.F.);
#2070=ORIENTED_EDGE('',*,*,#4572,.T.);
#2071=ORIENTED_EDGE('',*,*,#4563,.T.);
#2072=CARTESIAN_POINT('',(2.175,-2.275,-2.2));
#2073=DIRECTION('',(-1.0,0.0,-1.0450141421547E-16));
#2074=DIRECTION('',(-1.0450141421547E-16,0.0,1.0));
#2075=ORIENTED_EDGE('',*,*,#4573,.F.);
#2076=ORIENTED_EDGE('',*,*,#4574,.F.);
#2077=ORIENTED_EDGE('',*,*,#4575,.T.);
#2078=ORIENTED_EDGE('',*,*,#4571,.T.);
#2079=CARTESIAN_POINT('',(4.775,-2.275,-2.2));
#2080=DIRECTION('',(1.66800334228539E-16,0.0,-1.0));
#2081=DIRECTION('',(0.0,-1.0,0.0));
#2082=ORIENTED_EDGE('',*,*,#4576,.F.);
#2083=ORIENTED_EDGE('',*,*,#4565,.F.);
#2084=ORIENTED_EDGE('',*,*,#4577,.T.);
#2085=ORIENTED_EDGE('',*,*,#4574,.T.);
#2086=CARTESIAN_POINT('',(4.775,-2.275,1.95));
#2087=DIRECTION('',(1.0,0.0,1.0450141421547E-16));
#2088=DIRECTION('',(-1.0450141421547E-16,0.0,1.0));
#2089=ORIENTED_EDGE('',*,*,#4576,.T.);
#2090=ORIENTED_EDGE('',*,*,#4573,.T.);
#2091=ORIENTED_EDGE('',*,*,#4570,.T.);
#2092=ORIENTED_EDGE('',*,*,#4562,.T.);
#2093=ORIENTED_EDGE('',*,*,#4569,.T.);
#2094=ORIENTED_EDGE('',*,*,#4578,.T.);
#2095=ORIENTED_EDGE('',*,*,#4579,.T.);
#2096=ORIENTED_EDGE('',*,*,#4580,.T.);
#2097=CARTESIAN_POINT('',(3.475,1.675,-0.125));
#2098=DIRECTION('',(-0.0,1.0,0.0));
#2099=DIRECTION('',(1.0,0.0,0.0));
#2100=ORIENTED_EDGE('',*,*,#4577,.F.);
#2101=ORIENTED_EDGE('',*,*,#4564,.F.);
#2102=ORIENTED_EDGE('',*,*,#4572,.F.);
#2103=ORIENTED_EDGE('',*,*,#4575,.F.);
#2104=ORIENTED_EDGE('',*,*,#4581,.T.);
#2105=ORIENTED_EDGE('',*,*,#4567,.T.);
#2106=ORIENTED_EDGE('',*,*,#4582,.T.);
#2107=ORIENTED_EDGE('',*,*,#4583,.T.);
#2108=CARTESIAN_POINT('',(3.475,-2.275,-0.125));
#2109=DIRECTION('',(-0.0,1.0,0.0));
#2110=DIRECTION('',(1.0,0.0,0.0));
#2111=ORIENTED_EDGE('',*,*,#4568,.T.);
#2112=ORIENTED_EDGE('',*,*,#4581,.F.);
#2113=ORIENTED_EDGE('',*,*,#4584,.F.);
#2114=ORIENTED_EDGE('',*,*,#4578,.F.);
#2115=CARTESIAN_POINT('',(2.675,4.01666114790045,-1.6));
#2116=DIRECTION('',(1.0,0.0,0.0));
#2117=DIRECTION('',(0.0,1.0,0.0));
#2118=ORIENTED_EDGE('',*,*,#4585,.T.);
#2119=ORIENTED_EDGE('',*,*,#4582,.F.);
#2120=ORIENTED_EDGE('',*,*,#4566,.F.);
#2121=ORIENTED_EDGE('',*,*,#4580,.F.);
#2122=CARTESIAN_POINT('',(4.275,4.01666114790045,0.5));
#2123=DIRECTION('',(-1.0,0.0,0.0));
#2124=DIRECTION('',(0.0,0.0,1.0));
#2125=ORIENTED_EDGE('',*,*,#4584,.T.);
#2126=ORIENTED_EDGE('',*,*,#4583,.F.);
#2127=ORIENTED_EDGE('',*,*,#4585,.F.);
#2128=ORIENTED_EDGE('',*,*,#4579,.F.);
#2129=CARTESIAN_POINT('',(4.275,4.01666114790045,-1.6));
#2130=DIRECTION('',(0.0,0.0,1.0));
#2131=DIRECTION('',(1.0,0.0,0.0));
#2132=ORIENTED_EDGE('',*,*,#4586,.F.);
#2133=ORIENTED_EDGE('',*,*,#4587,.F.);
#2134=ORIENTED_EDGE('',*,*,#4588,.F.);
#2135=ORIENTED_EDGE('',*,*,#4589,.F.);
#2136=CARTESIAN_POINT('',(0.825,-6.0883350521906,-0.250000000000001));
#2137=DIRECTION('',(5.49870302411016E-17,-1.0,-4.20501775866413E-16));
#2138=DIRECTION('',(4.44089209850063E-16,4.20501775866413E-16,-1.0));
#2139=ORIENTED_EDGE('',*,*,#4590,.F.);
#2140=ORIENTED_EDGE('',*,*,#4591,.F.);
#2141=ORIENTED_EDGE('',*,*,#4592,.F.);
#2142=ORIENTED_EDGE('',*,*,#4593,.F.);
#2143=CARTESIAN_POINT('',(-0.625000000000004,1.05,5.94095583067804));
#2144=DIRECTION('',(5.71642406613063E-16,6.45495006910471E-16,-1.0));
#2145=DIRECTION('',(-5.49870302411017E-17,1.0,6.45495006910471E-16));
#2146=ORIENTED_EDGE('',*,*,#4594,.F.);
#2147=ORIENTED_EDGE('',*,*,#4595,.F.);
#2148=ORIENTED_EDGE('',*,*,#4596,.F.);
#2149=ORIENTED_EDGE('',*,*,#4597,.F.);
#2150=CARTESIAN_POINT('',(-0.775000000000001,-6.0883350521906,-0.250000000000002));
#2151=DIRECTION('',(5.49870302411016E-17,-1.0,-4.20501775866413E-16));
#2152=DIRECTION('',(4.44089209850063E-16,4.20501775866413E-16,-1.0));
#2153=ORIENTED_EDGE('',*,*,#4598,.T.);
#2154=ORIENTED_EDGE('',*,*,#4590,.T.);
#2155=ORIENTED_EDGE('',*,*,#4599,.T.);
#2156=ORIENTED_EDGE('',*,*,#4600,.T.);
#2157=ORIENTED_EDGE('',*,*,#4601,.T.);
#2158=ORIENTED_EDGE('',*,*,#4602,.T.);
#2159=ORIENTED_EDGE('',*,*,#4603,.T.);
#2160=ORIENTED_EDGE('',*,*,#4604,.T.);
#2161=ORIENTED_EDGE('',*,*,#4605,.T.);
#2162=ORIENTED_EDGE('',*,*,#4606,.T.);
#2163=ORIENTED_EDGE('',*,*,#4607,.F.);
#2164=ORIENTED_EDGE('',*,*,#4608,.F.);
#2165=CARTESIAN_POINT('',(-0.975,2.29,-2.4));
#2166=DIRECTION('',(-4.44089209850063E-16,-5.93759045474236E-16,1.0));
#2167=DIRECTION('',(5.49870302411017E-17,-1.0,-5.93759045474236E-16));
#2168=ORIENTED_EDGE('',*,*,#4602,.F.);
#2169=ORIENTED_EDGE('',*,*,#4609,.T.);
#2170=ORIENTED_EDGE('',*,*,#4610,.T.);
#2171=ORIENTED_EDGE('',*,*,#4611,.F.);
#2172=CARTESIAN_POINT('',(-0.974999999999999,0.459999999999997,-3.41));
#2173=DIRECTION('',(1.0,5.49870302411013E-17,4.44089209850063E-16));
#2174=DIRECTION('',(5.49870302411014E-17,-1.0,-2.38282923347841E-16));
#2175=ORIENTED_EDGE('',*,*,#4612,.T.);
#2176=ORIENTED_EDGE('',*,*,#4613,.T.);
#2177=ORIENTED_EDGE('',*,*,#4614,.T.);
#2178=ORIENTED_EDGE('',*,*,#4615,.T.);
#2179=ORIENTED_EDGE('',*,*,#4616,.F.);
#2180=ORIENTED_EDGE('',*,*,#4610,.F.);
#2181=CARTESIAN_POINT('',(-0.974999999999999,-0.550000000000002,-3.41));
#2182=DIRECTION('',(5.49870302411015E-17,-1.0,-2.38282923347841E-16));
#2183=DIRECTION('',(-4.44089209850063E-16,-2.38282923347841E-16,1.0));
#2184=ORIENTED_EDGE('',*,*,#4617,.F.);
#2185=ORIENTED_EDGE('',*,*,#4618,.T.);
#2186=ORIENTED_EDGE('',*,*,#4619,.F.);
#2187=ORIENTED_EDGE('',*,*,#4620,.T.);
#2188=ORIENTED_EDGE('',*,*,#4621,.T.);
#2189=ORIENTED_EDGE('',*,*,#4622,.T.);
#2190=CARTESIAN_POINT('',(-0.974999999999999,-0.0500000000000025,-3.41));
#2191=DIRECTION('',(5.49870302411015E-17,-1.0,-2.38282923347841E-16));
#2192=DIRECTION('',(-4.44089209850063E-16,-2.38282923347841E-16,1.0));
#2193=ORIENTED_EDGE('',*,*,#4623,.F.);
#2194=ORIENTED_EDGE('',*,*,#4624,.T.);
#2195=ORIENTED_EDGE('',*,*,#4625,.T.);
#2196=ORIENTED_EDGE('',*,*,#4620,.F.);
#2197=CARTESIAN_POINT('',(-0.974999999999999,0.459999999999997,-3.41));
#2198=DIRECTION('',(1.0,5.49870302411013E-17,4.44089209850063E-16));
#2199=DIRECTION('',(5.49870302411014E-17,-1.0,-2.38282923347841E-16));
#2200=ORIENTED_EDGE('',*,*,#4626,.T.);
#2201=ORIENTED_EDGE('',*,*,#4592,.T.);
#2202=ORIENTED_EDGE('',*,*,#4627,.T.);
#2203=ORIENTED_EDGE('',*,*,#4628,.T.);
#2204=ORIENTED_EDGE('',*,*,#4629,.F.);
#2205=ORIENTED_EDGE('',*,*,#4630,.T.);
#2206=ORIENTED_EDGE('',*,*,#4631,.T.);
#2207=ORIENTED_EDGE('',*,*,#4632,.T.);
#2208=ORIENTED_EDGE('',*,*,#4633,.T.);
#2209=ORIENTED_EDGE('',*,*,#4624,.F.);
#2210=ORIENTED_EDGE('',*,*,#4634,.T.);
#2211=ORIENTED_EDGE('',*,*,#4635,.T.);
#2212=CARTESIAN_POINT('',(-0.975,2.29,-2.9));
#2213=DIRECTION('',(-4.44089209850063E-16,-5.93759045474236E-16,1.0));
#2214=DIRECTION('',(5.49870302411017E-17,-1.0,-5.93759045474236E-16));
#2215=ORIENTED_EDGE('',*,*,#4636,.F.);
#2216=ORIENTED_EDGE('',*,*,#4637,.T.);
#2217=ORIENTED_EDGE('',*,*,#4638,.T.);
#2218=ORIENTED_EDGE('',*,*,#4628,.F.);
#2219=CARTESIAN_POINT('',(-0.975,2.29,-2.39));
#2220=DIRECTION('',(1.0,5.49870302411013E-17,4.44089209850063E-16));
#2221=DIRECTION('',(5.49870302411014E-17,-1.0,-2.38282923347841E-16));
#2222=ORIENTED_EDGE('',*,*,#4639,.T.);
#2223=ORIENTED_EDGE('',*,*,#4640,.T.);
#2224=ORIENTED_EDGE('',*,*,#4641,.F.);
#2225=ORIENTED_EDGE('',*,*,#4642,.T.);
#2226=ORIENTED_EDGE('',*,*,#4596,.T.);
#2227=ORIENTED_EDGE('',*,*,#4643,.T.);
#2228=ORIENTED_EDGE('',*,*,#4644,.T.);
#2229=ORIENTED_EDGE('',*,*,#4645,.F.);
#2230=ORIENTED_EDGE('',*,*,#4588,.T.);
#2231=ORIENTED_EDGE('',*,*,#4646,.F.);
#2232=ORIENTED_EDGE('',*,*,#4647,.T.);
#2233=ORIENTED_EDGE('',*,*,#4648,.F.);
#2234=ORIENTED_EDGE('',*,*,#4649,.F.);
#2235=ORIENTED_EDGE('',*,*,#4637,.F.);
#2236=CARTESIAN_POINT('',(-0.975000000000001,2.8,-0.00999999999999979));
#2237=DIRECTION('',(5.49870302411016E-17,-1.0,-4.20501775866413E-16));
#2238=DIRECTION('',(-1.0,-5.49870302411014E-17,-4.44089209850063E-16));
#2239=ORIENTED_EDGE('',*,*,#4650,.F.);
#2240=ORIENTED_EDGE('',*,*,#4651,.T.);
#2241=ORIENTED_EDGE('',*,*,#4652,.T.);
#2242=ORIENTED_EDGE('',*,*,#4644,.F.);
#2243=CARTESIAN_POINT('',(-0.975000000000001,2.29,-0.01));
#2244=DIRECTION('',(1.0,5.49870302411013E-17,4.44089209850063E-16));
#2245=DIRECTION('',(5.49870302411014E-17,-1.0,-2.38282923347841E-16));
#2246=ORIENTED_EDGE('',*,*,#4653,.F.);
#2247=ORIENTED_EDGE('',*,*,#4654,.T.);
#2248=ORIENTED_EDGE('',*,*,#4655,.T.);
#2249=ORIENTED_EDGE('',*,*,#4656,.T.);
#2250=ORIENTED_EDGE('',*,*,#4657,.T.);
#2251=ORIENTED_EDGE('',*,*,#4651,.F.);
#2252=CARTESIAN_POINT('',(-0.975000000000001,-2.0,0.499999999999999));
#2253=DIRECTION('',(4.44089209850063E-16,3.39374035001501E-16,-1.0));
#2254=DIRECTION('',(5.49870302411015E-17,-1.0,-3.39374035001501E-16));
#2255=ORIENTED_EDGE('',*,*,#4658,.T.);
#2256=ORIENTED_EDGE('',*,*,#4647,.F.);
#2257=ORIENTED_EDGE('',*,*,#4659,.F.);
#2258=ORIENTED_EDGE('',*,*,#4660,.T.);
#2259=CARTESIAN_POINT('',(1.025,-2.0,0.5));
#2260=DIRECTION('',(-1.0,-5.49870302411013E-17,-4.44089209850063E-16));
#2261=DIRECTION('',(-5.49870302411014E-17,1.0,2.38282923347841E-16));
#2262=ORIENTED_EDGE('',*,*,#4614,.F.);
#2263=ORIENTED_EDGE('',*,*,#4661,.T.);
#2264=ORIENTED_EDGE('',*,*,#4617,.T.);
#2265=ORIENTED_EDGE('',*,*,#4662,.T.);
#2266=CARTESIAN_POINT('',(-0.974999999999998,-0.0500000000000018,-6.65));
#2267=DIRECTION('',(4.44089209850063E-16,2.38282923347841E-16,-1.0));
#2268=DIRECTION('',(1.0,5.49870302411013E-17,4.44089209850063E-16));
#2269=ORIENTED_EDGE('',*,*,#4641,.T.);
#2270=ORIENTED_EDGE('',*,*,#4663,.F.);
#2271=ORIENTED_EDGE('',*,*,#4664,.F.);
#2272=ORIENTED_EDGE('',*,*,#4665,.T.);
#2273=CARTESIAN_POINT('',(-0.974999999999999,-0.0500000000000025,-3.41));
#2274=DIRECTION('',(-1.0,-5.49870302411013E-17,-4.44089209850063E-16));
#2275=DIRECTION('',(-5.49870302411014E-17,1.0,2.38282923347841E-16));
#2276=ORIENTED_EDGE('',*,*,#4655,.F.);
#2277=ORIENTED_EDGE('',*,*,#4666,.T.);
#2278=ORIENTED_EDGE('',*,*,#4667,.T.);
#2279=ORIENTED_EDGE('',*,*,#4668,.T.);
#2280=CARTESIAN_POINT('',(-0.975000000000001,-2.0,0.499999999999999));
#2281=DIRECTION('',(-5.49870302411015E-17,1.0,3.39374035001501E-16));
#2282=DIRECTION('',(-4.44089209850063E-16,-3.39374035001501E-16,1.0));
#2283=ORIENTED_EDGE('',*,*,#4613,.F.);
#2284=ORIENTED_EDGE('',*,*,#4669,.F.);
#2285=ORIENTED_EDGE('',*,*,#4618,.F.);
#2286=ORIENTED_EDGE('',*,*,#4661,.F.);
#2287=CARTESIAN_POINT('',(-0.174999999999998,-0.0500000000000017,-6.65));
#2288=DIRECTION('',(0.970142500145332,-4.44684275598426E-18,0.242535625036333));
#2289=DIRECTION('',(5.49870302411014E-17,-1.0,-2.38282923347841E-16));
#2290=ORIENTED_EDGE('',*,*,#4615,.F.);
#2291=ORIENTED_EDGE('',*,*,#4662,.F.);
#2292=ORIENTED_EDGE('',*,*,#4622,.F.);
#2293=ORIENTED_EDGE('',*,*,#4670,.F.);
#2294=CARTESIAN_POINT('',(0.475000000000002,-6.0883350521906,-5.65));
#2295=DIRECTION('',(0.970142500145332,1.11137352743322E-16,-0.242535625036333));
#2296=DIRECTION('',(5.49870302411014E-17,-1.0,-2.38282923347841E-16));
#2297=ORIENTED_EDGE('',*,*,#4654,.F.);
#2298=ORIENTED_EDGE('',*,*,#4671,.F.);
#2299=ORIENTED_EDGE('',*,*,#4672,.F.);
#2300=ORIENTED_EDGE('',*,*,#4666,.F.);
#2301=CARTESIAN_POINT('',(-0.575000000000001,-1.9,0.499999999999999));
#2302=DIRECTION('',(-5.71642406613064E-16,-3.39374035001501E-16,1.0));
#2303=DIRECTION('',(1.0,5.49870302411013E-17,5.71642406613064E-16));
#2304=ORIENTED_EDGE('',*,*,#4656,.F.);
#2305=ORIENTED_EDGE('',*,*,#4668,.F.);
#2306=ORIENTED_EDGE('',*,*,#4673,.F.);
#2307=ORIENTED_EDGE('',*,*,#4674,.F.);
#2308=CARTESIAN_POINT('',(0.624999999999999,-1.9,-0.35));
#2309=DIRECTION('',(3.16536013087062E-16,3.39374035001501E-16,-1.0));
#2310=DIRECTION('',(-1.0,-5.49870302411013E-17,-3.16536013087062E-16));
#2311=ORIENTED_EDGE('',*,*,#4600,.F.);
#2312=ORIENTED_EDGE('',*,*,#4675,.F.);
#2313=ORIENTED_EDGE('',*,*,#4635,.F.);
#2314=ORIENTED_EDGE('',*,*,#4676,.F.);
#2315=CARTESIAN_POINT('',(-0.524999999999998,0.849999999999998,-6.65));
#2316=DIRECTION('',(-5.01913325715957E-16,-6.45495006910471E-16,1.0));
#2317=DIRECTION('',(5.49870302411017E-17,-1.0,-6.45495006910471E-16));
#2318=ORIENTED_EDGE('',*,*,#4604,.F.);
#2319=ORIENTED_EDGE('',*,*,#4677,.F.);
#2320=ORIENTED_EDGE('',*,*,#4632,.F.);
#2321=ORIENTED_EDGE('',*,*,#4678,.F.);
#2322=CARTESIAN_POINT('',(0.574999999999996,0.849999999999995,5.94095583067804));
#2323=DIRECTION('',(3.86265093984169E-16,6.45495006910471E-16,-1.0));
#2324=DIRECTION('',(-5.49870302411017E-17,1.0,6.45495006910471E-16));
#2325=ORIENTED_EDGE('',*,*,#4606,.F.);
#2326=ORIENTED_EDGE('',*,*,#4679,.F.);
#2327=ORIENTED_EDGE('',*,*,#4630,.F.);
#2328=ORIENTED_EDGE('',*,*,#4680,.F.);
#2329=CARTESIAN_POINT('',(0.675,1.05,-2.9));
#2330=DIRECTION('',(-3.16536013087063E-16,-6.45495006910471E-16,1.0));
#2331=DIRECTION('',(5.49870302411017E-17,-1.0,-6.45495006910471E-16));
#2332=ORIENTED_EDGE('',*,*,#4599,.F.);
#2333=ORIENTED_EDGE('',*,*,#4593,.T.);
#2334=ORIENTED_EDGE('',*,*,#4626,.F.);
#2335=ORIENTED_EDGE('',*,*,#4675,.T.);
#2336=CARTESIAN_POINT('',(-0.425000000000004,0.949999999999995,5.94095583067804));
#2337=DIRECTION('',(5.49870302411017E-17,-1.0,-6.45495006910471E-16));
#2338=DIRECTION('',(-1.0,-5.49870302411014E-17,-4.44089209850063E-16));
#2339=ORIENTED_EDGE('',*,*,#4605,.F.);
#2340=ORIENTED_EDGE('',*,*,#4678,.T.);
#2341=ORIENTED_EDGE('',*,*,#4631,.F.);
#2342=ORIENTED_EDGE('',*,*,#4679,.T.);
#2343=CARTESIAN_POINT('',(0.774999999999996,0.949999999999995,5.94095583067804));
#2344=DIRECTION('',(5.49870302411017E-17,-1.0,-6.45495006910471E-16));
#2345=DIRECTION('',(-1.0,-5.49870302411014E-17,-4.44089209850063E-16));
#2346=ORIENTED_EDGE('',*,*,#4681,.F.);
#2347=ORIENTED_EDGE('',*,*,#4671,.T.);
#2348=ORIENTED_EDGE('',*,*,#4653,.T.);
#2349=ORIENTED_EDGE('',*,*,#4650,.T.);
#2350=ORIENTED_EDGE('',*,*,#4643,.F.);
#2351=ORIENTED_EDGE('',*,*,#4595,.T.);
#2352=ORIENTED_EDGE('',*,*,#4682,.F.);
#2353=ORIENTED_EDGE('',*,*,#4683,.F.);
#2354=CARTESIAN_POINT('',(-0.675,-6.0883350521906,-0.350000000000002));
#2355=DIRECTION('',(-1.0,-5.49870302411012E-17,-5.71642406613064E-16));
#2356=DIRECTION('',(-5.49870302411014E-17,1.0,2.38282923347841E-16));
#2357=ORIENTED_EDGE('',*,*,#4684,.F.);
#2358=ORIENTED_EDGE('',*,*,#4597,.T.);
#2359=ORIENTED_EDGE('',*,*,#4642,.F.);
#2360=ORIENTED_EDGE('',*,*,#4665,.F.);
#2361=CARTESIAN_POINT('',(-0.975,-6.0883350521906,-0.350000000000002));
#2362=DIRECTION('',(-4.44089209850063E-16,-4.20501775866413E-16,1.0));
#2363=DIRECTION('',(5.49870302411016E-17,-1.0,-4.20501775866413E-16));
#2364=ORIENTED_EDGE('',*,*,#4601,.F.);
#2365=ORIENTED_EDGE('',*,*,#4676,.T.);
#2366=ORIENTED_EDGE('',*,*,#4634,.F.);
#2367=ORIENTED_EDGE('',*,*,#4623,.T.);
#2368=ORIENTED_EDGE('',*,*,#4619,.T.);
#2369=ORIENTED_EDGE('',*,*,#4669,.T.);
#2370=ORIENTED_EDGE('',*,*,#4612,.F.);
#2371=ORIENTED_EDGE('',*,*,#4609,.F.);
#2372=CARTESIAN_POINT('',(-0.424999999999998,-6.0883350521906,-6.65));
#2373=DIRECTION('',(-1.0,-5.49870302411013E-17,-5.01913325715957E-16));
#2374=DIRECTION('',(-5.49870302411014E-17,1.0,2.38282923347841E-16));
#2375=ORIENTED_EDGE('',*,*,#4657,.F.);
#2376=ORIENTED_EDGE('',*,*,#4674,.T.);
#2377=ORIENTED_EDGE('',*,*,#4685,.T.);
#2378=ORIENTED_EDGE('',*,*,#4686,.T.);
#2379=ORIENTED_EDGE('',*,*,#4687,.T.);
#2380=ORIENTED_EDGE('',*,*,#4589,.T.);
#2381=ORIENTED_EDGE('',*,*,#4645,.T.);
#2382=ORIENTED_EDGE('',*,*,#4652,.F.);
#2383=CARTESIAN_POINT('',(0.725,-6.0883350521906,-0.350000000000001));
#2384=DIRECTION('',(-1.0,-5.49870302411014E-17,-3.16536013087062E-16));
#2385=DIRECTION('',(3.16536013087062E-16,2.38282923347841E-16,-1.0));
#2386=ORIENTED_EDGE('',*,*,#4646,.T.);
#2387=ORIENTED_EDGE('',*,*,#4587,.T.);
#2388=ORIENTED_EDGE('',*,*,#4688,.T.);
#2389=ORIENTED_EDGE('',*,*,#4659,.T.);
#2390=CARTESIAN_POINT('',(1.025,-6.0883350521906,-0.350000000000001));
#2391=DIRECTION('',(4.44089209850063E-16,4.20501775866413E-16,-1.0));
#2392=DIRECTION('',(5.49870302411016E-17,-1.0,-4.20501775866413E-16));
#2393=ORIENTED_EDGE('',*,*,#4633,.F.);
#2394=ORIENTED_EDGE('',*,*,#4677,.T.);
#2395=ORIENTED_EDGE('',*,*,#4603,.F.);
#2396=ORIENTED_EDGE('',*,*,#4611,.T.);
#2397=ORIENTED_EDGE('',*,*,#4616,.T.);
#2398=ORIENTED_EDGE('',*,*,#4670,.T.);
#2399=ORIENTED_EDGE('',*,*,#4621,.F.);
#2400=ORIENTED_EDGE('',*,*,#4625,.F.);
#2401=CARTESIAN_POINT('',(0.475000000000002,-6.0883350521906,-6.65));
#2402=DIRECTION('',(-1.0,-5.49870302411013E-17,-3.86265093984169E-16));
#2403=DIRECTION('',(3.86265093984169E-16,2.38282923347841E-16,-1.0));
#2404=ORIENTED_EDGE('',*,*,#4689,.T.);
#2405=ORIENTED_EDGE('',*,*,#4690,.T.);
#2406=ORIENTED_EDGE('',*,*,#4691,.T.);
#2407=ORIENTED_EDGE('',*,*,#4692,.F.);
#2408=ORIENTED_EDGE('',*,*,#4693,.F.);
#2409=ORIENTED_EDGE('',*,*,#4660,.F.);
#2410=ORIENTED_EDGE('',*,*,#4688,.F.);
#2411=ORIENTED_EDGE('',*,*,#4586,.T.);
#2412=ORIENTED_EDGE('',*,*,#4687,.F.);
#2413=ORIENTED_EDGE('',*,*,#4694,.F.);
#2414=ORIENTED_EDGE('',*,*,#4682,.T.);
#2415=ORIENTED_EDGE('',*,*,#4594,.T.);
#2416=ORIENTED_EDGE('',*,*,#4684,.T.);
#2417=ORIENTED_EDGE('',*,*,#4664,.T.);
#2418=CARTESIAN_POINT('',(-0.975000000000001,2.3,-0.01));
#2419=DIRECTION('',(5.49870302411016E-17,-1.0,-4.20501775866413E-16));
#2420=DIRECTION('',(-1.0,-5.49870302411014E-17,-4.44089209850063E-16));
#2421=ORIENTED_EDGE('',*,*,#4667,.F.);
#2422=ORIENTED_EDGE('',*,*,#4672,.T.);
#2423=ORIENTED_EDGE('',*,*,#4681,.T.);
#2424=ORIENTED_EDGE('',*,*,#4695,.T.);
#2425=ORIENTED_EDGE('',*,*,#4685,.F.);
#2426=ORIENTED_EDGE('',*,*,#4673,.T.);
#2427=CARTESIAN_POINT('',(-0.975000000000001,-2.0,-8.88178419700125E-16));
#2428=DIRECTION('',(4.44089209850063E-16,3.39374035001501E-16,-1.0));
#2429=DIRECTION('',(5.49870302411015E-17,-1.0,-3.39374035001501E-16));
#2430=ORIENTED_EDGE('',*,*,#4607,.T.);
#2431=ORIENTED_EDGE('',*,*,#4680,.T.);
#2432=ORIENTED_EDGE('',*,*,#4629,.T.);
#2433=ORIENTED_EDGE('',*,*,#4638,.F.);
#2434=ORIENTED_EDGE('',*,*,#4649,.T.);
#2435=ORIENTED_EDGE('',*,*,#4696,.F.);
#2436=ORIENTED_EDGE('',*,*,#4692,.T.);
#2437=ORIENTED_EDGE('',*,*,#4697,.T.);
#2438=CARTESIAN_POINT('',(0.775000000000001,-6.0883350521906,-2.9));
#2439=DIRECTION('',(-1.0,-5.49870302411014E-17,-3.16536013087063E-16));
#2440=DIRECTION('',(3.16536013087063E-16,2.38282923347841E-16,-1.0));
#2441=ORIENTED_EDGE('',*,*,#4627,.F.);
#2442=ORIENTED_EDGE('',*,*,#4591,.T.);
#2443=ORIENTED_EDGE('',*,*,#4598,.F.);
#2444=ORIENTED_EDGE('',*,*,#4698,.F.);
#2445=ORIENTED_EDGE('',*,*,#4690,.F.);
#2446=ORIENTED_EDGE('',*,*,#4699,.T.);
#2447=ORIENTED_EDGE('',*,*,#4639,.F.);
#2448=ORIENTED_EDGE('',*,*,#4636,.T.);
#2449=CARTESIAN_POINT('',(-0.724999999999999,-6.0883350521906,-2.9));
#2450=DIRECTION('',(-1.0,-5.49870302411012E-17,-5.71642406613063E-16));
#2451=DIRECTION('',(-5.49870302411014E-17,1.0,2.38282923347841E-16));
#2452=ORIENTED_EDGE('',*,*,#4663,.T.);
#2453=ORIENTED_EDGE('',*,*,#4640,.F.);
#2454=ORIENTED_EDGE('',*,*,#4699,.F.);
#2455=ORIENTED_EDGE('',*,*,#4689,.F.);
#2456=CARTESIAN_POINT('',(-0.725,-6.0883350521906,-2.05));
#2457=DIRECTION('',(2.17881268582687E-15,4.20501775866413E-16,-1.0));
#2458=DIRECTION('',(1.0,5.49870302411009E-17,2.17881268582687E-15));
#2459=ORIENTED_EDGE('',*,*,#4693,.T.);
#2460=ORIENTED_EDGE('',*,*,#4696,.T.);
#2461=ORIENTED_EDGE('',*,*,#4648,.T.);
#2462=ORIENTED_EDGE('',*,*,#4658,.F.);
#2463=CARTESIAN_POINT('',(0.775,-6.0883350521906,-2.05));
#2464=DIRECTION('',(1.29063426612675E-15,-4.20501775866413E-16,1.0));
#2465=DIRECTION('',(5.49870302411016E-17,-1.0,-4.20501775866413E-16));
#2466=ORIENTED_EDGE('',*,*,#4691,.F.);
#2467=ORIENTED_EDGE('',*,*,#4698,.T.);
#2468=ORIENTED_EDGE('',*,*,#4608,.T.);
#2469=ORIENTED_EDGE('',*,*,#4697,.F.);
#2470=CARTESIAN_POINT('',(-0.975,2.29,-2.39));
#2471=DIRECTION('',(1.0,5.49870302411013E-17,4.44089209850063E-16));
#2472=DIRECTION('',(5.49870302411014E-17,-1.0,-2.38282923347841E-16));
#2473=ORIENTED_EDGE('',*,*,#4695,.F.);
#2474=ORIENTED_EDGE('',*,*,#4683,.T.);
#2475=ORIENTED_EDGE('',*,*,#4694,.T.);
#2476=ORIENTED_EDGE('',*,*,#4686,.F.);
#2477=CARTESIAN_POINT('',(-0.975000000000001,2.29,-0.01));
#2478=DIRECTION('',(1.0,5.49870302411013E-17,4.44089209850063E-16));
#2479=DIRECTION('',(5.49870302411014E-17,-1.0,-2.38282923347841E-16));
#2480=ORIENTED_EDGE('',*,*,#4700,.F.);
#2481=ORIENTED_EDGE('',*,*,#4701,.F.);
#2482=ORIENTED_EDGE('',*,*,#4702,.F.);
#2483=ORIENTED_EDGE('',*,*,#4703,.F.);
#2484=CARTESIAN_POINT('',(-2.675,-6.0883350521906,-0.250000000000001));
#2485=DIRECTION('',(5.49870302411016E-17,-1.0,-4.20501775866413E-16));
#2486=DIRECTION('',(4.44089209850063E-16,4.20501775866413E-16,-1.0));
#2487=ORIENTED_EDGE('',*,*,#4704,.F.);
#2488=ORIENTED_EDGE('',*,*,#4705,.F.);
#2489=ORIENTED_EDGE('',*,*,#4706,.F.);
#2490=ORIENTED_EDGE('',*,*,#4707,.F.);
#2491=CARTESIAN_POINT('',(-4.125,1.05,5.94095583067804));
#2492=DIRECTION('',(5.71642406613063E-16,6.45495006910471E-16,-1.0));
#2493=DIRECTION('',(-5.49870302411017E-17,1.0,6.45495006910471E-16));
#2494=ORIENTED_EDGE('',*,*,#4708,.F.);
#2495=ORIENTED_EDGE('',*,*,#4709,.F.);
#2496=ORIENTED_EDGE('',*,*,#4710,.F.);
#2497=ORIENTED_EDGE('',*,*,#4711,.F.);
#2498=CARTESIAN_POINT('',(-4.275,-6.0883350521906,-0.250000000000002));
#2499=DIRECTION('',(5.49870302411016E-17,-1.0,-4.20501775866413E-16));
#2500=DIRECTION('',(4.44089209850063E-16,4.20501775866413E-16,-1.0));
#2501=ORIENTED_EDGE('',*,*,#4712,.T.);
#2502=ORIENTED_EDGE('',*,*,#4704,.T.);
#2503=ORIENTED_EDGE('',*,*,#4713,.T.);
#2504=ORIENTED_EDGE('',*,*,#4714,.T.);
#2505=ORIENTED_EDGE('',*,*,#4715,.T.);
#2506=ORIENTED_EDGE('',*,*,#4716,.T.);
#2507=ORIENTED_EDGE('',*,*,#4717,.T.);
#2508=ORIENTED_EDGE('',*,*,#4718,.T.);
#2509=ORIENTED_EDGE('',*,*,#4719,.T.);
#2510=ORIENTED_EDGE('',*,*,#4720,.T.);
#2511=ORIENTED_EDGE('',*,*,#4721,.F.);
#2512=ORIENTED_EDGE('',*,*,#4722,.F.);
#2513=CARTESIAN_POINT('',(-4.475,2.29,-2.4));
#2514=DIRECTION('',(-4.44089209850063E-16,-5.93759045474236E-16,1.0));
#2515=DIRECTION('',(5.49870302411017E-17,-1.0,-5.93759045474236E-16));
#2516=ORIENTED_EDGE('',*,*,#4716,.F.);
#2517=ORIENTED_EDGE('',*,*,#4723,.T.);
#2518=ORIENTED_EDGE('',*,*,#4724,.T.);
#2519=ORIENTED_EDGE('',*,*,#4725,.F.);
#2520=CARTESIAN_POINT('',(-4.475,0.459999999999997,-3.41));
#2521=DIRECTION('',(1.0,5.49870302411013E-17,4.44089209850063E-16));
#2522=DIRECTION('',(5.49870302411014E-17,-1.0,-2.38282923347841E-16));
#2523=ORIENTED_EDGE('',*,*,#4726,.T.);
#2524=ORIENTED_EDGE('',*,*,#4727,.T.);
#2525=ORIENTED_EDGE('',*,*,#4728,.T.);
#2526=ORIENTED_EDGE('',*,*,#4729,.T.);
#2527=ORIENTED_EDGE('',*,*,#4730,.F.);
#2528=ORIENTED_EDGE('',*,*,#4724,.F.);
#2529=CARTESIAN_POINT('',(-4.475,-0.550000000000002,-3.41));
#2530=DIRECTION('',(5.49870302411015E-17,-1.0,-2.38282923347841E-16));
#2531=DIRECTION('',(-4.44089209850063E-16,-2.38282923347841E-16,1.0));
#2532=ORIENTED_EDGE('',*,*,#4731,.F.);
#2533=ORIENTED_EDGE('',*,*,#4732,.T.);
#2534=ORIENTED_EDGE('',*,*,#4733,.F.);
#2535=ORIENTED_EDGE('',*,*,#4734,.T.);
#2536=ORIENTED_EDGE('',*,*,#4735,.T.);
#2537=ORIENTED_EDGE('',*,*,#4736,.T.);
#2538=CARTESIAN_POINT('',(-4.475,-0.0500000000000025,-3.41));
#2539=DIRECTION('',(5.49870302411015E-17,-1.0,-2.38282923347841E-16));
#2540=DIRECTION('',(-4.44089209850063E-16,-2.38282923347841E-16,1.0));
#2541=ORIENTED_EDGE('',*,*,#4737,.F.);
#2542=ORIENTED_EDGE('',*,*,#4738,.T.);
#2543=ORIENTED_EDGE('',*,*,#4739,.T.);
#2544=ORIENTED_EDGE('',*,*,#4734,.F.);
#2545=CARTESIAN_POINT('',(-4.475,0.459999999999997,-3.41));
#2546=DIRECTION('',(1.0,5.49870302411013E-17,4.44089209850063E-16));
#2547=DIRECTION('',(5.49870302411014E-17,-1.0,-2.38282923347841E-16));
#2548=ORIENTED_EDGE('',*,*,#4740,.T.);
#2549=ORIENTED_EDGE('',*,*,#4706,.T.);
#2550=ORIENTED_EDGE('',*,*,#4741,.T.);
#2551=ORIENTED_EDGE('',*,*,#4742,.T.);
#2552=ORIENTED_EDGE('',*,*,#4743,.F.);
#2553=ORIENTED_EDGE('',*,*,#4744,.T.);
#2554=ORIENTED_EDGE('',*,*,#4745,.T.);
#2555=ORIENTED_EDGE('',*,*,#4746,.T.);
#2556=ORIENTED_EDGE('',*,*,#4747,.T.);
#2557=ORIENTED_EDGE('',*,*,#4738,.F.);
#2558=ORIENTED_EDGE('',*,*,#4748,.T.);
#2559=ORIENTED_EDGE('',*,*,#4749,.T.);
#2560=CARTESIAN_POINT('',(-4.475,2.29,-2.9));
#2561=DIRECTION('',(-4.44089209850063E-16,-5.93759045474236E-16,1.0));
#2562=DIRECTION('',(5.49870302411017E-17,-1.0,-5.93759045474236E-16));
#2563=ORIENTED_EDGE('',*,*,#4750,.F.);
#2564=ORIENTED_EDGE('',*,*,#4751,.T.);
#2565=ORIENTED_EDGE('',*,*,#4752,.T.);
#2566=ORIENTED_EDGE('',*,*,#4742,.F.);
#2567=CARTESIAN_POINT('',(-4.475,2.29,-2.39));
#2568=DIRECTION('',(1.0,5.49870302411013E-17,4.44089209850063E-16));
#2569=DIRECTION('',(5.49870302411014E-17,-1.0,-2.38282923347841E-16));
#2570=ORIENTED_EDGE('',*,*,#4753,.T.);
#2571=ORIENTED_EDGE('',*,*,#4754,.T.);
#2572=ORIENTED_EDGE('',*,*,#4755,.F.);
#2573=ORIENTED_EDGE('',*,*,#4756,.T.);
#2574=ORIENTED_EDGE('',*,*,#4710,.T.);
#2575=ORIENTED_EDGE('',*,*,#4757,.T.);
#2576=ORIENTED_EDGE('',*,*,#4758,.T.);
#2577=ORIENTED_EDGE('',*,*,#4759,.F.);
#2578=ORIENTED_EDGE('',*,*,#4702,.T.);
#2579=ORIENTED_EDGE('',*,*,#4760,.F.);
#2580=ORIENTED_EDGE('',*,*,#4761,.T.);
#2581=ORIENTED_EDGE('',*,*,#4762,.F.);
#2582=ORIENTED_EDGE('',*,*,#4763,.F.);
#2583=ORIENTED_EDGE('',*,*,#4751,.F.);
#2584=CARTESIAN_POINT('',(-4.475,2.8,-0.00999999999999979));
#2585=DIRECTION('',(5.49870302411016E-17,-1.0,-4.20501775866413E-16));
#2586=DIRECTION('',(-1.0,-5.49870302411014E-17,-4.44089209850063E-16));
#2587=ORIENTED_EDGE('',*,*,#4764,.F.);
#2588=ORIENTED_EDGE('',*,*,#4765,.T.);
#2589=ORIENTED_EDGE('',*,*,#4766,.T.);
#2590=ORIENTED_EDGE('',*,*,#4758,.F.);
#2591=CARTESIAN_POINT('',(-4.475,2.29,-0.01));
#2592=DIRECTION('',(1.0,5.49870302411013E-17,4.44089209850063E-16));
#2593=DIRECTION('',(5.49870302411014E-17,-1.0,-2.38282923347841E-16));
#2594=ORIENTED_EDGE('',*,*,#4767,.F.);
#2595=ORIENTED_EDGE('',*,*,#4768,.T.);
#2596=ORIENTED_EDGE('',*,*,#4769,.T.);
#2597=ORIENTED_EDGE('',*,*,#4770,.T.);
#2598=ORIENTED_EDGE('',*,*,#4771,.T.);
#2599=ORIENTED_EDGE('',*,*,#4765,.F.);
#2600=CARTESIAN_POINT('',(-4.475,-2.0,0.499999999999999));
#2601=DIRECTION('',(4.44089209850063E-16,3.39374035001501E-16,-1.0));
#2602=DIRECTION('',(5.49870302411015E-17,-1.0,-3.39374035001501E-16));
#2603=ORIENTED_EDGE('',*,*,#4772,.T.);
#2604=ORIENTED_EDGE('',*,*,#4761,.F.);
#2605=ORIENTED_EDGE('',*,*,#4773,.F.);
#2606=ORIENTED_EDGE('',*,*,#4774,.T.);
#2607=CARTESIAN_POINT('',(-2.475,-2.0,0.5));
#2608=DIRECTION('',(-1.0,-5.49870302411013E-17,-4.44089209850063E-16));
#2609=DIRECTION('',(-5.49870302411014E-17,1.0,2.38282923347841E-16));
#2610=ORIENTED_EDGE('',*,*,#4728,.F.);
#2611=ORIENTED_EDGE('',*,*,#4775,.T.);
#2612=ORIENTED_EDGE('',*,*,#4731,.T.);
#2613=ORIENTED_EDGE('',*,*,#4776,.T.);
#2614=CARTESIAN_POINT('',(-4.475,-0.0500000000000018,-6.65));
#2615=DIRECTION('',(4.44089209850063E-16,2.38282923347841E-16,-1.0));
#2616=DIRECTION('',(1.0,5.49870302411013E-17,4.44089209850063E-16));
#2617=ORIENTED_EDGE('',*,*,#4755,.T.);
#2618=ORIENTED_EDGE('',*,*,#4777,.F.);
#2619=ORIENTED_EDGE('',*,*,#4778,.F.);
#2620=ORIENTED_EDGE('',*,*,#4779,.T.);
#2621=CARTESIAN_POINT('',(-4.475,-0.0500000000000025,-3.41));
#2622=DIRECTION('',(-1.0,-5.49870302411013E-17,-4.44089209850063E-16));
#2623=DIRECTION('',(-5.49870302411014E-17,1.0,2.38282923347841E-16));
#2624=ORIENTED_EDGE('',*,*,#4769,.F.);
#2625=ORIENTED_EDGE('',*,*,#4780,.T.);
#2626=ORIENTED_EDGE('',*,*,#4781,.T.);
#2627=ORIENTED_EDGE('',*,*,#4782,.T.);
#2628=CARTESIAN_POINT('',(-4.475,-2.0,0.499999999999999));
#2629=DIRECTION('',(-5.49870302411015E-17,1.0,3.39374035001501E-16));
#2630=DIRECTION('',(-4.44089209850063E-16,-3.39374035001501E-16,1.0));
#2631=ORIENTED_EDGE('',*,*,#4727,.F.);
#2632=ORIENTED_EDGE('',*,*,#4783,.F.);
#2633=ORIENTED_EDGE('',*,*,#4732,.F.);
#2634=ORIENTED_EDGE('',*,*,#4775,.F.);
#2635=CARTESIAN_POINT('',(-3.675,-0.0500000000000017,-6.65));
#2636=DIRECTION('',(0.970142500145332,-4.44684275598426E-18,0.242535625036333));
#2637=DIRECTION('',(5.49870302411014E-17,-1.0,-2.38282923347841E-16));
#2638=ORIENTED_EDGE('',*,*,#4729,.F.);
#2639=ORIENTED_EDGE('',*,*,#4776,.F.);
#2640=ORIENTED_EDGE('',*,*,#4736,.F.);
#2641=ORIENTED_EDGE('',*,*,#4784,.F.);
#2642=CARTESIAN_POINT('',(-3.025,-6.0883350521906,-5.65));
#2643=DIRECTION('',(0.970142500145332,1.11137352743322E-16,-0.242535625036333));
#2644=DIRECTION('',(5.49870302411014E-17,-1.0,-2.38282923347841E-16));
#2645=ORIENTED_EDGE('',*,*,#4768,.F.);
#2646=ORIENTED_EDGE('',*,*,#4785,.F.);
#2647=ORIENTED_EDGE('',*,*,#4786,.F.);
#2648=ORIENTED_EDGE('',*,*,#4780,.F.);
#2649=CARTESIAN_POINT('',(-4.075,-1.9,0.499999999999999));
#2650=DIRECTION('',(-5.71642406613064E-16,-3.39374035001501E-16,1.0));
#2651=DIRECTION('',(1.0,5.49870302411013E-17,5.71642406613064E-16));
#2652=ORIENTED_EDGE('',*,*,#4770,.F.);
#2653=ORIENTED_EDGE('',*,*,#4782,.F.);
#2654=ORIENTED_EDGE('',*,*,#4787,.F.);
#2655=ORIENTED_EDGE('',*,*,#4788,.F.);
#2656=CARTESIAN_POINT('',(-2.875,-1.9,-0.35));
#2657=DIRECTION('',(3.16536013087062E-16,3.39374035001501E-16,-1.0));
#2658=DIRECTION('',(-1.0,-5.49870302411013E-17,-3.16536013087062E-16));
#2659=ORIENTED_EDGE('',*,*,#4714,.F.);
#2660=ORIENTED_EDGE('',*,*,#4789,.F.);
#2661=ORIENTED_EDGE('',*,*,#4749,.F.);
#2662=ORIENTED_EDGE('',*,*,#4790,.F.);
#2663=CARTESIAN_POINT('',(-4.025,0.849999999999998,-6.65));
#2664=DIRECTION('',(-5.01913325715957E-16,-6.45495006910471E-16,1.0));
#2665=DIRECTION('',(5.49870302411017E-17,-1.0,-6.45495006910471E-16));
#2666=ORIENTED_EDGE('',*,*,#4718,.F.);
#2667=ORIENTED_EDGE('',*,*,#4791,.F.);
#2668=ORIENTED_EDGE('',*,*,#4746,.F.);
#2669=ORIENTED_EDGE('',*,*,#4792,.F.);
#2670=CARTESIAN_POINT('',(-2.925,0.849999999999995,5.94095583067804));
#2671=DIRECTION('',(3.86265093984169E-16,6.45495006910471E-16,-1.0));
#2672=DIRECTION('',(-5.49870302411017E-17,1.0,6.45495006910471E-16));
#2673=ORIENTED_EDGE('',*,*,#4720,.F.);
#2674=ORIENTED_EDGE('',*,*,#4793,.F.);
#2675=ORIENTED_EDGE('',*,*,#4744,.F.);
#2676=ORIENTED_EDGE('',*,*,#4794,.F.);
#2677=CARTESIAN_POINT('',(-2.825,1.05,-2.9));
#2678=DIRECTION('',(-3.16536013087063E-16,-6.45495006910471E-16,1.0));
#2679=DIRECTION('',(5.49870302411017E-17,-1.0,-6.45495006910471E-16));
#2680=ORIENTED_EDGE('',*,*,#4713,.F.);
#2681=ORIENTED_EDGE('',*,*,#4707,.T.);
#2682=ORIENTED_EDGE('',*,*,#4740,.F.);
#2683=ORIENTED_EDGE('',*,*,#4789,.T.);
#2684=CARTESIAN_POINT('',(-3.925,0.949999999999995,5.94095583067804));
#2685=DIRECTION('',(5.49870302411017E-17,-1.0,-6.45495006910471E-16));
#2686=DIRECTION('',(-1.0,-5.49870302411014E-17,-4.44089209850063E-16));
#2687=ORIENTED_EDGE('',*,*,#4719,.F.);
#2688=ORIENTED_EDGE('',*,*,#4792,.T.);
#2689=ORIENTED_EDGE('',*,*,#4745,.F.);
#2690=ORIENTED_EDGE('',*,*,#4793,.T.);
#2691=CARTESIAN_POINT('',(-2.725,0.949999999999995,5.94095583067804));
#2692=DIRECTION('',(5.49870302411017E-17,-1.0,-6.45495006910471E-16));
#2693=DIRECTION('',(-1.0,-5.49870302411014E-17,-4.44089209850063E-16));
#2694=ORIENTED_EDGE('',*,*,#4795,.F.);
#2695=ORIENTED_EDGE('',*,*,#4785,.T.);
#2696=ORIENTED_EDGE('',*,*,#4767,.T.);
#2697=ORIENTED_EDGE('',*,*,#4764,.T.);
#2698=ORIENTED_EDGE('',*,*,#4757,.F.);
#2699=ORIENTED_EDGE('',*,*,#4709,.T.);
#2700=ORIENTED_EDGE('',*,*,#4796,.F.);
#2701=ORIENTED_EDGE('',*,*,#4797,.F.);
#2702=CARTESIAN_POINT('',(-4.175,-6.0883350521906,-0.350000000000002));
#2703=DIRECTION('',(-1.0,-5.49870302411012E-17,-5.71642406613064E-16));
#2704=DIRECTION('',(-5.49870302411014E-17,1.0,2.38282923347841E-16));
#2705=ORIENTED_EDGE('',*,*,#4798,.F.);
#2706=ORIENTED_EDGE('',*,*,#4711,.T.);
#2707=ORIENTED_EDGE('',*,*,#4756,.F.);
#2708=ORIENTED_EDGE('',*,*,#4779,.F.);
#2709=CARTESIAN_POINT('',(-4.475,-6.0883350521906,-0.350000000000002));
#2710=DIRECTION('',(-4.44089209850063E-16,-4.20501775866413E-16,1.0));
#2711=DIRECTION('',(5.49870302411016E-17,-1.0,-4.20501775866413E-16));
#2712=ORIENTED_EDGE('',*,*,#4715,.F.);
#2713=ORIENTED_EDGE('',*,*,#4790,.T.);
#2714=ORIENTED_EDGE('',*,*,#4748,.F.);
#2715=ORIENTED_EDGE('',*,*,#4737,.T.);
#2716=ORIENTED_EDGE('',*,*,#4733,.T.);
#2717=ORIENTED_EDGE('',*,*,#4783,.T.);
#2718=ORIENTED_EDGE('',*,*,#4726,.F.);
#2719=ORIENTED_EDGE('',*,*,#4723,.F.);
#2720=CARTESIAN_POINT('',(-3.925,-6.0883350521906,-6.65));
#2721=DIRECTION('',(-1.0,-5.49870302411013E-17,-5.01913325715957E-16));
#2722=DIRECTION('',(-5.49870302411014E-17,1.0,2.38282923347841E-16));
#2723=ORIENTED_EDGE('',*,*,#4771,.F.);
#2724=ORIENTED_EDGE('',*,*,#4788,.T.);
#2725=ORIENTED_EDGE('',*,*,#4799,.T.);
#2726=ORIENTED_EDGE('',*,*,#4800,.T.);
#2727=ORIENTED_EDGE('',*,*,#4801,.T.);
#2728=ORIENTED_EDGE('',*,*,#4703,.T.);
#2729=ORIENTED_EDGE('',*,*,#4759,.T.);
#2730=ORIENTED_EDGE('',*,*,#4766,.F.);
#2731=CARTESIAN_POINT('',(-2.775,-6.0883350521906,-0.350000000000001));
#2732=DIRECTION('',(-1.0,-5.49870302411014E-17,-3.16536013087062E-16));
#2733=DIRECTION('',(3.16536013087062E-16,2.38282923347841E-16,-1.0));
#2734=ORIENTED_EDGE('',*,*,#4760,.T.);
#2735=ORIENTED_EDGE('',*,*,#4701,.T.);
#2736=ORIENTED_EDGE('',*,*,#4802,.T.);
#2737=ORIENTED_EDGE('',*,*,#4773,.T.);
#2738=CARTESIAN_POINT('',(-2.475,-6.0883350521906,-0.350000000000001));
#2739=DIRECTION('',(4.44089209850063E-16,4.20501775866413E-16,-1.0));
#2740=DIRECTION('',(5.49870302411016E-17,-1.0,-4.20501775866413E-16));
#2741=ORIENTED_EDGE('',*,*,#4747,.F.);
#2742=ORIENTED_EDGE('',*,*,#4791,.T.);
#2743=ORIENTED_EDGE('',*,*,#4717,.F.);
#2744=ORIENTED_EDGE('',*,*,#4725,.T.);
#2745=ORIENTED_EDGE('',*,*,#4730,.T.);
#2746=ORIENTED_EDGE('',*,*,#4784,.T.);
#2747=ORIENTED_EDGE('',*,*,#4735,.F.);
#2748=ORIENTED_EDGE('',*,*,#4739,.F.);
#2749=CARTESIAN_POINT('',(-3.025,-6.0883350521906,-6.65));
#2750=DIRECTION('',(-1.0,-5.49870302411013E-17,-3.86265093984169E-16));
#2751=DIRECTION('',(3.86265093984169E-16,2.38282923347841E-16,-1.0));
#2752=ORIENTED_EDGE('',*,*,#4803,.T.);
#2753=ORIENTED_EDGE('',*,*,#4804,.T.);
#2754=ORIENTED_EDGE('',*,*,#4805,.T.);
#2755=ORIENTED_EDGE('',*,*,#4806,.F.);
#2756=ORIENTED_EDGE('',*,*,#4807,.F.);
#2757=ORIENTED_EDGE('',*,*,#4774,.F.);
#2758=ORIENTED_EDGE('',*,*,#4802,.F.);
#2759=ORIENTED_EDGE('',*,*,#4700,.T.);
#2760=ORIENTED_EDGE('',*,*,#4801,.F.);
#2761=ORIENTED_EDGE('',*,*,#4808,.F.);
#2762=ORIENTED_EDGE('',*,*,#4796,.T.);
#2763=ORIENTED_EDGE('',*,*,#4708,.T.);
#2764=ORIENTED_EDGE('',*,*,#4798,.T.);
#2765=ORIENTED_EDGE('',*,*,#4778,.T.);
#2766=CARTESIAN_POINT('',(-4.475,2.3,-0.01));
#2767=DIRECTION('',(5.49870302411016E-17,-1.0,-4.20501775866413E-16));
#2768=DIRECTION('',(-1.0,-5.49870302411014E-17,-4.44089209850063E-16));
#2769=ORIENTED_EDGE('',*,*,#4781,.F.);
#2770=ORIENTED_EDGE('',*,*,#4786,.T.);
#2771=ORIENTED_EDGE('',*,*,#4795,.T.);
#2772=ORIENTED_EDGE('',*,*,#4809,.T.);
#2773=ORIENTED_EDGE('',*,*,#4799,.F.);
#2774=ORIENTED_EDGE('',*,*,#4787,.T.);
#2775=CARTESIAN_POINT('',(-4.475,-2.0,-8.88178419700125E-16));
#2776=DIRECTION('',(4.44089209850063E-16,3.39374035001501E-16,-1.0));
#2777=DIRECTION('',(5.49870302411015E-17,-1.0,-3.39374035001501E-16));
#2778=ORIENTED_EDGE('',*,*,#4721,.T.);
#2779=ORIENTED_EDGE('',*,*,#4794,.T.);
#2780=ORIENTED_EDGE('',*,*,#4743,.T.);
#2781=ORIENTED_EDGE('',*,*,#4752,.F.);
#2782=ORIENTED_EDGE('',*,*,#4763,.T.);
#2783=ORIENTED_EDGE('',*,*,#4810,.F.);
#2784=ORIENTED_EDGE('',*,*,#4806,.T.);
#2785=ORIENTED_EDGE('',*,*,#4811,.T.);
#2786=CARTESIAN_POINT('',(-2.725,-6.0883350521906,-2.9));
#2787=DIRECTION('',(-1.0,-5.49870302411014E-17,-3.16536013087063E-16));
#2788=DIRECTION('',(3.16536013087063E-16,2.38282923347841E-16,-1.0));
#2789=ORIENTED_EDGE('',*,*,#4741,.F.);
#2790=ORIENTED_EDGE('',*,*,#4705,.T.);
#2791=ORIENTED_EDGE('',*,*,#4712,.F.);
#2792=ORIENTED_EDGE('',*,*,#4812,.F.);
#2793=ORIENTED_EDGE('',*,*,#4804,.F.);
#2794=ORIENTED_EDGE('',*,*,#4813,.T.);
#2795=ORIENTED_EDGE('',*,*,#4753,.F.);
#2796=ORIENTED_EDGE('',*,*,#4750,.T.);
#2797=CARTESIAN_POINT('',(-4.225,-6.0883350521906,-2.9));
#2798=DIRECTION('',(-1.0,-5.49870302411012E-17,-5.71642406613063E-16));
#2799=DIRECTION('',(-5.49870302411014E-17,1.0,2.38282923347841E-16));
#2800=ORIENTED_EDGE('',*,*,#4777,.T.);
#2801=ORIENTED_EDGE('',*,*,#4754,.F.);
#2802=ORIENTED_EDGE('',*,*,#4813,.F.);
#2803=ORIENTED_EDGE('',*,*,#4803,.F.);
#2804=CARTESIAN_POINT('',(-4.225,-6.0883350521906,-2.05));
#2805=DIRECTION('',(2.17881268582687E-15,4.20501775866413E-16,-1.0));
#2806=DIRECTION('',(1.0,5.49870302411009E-17,2.17881268582687E-15));
#2807=ORIENTED_EDGE('',*,*,#4807,.T.);
#2808=ORIENTED_EDGE('',*,*,#4810,.T.);
#2809=ORIENTED_EDGE('',*,*,#4762,.T.);
#2810=ORIENTED_EDGE('',*,*,#4772,.F.);
#2811=CARTESIAN_POINT('',(-2.725,-6.0883350521906,-2.05));
#2812=DIRECTION('',(1.29063426612675E-15,-4.20501775866413E-16,1.0));
#2813=DIRECTION('',(5.49870302411016E-17,-1.0,-4.20501775866413E-16));
#2814=ORIENTED_EDGE('',*,*,#4805,.F.);
#2815=ORIENTED_EDGE('',*,*,#4812,.T.);
#2816=ORIENTED_EDGE('',*,*,#4722,.T.);
#2817=ORIENTED_EDGE('',*,*,#4811,.F.);
#2818=CARTESIAN_POINT('',(-4.475,2.29,-2.39));
#2819=DIRECTION('',(1.0,5.49870302411013E-17,4.44089209850063E-16));
#2820=DIRECTION('',(5.49870302411014E-17,-1.0,-2.38282923347841E-16));
#2821=ORIENTED_EDGE('',*,*,#4809,.F.);
#2822=ORIENTED_EDGE('',*,*,#4797,.T.);
#2823=ORIENTED_EDGE('',*,*,#4808,.T.);
#2824=ORIENTED_EDGE('',*,*,#4800,.F.);
#2825=CARTESIAN_POINT('',(-4.475,2.29,-0.01));
#2826=DIRECTION('',(1.0,5.49870302411013E-17,4.44089209850063E-16));
#2827=DIRECTION('',(5.49870302411014E-17,-1.0,-2.38282923347841E-16));
#2828=ORIENTED_EDGE('',*,*,#4814,.F.);
#2829=ORIENTED_EDGE('',*,*,#4815,.F.);
#2830=ORIENTED_EDGE('',*,*,#4816,.F.);
#2831=ORIENTED_EDGE('',*,*,#4817,.F.);
#2832=CARTESIAN_POINT('',(4.325,-6.0883350521906,-0.250000000000001));
#2833=DIRECTION('',(5.49870302411016E-17,-1.0,-4.20501775866413E-16));
#2834=DIRECTION('',(4.44089209850063E-16,4.20501775866413E-16,-1.0));
#2835=ORIENTED_EDGE('',*,*,#4818,.F.);
#2836=ORIENTED_EDGE('',*,*,#4819,.F.);
#2837=ORIENTED_EDGE('',*,*,#4820,.F.);
#2838=ORIENTED_EDGE('',*,*,#4821,.F.);
#2839=CARTESIAN_POINT('',(2.875,1.05,5.94095583067804));
#2840=DIRECTION('',(5.71642406613063E-16,6.45495006910471E-16,-1.0));
#2841=DIRECTION('',(-5.49870302411017E-17,1.0,6.45495006910471E-16));
#2842=ORIENTED_EDGE('',*,*,#4822,.F.);
#2843=ORIENTED_EDGE('',*,*,#4823,.F.);
#2844=ORIENTED_EDGE('',*,*,#4824,.F.);
#2845=ORIENTED_EDGE('',*,*,#4825,.F.);
#2846=CARTESIAN_POINT('',(2.725,-6.0883350521906,-0.250000000000002));
#2847=DIRECTION('',(5.49870302411016E-17,-1.0,-4.20501775866413E-16));
#2848=DIRECTION('',(4.44089209850063E-16,4.20501775866413E-16,-1.0));
#2849=ORIENTED_EDGE('',*,*,#4826,.T.);
#2850=ORIENTED_EDGE('',*,*,#4818,.T.);
#2851=ORIENTED_EDGE('',*,*,#4827,.T.);
#2852=ORIENTED_EDGE('',*,*,#4828,.T.);
#2853=ORIENTED_EDGE('',*,*,#4829,.T.);
#2854=ORIENTED_EDGE('',*,*,#4830,.T.);
#2855=ORIENTED_EDGE('',*,*,#4831,.T.);
#2856=ORIENTED_EDGE('',*,*,#4832,.T.);
#2857=ORIENTED_EDGE('',*,*,#4833,.T.);
#2858=ORIENTED_EDGE('',*,*,#4834,.T.);
#2859=ORIENTED_EDGE('',*,*,#4835,.F.);
#2860=ORIENTED_EDGE('',*,*,#4836,.F.);
#2861=CARTESIAN_POINT('',(2.525,2.29,-2.4));
#2862=DIRECTION('',(-4.44089209850063E-16,-5.93759045474236E-16,1.0));
#2863=DIRECTION('',(5.49870302411017E-17,-1.0,-5.93759045474236E-16));
#2864=ORIENTED_EDGE('',*,*,#4830,.F.);
#2865=ORIENTED_EDGE('',*,*,#4837,.T.);
#2866=ORIENTED_EDGE('',*,*,#4838,.T.);
#2867=ORIENTED_EDGE('',*,*,#4839,.F.);
#2868=CARTESIAN_POINT('',(2.525,0.459999999999997,-3.41));
#2869=DIRECTION('',(1.0,5.49870302411013E-17,4.44089209850063E-16));
#2870=DIRECTION('',(5.49870302411014E-17,-1.0,-2.38282923347841E-16));
#2871=ORIENTED_EDGE('',*,*,#4840,.T.);
#2872=ORIENTED_EDGE('',*,*,#4841,.T.);
#2873=ORIENTED_EDGE('',*,*,#4842,.T.);
#2874=ORIENTED_EDGE('',*,*,#4843,.T.);
#2875=ORIENTED_EDGE('',*,*,#4844,.F.);
#2876=ORIENTED_EDGE('',*,*,#4838,.F.);
#2877=CARTESIAN_POINT('',(2.525,-0.550000000000002,-3.41));
#2878=DIRECTION('',(5.49870302411015E-17,-1.0,-2.38282923347841E-16));
#2879=DIRECTION('',(-4.44089209850063E-16,-2.38282923347841E-16,1.0));
#2880=ORIENTED_EDGE('',*,*,#4845,.F.);
#2881=ORIENTED_EDGE('',*,*,#4846,.T.);
#2882=ORIENTED_EDGE('',*,*,#4847,.F.);
#2883=ORIENTED_EDGE('',*,*,#4848,.T.);
#2884=ORIENTED_EDGE('',*,*,#4849,.T.);
#2885=ORIENTED_EDGE('',*,*,#4850,.T.);
#2886=CARTESIAN_POINT('',(2.525,-0.0500000000000025,-3.41));
#2887=DIRECTION('',(5.49870302411015E-17,-1.0,-2.38282923347841E-16));
#2888=DIRECTION('',(-4.44089209850063E-16,-2.38282923347841E-16,1.0));
#2889=ORIENTED_EDGE('',*,*,#4851,.F.);
#2890=ORIENTED_EDGE('',*,*,#4852,.T.);
#2891=ORIENTED_EDGE('',*,*,#4853,.T.);
#2892=ORIENTED_EDGE('',*,*,#4848,.F.);
#2893=CARTESIAN_POINT('',(2.525,0.459999999999997,-3.41));
#2894=DIRECTION('',(1.0,5.49870302411013E-17,4.44089209850063E-16));
#2895=DIRECTION('',(5.49870302411014E-17,-1.0,-2.38282923347841E-16));
#2896=ORIENTED_EDGE('',*,*,#4854,.T.);
#2897=ORIENTED_EDGE('',*,*,#4820,.T.);
#2898=ORIENTED_EDGE('',*,*,#4855,.T.);
#2899=ORIENTED_EDGE('',*,*,#4856,.T.);
#2900=ORIENTED_EDGE('',*,*,#4857,.F.);
#2901=ORIENTED_EDGE('',*,*,#4858,.T.);
#2902=ORIENTED_EDGE('',*,*,#4859,.T.);
#2903=ORIENTED_EDGE('',*,*,#4860,.T.);
#2904=ORIENTED_EDGE('',*,*,#4861,.T.);
#2905=ORIENTED_EDGE('',*,*,#4852,.F.);
#2906=ORIENTED_EDGE('',*,*,#4862,.T.);
#2907=ORIENTED_EDGE('',*,*,#4863,.T.);
#2908=CARTESIAN_POINT('',(2.525,2.29,-2.9));
#2909=DIRECTION('',(-4.44089209850063E-16,-5.93759045474236E-16,1.0));
#2910=DIRECTION('',(5.49870302411017E-17,-1.0,-5.93759045474236E-16));
#2911=ORIENTED_EDGE('',*,*,#4864,.F.);
#2912=ORIENTED_EDGE('',*,*,#4865,.T.);
#2913=ORIENTED_EDGE('',*,*,#4866,.T.);
#2914=ORIENTED_EDGE('',*,*,#4856,.F.);
#2915=CARTESIAN_POINT('',(2.525,2.29,-2.39));
#2916=DIRECTION('',(1.0,5.49870302411013E-17,4.44089209850063E-16));
#2917=DIRECTION('',(5.49870302411014E-17,-1.0,-2.38282923347841E-16));
#2918=ORIENTED_EDGE('',*,*,#4867,.T.);
#2919=ORIENTED_EDGE('',*,*,#4868,.T.);
#2920=ORIENTED_EDGE('',*,*,#4869,.F.);
#2921=ORIENTED_EDGE('',*,*,#4870,.T.);
#2922=ORIENTED_EDGE('',*,*,#4824,.T.);
#2923=ORIENTED_EDGE('',*,*,#4871,.T.);
#2924=ORIENTED_EDGE('',*,*,#4872,.T.);
#2925=ORIENTED_EDGE('',*,*,#4873,.F.);
#2926=ORIENTED_EDGE('',*,*,#4816,.T.);
#2927=ORIENTED_EDGE('',*,*,#4874,.F.);
#2928=ORIENTED_EDGE('',*,*,#4875,.T.);
#2929=ORIENTED_EDGE('',*,*,#4876,.F.);
#2930=ORIENTED_EDGE('',*,*,#4877,.F.);
#2931=ORIENTED_EDGE('',*,*,#4865,.F.);
#2932=CARTESIAN_POINT('',(2.525,2.8,-0.00999999999999979));
#2933=DIRECTION('',(5.49870302411016E-17,-1.0,-4.20501775866413E-16));
#2934=DIRECTION('',(-1.0,-5.49870302411014E-17,-4.44089209850063E-16));
#2935=ORIENTED_EDGE('',*,*,#4878,.F.);
#2936=ORIENTED_EDGE('',*,*,#4879,.T.);
#2937=ORIENTED_EDGE('',*,*,#4880,.T.);
#2938=ORIENTED_EDGE('',*,*,#4872,.F.);
#2939=CARTESIAN_POINT('',(2.525,2.29,-0.01));
#2940=DIRECTION('',(1.0,5.49870302411013E-17,4.44089209850063E-16));
#2941=DIRECTION('',(5.49870302411014E-17,-1.0,-2.38282923347841E-16));
#2942=ORIENTED_EDGE('',*,*,#4881,.F.);
#2943=ORIENTED_EDGE('',*,*,#4882,.T.);
#2944=ORIENTED_EDGE('',*,*,#4883,.T.);
#2945=ORIENTED_EDGE('',*,*,#4884,.T.);
#2946=ORIENTED_EDGE('',*,*,#4885,.T.);
#2947=ORIENTED_EDGE('',*,*,#4879,.F.);
#2948=CARTESIAN_POINT('',(2.525,-2.0,0.499999999999999));
#2949=DIRECTION('',(4.44089209850063E-16,3.39374035001501E-16,-1.0));
#2950=DIRECTION('',(5.49870302411015E-17,-1.0,-3.39374035001501E-16));
#2951=ORIENTED_EDGE('',*,*,#4886,.T.);
#2952=ORIENTED_EDGE('',*,*,#4875,.F.);
#2953=ORIENTED_EDGE('',*,*,#4887,.F.);
#2954=ORIENTED_EDGE('',*,*,#4888,.T.);
#2955=CARTESIAN_POINT('',(4.525,-2.0,0.5));
#2956=DIRECTION('',(-1.0,-5.49870302411013E-17,-4.44089209850063E-16));
#2957=DIRECTION('',(-5.49870302411014E-17,1.0,2.38282923347841E-16));
#2958=ORIENTED_EDGE('',*,*,#4842,.F.);
#2959=ORIENTED_EDGE('',*,*,#4889,.T.);
#2960=ORIENTED_EDGE('',*,*,#4845,.T.);
#2961=ORIENTED_EDGE('',*,*,#4890,.T.);
#2962=CARTESIAN_POINT('',(2.525,-0.0500000000000018,-6.65));
#2963=DIRECTION('',(4.44089209850063E-16,2.38282923347841E-16,-1.0));
#2964=DIRECTION('',(1.0,5.49870302411013E-17,4.44089209850063E-16));
#2965=ORIENTED_EDGE('',*,*,#4869,.T.);
#2966=ORIENTED_EDGE('',*,*,#4891,.F.);
#2967=ORIENTED_EDGE('',*,*,#4892,.F.);
#2968=ORIENTED_EDGE('',*,*,#4893,.T.);
#2969=CARTESIAN_POINT('',(2.525,-0.0500000000000025,-3.41));
#2970=DIRECTION('',(-1.0,-5.49870302411013E-17,-4.44089209850063E-16));
#2971=DIRECTION('',(-5.49870302411014E-17,1.0,2.38282923347841E-16));
#2972=ORIENTED_EDGE('',*,*,#4883,.F.);
#2973=ORIENTED_EDGE('',*,*,#4894,.T.);
#2974=ORIENTED_EDGE('',*,*,#4895,.T.);
#2975=ORIENTED_EDGE('',*,*,#4896,.T.);
#2976=CARTESIAN_POINT('',(2.525,-2.0,0.499999999999999));
#2977=DIRECTION('',(-5.49870302411015E-17,1.0,3.39374035001501E-16));
#2978=DIRECTION('',(-4.44089209850063E-16,-3.39374035001501E-16,1.0));
#2979=ORIENTED_EDGE('',*,*,#4841,.F.);
#2980=ORIENTED_EDGE('',*,*,#4897,.F.);
#2981=ORIENTED_EDGE('',*,*,#4846,.F.);
#2982=ORIENTED_EDGE('',*,*,#4889,.F.);
#2983=CARTESIAN_POINT('',(3.325,-0.0500000000000017,-6.65));
#2984=DIRECTION('',(0.970142500145332,-4.44684275598426E-18,0.242535625036333));
#2985=DIRECTION('',(5.49870302411014E-17,-1.0,-2.38282923347841E-16));
#2986=ORIENTED_EDGE('',*,*,#4843,.F.);
#2987=ORIENTED_EDGE('',*,*,#4890,.F.);
#2988=ORIENTED_EDGE('',*,*,#4850,.F.);
#2989=ORIENTED_EDGE('',*,*,#4898,.F.);
#2990=CARTESIAN_POINT('',(3.975,-6.0883350521906,-5.65));
#2991=DIRECTION('',(0.970142500145332,1.11137352743322E-16,-0.242535625036333));
#2992=DIRECTION('',(5.49870302411014E-17,-1.0,-2.38282923347841E-16));
#2993=ORIENTED_EDGE('',*,*,#4882,.F.);
#2994=ORIENTED_EDGE('',*,*,#4899,.F.);
#2995=ORIENTED_EDGE('',*,*,#4900,.F.);
#2996=ORIENTED_EDGE('',*,*,#4894,.F.);
#2997=CARTESIAN_POINT('',(2.925,-1.9,0.499999999999999));
#2998=DIRECTION('',(-5.71642406613064E-16,-3.39374035001501E-16,1.0));
#2999=DIRECTION('',(1.0,5.49870302411013E-17,5.71642406613064E-16));
#3000=ORIENTED_EDGE('',*,*,#4884,.F.);
#3001=ORIENTED_EDGE('',*,*,#4896,.F.);
#3002=ORIENTED_EDGE('',*,*,#4901,.F.);
#3003=ORIENTED_EDGE('',*,*,#4902,.F.);
#3004=CARTESIAN_POINT('',(4.125,-1.9,-0.35));
#3005=DIRECTION('',(3.16536013087062E-16,3.39374035001501E-16,-1.0));
#3006=DIRECTION('',(-1.0,-5.49870302411013E-17,-3.16536013087062E-16));
#3007=ORIENTED_EDGE('',*,*,#4828,.F.);
#3008=ORIENTED_EDGE('',*,*,#4903,.F.);
#3009=ORIENTED_EDGE('',*,*,#4863,.F.);
#3010=ORIENTED_EDGE('',*,*,#4904,.F.);
#3011=CARTESIAN_POINT('',(2.975,0.849999999999998,-6.65));
#3012=DIRECTION('',(-5.01913325715957E-16,-6.45495006910471E-16,1.0));
#3013=DIRECTION('',(5.49870302411017E-17,-1.0,-6.45495006910471E-16));
#3014=ORIENTED_EDGE('',*,*,#4832,.F.);
#3015=ORIENTED_EDGE('',*,*,#4905,.F.);
#3016=ORIENTED_EDGE('',*,*,#4860,.F.);
#3017=ORIENTED_EDGE('',*,*,#4906,.F.);
#3018=CARTESIAN_POINT('',(4.075,0.849999999999995,5.94095583067804));
#3019=DIRECTION('',(3.86265093984169E-16,6.45495006910471E-16,-1.0));
#3020=DIRECTION('',(-5.49870302411017E-17,1.0,6.45495006910471E-16));
#3021=ORIENTED_EDGE('',*,*,#4834,.F.);
#3022=ORIENTED_EDGE('',*,*,#4907,.F.);
#3023=ORIENTED_EDGE('',*,*,#4858,.F.);
#3024=ORIENTED_EDGE('',*,*,#4908,.F.);
#3025=CARTESIAN_POINT('',(4.175,1.05,-2.9));
#3026=DIRECTION('',(-3.16536013087063E-16,-6.45495006910471E-16,1.0));
#3027=DIRECTION('',(5.49870302411017E-17,-1.0,-6.45495006910471E-16));
#3028=ORIENTED_EDGE('',*,*,#4827,.F.);
#3029=ORIENTED_EDGE('',*,*,#4821,.T.);
#3030=ORIENTED_EDGE('',*,*,#4854,.F.);
#3031=ORIENTED_EDGE('',*,*,#4903,.T.);
#3032=CARTESIAN_POINT('',(3.075,0.949999999999995,5.94095583067804));
#3033=DIRECTION('',(5.49870302411017E-17,-1.0,-6.45495006910471E-16));
#3034=DIRECTION('',(-1.0,-5.49870302411014E-17,-4.44089209850063E-16));
#3035=ORIENTED_EDGE('',*,*,#4833,.F.);
#3036=ORIENTED_EDGE('',*,*,#4906,.T.);
#3037=ORIENTED_EDGE('',*,*,#4859,.F.);
#3038=ORIENTED_EDGE('',*,*,#4907,.T.);
#3039=CARTESIAN_POINT('',(4.275,0.949999999999995,5.94095583067804));
#3040=DIRECTION('',(5.49870302411017E-17,-1.0,-6.45495006910471E-16));
#3041=DIRECTION('',(-1.0,-5.49870302411014E-17,-4.44089209850063E-16));
#3042=ORIENTED_EDGE('',*,*,#4909,.F.);
#3043=ORIENTED_EDGE('',*,*,#4899,.T.);
#3044=ORIENTED_EDGE('',*,*,#4881,.T.);
#3045=ORIENTED_EDGE('',*,*,#4878,.T.);
#3046=ORIENTED_EDGE('',*,*,#4871,.F.);
#3047=ORIENTED_EDGE('',*,*,#4823,.T.);
#3048=ORIENTED_EDGE('',*,*,#4910,.F.);
#3049=ORIENTED_EDGE('',*,*,#4911,.F.);
#3050=CARTESIAN_POINT('',(2.825,-6.0883350521906,-0.350000000000002));
#3051=DIRECTION('',(-1.0,-5.49870302411012E-17,-5.71642406613064E-16));
#3052=DIRECTION('',(-5.49870302411014E-17,1.0,2.38282923347841E-16));
#3053=ORIENTED_EDGE('',*,*,#4912,.F.);
#3054=ORIENTED_EDGE('',*,*,#4825,.T.);
#3055=ORIENTED_EDGE('',*,*,#4870,.F.);
#3056=ORIENTED_EDGE('',*,*,#4893,.F.);
#3057=CARTESIAN_POINT('',(2.525,-6.0883350521906,-0.350000000000002));
#3058=DIRECTION('',(-4.44089209850063E-16,-4.20501775866413E-16,1.0));
#3059=DIRECTION('',(5.49870302411016E-17,-1.0,-4.20501775866413E-16));
#3060=ORIENTED_EDGE('',*,*,#4829,.F.);
#3061=ORIENTED_EDGE('',*,*,#4904,.T.);
#3062=ORIENTED_EDGE('',*,*,#4862,.F.);
#3063=ORIENTED_EDGE('',*,*,#4851,.T.);
#3064=ORIENTED_EDGE('',*,*,#4847,.T.);
#3065=ORIENTED_EDGE('',*,*,#4897,.T.);
#3066=ORIENTED_EDGE('',*,*,#4840,.F.);
#3067=ORIENTED_EDGE('',*,*,#4837,.F.);
#3068=CARTESIAN_POINT('',(3.075,-6.0883350521906,-6.65));
#3069=DIRECTION('',(-1.0,-5.49870302411013E-17,-5.01913325715957E-16));
#3070=DIRECTION('',(-5.49870302411014E-17,1.0,2.38282923347841E-16));
#3071=ORIENTED_EDGE('',*,*,#4885,.F.);
#3072=ORIENTED_EDGE('',*,*,#4902,.T.);
#3073=ORIENTED_EDGE('',*,*,#4913,.T.);
#3074=ORIENTED_EDGE('',*,*,#4914,.T.);
#3075=ORIENTED_EDGE('',*,*,#4915,.T.);
#3076=ORIENTED_EDGE('',*,*,#4817,.T.);
#3077=ORIENTED_EDGE('',*,*,#4873,.T.);
#3078=ORIENTED_EDGE('',*,*,#4880,.F.);
#3079=CARTESIAN_POINT('',(4.225,-6.0883350521906,-0.350000000000001));
#3080=DIRECTION('',(-1.0,-5.49870302411014E-17,-3.16536013087062E-16));
#3081=DIRECTION('',(3.16536013087062E-16,2.38282923347841E-16,-1.0));
#3082=ORIENTED_EDGE('',*,*,#4874,.T.);
#3083=ORIENTED_EDGE('',*,*,#4815,.T.);
#3084=ORIENTED_EDGE('',*,*,#4916,.T.);
#3085=ORIENTED_EDGE('',*,*,#4887,.T.);
#3086=CARTESIAN_POINT('',(4.525,-6.0883350521906,-0.350000000000001));
#3087=DIRECTION('',(4.44089209850063E-16,4.20501775866413E-16,-1.0));
#3088=DIRECTION('',(5.49870302411016E-17,-1.0,-4.20501775866413E-16));
#3089=ORIENTED_EDGE('',*,*,#4861,.F.);
#3090=ORIENTED_EDGE('',*,*,#4905,.T.);
#3091=ORIENTED_EDGE('',*,*,#4831,.F.);
#3092=ORIENTED_EDGE('',*,*,#4839,.T.);
#3093=ORIENTED_EDGE('',*,*,#4844,.T.);
#3094=ORIENTED_EDGE('',*,*,#4898,.T.);
#3095=ORIENTED_EDGE('',*,*,#4849,.F.);
#3096=ORIENTED_EDGE('',*,*,#4853,.F.);
#3097=CARTESIAN_POINT('',(3.975,-6.0883350521906,-6.65));
#3098=DIRECTION('',(-1.0,-5.49870302411013E-17,-3.86265093984169E-16));
#3099=DIRECTION('',(3.86265093984169E-16,2.38282923347841E-16,-1.0));
#3100=ORIENTED_EDGE('',*,*,#4917,.T.);
#3101=ORIENTED_EDGE('',*,*,#4918,.T.);
#3102=ORIENTED_EDGE('',*,*,#4919,.T.);
#3103=ORIENTED_EDGE('',*,*,#4920,.F.);
#3104=ORIENTED_EDGE('',*,*,#4921,.F.);
#3105=ORIENTED_EDGE('',*,*,#4888,.F.);
#3106=ORIENTED_EDGE('',*,*,#4916,.F.);
#3107=ORIENTED_EDGE('',*,*,#4814,.T.);
#3108=ORIENTED_EDGE('',*,*,#4915,.F.);
#3109=ORIENTED_EDGE('',*,*,#4922,.F.);
#3110=ORIENTED_EDGE('',*,*,#4910,.T.);
#3111=ORIENTED_EDGE('',*,*,#4822,.T.);
#3112=ORIENTED_EDGE('',*,*,#4912,.T.);
#3113=ORIENTED_EDGE('',*,*,#4892,.T.);
#3114=CARTESIAN_POINT('',(2.525,2.3,-0.01));
#3115=DIRECTION('',(5.49870302411016E-17,-1.0,-4.20501775866413E-16));
#3116=DIRECTION('',(-1.0,-5.49870302411014E-17,-4.44089209850063E-16));
#3117=ORIENTED_EDGE('',*,*,#4895,.F.);
#3118=ORIENTED_EDGE('',*,*,#4900,.T.);
#3119=ORIENTED_EDGE('',*,*,#4909,.T.);
#3120=ORIENTED_EDGE('',*,*,#4923,.T.);
#3121=ORIENTED_EDGE('',*,*,#4913,.F.);
#3122=ORIENTED_EDGE('',*,*,#4901,.T.);
#3123=CARTESIAN_POINT('',(2.525,-2.0,-8.88178419700125E-16));
#3124=DIRECTION('',(4.44089209850063E-16,3.39374035001501E-16,-1.0));
#3125=DIRECTION('',(5.49870302411015E-17,-1.0,-3.39374035001501E-16));
#3126=ORIENTED_EDGE('',*,*,#4835,.T.);
#3127=ORIENTED_EDGE('',*,*,#4908,.T.);
#3128=ORIENTED_EDGE('',*,*,#4857,.T.);
#3129=ORIENTED_EDGE('',*,*,#4866,.F.);
#3130=ORIENTED_EDGE('',*,*,#4877,.T.);
#3131=ORIENTED_EDGE('',*,*,#4924,.F.);
#3132=ORIENTED_EDGE('',*,*,#4920,.T.);
#3133=ORIENTED_EDGE('',*,*,#4925,.T.);
#3134=CARTESIAN_POINT('',(4.275,-6.0883350521906,-2.9));
#3135=DIRECTION('',(-1.0,-5.49870302411014E-17,-3.16536013087063E-16));
#3136=DIRECTION('',(3.16536013087063E-16,2.38282923347841E-16,-1.0));
#3137=ORIENTED_EDGE('',*,*,#4855,.F.);
#3138=ORIENTED_EDGE('',*,*,#4819,.T.);
#3139=ORIENTED_EDGE('',*,*,#4826,.F.);
#3140=ORIENTED_EDGE('',*,*,#4926,.F.);
#3141=ORIENTED_EDGE('',*,*,#4918,.F.);
#3142=ORIENTED_EDGE('',*,*,#4927,.T.);
#3143=ORIENTED_EDGE('',*,*,#4867,.F.);
#3144=ORIENTED_EDGE('',*,*,#4864,.T.);
#3145=CARTESIAN_POINT('',(2.775,-6.0883350521906,-2.9));
#3146=DIRECTION('',(-1.0,-5.49870302411012E-17,-5.71642406613063E-16));
#3147=DIRECTION('',(-5.49870302411014E-17,1.0,2.38282923347841E-16));
#3148=ORIENTED_EDGE('',*,*,#4891,.T.);
#3149=ORIENTED_EDGE('',*,*,#4868,.F.);
#3150=ORIENTED_EDGE('',*,*,#4927,.F.);
#3151=ORIENTED_EDGE('',*,*,#4917,.F.);
#3152=CARTESIAN_POINT('',(2.775,-6.0883350521906,-2.05));
#3153=DIRECTION('',(2.17881268582687E-15,4.20501775866413E-16,-1.0));
#3154=DIRECTION('',(1.0,5.49870302411009E-17,2.17881268582687E-15));
#3155=ORIENTED_EDGE('',*,*,#4921,.T.);
#3156=ORIENTED_EDGE('',*,*,#4924,.T.);
#3157=ORIENTED_EDGE('',*,*,#4876,.T.);
#3158=ORIENTED_EDGE('',*,*,#4886,.F.);
#3159=CARTESIAN_POINT('',(4.275,-6.0883350521906,-2.05));
#3160=DIRECTION('',(1.29063426612675E-15,-4.20501775866413E-16,1.0));
#3161=DIRECTION('',(5.49870302411016E-17,-1.0,-4.20501775866413E-16));
#3162=ORIENTED_EDGE('',*,*,#4919,.F.);
#3163=ORIENTED_EDGE('',*,*,#4926,.T.);
#3164=ORIENTED_EDGE('',*,*,#4836,.T.);
#3165=ORIENTED_EDGE('',*,*,#4925,.F.);
#3166=CARTESIAN_POINT('',(2.525,2.29,-2.39));
#3167=DIRECTION('',(1.0,5.49870302411013E-17,4.44089209850063E-16));
#3168=DIRECTION('',(5.49870302411014E-17,-1.0,-2.38282923347841E-16));
#3169=ORIENTED_EDGE('',*,*,#4923,.F.);
#3170=ORIENTED_EDGE('',*,*,#4911,.T.);
#3171=ORIENTED_EDGE('',*,*,#4922,.T.);
#3172=ORIENTED_EDGE('',*,*,#4914,.F.);
#3173=CARTESIAN_POINT('',(2.525,2.29,-0.01));
#3174=DIRECTION('',(1.0,5.49870302411013E-17,4.44089209850063E-16));
#3175=DIRECTION('',(5.49870302411014E-17,-1.0,-2.38282923347841E-16));
#3176=ORIENTED_EDGE('',*,*,#4928,.F.);
#3177=ORIENTED_EDGE('',*,*,#4929,.T.);
#3178=ORIENTED_EDGE('',*,*,#4930,.F.);
#3179=ORIENTED_EDGE('',*,*,#4931,.T.);
#3180=CARTESIAN_POINT('',(-0.0249999999999991,-0.3,1.35));
#3181=DIRECTION('',(0.0,0.0,1.0));
#3182=DIRECTION('',(1.0,0.0,0.0));
#3183=ORIENTED_EDGE('',*,*,#4932,.F.);
#3184=ORIENTED_EDGE('',*,*,#4933,.F.);
#3185=ORIENTED_EDGE('',*,*,#4934,.F.);
#3186=ORIENTED_EDGE('',*,*,#4935,.F.);
#3187=CARTESIAN_POINT('',(-0.0249999999999991,-0.3,4.65));
#3188=DIRECTION('',(0.0,0.0,-1.0));
#3189=DIRECTION('',(-1.0,0.0,0.0));
#3190=ORIENTED_EDGE('',*,*,#4936,.F.);
#3191=ORIENTED_EDGE('',*,*,#4937,.F.);
#3192=ORIENTED_EDGE('',*,*,#4938,.F.);
#3193=ORIENTED_EDGE('',*,*,#4939,.F.);
#3194=CARTESIAN_POINT('',(-0.0249999999999991,-0.3,1.85));
#3195=DIRECTION('',(-0.0,-0.0,1.0));
#3196=DIRECTION('',(1.0,0.0,0.0));
#3197=ORIENTED_EDGE('',*,*,#4940,.F.);
#3198=ORIENTED_EDGE('',*,*,#4941,.T.);
#3199=ORIENTED_EDGE('',*,*,#4942,.F.);
#3200=ORIENTED_EDGE('',*,*,#4943,.F.);
#3201=ORIENTED_EDGE('',*,*,#4944,.T.);
#3202=ORIENTED_EDGE('',*,*,#4945,.T.);
#3203=ORIENTED_EDGE('',*,*,#4946,.T.);
#3204=ORIENTED_EDGE('',*,*,#4947,.F.);
#3205=CARTESIAN_POINT('',(-0.0249999999999991,-0.3,5.55));
#3206=DIRECTION('',(0.0,0.0,-1.0));
#3207=DIRECTION('',(-1.0,0.0,0.0));
#3208=ORIENTED_EDGE('',*,*,#4948,.T.);
#3209=ORIENTED_EDGE('',*,*,#4949,.F.);
#3210=ORIENTED_EDGE('',*,*,#4950,.F.);
#3211=ORIENTED_EDGE('',*,*,#4951,.F.);
#3212=ORIENTED_EDGE('',*,*,#4952,.F.);
#3213=ORIENTED_EDGE('',*,*,#4953,.F.);
#3214=CARTESIAN_POINT('',(-1.575,-0.025,4.85));
#3215=DIRECTION('',(1.57384186328541E-16,-1.0,0.0));
#3216=DIRECTION('',(0.0,0.0,-1.0));
#3217=ORIENTED_EDGE('',*,*,#4954,.F.);
#3218=ORIENTED_EDGE('',*,*,#4955,.F.);
#3219=ORIENTED_EDGE('',*,*,#4956,.F.);
#3220=ORIENTED_EDGE('',*,*,#4944,.F.);
#3221=ORIENTED_EDGE('',*,*,#4957,.T.);
#3222=ORIENTED_EDGE('',*,*,#4946,.F.);
#3223=CARTESIAN_POINT('',(1.525,-0.575,4.85));
#3224=DIRECTION('',(-1.22409922699976E-16,1.0,0.0));
#3225=DIRECTION('',(1.0,1.22409922699976E-16,0.0));
#3226=ORIENTED_EDGE('',*,*,#4943,.T.);
#3227=ORIENTED_EDGE('',*,*,#4958,.T.);
#3228=ORIENTED_EDGE('',*,*,#4948,.F.);
#3229=ORIENTED_EDGE('',*,*,#4959,.T.);
#3230=ORIENTED_EDGE('',*,*,#4947,.T.);
#3231=ORIENTED_EDGE('',*,*,#4957,.F.);
#3232=CARTESIAN_POINT('',(-0.0249999999999991,-0.3,4.85));
#3233=DIRECTION('',(0.0,0.0,-1.0));
#3234=DIRECTION('',(0.0,-1.0,0.0));
#3235=ORIENTED_EDGE('',*,*,#4940,.T.);
#3236=ORIENTED_EDGE('',*,*,#4959,.F.);
#3237=ORIENTED_EDGE('',*,*,#4953,.T.);
#3238=ORIENTED_EDGE('',*,*,#4960,.T.);
#3239=ORIENTED_EDGE('',*,*,#4949,.T.);
#3240=ORIENTED_EDGE('',*,*,#4958,.F.);
#3241=ORIENTED_EDGE('',*,*,#4942,.T.);
#3242=ORIENTED_EDGE('',*,*,#4933,.T.);
#3243=CARTESIAN_POINT('',(-0.0249999999999991,-0.3,5.55));
#3244=DIRECTION('',(0.0,0.0,-1.0));
#3245=DIRECTION('',(-1.0,0.0,0.0));
#3246=ORIENTED_EDGE('',*,*,#4955,.T.);
#3247=ORIENTED_EDGE('',*,*,#4961,.T.);
#3248=CARTESIAN_POINT('',(-0.0249999999999991,-0.3,5.55));
#3249=DIRECTION('',(0.0,0.0,-1.0));
#3250=DIRECTION('',(0.0,-1.0,0.0));
#3251=ORIENTED_EDGE('',*,*,#4936,.T.);
#3252=ORIENTED_EDGE('',*,*,#4931,.F.);
#3253=ORIENTED_EDGE('',*,*,#4938,.T.);
#3254=ORIENTED_EDGE('',*,*,#4962,.F.);
#3255=CARTESIAN_POINT('',(-0.0249999999999991,-0.3,1.85));
#3256=DIRECTION('',(-0.0,-0.0,1.0));
#3257=DIRECTION('',(1.0,0.0,0.0));
#3258=ORIENTED_EDGE('',*,*,#4932,.T.);
#3259=ORIENTED_EDGE('',*,*,#4963,.F.);
#3260=ORIENTED_EDGE('',*,*,#4934,.T.);
#3261=ORIENTED_EDGE('',*,*,#4941,.F.);
#3262=CARTESIAN_POINT('',(-0.0249999999999991,-0.3,4.65));
#3263=DIRECTION('',(0.0,0.0,-1.0));
#3264=DIRECTION('',(-1.0,0.0,0.0));
#3265=ORIENTED_EDGE('',*,*,#4935,.T.);
#3266=ORIENTED_EDGE('',*,*,#4963,.T.);
#3267=ORIENTED_EDGE('',*,*,#4964,.F.);
#3268=ORIENTED_EDGE('',*,*,#4929,.F.);
#3269=CARTESIAN_POINT('',(-0.0249999999999991,-0.3,4.45));
#3270=DIRECTION('',(0.0,0.0,-1.0));
#3271=DIRECTION('',(0.0,-1.0,0.0));
#3272=ORIENTED_EDGE('',*,*,#4928,.T.);
#3273=ORIENTED_EDGE('',*,*,#4939,.T.);
#3274=ORIENTED_EDGE('',*,*,#4930,.T.);
#3275=ORIENTED_EDGE('',*,*,#4964,.T.);
#3276=CARTESIAN_POINT('',(-0.0249999999999991,-0.3,1.35));
#3277=DIRECTION('',(0.0,0.0,1.0));
#3278=DIRECTION('',(1.0,0.0,0.0));
#3279=ORIENTED_EDGE('',*,*,#4962,.T.);
#3280=ORIENTED_EDGE('',*,*,#4937,.T.);
#3281=CARTESIAN_POINT('',(-0.0249999999999991,-0.3,1.35));
#3282=DIRECTION('',(0.0,0.0,1.0));
#3283=DIRECTION('',(1.0,0.0,0.0));
#3284=ORIENTED_EDGE('',*,*,#4960,.F.);
#3285=ORIENTED_EDGE('',*,*,#4952,.T.);
#3286=ORIENTED_EDGE('',*,*,#4965,.F.);
#3287=ORIENTED_EDGE('',*,*,#4950,.T.);
#3288=CARTESIAN_POINT('',(-0.0249999999999991,-0.3,5.35));
#3289=DIRECTION('',(0.0,0.0,-1.0));
#3290=DIRECTION('',(-1.0,0.0,0.0));
#3291=ORIENTED_EDGE('',*,*,#4961,.F.);
#3292=ORIENTED_EDGE('',*,*,#4954,.T.);
#3293=ORIENTED_EDGE('',*,*,#4945,.F.);
#3294=ORIENTED_EDGE('',*,*,#4956,.T.);
#3295=CARTESIAN_POINT('',(-0.0249999999999991,-0.3,5.35));
#3296=DIRECTION('',(0.0,0.0,-1.0));
#3297=DIRECTION('',(-1.0,0.0,0.0));
#3298=ORIENTED_EDGE('',*,*,#4951,.T.);
#3299=ORIENTED_EDGE('',*,*,#4965,.T.);
#3300=CARTESIAN_POINT('',(-0.0249999999999991,-0.3,5.55));
#3301=DIRECTION('',(0.0,0.0,-1.0));
#3302=DIRECTION('',(0.0,-1.0,0.0));
#3303=ORIENTED_EDGE('',*,*,#4966,.F.);
#3304=ORIENTED_EDGE('',*,*,#4967,.T.);
#3305=ORIENTED_EDGE('',*,*,#4968,.F.);
#3306=ORIENTED_EDGE('',*,*,#4969,.T.);
#3307=CARTESIAN_POINT('',(-3.525,-0.3,1.35));
#3308=DIRECTION('',(0.0,0.0,1.0));
#3309=DIRECTION('',(1.0,0.0,0.0));
#3310=ORIENTED_EDGE('',*,*,#4970,.F.);
#3311=ORIENTED_EDGE('',*,*,#4971,.F.);
#3312=ORIENTED_EDGE('',*,*,#4972,.F.);
#3313=ORIENTED_EDGE('',*,*,#4973,.F.);
#3314=CARTESIAN_POINT('',(-3.525,-0.3,4.65));
#3315=DIRECTION('',(0.0,0.0,-1.0));
#3316=DIRECTION('',(-1.0,0.0,0.0));
#3317=ORIENTED_EDGE('',*,*,#4974,.F.);
#3318=ORIENTED_EDGE('',*,*,#4975,.F.);
#3319=ORIENTED_EDGE('',*,*,#4976,.F.);
#3320=ORIENTED_EDGE('',*,*,#4977,.F.);
#3321=CARTESIAN_POINT('',(-3.525,-0.3,1.85));
#3322=DIRECTION('',(-0.0,-0.0,1.0));
#3323=DIRECTION('',(1.0,0.0,0.0));
#3324=ORIENTED_EDGE('',*,*,#4978,.F.);
#3325=ORIENTED_EDGE('',*,*,#4979,.T.);
#3326=ORIENTED_EDGE('',*,*,#4980,.F.);
#3327=ORIENTED_EDGE('',*,*,#4981,.F.);
#3328=ORIENTED_EDGE('',*,*,#4982,.T.);
#3329=ORIENTED_EDGE('',*,*,#4983,.T.);
#3330=ORIENTED_EDGE('',*,*,#4984,.T.);
#3331=ORIENTED_EDGE('',*,*,#4985,.F.);
#3332=CARTESIAN_POINT('',(-3.525,-0.3,5.55));
#3333=DIRECTION('',(0.0,0.0,-1.0));
#3334=DIRECTION('',(-1.0,0.0,0.0));
#3335=ORIENTED_EDGE('',*,*,#4986,.T.);
#3336=ORIENTED_EDGE('',*,*,#4987,.F.);
#3337=ORIENTED_EDGE('',*,*,#4988,.F.);
#3338=ORIENTED_EDGE('',*,*,#4989,.F.);
#3339=ORIENTED_EDGE('',*,*,#4990,.F.);
#3340=ORIENTED_EDGE('',*,*,#4991,.F.);
#3341=CARTESIAN_POINT('',(-5.075,-0.025,4.85));
#3342=DIRECTION('',(1.57384186328541E-16,-1.0,0.0));
#3343=DIRECTION('',(0.0,0.0,-1.0));
#3344=ORIENTED_EDGE('',*,*,#4992,.F.);
#3345=ORIENTED_EDGE('',*,*,#4993,.F.);
#3346=ORIENTED_EDGE('',*,*,#4994,.F.);
#3347=ORIENTED_EDGE('',*,*,#4982,.F.);
#3348=ORIENTED_EDGE('',*,*,#4995,.T.);
#3349=ORIENTED_EDGE('',*,*,#4984,.F.);
#3350=CARTESIAN_POINT('',(-1.975,-0.575,4.85));
#3351=DIRECTION('',(-1.22409922699976E-16,1.0,0.0));
#3352=DIRECTION('',(1.0,1.22409922699976E-16,0.0));
#3353=ORIENTED_EDGE('',*,*,#4981,.T.);
#3354=ORIENTED_EDGE('',*,*,#4996,.T.);
#3355=ORIENTED_EDGE('',*,*,#4986,.F.);
#3356=ORIENTED_EDGE('',*,*,#4997,.T.);
#3357=ORIENTED_EDGE('',*,*,#4985,.T.);
#3358=ORIENTED_EDGE('',*,*,#4995,.F.);
#3359=CARTESIAN_POINT('',(-3.525,-0.3,4.85));
#3360=DIRECTION('',(0.0,0.0,-1.0));
#3361=DIRECTION('',(0.0,-1.0,0.0));
#3362=ORIENTED_EDGE('',*,*,#4978,.T.);
#3363=ORIENTED_EDGE('',*,*,#4997,.F.);
#3364=ORIENTED_EDGE('',*,*,#4991,.T.);
#3365=ORIENTED_EDGE('',*,*,#4998,.T.);
#3366=ORIENTED_EDGE('',*,*,#4987,.T.);
#3367=ORIENTED_EDGE('',*,*,#4996,.F.);
#3368=ORIENTED_EDGE('',*,*,#4980,.T.);
#3369=ORIENTED_EDGE('',*,*,#4971,.T.);
#3370=CARTESIAN_POINT('',(-3.525,-0.3,5.55));
#3371=DIRECTION('',(0.0,0.0,-1.0));
#3372=DIRECTION('',(-1.0,0.0,0.0));
#3373=ORIENTED_EDGE('',*,*,#4993,.T.);
#3374=ORIENTED_EDGE('',*,*,#4999,.T.);
#3375=CARTESIAN_POINT('',(-3.525,-0.3,5.55));
#3376=DIRECTION('',(0.0,0.0,-1.0));
#3377=DIRECTION('',(0.0,-1.0,0.0));
#3378=ORIENTED_EDGE('',*,*,#4974,.T.);
#3379=ORIENTED_EDGE('',*,*,#4969,.F.);
#3380=ORIENTED_EDGE('',*,*,#4976,.T.);
#3381=ORIENTED_EDGE('',*,*,#5000,.F.);
#3382=CARTESIAN_POINT('',(-3.525,-0.3,1.85));
#3383=DIRECTION('',(-0.0,-0.0,1.0));
#3384=DIRECTION('',(1.0,0.0,0.0));
#3385=ORIENTED_EDGE('',*,*,#4970,.T.);
#3386=ORIENTED_EDGE('',*,*,#5001,.F.);
#3387=ORIENTED_EDGE('',*,*,#4972,.T.);
#3388=ORIENTED_EDGE('',*,*,#4979,.F.);
#3389=CARTESIAN_POINT('',(-3.525,-0.3,4.65));
#3390=DIRECTION('',(0.0,0.0,-1.0));
#3391=DIRECTION('',(-1.0,0.0,0.0));
#3392=ORIENTED_EDGE('',*,*,#4973,.T.);
#3393=ORIENTED_EDGE('',*,*,#5001,.T.);
#3394=ORIENTED_EDGE('',*,*,#5002,.F.);
#3395=ORIENTED_EDGE('',*,*,#4967,.F.);
#3396=CARTESIAN_POINT('',(-3.525,-0.3,4.45));
#3397=DIRECTION('',(0.0,0.0,-1.0));
#3398=DIRECTION('',(0.0,-1.0,0.0));
#3399=ORIENTED_EDGE('',*,*,#4966,.T.);
#3400=ORIENTED_EDGE('',*,*,#4977,.T.);
#3401=ORIENTED_EDGE('',*,*,#4968,.T.);
#3402=ORIENTED_EDGE('',*,*,#5002,.T.);
#3403=CARTESIAN_POINT('',(-3.525,-0.3,1.35));
#3404=DIRECTION('',(0.0,0.0,1.0));
#3405=DIRECTION('',(1.0,0.0,0.0));
#3406=ORIENTED_EDGE('',*,*,#5000,.T.);
#3407=ORIENTED_EDGE('',*,*,#4975,.T.);
#3408=CARTESIAN_POINT('',(-3.525,-0.3,1.35));
#3409=DIRECTION('',(0.0,0.0,1.0));
#3410=DIRECTION('',(1.0,0.0,0.0));
#3411=ORIENTED_EDGE('',*,*,#4998,.F.);
#3412=ORIENTED_EDGE('',*,*,#4990,.T.);
#3413=ORIENTED_EDGE('',*,*,#5003,.F.);
#3414=ORIENTED_EDGE('',*,*,#4988,.T.);
#3415=CARTESIAN_POINT('',(-3.525,-0.3,5.35));
#3416=DIRECTION('',(0.0,0.0,-1.0));
#3417=DIRECTION('',(-1.0,0.0,0.0));
#3418=ORIENTED_EDGE('',*,*,#4999,.F.);
#3419=ORIENTED_EDGE('',*,*,#4992,.T.);
#3420=ORIENTED_EDGE('',*,*,#4983,.F.);
#3421=ORIENTED_EDGE('',*,*,#4994,.T.);
#3422=CARTESIAN_POINT('',(-3.525,-0.3,5.35));
#3423=DIRECTION('',(0.0,0.0,-1.0));
#3424=DIRECTION('',(-1.0,0.0,0.0));
#3425=ORIENTED_EDGE('',*,*,#4989,.T.);
#3426=ORIENTED_EDGE('',*,*,#5003,.T.);
#3427=CARTESIAN_POINT('',(-3.525,-0.3,5.55));
#3428=DIRECTION('',(0.0,0.0,-1.0));
#3429=DIRECTION('',(0.0,-1.0,0.0));
#3430=ORIENTED_EDGE('',*,*,#5004,.F.);
#3431=ORIENTED_EDGE('',*,*,#5005,.T.);
#3432=ORIENTED_EDGE('',*,*,#5006,.F.);
#3433=ORIENTED_EDGE('',*,*,#5007,.T.);
#3434=CARTESIAN_POINT('',(3.475,-0.3,1.35));
#3435=DIRECTION('',(0.0,0.0,1.0));
#3436=DIRECTION('',(1.0,0.0,0.0));
#3437=ORIENTED_EDGE('',*,*,#5008,.F.);
#3438=ORIENTED_EDGE('',*,*,#5009,.F.);
#3439=ORIENTED_EDGE('',*,*,#5010,.F.);
#3440=ORIENTED_EDGE('',*,*,#5011,.F.);
#3441=CARTESIAN_POINT('',(3.475,-0.3,4.65));
#3442=DIRECTION('',(0.0,0.0,-1.0));
#3443=DIRECTION('',(-1.0,0.0,0.0));
#3444=ORIENTED_EDGE('',*,*,#5012,.F.);
#3445=ORIENTED_EDGE('',*,*,#5013,.F.);
#3446=ORIENTED_EDGE('',*,*,#5014,.F.);
#3447=ORIENTED_EDGE('',*,*,#5015,.F.);
#3448=CARTESIAN_POINT('',(3.475,-0.3,1.85));
#3449=DIRECTION('',(-0.0,-0.0,1.0));
#3450=DIRECTION('',(1.0,0.0,0.0));
#3451=ORIENTED_EDGE('',*,*,#5016,.F.);
#3452=ORIENTED_EDGE('',*,*,#5017,.T.);
#3453=ORIENTED_EDGE('',*,*,#5018,.F.);
#3454=ORIENTED_EDGE('',*,*,#5019,.F.);
#3455=ORIENTED_EDGE('',*,*,#5020,.T.);
#3456=ORIENTED_EDGE('',*,*,#5021,.T.);
#3457=ORIENTED_EDGE('',*,*,#5022,.T.);
#3458=ORIENTED_EDGE('',*,*,#5023,.F.);
#3459=CARTESIAN_POINT('',(3.475,-0.3,5.55));
#3460=DIRECTION('',(0.0,0.0,-1.0));
#3461=DIRECTION('',(-1.0,0.0,0.0));
#3462=ORIENTED_EDGE('',*,*,#5024,.T.);
#3463=ORIENTED_EDGE('',*,*,#5025,.F.);
#3464=ORIENTED_EDGE('',*,*,#5026,.F.);
#3465=ORIENTED_EDGE('',*,*,#5027,.F.);
#3466=ORIENTED_EDGE('',*,*,#5028,.F.);
#3467=ORIENTED_EDGE('',*,*,#5029,.F.);
#3468=CARTESIAN_POINT('',(1.925,-0.025,4.85));
#3469=DIRECTION('',(1.57384186328541E-16,-1.0,0.0));
#3470=DIRECTION('',(0.0,0.0,-1.0));
#3471=ORIENTED_EDGE('',*,*,#5030,.F.);
#3472=ORIENTED_EDGE('',*,*,#5031,.F.);
#3473=ORIENTED_EDGE('',*,*,#5032,.F.);
#3474=ORIENTED_EDGE('',*,*,#5020,.F.);
#3475=ORIENTED_EDGE('',*,*,#5033,.T.);
#3476=ORIENTED_EDGE('',*,*,#5022,.F.);
#3477=CARTESIAN_POINT('',(5.025,-0.575,4.85));
#3478=DIRECTION('',(-1.22409922699976E-16,1.0,0.0));
#3479=DIRECTION('',(1.0,1.22409922699976E-16,0.0));
#3480=ORIENTED_EDGE('',*,*,#5019,.T.);
#3481=ORIENTED_EDGE('',*,*,#5034,.T.);
#3482=ORIENTED_EDGE('',*,*,#5024,.F.);
#3483=ORIENTED_EDGE('',*,*,#5035,.T.);
#3484=ORIENTED_EDGE('',*,*,#5023,.T.);
#3485=ORIENTED_EDGE('',*,*,#5033,.F.);
#3486=CARTESIAN_POINT('',(3.475,-0.3,4.85));
#3487=DIRECTION('',(0.0,0.0,-1.0));
#3488=DIRECTION('',(0.0,-1.0,0.0));
#3489=ORIENTED_EDGE('',*,*,#5016,.T.);
#3490=ORIENTED_EDGE('',*,*,#5035,.F.);
#3491=ORIENTED_EDGE('',*,*,#5029,.T.);
#3492=ORIENTED_EDGE('',*,*,#5036,.T.);
#3493=ORIENTED_EDGE('',*,*,#5025,.T.);
#3494=ORIENTED_EDGE('',*,*,#5034,.F.);
#3495=ORIENTED_EDGE('',*,*,#5018,.T.);
#3496=ORIENTED_EDGE('',*,*,#5009,.T.);
#3497=CARTESIAN_POINT('',(3.475,-0.3,5.55));
#3498=DIRECTION('',(0.0,0.0,-1.0));
#3499=DIRECTION('',(-1.0,0.0,0.0));
#3500=ORIENTED_EDGE('',*,*,#5031,.T.);
#3501=ORIENTED_EDGE('',*,*,#5037,.T.);
#3502=CARTESIAN_POINT('',(3.475,-0.3,5.55));
#3503=DIRECTION('',(0.0,0.0,-1.0));
#3504=DIRECTION('',(0.0,-1.0,0.0));
#3505=ORIENTED_EDGE('',*,*,#5012,.T.);
#3506=ORIENTED_EDGE('',*,*,#5007,.F.);
#3507=ORIENTED_EDGE('',*,*,#5014,.T.);
#3508=ORIENTED_EDGE('',*,*,#5038,.F.);
#3509=CARTESIAN_POINT('',(3.475,-0.3,1.85));
#3510=DIRECTION('',(-0.0,-0.0,1.0));
#3511=DIRECTION('',(1.0,0.0,0.0));
#3512=ORIENTED_EDGE('',*,*,#5008,.T.);
#3513=ORIENTED_EDGE('',*,*,#5039,.F.);
#3514=ORIENTED_EDGE('',*,*,#5010,.T.);
#3515=ORIENTED_EDGE('',*,*,#5017,.F.);
#3516=CARTESIAN_POINT('',(3.475,-0.3,4.65));
#3517=DIRECTION('',(0.0,0.0,-1.0));
#3518=DIRECTION('',(-1.0,0.0,0.0));
#3519=ORIENTED_EDGE('',*,*,#5011,.T.);
#3520=ORIENTED_EDGE('',*,*,#5039,.T.);
#3521=ORIENTED_EDGE('',*,*,#5040,.F.);
#3522=ORIENTED_EDGE('',*,*,#5005,.F.);
#3523=CARTESIAN_POINT('',(3.475,-0.3,4.45));
#3524=DIRECTION('',(0.0,0.0,-1.0));
#3525=DIRECTION('',(0.0,-1.0,0.0));
#3526=ORIENTED_EDGE('',*,*,#5004,.T.);
#3527=ORIENTED_EDGE('',*,*,#5015,.T.);
#3528=ORIENTED_EDGE('',*,*,#5006,.T.);
#3529=ORIENTED_EDGE('',*,*,#5040,.T.);
#3530=CARTESIAN_POINT('',(3.475,-0.3,1.35));
#3531=DIRECTION('',(0.0,0.0,1.0));
#3532=DIRECTION('',(1.0,0.0,0.0));
#3533=ORIENTED_EDGE('',*,*,#5038,.T.);
#3534=ORIENTED_EDGE('',*,*,#5013,.T.);
#3535=CARTESIAN_POINT('',(3.475,-0.3,1.35));
#3536=DIRECTION('',(0.0,0.0,1.0));
#3537=DIRECTION('',(1.0,0.0,0.0));
#3538=ORIENTED_EDGE('',*,*,#5036,.F.);
#3539=ORIENTED_EDGE('',*,*,#5028,.T.);
#3540=ORIENTED_EDGE('',*,*,#5041,.F.);
#3541=ORIENTED_EDGE('',*,*,#5026,.T.);
#3542=CARTESIAN_POINT('',(3.475,-0.3,5.35));
#3543=DIRECTION('',(0.0,0.0,-1.0));
#3544=DIRECTION('',(-1.0,0.0,0.0));
#3545=ORIENTED_EDGE('',*,*,#5037,.F.);
#3546=ORIENTED_EDGE('',*,*,#5030,.T.);
#3547=ORIENTED_EDGE('',*,*,#5021,.F.);
#3548=ORIENTED_EDGE('',*,*,#5032,.T.);
#3549=CARTESIAN_POINT('',(3.475,-0.3,5.35));
#3550=DIRECTION('',(0.0,0.0,-1.0));
#3551=DIRECTION('',(-1.0,0.0,0.0));
#3552=ORIENTED_EDGE('',*,*,#5027,.T.);
#3553=ORIENTED_EDGE('',*,*,#5041,.T.);
#3554=CARTESIAN_POINT('',(3.475,-0.3,5.55));
#3555=DIRECTION('',(0.0,0.0,-1.0));
#3556=DIRECTION('',(0.0,-1.0,0.0));
#3557=ORIENTED_EDGE('',*,*,#5042,.F.);
#3558=ORIENTED_EDGE('',*,*,#5043,.T.);
#3559=ORIENTED_EDGE('',*,*,#5044,.F.);
#3560=ORIENTED_EDGE('',*,*,#5045,.F.);
#3561=CARTESIAN_POINT('',(-3.525,-0.3,3.95));
#3562=DIRECTION('',(-0.0,0.0,1.0));
#3563=DIRECTION('',(1.0,0.0,0.0));
#3564=ORIENTED_EDGE('',*,*,#5046,.F.);
#3565=ORIENTED_EDGE('',*,*,#5047,.T.);
#3566=ORIENTED_EDGE('',*,*,#5048,.F.);
#3567=ORIENTED_EDGE('',*,*,#5049,.F.);
#3568=CARTESIAN_POINT('',(-0.024999999999999,-0.3,3.95));
#3569=DIRECTION('',(-0.0,0.0,1.0));
#3570=DIRECTION('',(1.0,0.0,0.0));
#3571=ORIENTED_EDGE('',*,*,#5050,.F.);
#3572=ORIENTED_EDGE('',*,*,#5051,.T.);
#3573=ORIENTED_EDGE('',*,*,#5052,.F.);
#3574=ORIENTED_EDGE('',*,*,#5053,.F.);
#3575=CARTESIAN_POINT('',(3.475,-0.3,3.95));
#3576=DIRECTION('',(-0.0,0.0,1.0));
#3577=DIRECTION('',(1.0,0.0,0.0));
#3578=ORIENTED_EDGE('',*,*,#5054,.F.);
#3579=ORIENTED_EDGE('',*,*,#5055,.F.);
#3580=ORIENTED_EDGE('',*,*,#5056,.F.);
#3581=ORIENTED_EDGE('',*,*,#5057,.T.);
#3582=CARTESIAN_POINT('',(3.475,-0.3,3.95));
#3583=DIRECTION('',(-0.0,-0.0,1.0));
#3584=DIRECTION('',(1.0,0.0,0.0));
#3585=ORIENTED_EDGE('',*,*,#5058,.F.);
#3586=ORIENTED_EDGE('',*,*,#5059,.F.);
#3587=ORIENTED_EDGE('',*,*,#5060,.F.);
#3588=ORIENTED_EDGE('',*,*,#5061,.T.);
#3589=CARTESIAN_POINT('',(-0.024999999999999,-0.3,3.95));
#3590=DIRECTION('',(-0.0,-0.0,1.0));
#3591=DIRECTION('',(1.0,0.0,0.0));
#3592=ORIENTED_EDGE('',*,*,#5062,.F.);
#3593=ORIENTED_EDGE('',*,*,#5063,.F.);
#3594=ORIENTED_EDGE('',*,*,#5064,.F.);
#3595=ORIENTED_EDGE('',*,*,#5065,.T.);
#3596=CARTESIAN_POINT('',(-3.525,-0.3,3.95));
#3597=DIRECTION('',(-0.0,-0.0,1.0));
#3598=DIRECTION('',(1.0,0.0,0.0));
#3599=ORIENTED_EDGE('',*,*,#5066,.T.);
#3600=ORIENTED_EDGE('',*,*,#5067,.F.);
#3601=ORIENTED_EDGE('',*,*,#5068,.F.);
#3602=ORIENTED_EDGE('',*,*,#5069,.T.);
#3603=CARTESIAN_POINT('',(4.875,2.55,0.15));
#3604=DIRECTION('',(-1.0,0.0,0.0));
#3605=DIRECTION('',(0.0,0.0,1.0));
#3606=ORIENTED_EDGE('',*,*,#5070,.T.);
#3607=ORIENTED_EDGE('',*,*,#5071,.F.);
#3608=ORIENTED_EDGE('',*,*,#5072,.F.);
#3609=ORIENTED_EDGE('',*,*,#5067,.T.);
#3610=CARTESIAN_POINT('',(4.875,3.2,0.15));
#3611=DIRECTION('',(0.184288535050185,0.982872186934322,0.0));
#3612=DIRECTION('',(0.0,0.0,-1.0));
#3613=ORIENTED_EDGE('',*,*,#5073,.T.);
#3614=ORIENTED_EDGE('',*,*,#5069,.F.);
#3615=ORIENTED_EDGE('',*,*,#5074,.F.);
#3616=ORIENTED_EDGE('',*,*,#5075,.T.);
#3617=CARTESIAN_POINT('',(5.275,2.625,0.15));
#3618=DIRECTION('',(0.184288535050186,-0.982872186934322,0.0));
#3619=DIRECTION('',(0.0,0.0,-1.0));
#3620=ORIENTED_EDGE('',*,*,#5076,.T.);
#3621=ORIENTED_EDGE('',*,*,#5077,.T.);
#3622=ORIENTED_EDGE('',*,*,#5078,.F.);
#3623=ORIENTED_EDGE('',*,*,#5079,.F.);
#3624=ORIENTED_EDGE('',*,*,#5080,.F.);
#3625=ORIENTED_EDGE('',*,*,#5081,.F.);
#3626=ORIENTED_EDGE('',*,*,#5082,.F.);
#3627=ORIENTED_EDGE('',*,*,#5083,.F.);
#3628=ORIENTED_EDGE('',*,*,#5084,.F.);
#3629=ORIENTED_EDGE('',*,*,#5085,.F.);
#3630=ORIENTED_EDGE('',*,*,#5086,.F.);
#3631=ORIENTED_EDGE('',*,*,#5087,.F.);
#3632=ORIENTED_EDGE('',*,*,#5088,.T.);
#3633=ORIENTED_EDGE('',*,*,#5089,.T.);
#3634=ORIENTED_EDGE('',*,*,#5090,.F.);
#3635=ORIENTED_EDGE('',*,*,#5091,.F.);
#3636=CARTESIAN_POINT('',(-5.275,0.0,0.0));
#3637=DIRECTION('',(1.0,0.0,0.0));
#3638=DIRECTION('',(0.0,1.0,0.0));
#3639=ORIENTED_EDGE('',*,*,#5092,.F.);
#3640=ORIENTED_EDGE('',*,*,#5093,.F.);
#3641=ORIENTED_EDGE('',*,*,#5094,.F.);
#3642=ORIENTED_EDGE('',*,*,#5095,.F.);
#3643=ORIENTED_EDGE('',*,*,#5096,.F.);
#3644=ORIENTED_EDGE('',*,*,#5057,.F.);
#3645=CARTESIAN_POINT('',(0.0,0.0,3.55));
#3646=DIRECTION('',(0.0,0.0,1.0));
#3647=DIRECTION('',(1.0,0.0,0.0));
#3648=ORIENTED_EDGE('',*,*,#5081,.T.);
#3649=ORIENTED_EDGE('',*,*,#5097,.F.);
#3650=ORIENTED_EDGE('',*,*,#5098,.F.);
#3651=ORIENTED_EDGE('',*,*,#5099,.T.);
#3652=CARTESIAN_POINT('',(5.275,-2.4,5.55));
#3653=DIRECTION('',(0.0,0.98058067569092,-0.196116135138184));
#3654=DIRECTION('',(-1.0,0.0,0.0));
#3655=ORIENTED_EDGE('',*,*,#5082,.T.);
#3656=ORIENTED_EDGE('',*,*,#5099,.F.);
#3657=ORIENTED_EDGE('',*,*,#5100,.F.);
#3658=ORIENTED_EDGE('',*,*,#5101,.T.);
#3659=ORIENTED_EDGE('',*,*,#5102,.T.);
#3660=ORIENTED_EDGE('',*,*,#5049,.T.);
#3661=ORIENTED_EDGE('',*,*,#5103,.T.);
#3662=ORIENTED_EDGE('',*,*,#5045,.T.);
#3663=ORIENTED_EDGE('',*,*,#5104,.T.);
#3664=ORIENTED_EDGE('',*,*,#5053,.T.);
#3665=CARTESIAN_POINT('',(5.275,1.8,5.55));
#3666=DIRECTION('',(0.0,2.06514699521049E-16,-1.0));
#3667=DIRECTION('',(-1.0,0.0,0.0));
#3668=ORIENTED_EDGE('',*,*,#5083,.T.);
#3669=ORIENTED_EDGE('',*,*,#5101,.F.);
#3670=ORIENTED_EDGE('',*,*,#5105,.F.);
#3671=ORIENTED_EDGE('',*,*,#5106,.T.);
#3672=ORIENTED_EDGE('',*,*,#5107,.F.);
#3673=ORIENTED_EDGE('',*,*,#5108,.T.);
#3674=ORIENTED_EDGE('',*,*,#5109,.F.);
#3675=ORIENTED_EDGE('',*,*,#5110,.T.);
#3676=ORIENTED_EDGE('',*,*,#5111,.F.);
#3677=ORIENTED_EDGE('',*,*,#5112,.T.);
#3678=CARTESIAN_POINT('',(5.275,2.8,2.95));
#3679=DIRECTION('',(0.0,-0.93334560620306,-0.358979079308869));
#3680=DIRECTION('',(0.0,0.358979079308869,-0.93334560620306));
#3681=ORIENTED_EDGE('',*,*,#5113,.T.);
#3682=ORIENTED_EDGE('',*,*,#5114,.F.);
#3683=ORIENTED_EDGE('',*,*,#5106,.F.);
#3684=ORIENTED_EDGE('',*,*,#5115,.F.);
#3685=CARTESIAN_POINT('',(5.275,3.7,2.95));
#3686=DIRECTION('',(0.0,-4.81867632215781E-16,-1.0));
#3687=DIRECTION('',(0.0,-1.0,4.81867632215781E-16));
#3688=ORIENTED_EDGE('',*,*,#5116,.F.);
#3689=ORIENTED_EDGE('',*,*,#5117,.F.);
#3690=ORIENTED_EDGE('',*,*,#5118,.F.);
#3691=ORIENTED_EDGE('',*,*,#5119,.T.);
#3692=ORIENTED_EDGE('',*,*,#5113,.F.);
#3693=ORIENTED_EDGE('',*,*,#5120,.F.);
#3694=ORIENTED_EDGE('',*,*,#5121,.T.);
#3695=ORIENTED_EDGE('',*,*,#5085,.T.);
#3696=ORIENTED_EDGE('',*,*,#5122,.F.);
#3697=ORIENTED_EDGE('',*,*,#5123,.F.);
#3698=ORIENTED_EDGE('',*,*,#5124,.F.);
#3699=ORIENTED_EDGE('',*,*,#5125,.T.);
#3700=ORIENTED_EDGE('',*,*,#5126,.F.);
#3701=ORIENTED_EDGE('',*,*,#5127,.F.);
#3702=ORIENTED_EDGE('',*,*,#5128,.F.);
#3703=ORIENTED_EDGE('',*,*,#5129,.T.);
#3704=CARTESIAN_POINT('',(5.275,3.7,-2.95));
#3705=DIRECTION('',(0.0,-1.0,-1.47010464065831E-16));
#3706=DIRECTION('',(0.0,1.47010464065831E-16,-1.0));
#3707=ORIENTED_EDGE('',*,*,#5066,.F.);
#3708=ORIENTED_EDGE('',*,*,#5073,.F.);
#3709=ORIENTED_EDGE('',*,*,#5130,.F.);
#3710=ORIENTED_EDGE('',*,*,#5131,.F.);
#3711=ORIENTED_EDGE('',*,*,#5132,.F.);
#3712=ORIENTED_EDGE('',*,*,#5133,.F.);
#3713=ORIENTED_EDGE('',*,*,#5134,.F.);
#3714=ORIENTED_EDGE('',*,*,#5135,.T.);
#3715=ORIENTED_EDGE('',*,*,#5136,.T.);
#3716=ORIENTED_EDGE('',*,*,#5137,.T.);
#3717=ORIENTED_EDGE('',*,*,#5138,.F.);
#3718=ORIENTED_EDGE('',*,*,#5139,.F.);
#3719=ORIENTED_EDGE('',*,*,#5140,.F.);
#3720=ORIENTED_EDGE('',*,*,#5141,.F.);
#3721=ORIENTED_EDGE('',*,*,#5142,.F.);
#3722=ORIENTED_EDGE('',*,*,#5143,.F.);
#3723=ORIENTED_EDGE('',*,*,#5144,.F.);
#3724=ORIENTED_EDGE('',*,*,#5145,.T.);
#3725=ORIENTED_EDGE('',*,*,#5146,.T.);
#3726=ORIENTED_EDGE('',*,*,#5147,.T.);
#3727=ORIENTED_EDGE('',*,*,#5148,.T.);
#3728=ORIENTED_EDGE('',*,*,#5149,.T.);
#3729=ORIENTED_EDGE('',*,*,#5150,.F.);
#3730=ORIENTED_EDGE('',*,*,#5151,.F.);
#3731=ORIENTED_EDGE('',*,*,#5152,.F.);
#3732=ORIENTED_EDGE('',*,*,#5153,.F.);
#3733=ORIENTED_EDGE('',*,*,#5154,.F.);
#3734=ORIENTED_EDGE('',*,*,#5155,.F.);
#3735=ORIENTED_EDGE('',*,*,#5156,.F.);
#3736=ORIENTED_EDGE('',*,*,#5157,.T.);
#3737=ORIENTED_EDGE('',*,*,#5158,.T.);
#3738=ORIENTED_EDGE('',*,*,#5159,.T.);
#3739=ORIENTED_EDGE('',*,*,#5160,.T.);
#3740=ORIENTED_EDGE('',*,*,#5161,.T.);
#3741=ORIENTED_EDGE('',*,*,#5162,.F.);
#3742=ORIENTED_EDGE('',*,*,#5163,.F.);
#3743=ORIENTED_EDGE('',*,*,#5164,.F.);
#3744=ORIENTED_EDGE('',*,*,#5165,.F.);
#3745=ORIENTED_EDGE('',*,*,#5166,.F.);
#3746=ORIENTED_EDGE('',*,*,#5167,.F.);
#3747=ORIENTED_EDGE('',*,*,#5168,.F.);
#3748=ORIENTED_EDGE('',*,*,#5169,.T.);
#3749=ORIENTED_EDGE('',*,*,#5170,.T.);
#3750=ORIENTED_EDGE('',*,*,#5171,.T.);
#3751=ORIENTED_EDGE('',*,*,#5078,.T.);
#3752=ORIENTED_EDGE('',*,*,#5172,.T.);
#3753=ORIENTED_EDGE('',*,*,#5173,.T.);
#3754=ORIENTED_EDGE('',*,*,#5174,.T.);
#3755=ORIENTED_EDGE('',*,*,#5090,.T.);
#3756=ORIENTED_EDGE('',*,*,#5175,.T.);
#3757=ORIENTED_EDGE('',*,*,#5176,.T.);
#3758=ORIENTED_EDGE('',*,*,#5177,.T.);
#3759=ORIENTED_EDGE('',*,*,#5086,.T.);
#3760=ORIENTED_EDGE('',*,*,#5121,.F.);
#3761=ORIENTED_EDGE('',*,*,#5178,.F.);
#3762=ORIENTED_EDGE('',*,*,#5070,.F.);
#3763=CARTESIAN_POINT('',(5.275,-3.7,-2.95));
#3764=DIRECTION('',(0.0,0.0,1.0));
#3765=DIRECTION('',(1.0,0.0,0.0));
#3766=ORIENTED_EDGE('',*,*,#5079,.T.);
#3767=ORIENTED_EDGE('',*,*,#5171,.F.);
#3768=ORIENTED_EDGE('',*,*,#5179,.F.);
#3769=ORIENTED_EDGE('',*,*,#5159,.F.);
#3770=ORIENTED_EDGE('',*,*,#5180,.F.);
#3771=ORIENTED_EDGE('',*,*,#5147,.F.);
#3772=ORIENTED_EDGE('',*,*,#5181,.F.);
#3773=ORIENTED_EDGE('',*,*,#5135,.F.);
#3774=ORIENTED_EDGE('',*,*,#5182,.F.);
#3775=ORIENTED_EDGE('',*,*,#5183,.T.);
#3776=ORIENTED_EDGE('',*,*,#5184,.T.);
#3777=ORIENTED_EDGE('',*,*,#5185,.T.);
#3778=ORIENTED_EDGE('',*,*,#5186,.T.);
#3779=ORIENTED_EDGE('',*,*,#5187,.T.);
#3780=ORIENTED_EDGE('',*,*,#5188,.T.);
#3781=ORIENTED_EDGE('',*,*,#5189,.T.);
#3782=ORIENTED_EDGE('',*,*,#5190,.T.);
#3783=ORIENTED_EDGE('',*,*,#5191,.T.);
#3784=ORIENTED_EDGE('',*,*,#5192,.T.);
#3785=ORIENTED_EDGE('',*,*,#5193,.T.);
#3786=ORIENTED_EDGE('',*,*,#5194,.T.);
#3787=ORIENTED_EDGE('',*,*,#5195,.T.);
#3788=CARTESIAN_POINT('',(5.275,-3.7,2.05));
#3789=DIRECTION('',(0.0,1.0,8.67361737988404E-17));
#3790=DIRECTION('',(0.0,8.67361737988404E-17,-1.0));
#3791=ORIENTED_EDGE('',*,*,#5080,.T.);
#3792=ORIENTED_EDGE('',*,*,#5183,.F.);
#3793=ORIENTED_EDGE('',*,*,#5196,.F.);
#3794=ORIENTED_EDGE('',*,*,#5097,.T.);
#3795=CARTESIAN_POINT('',(5.275,-3.1,2.05));
#3796=DIRECTION('',(0.0,0.0,-1.0));
#3797=DIRECTION('',(0.0,-1.0,0.0));
#3798=ORIENTED_EDGE('',*,*,#5189,.F.);
#3799=ORIENTED_EDGE('',*,*,#5197,.T.);
#3800=ORIENTED_EDGE('',*,*,#5198,.F.);
#3801=ORIENTED_EDGE('',*,*,#5199,.T.);
#3802=CARTESIAN_POINT('',(-2.35,-3.7,2.05));
#3803=DIRECTION('',(-0.93334560620306,-0.358979079308869,-3.11364718130818E-17));
#3804=DIRECTION('',(-0.358979079308869,0.93334560620306,0.0));
#3805=ORIENTED_EDGE('',*,*,#5191,.F.);
#3806=ORIENTED_EDGE('',*,*,#5200,.T.);
#3807=ORIENTED_EDGE('',*,*,#5201,.F.);
#3808=ORIENTED_EDGE('',*,*,#5202,.T.);
#3809=CARTESIAN_POINT('',(-4.7,-3.7,2.05));
#3810=DIRECTION('',(0.933345606203059,-0.35897907930887,-3.11364718130818E-17));
#3811=DIRECTION('',(0.0,8.67361737988402E-17,-1.0));
#3812=ORIENTED_EDGE('',*,*,#5202,.F.);
#3813=ORIENTED_EDGE('',*,*,#5203,.F.);
#3814=ORIENTED_EDGE('',*,*,#5197,.F.);
#3815=ORIENTED_EDGE('',*,*,#5188,.F.);
#3816=CARTESIAN_POINT('',(5.275,-3.7,1.25));
#3817=DIRECTION('',(-0.0,-0.662573882203029,-0.748996562490381));
#3818=DIRECTION('',(0.0,-0.748996562490381,0.662573882203029));
#3819=ORIENTED_EDGE('',*,*,#5199,.F.);
#3820=ORIENTED_EDGE('',*,*,#5204,.F.);
#3821=ORIENTED_EDGE('',*,*,#5200,.F.);
#3822=ORIENTED_EDGE('',*,*,#5190,.F.);
#3823=CARTESIAN_POINT('',(5.275,-3.7,-2.65));
#3824=DIRECTION('',(-1.20305733368333E-16,-0.662573882203029,0.748996562490381));
#3825=DIRECTION('',(-1.0,1.81573310690004E-16,0.0));
#3826=ORIENTED_EDGE('',*,*,#5062,.T.);
#3827=ORIENTED_EDGE('',*,*,#5205,.T.);
#3828=ORIENTED_EDGE('',*,*,#5064,.T.);
#3829=ORIENTED_EDGE('',*,*,#5043,.F.);
#3830=CARTESIAN_POINT('',(-3.525,-0.3,3.95));
#3831=DIRECTION('',(-0.0,-0.0,1.0));
#3832=DIRECTION('',(1.0,0.0,0.0));
#3833=ORIENTED_EDGE('',*,*,#5206,.F.);
#3834=ORIENTED_EDGE('',*,*,#5207,.F.);
#3835=ORIENTED_EDGE('',*,*,#5208,.F.);
#3836=ORIENTED_EDGE('',*,*,#5179,.T.);
#3837=CARTESIAN_POINT('',(5.275,-3.7,-2.95));
#3838=DIRECTION('',(0.0,0.609710760849693,-0.7926239891046));
#3839=DIRECTION('',(-1.0,0.0,0.0));
#3840=ORIENTED_EDGE('',*,*,#5185,.F.);
#3841=ORIENTED_EDGE('',*,*,#5209,.T.);
#3842=ORIENTED_EDGE('',*,*,#5210,.F.);
#3843=ORIENTED_EDGE('',*,*,#5211,.T.);
#3844=CARTESIAN_POINT('',(1.15,-3.7,2.05));
#3845=DIRECTION('',(-0.933345606203059,-0.35897907930887,-3.11364718130818E-17));
#3846=DIRECTION('',(-0.35897907930887,0.933345606203059,0.0));
#3847=ORIENTED_EDGE('',*,*,#5187,.F.);
#3848=ORIENTED_EDGE('',*,*,#5212,.T.);
#3849=ORIENTED_EDGE('',*,*,#5213,.F.);
#3850=ORIENTED_EDGE('',*,*,#5214,.T.);
#3851=CARTESIAN_POINT('',(-1.2,-3.7,2.05));
#3852=DIRECTION('',(0.933345606203059,-0.35897907930887,-3.11364718130818E-17));
#3853=DIRECTION('',(0.0,8.67361737988402E-17,-1.0));
#3854=ORIENTED_EDGE('',*,*,#5214,.F.);
#3855=ORIENTED_EDGE('',*,*,#5215,.F.);
#3856=ORIENTED_EDGE('',*,*,#5209,.F.);
#3857=ORIENTED_EDGE('',*,*,#5184,.F.);
#3858=CARTESIAN_POINT('',(5.275,-3.7,1.25));
#3859=DIRECTION('',(-0.0,-0.662573882203029,-0.748996562490381));
#3860=DIRECTION('',(0.0,-0.748996562490381,0.662573882203029));
#3861=ORIENTED_EDGE('',*,*,#5211,.F.);
#3862=ORIENTED_EDGE('',*,*,#5216,.F.);
#3863=ORIENTED_EDGE('',*,*,#5212,.F.);
#3864=ORIENTED_EDGE('',*,*,#5186,.F.);
#3865=CARTESIAN_POINT('',(5.275,-3.7,-2.65));
#3866=DIRECTION('',(-1.20305733368333E-16,-0.662573882203029,0.74899656249038));
#3867=DIRECTION('',(-1.0,1.81573310690004E-16,0.0));
#3868=ORIENTED_EDGE('',*,*,#5058,.T.);
#3869=ORIENTED_EDGE('',*,*,#5217,.T.);
#3870=ORIENTED_EDGE('',*,*,#5060,.T.);
#3871=ORIENTED_EDGE('',*,*,#5047,.F.);
#3872=CARTESIAN_POINT('',(-0.024999999999999,-0.3,3.95));
#3873=DIRECTION('',(-0.0,-0.0,1.0));
#3874=DIRECTION('',(1.0,0.0,0.0));
#3875=ORIENTED_EDGE('',*,*,#5218,.F.);
#3876=ORIENTED_EDGE('',*,*,#5219,.F.);
#3877=ORIENTED_EDGE('',*,*,#5220,.F.);
#3878=ORIENTED_EDGE('',*,*,#5180,.T.);
#3879=CARTESIAN_POINT('',(5.275,-3.7,-2.95));
#3880=DIRECTION('',(0.0,0.609710760849693,-0.7926239891046));
#3881=DIRECTION('',(-1.0,0.0,0.0));
#3882=ORIENTED_EDGE('',*,*,#5193,.F.);
#3883=ORIENTED_EDGE('',*,*,#5221,.T.);
#3884=ORIENTED_EDGE('',*,*,#5222,.F.);
#3885=ORIENTED_EDGE('',*,*,#5223,.T.);
#3886=CARTESIAN_POINT('',(4.65,-3.7,2.05));
#3887=DIRECTION('',(-0.93334560620306,-0.358979079308869,-3.11364718130818E-17));
#3888=DIRECTION('',(-0.358979079308869,0.93334560620306,0.0));
#3889=ORIENTED_EDGE('',*,*,#5195,.F.);
#3890=ORIENTED_EDGE('',*,*,#5224,.T.);
#3891=ORIENTED_EDGE('',*,*,#5225,.F.);
#3892=ORIENTED_EDGE('',*,*,#5226,.T.);
#3893=CARTESIAN_POINT('',(2.3,-3.7,2.05));
#3894=DIRECTION('',(0.93334560620306,-0.358979079308869,-3.11364718130818E-17));
#3895=DIRECTION('',(0.0,8.67361737988405E-17,-1.0));
#3896=ORIENTED_EDGE('',*,*,#5226,.F.);
#3897=ORIENTED_EDGE('',*,*,#5227,.F.);
#3898=ORIENTED_EDGE('',*,*,#5221,.F.);
#3899=ORIENTED_EDGE('',*,*,#5192,.F.);
#3900=CARTESIAN_POINT('',(5.275,-3.7,1.25));
#3901=DIRECTION('',(-0.0,-0.662573882203029,-0.748996562490381));
#3902=DIRECTION('',(0.0,-0.748996562490381,0.662573882203029));
#3903=ORIENTED_EDGE('',*,*,#5223,.F.);
#3904=ORIENTED_EDGE('',*,*,#5228,.F.);
#3905=ORIENTED_EDGE('',*,*,#5224,.F.);
#3906=ORIENTED_EDGE('',*,*,#5194,.F.);
#3907=CARTESIAN_POINT('',(5.275,-3.7,-2.65));
#3908=DIRECTION('',(-1.20305733368333E-16,-0.662573882203029,0.748996562490381));
#3909=DIRECTION('',(-1.0,1.81573310690004E-16,0.0));
#3910=ORIENTED_EDGE('',*,*,#5054,.T.);
#3911=ORIENTED_EDGE('',*,*,#5096,.T.);
#3912=ORIENTED_EDGE('',*,*,#5056,.T.);
#3913=ORIENTED_EDGE('',*,*,#5051,.F.);
#3914=CARTESIAN_POINT('',(3.475,-0.3,3.95));
#3915=DIRECTION('',(-0.0,-0.0,1.0));
#3916=DIRECTION('',(1.0,0.0,0.0));
#3917=ORIENTED_EDGE('',*,*,#5229,.F.);
#3918=ORIENTED_EDGE('',*,*,#5230,.F.);
#3919=ORIENTED_EDGE('',*,*,#5231,.F.);
#3920=ORIENTED_EDGE('',*,*,#5181,.T.);
#3921=CARTESIAN_POINT('',(5.275,-3.7,-2.95));
#3922=DIRECTION('',(0.0,0.609710760849693,-0.7926239891046));
#3923=DIRECTION('',(-1.0,0.0,0.0));
#3924=ORIENTED_EDGE('',*,*,#5050,.T.);
#3925=ORIENTED_EDGE('',*,*,#5104,.F.);
#3926=ORIENTED_EDGE('',*,*,#5052,.T.);
#3927=ORIENTED_EDGE('',*,*,#5055,.T.);
#3928=CARTESIAN_POINT('',(3.475,-0.3,3.95));
#3929=DIRECTION('',(-0.0,0.0,1.0));
#3930=DIRECTION('',(1.0,0.0,0.0));
#3931=ORIENTED_EDGE('',*,*,#5232,.T.);
#3932=ORIENTED_EDGE('',*,*,#5233,.T.);
#3933=ORIENTED_EDGE('',*,*,#5234,.T.);
#3934=ORIENTED_EDGE('',*,*,#5235,.T.);
#3935=CARTESIAN_POINT('',(0.0,0.0,1.95));
#3936=DIRECTION('',(0.0,0.0,-1.0));
#3937=DIRECTION('',(0.0,-1.0,0.0));
#3938=ORIENTED_EDGE('',*,*,#5140,.T.);
#3939=ORIENTED_EDGE('',*,*,#5236,.F.);
#3940=ORIENTED_EDGE('',*,*,#5235,.F.);
#3941=ORIENTED_EDGE('',*,*,#5237,.F.);
#3942=ORIENTED_EDGE('',*,*,#5238,.T.);
#3943=CARTESIAN_POINT('',(4.66961524227066,2.8,1.95));
#3944=DIRECTION('',(1.0,0.0,0.0));
#3945=DIRECTION('',(0.0,1.0,0.0));
#3946=ORIENTED_EDGE('',*,*,#5239,.F.);
#3947=ORIENTED_EDGE('',*,*,#5240,.T.);
#3948=ORIENTED_EDGE('',*,*,#5141,.T.);
#3949=ORIENTED_EDGE('',*,*,#5238,.F.);
#3950=CARTESIAN_POINT('',(2.28038475772934,2.8,1.95));
#3951=DIRECTION('',(-0.0,1.0,0.0));
#3952=DIRECTION('',(1.0,0.0,0.0));
#3953=ORIENTED_EDGE('',*,*,#5142,.T.);
#3954=ORIENTED_EDGE('',*,*,#5240,.F.);
#3955=ORIENTED_EDGE('',*,*,#5241,.T.);
#3956=ORIENTED_EDGE('',*,*,#5233,.F.);
#3957=ORIENTED_EDGE('',*,*,#5242,.T.);
#3958=CARTESIAN_POINT('',(2.28038475772934,1.9,1.95));
#3959=DIRECTION('',(-1.0,0.0,0.0));
#3960=DIRECTION('',(0.0,0.0,1.0));
#3961=ORIENTED_EDGE('',*,*,#5143,.T.);
#3962=ORIENTED_EDGE('',*,*,#5242,.F.);
#3963=ORIENTED_EDGE('',*,*,#5232,.F.);
#3964=ORIENTED_EDGE('',*,*,#5236,.T.);
#3965=ORIENTED_EDGE('',*,*,#5139,.T.);
#3966=ORIENTED_EDGE('',*,*,#5243,.F.);
#3967=ORIENTED_EDGE('',*,*,#5244,.F.);
#3968=ORIENTED_EDGE('',*,*,#5245,.T.);
#3969=CARTESIAN_POINT('',(4.66961524227066,1.9,1.95));
#3970=DIRECTION('',(-9.07574367144948E-17,-1.0,0.0));
#3971=DIRECTION('',(-1.0,9.07574367144948E-17,0.0));
#3972=ORIENTED_EDGE('',*,*,#5246,.T.);
#3973=ORIENTED_EDGE('',*,*,#5247,.T.);
#3974=ORIENTED_EDGE('',*,*,#5244,.T.);
#3975=ORIENTED_EDGE('',*,*,#5248,.T.);
#3976=CARTESIAN_POINT('',(0.0,0.0,0.45));
#3977=DIRECTION('',(0.0,0.0,-1.0));
#3978=DIRECTION('',(0.0,-1.0,0.0));
#3979=ORIENTED_EDGE('',*,*,#5138,.T.);
#3980=ORIENTED_EDGE('',*,*,#5249,.F.);
#3981=ORIENTED_EDGE('',*,*,#5248,.F.);
#3982=ORIENTED_EDGE('',*,*,#5243,.T.);
#3983=CARTESIAN_POINT('',(4.375,1.9,0.45));
#3984=DIRECTION('',(1.0,0.0,0.0));
#3985=DIRECTION('',(0.0,1.0,0.0));
#3986=ORIENTED_EDGE('',*,*,#5144,.T.);
#3987=ORIENTED_EDGE('',*,*,#5245,.F.);
#3988=ORIENTED_EDGE('',*,*,#5247,.F.);
#3989=ORIENTED_EDGE('',*,*,#5250,.T.);
#3990=CARTESIAN_POINT('',(2.575,1.6,0.45));
#3991=DIRECTION('',(-1.0,0.0,0.0));
#3992=DIRECTION('',(0.0,0.0,1.0));
#3993=ORIENTED_EDGE('',*,*,#5239,.T.);
#3994=ORIENTED_EDGE('',*,*,#5251,.T.);
#3995=ORIENTED_EDGE('',*,*,#5118,.T.);
#3996=ORIENTED_EDGE('',*,*,#5252,.T.);
#3997=CARTESIAN_POINT('',(0.0,-7.2280144832367E-16,-1.5));
#3998=DIRECTION('',(0.0,4.81867632215781E-16,1.0));
#3999=DIRECTION('',(0.0,-1.0,4.81867632215781E-16));
#4000=ORIENTED_EDGE('',*,*,#5114,.T.);
#4001=ORIENTED_EDGE('',*,*,#5119,.F.);
#4002=ORIENTED_EDGE('',*,*,#5251,.F.);
#4003=ORIENTED_EDGE('',*,*,#5237,.T.);
#4004=ORIENTED_EDGE('',*,*,#5253,.T.);
#4005=CARTESIAN_POINT('',(4.66961524227066,2.8,-1.5));
#4006=DIRECTION('',(0.866025403784439,0.5,-2.4093381610789E-16));
#4007=DIRECTION('',(0.0,-4.8186763221578E-16,-1.0));
#4008=ORIENTED_EDGE('',*,*,#5234,.F.);
#4009=ORIENTED_EDGE('',*,*,#5254,.T.);
#4010=ORIENTED_EDGE('',*,*,#5107,.T.);
#4011=ORIENTED_EDGE('',*,*,#5253,.F.);
#4012=CARTESIAN_POINT('',(2.28038475772934,2.8,-1.5));
#4013=DIRECTION('',(0.0,-1.0,4.81867632215781E-16));
#4014=DIRECTION('',(-1.0,0.0,0.0));
#4015=ORIENTED_EDGE('',*,*,#5255,.T.);
#4016=ORIENTED_EDGE('',*,*,#5254,.F.);
#4017=ORIENTED_EDGE('',*,*,#5241,.F.);
#4018=ORIENTED_EDGE('',*,*,#5252,.F.);
#4019=ORIENTED_EDGE('',*,*,#5117,.T.);
#4020=CARTESIAN_POINT('',(2.8,3.7,-1.5));
#4021=DIRECTION('',(-0.866025403784439,0.5,-2.4093381610789E-16));
#4022=DIRECTION('',(-2.78206407173548E-16,0.0,1.0));
#4023=ORIENTED_EDGE('',*,*,#5256,.T.);
#4024=ORIENTED_EDGE('',*,*,#5230,.T.);
#4025=ORIENTED_EDGE('',*,*,#5257,.F.);
#4026=ORIENTED_EDGE('',*,*,#5093,.T.);
#4027=ORIENTED_EDGE('',*,*,#5228,.T.);
#4028=ORIENTED_EDGE('',*,*,#5222,.T.);
#4029=ORIENTED_EDGE('',*,*,#5227,.T.);
#4030=ORIENTED_EDGE('',*,*,#5225,.T.);
#4031=CARTESIAN_POINT('',(2.15,-2.4,3.55));
#4032=DIRECTION('',(-0.0,1.0,0.0));
#4033=DIRECTION('',(1.0,0.0,0.0));
#4034=ORIENTED_EDGE('',*,*,#5146,.F.);
#4035=ORIENTED_EDGE('',*,*,#5258,.F.);
#4036=ORIENTED_EDGE('',*,*,#5094,.T.);
#4037=ORIENTED_EDGE('',*,*,#5257,.T.);
#4038=ORIENTED_EDGE('',*,*,#5229,.T.);
#4039=CARTESIAN_POINT('',(2.15,1.6,3.55));
#4040=DIRECTION('',(1.0,0.0,0.0));
#4041=DIRECTION('',(0.0,1.0,0.0));
#4042=ORIENTED_EDGE('',*,*,#5250,.F.);
#4043=ORIENTED_EDGE('',*,*,#5246,.F.);
#4044=ORIENTED_EDGE('',*,*,#5249,.T.);
#4045=ORIENTED_EDGE('',*,*,#5137,.F.);
#4046=ORIENTED_EDGE('',*,*,#5259,.F.);
#4047=ORIENTED_EDGE('',*,*,#5095,.T.);
#4048=ORIENTED_EDGE('',*,*,#5258,.T.);
#4049=ORIENTED_EDGE('',*,*,#5145,.F.);
#4050=CARTESIAN_POINT('',(4.8,1.6,3.55));
#4051=DIRECTION('',(0.0,-1.0,0.0));
#4052=DIRECTION('',(0.0,0.0,-1.0));
#4053=ORIENTED_EDGE('',*,*,#5136,.F.);
#4054=ORIENTED_EDGE('',*,*,#5231,.T.);
#4055=ORIENTED_EDGE('',*,*,#5256,.F.);
#4056=ORIENTED_EDGE('',*,*,#5092,.T.);
#4057=ORIENTED_EDGE('',*,*,#5259,.T.);
#4058=CARTESIAN_POINT('',(4.8,-2.4,3.55));
#4059=DIRECTION('',(-1.0,0.0,0.0));
#4060=DIRECTION('',(0.0,0.0,1.0));
#4061=ORIENTED_EDGE('',*,*,#5046,.T.);
#4062=ORIENTED_EDGE('',*,*,#5102,.F.);
#4063=ORIENTED_EDGE('',*,*,#5048,.T.);
#4064=ORIENTED_EDGE('',*,*,#5059,.T.);
#4065=CARTESIAN_POINT('',(-0.024999999999999,-0.3,3.95));
#4066=DIRECTION('',(-0.0,0.0,1.0));
#4067=DIRECTION('',(1.0,0.0,0.0));
#4068=ORIENTED_EDGE('',*,*,#5260,.T.);
#4069=ORIENTED_EDGE('',*,*,#5261,.T.);
#4070=ORIENTED_EDGE('',*,*,#5262,.T.);
#4071=ORIENTED_EDGE('',*,*,#5263,.T.);
#4072=CARTESIAN_POINT('',(0.0,0.0,1.95));
#4073=DIRECTION('',(0.0,0.0,-1.0));
#4074=DIRECTION('',(0.0,-1.0,0.0));
#4075=ORIENTED_EDGE('',*,*,#5152,.T.);
#4076=ORIENTED_EDGE('',*,*,#5264,.F.);
#4077=ORIENTED_EDGE('',*,*,#5263,.F.);
#4078=ORIENTED_EDGE('',*,*,#5265,.F.);
#4079=ORIENTED_EDGE('',*,*,#5266,.T.);
#4080=CARTESIAN_POINT('',(1.16961524227066,2.8,1.95));
#4081=DIRECTION('',(1.0,0.0,0.0));
#4082=DIRECTION('',(0.0,1.0,0.0));
#4083=ORIENTED_EDGE('',*,*,#5267,.F.);
#4084=ORIENTED_EDGE('',*,*,#5268,.T.);
#4085=ORIENTED_EDGE('',*,*,#5153,.T.);
#4086=ORIENTED_EDGE('',*,*,#5266,.F.);
#4087=CARTESIAN_POINT('',(-1.21961524227066,2.8,1.95));
#4088=DIRECTION('',(-0.0,1.0,0.0));
#4089=DIRECTION('',(1.0,0.0,0.0));
#4090=ORIENTED_EDGE('',*,*,#5154,.T.);
#4091=ORIENTED_EDGE('',*,*,#5268,.F.);
#4092=ORIENTED_EDGE('',*,*,#5269,.T.);
#4093=ORIENTED_EDGE('',*,*,#5261,.F.);
#4094=ORIENTED_EDGE('',*,*,#5270,.T.);
#4095=CARTESIAN_POINT('',(-1.21961524227066,1.9,1.95));
#4096=DIRECTION('',(-1.0,0.0,0.0));
#4097=DIRECTION('',(0.0,0.0,1.0));
#4098=ORIENTED_EDGE('',*,*,#5155,.T.);
#4099=ORIENTED_EDGE('',*,*,#5270,.F.);
#4100=ORIENTED_EDGE('',*,*,#5260,.F.);
#4101=ORIENTED_EDGE('',*,*,#5264,.T.);
#4102=ORIENTED_EDGE('',*,*,#5151,.T.);
#4103=ORIENTED_EDGE('',*,*,#5271,.F.);
#4104=ORIENTED_EDGE('',*,*,#5272,.F.);
#4105=ORIENTED_EDGE('',*,*,#5273,.T.);
#4106=CARTESIAN_POINT('',(1.16961524227066,1.9,1.95));
#4107=DIRECTION('',(-9.07574367144948E-17,-1.0,0.0));
#4108=DIRECTION('',(-1.0,9.07574367144948E-17,0.0));
#4109=ORIENTED_EDGE('',*,*,#5274,.T.);
#4110=ORIENTED_EDGE('',*,*,#5275,.T.);
#4111=ORIENTED_EDGE('',*,*,#5272,.T.);
#4112=ORIENTED_EDGE('',*,*,#5276,.T.);
#4113=CARTESIAN_POINT('',(0.0,0.0,0.45));
#4114=DIRECTION('',(0.0,0.0,-1.0));
#4115=DIRECTION('',(0.0,-1.0,0.0));
#4116=ORIENTED_EDGE('',*,*,#5150,.T.);
#4117=ORIENTED_EDGE('',*,*,#5277,.F.);
#4118=ORIENTED_EDGE('',*,*,#5276,.F.);
#4119=ORIENTED_EDGE('',*,*,#5271,.T.);
#4120=CARTESIAN_POINT('',(0.875,1.9,0.45));
#4121=DIRECTION('',(1.0,0.0,0.0));
#4122=DIRECTION('',(0.0,1.0,0.0));
#4123=ORIENTED_EDGE('',*,*,#5156,.T.);
#4124=ORIENTED_EDGE('',*,*,#5273,.F.);
#4125=ORIENTED_EDGE('',*,*,#5275,.F.);
#4126=ORIENTED_EDGE('',*,*,#5278,.T.);
#4127=CARTESIAN_POINT('',(-0.925,1.6,0.45));
#4128=DIRECTION('',(-1.0,0.0,0.0));
#4129=DIRECTION('',(0.0,0.0,1.0));
#4130=ORIENTED_EDGE('',*,*,#5267,.T.);
#4131=ORIENTED_EDGE('',*,*,#5279,.T.);
#4132=ORIENTED_EDGE('',*,*,#5128,.T.);
#4133=ORIENTED_EDGE('',*,*,#5280,.T.);
#4134=CARTESIAN_POINT('',(0.0,-7.2280144832367E-16,-1.5));
#4135=DIRECTION('',(0.0,4.81867632215781E-16,1.0));
#4136=DIRECTION('',(0.0,-1.0,4.81867632215781E-16));
#4137=ORIENTED_EDGE('',*,*,#5281,.T.);
#4138=ORIENTED_EDGE('',*,*,#5129,.F.);
#4139=ORIENTED_EDGE('',*,*,#5279,.F.);
#4140=ORIENTED_EDGE('',*,*,#5265,.T.);
#4141=ORIENTED_EDGE('',*,*,#5282,.T.);
#4142=CARTESIAN_POINT('',(1.16961524227066,2.8,-1.5));
#4143=DIRECTION('',(0.866025403784439,0.5,-2.4093381610789E-16));
#4144=DIRECTION('',(0.0,-4.8186763221578E-16,-1.0));
#4145=ORIENTED_EDGE('',*,*,#5262,.F.);
#4146=ORIENTED_EDGE('',*,*,#5283,.T.);
#4147=ORIENTED_EDGE('',*,*,#5109,.T.);
#4148=ORIENTED_EDGE('',*,*,#5282,.F.);
#4149=CARTESIAN_POINT('',(-1.21961524227066,2.8,-1.5));
#4150=DIRECTION('',(0.0,-1.0,4.81867632215781E-16));
#4151=DIRECTION('',(-1.0,0.0,0.0));
#4152=ORIENTED_EDGE('',*,*,#5284,.T.);
#4153=ORIENTED_EDGE('',*,*,#5283,.F.);
#4154=ORIENTED_EDGE('',*,*,#5269,.F.);
#4155=ORIENTED_EDGE('',*,*,#5280,.F.);
#4156=ORIENTED_EDGE('',*,*,#5127,.T.);
#4157=CARTESIAN_POINT('',(-0.7,3.7,-1.5));
#4158=DIRECTION('',(-0.866025403784439,0.5,-2.4093381610789E-16));
#4159=DIRECTION('',(-2.78206407173548E-16,0.0,1.0));
#4160=ORIENTED_EDGE('',*,*,#5285,.F.);
#4161=ORIENTED_EDGE('',*,*,#5286,.F.);
#4162=ORIENTED_EDGE('',*,*,#5287,.F.);
#4163=ORIENTED_EDGE('',*,*,#5288,.F.);
#4164=ORIENTED_EDGE('',*,*,#5217,.F.);
#4165=ORIENTED_EDGE('',*,*,#5061,.F.);
#4166=CARTESIAN_POINT('',(0.0,0.0,3.55));
#4167=DIRECTION('',(0.0,0.0,1.0));
#4168=DIRECTION('',(1.0,0.0,0.0));
#4169=ORIENTED_EDGE('',*,*,#5289,.T.);
#4170=ORIENTED_EDGE('',*,*,#5219,.T.);
#4171=ORIENTED_EDGE('',*,*,#5290,.F.);
#4172=ORIENTED_EDGE('',*,*,#5286,.T.);
#4173=ORIENTED_EDGE('',*,*,#5216,.T.);
#4174=ORIENTED_EDGE('',*,*,#5210,.T.);
#4175=ORIENTED_EDGE('',*,*,#5215,.T.);
#4176=ORIENTED_EDGE('',*,*,#5213,.T.);
#4177=CARTESIAN_POINT('',(-1.35,-2.4,3.55));
#4178=DIRECTION('',(-0.0,1.0,0.0));
#4179=DIRECTION('',(1.0,0.0,0.0));
#4180=ORIENTED_EDGE('',*,*,#5158,.F.);
#4181=ORIENTED_EDGE('',*,*,#5291,.F.);
#4182=ORIENTED_EDGE('',*,*,#5287,.T.);
#4183=ORIENTED_EDGE('',*,*,#5290,.T.);
#4184=ORIENTED_EDGE('',*,*,#5218,.T.);
#4185=CARTESIAN_POINT('',(-1.35,1.6,3.55));
#4186=DIRECTION('',(1.0,0.0,0.0));
#4187=DIRECTION('',(0.0,1.0,0.0));
#4188=ORIENTED_EDGE('',*,*,#5278,.F.);
#4189=ORIENTED_EDGE('',*,*,#5274,.F.);
#4190=ORIENTED_EDGE('',*,*,#5277,.T.);
#4191=ORIENTED_EDGE('',*,*,#5149,.F.);
#4192=ORIENTED_EDGE('',*,*,#5292,.F.);
#4193=ORIENTED_EDGE('',*,*,#5288,.T.);
#4194=ORIENTED_EDGE('',*,*,#5291,.T.);
#4195=ORIENTED_EDGE('',*,*,#5157,.F.);
#4196=CARTESIAN_POINT('',(1.3,1.6,3.55));
#4197=DIRECTION('',(0.0,-1.0,0.0));
#4198=DIRECTION('',(0.0,0.0,-1.0));
#4199=ORIENTED_EDGE('',*,*,#5148,.F.);
#4200=ORIENTED_EDGE('',*,*,#5220,.T.);
#4201=ORIENTED_EDGE('',*,*,#5289,.F.);
#4202=ORIENTED_EDGE('',*,*,#5285,.T.);
#4203=ORIENTED_EDGE('',*,*,#5292,.T.);
#4204=CARTESIAN_POINT('',(1.3,-2.4,3.55));
#4205=DIRECTION('',(-1.0,0.0,0.0));
#4206=DIRECTION('',(0.0,0.0,1.0));
#4207=ORIENTED_EDGE('',*,*,#5042,.T.);
#4208=ORIENTED_EDGE('',*,*,#5103,.F.);
#4209=ORIENTED_EDGE('',*,*,#5044,.T.);
#4210=ORIENTED_EDGE('',*,*,#5063,.T.);
#4211=CARTESIAN_POINT('',(-3.525,-0.3,3.95));
#4212=DIRECTION('',(-0.0,0.0,1.0));
#4213=DIRECTION('',(1.0,0.0,0.0));
#4214=ORIENTED_EDGE('',*,*,#5293,.T.);
#4215=ORIENTED_EDGE('',*,*,#5294,.T.);
#4216=ORIENTED_EDGE('',*,*,#5295,.T.);
#4217=ORIENTED_EDGE('',*,*,#5296,.T.);
#4218=CARTESIAN_POINT('',(0.0,0.0,1.95));
#4219=DIRECTION('',(0.0,0.0,-1.0));
#4220=DIRECTION('',(0.0,-1.0,0.0));
#4221=ORIENTED_EDGE('',*,*,#5164,.T.);
#4222=ORIENTED_EDGE('',*,*,#5297,.F.);
#4223=ORIENTED_EDGE('',*,*,#5296,.F.);
#4224=ORIENTED_EDGE('',*,*,#5298,.F.);
#4225=ORIENTED_EDGE('',*,*,#5299,.T.);
#4226=CARTESIAN_POINT('',(-2.33038475772934,2.8,1.95));
#4227=DIRECTION('',(1.0,0.0,0.0));
#4228=DIRECTION('',(0.0,1.0,0.0));
#4229=ORIENTED_EDGE('',*,*,#5300,.F.);
#4230=ORIENTED_EDGE('',*,*,#5301,.T.);
#4231=ORIENTED_EDGE('',*,*,#5165,.T.);
#4232=ORIENTED_EDGE('',*,*,#5299,.F.);
#4233=CARTESIAN_POINT('',(-4.71961524227066,2.8,1.95));
#4234=DIRECTION('',(-0.0,1.0,0.0));
#4235=DIRECTION('',(1.0,0.0,0.0));
#4236=ORIENTED_EDGE('',*,*,#5166,.T.);
#4237=ORIENTED_EDGE('',*,*,#5301,.F.);
#4238=ORIENTED_EDGE('',*,*,#5302,.T.);
#4239=ORIENTED_EDGE('',*,*,#5294,.F.);
#4240=ORIENTED_EDGE('',*,*,#5303,.T.);
#4241=CARTESIAN_POINT('',(-4.71961524227066,1.9,1.95));
#4242=DIRECTION('',(-1.0,0.0,0.0));
#4243=DIRECTION('',(0.0,0.0,1.0));
#4244=ORIENTED_EDGE('',*,*,#5167,.T.);
#4245=ORIENTED_EDGE('',*,*,#5303,.F.);
#4246=ORIENTED_EDGE('',*,*,#5293,.F.);
#4247=ORIENTED_EDGE('',*,*,#5297,.T.);
#4248=ORIENTED_EDGE('',*,*,#5163,.T.);
#4249=ORIENTED_EDGE('',*,*,#5304,.F.);
#4250=ORIENTED_EDGE('',*,*,#5305,.F.);
#4251=ORIENTED_EDGE('',*,*,#5306,.T.);
#4252=CARTESIAN_POINT('',(-2.33038475772934,1.9,1.95));
#4253=DIRECTION('',(-9.07574367144948E-17,-1.0,0.0));
#4254=DIRECTION('',(-1.0,9.07574367144948E-17,0.0));
#4255=ORIENTED_EDGE('',*,*,#5307,.T.);
#4256=ORIENTED_EDGE('',*,*,#5308,.T.);
#4257=ORIENTED_EDGE('',*,*,#5305,.T.);
#4258=ORIENTED_EDGE('',*,*,#5309,.T.);
#4259=CARTESIAN_POINT('',(0.0,0.0,0.45));
#4260=DIRECTION('',(0.0,0.0,-1.0));
#4261=DIRECTION('',(0.0,-1.0,0.0));
#4262=ORIENTED_EDGE('',*,*,#5162,.T.);
#4263=ORIENTED_EDGE('',*,*,#5310,.F.);
#4264=ORIENTED_EDGE('',*,*,#5309,.F.);
#4265=ORIENTED_EDGE('',*,*,#5304,.T.);
#4266=CARTESIAN_POINT('',(-2.625,1.9,0.45));
#4267=DIRECTION('',(1.0,0.0,0.0));
#4268=DIRECTION('',(0.0,1.0,0.0));
#4269=ORIENTED_EDGE('',*,*,#5168,.T.);
#4270=ORIENTED_EDGE('',*,*,#5306,.F.);
#4271=ORIENTED_EDGE('',*,*,#5308,.F.);
#4272=ORIENTED_EDGE('',*,*,#5311,.T.);
#4273=CARTESIAN_POINT('',(-4.425,1.6,0.45));
#4274=DIRECTION('',(-1.0,0.0,0.0));
#4275=DIRECTION('',(0.0,0.0,1.0));
#4276=ORIENTED_EDGE('',*,*,#5300,.T.);
#4277=ORIENTED_EDGE('',*,*,#5312,.T.);
#4278=ORIENTED_EDGE('',*,*,#5124,.T.);
#4279=ORIENTED_EDGE('',*,*,#5313,.T.);
#4280=CARTESIAN_POINT('',(0.0,-7.2280144832367E-16,-1.5));
#4281=DIRECTION('',(0.0,4.81867632215781E-16,1.0));
#4282=DIRECTION('',(0.0,-1.0,4.81867632215781E-16));
#4283=ORIENTED_EDGE('',*,*,#5314,.T.);
#4284=ORIENTED_EDGE('',*,*,#5125,.F.);
#4285=ORIENTED_EDGE('',*,*,#5312,.F.);
#4286=ORIENTED_EDGE('',*,*,#5298,.T.);
#4287=ORIENTED_EDGE('',*,*,#5315,.T.);
#4288=CARTESIAN_POINT('',(-2.33038475772934,2.8,-1.5));
#4289=DIRECTION('',(0.866025403784439,0.5,-2.4093381610789E-16));
#4290=DIRECTION('',(0.0,-4.8186763221578E-16,-1.0));
#4291=ORIENTED_EDGE('',*,*,#5295,.F.);
#4292=ORIENTED_EDGE('',*,*,#5316,.T.);
#4293=ORIENTED_EDGE('',*,*,#5111,.T.);
#4294=ORIENTED_EDGE('',*,*,#5315,.F.);
#4295=CARTESIAN_POINT('',(-4.71961524227066,2.8,-1.5));
#4296=DIRECTION('',(0.0,-1.0,4.81867632215781E-16));
#4297=DIRECTION('',(-1.0,0.0,0.0));
#4298=ORIENTED_EDGE('',*,*,#5317,.T.);
#4299=ORIENTED_EDGE('',*,*,#5316,.F.);
#4300=ORIENTED_EDGE('',*,*,#5302,.F.);
#4301=ORIENTED_EDGE('',*,*,#5313,.F.);
#4302=ORIENTED_EDGE('',*,*,#5123,.T.);
#4303=CARTESIAN_POINT('',(-4.2,3.7,-1.5));
#4304=DIRECTION('',(-0.866025403784439,0.5,-2.4093381610789E-16));
#4305=DIRECTION('',(-2.78206407173548E-16,0.0,1.0));
#4306=ORIENTED_EDGE('',*,*,#5318,.F.);
#4307=ORIENTED_EDGE('',*,*,#5319,.F.);
#4308=ORIENTED_EDGE('',*,*,#5320,.F.);
#4309=ORIENTED_EDGE('',*,*,#5321,.F.);
#4310=ORIENTED_EDGE('',*,*,#5205,.F.);
#4311=ORIENTED_EDGE('',*,*,#5065,.F.);
#4312=CARTESIAN_POINT('',(0.0,0.0,3.55));
#4313=DIRECTION('',(0.0,0.0,1.0));
#4314=DIRECTION('',(1.0,0.0,0.0));
#4315=ORIENTED_EDGE('',*,*,#5322,.T.);
#4316=ORIENTED_EDGE('',*,*,#5207,.T.);
#4317=ORIENTED_EDGE('',*,*,#5323,.F.);
#4318=ORIENTED_EDGE('',*,*,#5319,.T.);
#4319=ORIENTED_EDGE('',*,*,#5204,.T.);
#4320=ORIENTED_EDGE('',*,*,#5198,.T.);
#4321=ORIENTED_EDGE('',*,*,#5203,.T.);
#4322=ORIENTED_EDGE('',*,*,#5201,.T.);
#4323=CARTESIAN_POINT('',(-4.85,-2.4,3.55));
#4324=DIRECTION('',(-0.0,1.0,0.0));
#4325=DIRECTION('',(1.0,0.0,0.0));
#4326=ORIENTED_EDGE('',*,*,#5170,.F.);
#4327=ORIENTED_EDGE('',*,*,#5324,.F.);
#4328=ORIENTED_EDGE('',*,*,#5320,.T.);
#4329=ORIENTED_EDGE('',*,*,#5323,.T.);
#4330=ORIENTED_EDGE('',*,*,#5206,.T.);
#4331=CARTESIAN_POINT('',(-4.85,1.6,3.55));
#4332=DIRECTION('',(1.0,0.0,0.0));
#4333=DIRECTION('',(0.0,1.0,0.0));
#4334=ORIENTED_EDGE('',*,*,#5311,.F.);
#4335=ORIENTED_EDGE('',*,*,#5307,.F.);
#4336=ORIENTED_EDGE('',*,*,#5310,.T.);
#4337=ORIENTED_EDGE('',*,*,#5161,.F.);
#4338=ORIENTED_EDGE('',*,*,#5325,.F.);
#4339=ORIENTED_EDGE('',*,*,#5321,.T.);
#4340=ORIENTED_EDGE('',*,*,#5324,.T.);
#4341=ORIENTED_EDGE('',*,*,#5169,.F.);
#4342=CARTESIAN_POINT('',(-2.2,1.6,3.55));
#4343=DIRECTION('',(0.0,-1.0,0.0));
#4344=DIRECTION('',(0.0,0.0,-1.0));
#4345=ORIENTED_EDGE('',*,*,#5160,.F.);
#4346=ORIENTED_EDGE('',*,*,#5208,.T.);
#4347=ORIENTED_EDGE('',*,*,#5322,.F.);
#4348=ORIENTED_EDGE('',*,*,#5318,.T.);
#4349=ORIENTED_EDGE('',*,*,#5325,.T.);
#4350=CARTESIAN_POINT('',(-2.2,-2.4,3.55));
#4351=DIRECTION('',(-1.0,0.0,0.0));
#4352=DIRECTION('',(0.0,0.0,1.0));
#4353=ORIENTED_EDGE('',*,*,#5075,.F.);
#4354=ORIENTED_EDGE('',*,*,#5326,.F.);
#4355=ORIENTED_EDGE('',*,*,#5071,.T.);
#4356=ORIENTED_EDGE('',*,*,#5178,.T.);
#4357=ORIENTED_EDGE('',*,*,#5120,.T.);
#4358=ORIENTED_EDGE('',*,*,#5115,.T.);
#4359=ORIENTED_EDGE('',*,*,#5105,.T.);
#4360=ORIENTED_EDGE('',*,*,#5100,.T.);
#4361=ORIENTED_EDGE('',*,*,#5098,.T.);
#4362=ORIENTED_EDGE('',*,*,#5196,.T.);
#4363=ORIENTED_EDGE('',*,*,#5182,.T.);
#4364=ORIENTED_EDGE('',*,*,#5134,.T.);
#4365=ORIENTED_EDGE('',*,*,#5327,.F.);
#4366=ORIENTED_EDGE('',*,*,#5328,.F.);
#4367=ORIENTED_EDGE('',*,*,#5329,.T.);
#4368=ORIENTED_EDGE('',*,*,#5130,.T.);
#4369=CARTESIAN_POINT('',(5.275,0.0,0.0));
#4370=DIRECTION('',(1.0,0.0,0.0));
#4371=DIRECTION('',(0.0,1.0,0.0));
#4372=ORIENTED_EDGE('',*,*,#5132,.T.);
#4373=ORIENTED_EDGE('',*,*,#5330,.F.);
#4374=ORIENTED_EDGE('',*,*,#5331,.F.);
#4375=ORIENTED_EDGE('',*,*,#5332,.T.);
#4376=CARTESIAN_POINT('',(4.875,-3.2,0.15));
#4377=DIRECTION('',(-1.0,0.0,0.0));
#4378=DIRECTION('',(0.0,0.0,1.0));
#4379=ORIENTED_EDGE('',*,*,#5131,.T.);
#4380=ORIENTED_EDGE('',*,*,#5329,.F.);
#4381=ORIENTED_EDGE('',*,*,#5333,.F.);
#4382=ORIENTED_EDGE('',*,*,#5330,.T.);
#4383=CARTESIAN_POINT('',(4.875,-2.55,0.15));
#4384=DIRECTION('',(0.184288535050184,0.982872186934322,0.0));
#4385=DIRECTION('',(0.0,0.0,-1.0));
#4386=ORIENTED_EDGE('',*,*,#5133,.T.);
#4387=ORIENTED_EDGE('',*,*,#5332,.F.);
#4388=ORIENTED_EDGE('',*,*,#5334,.F.);
#4389=ORIENTED_EDGE('',*,*,#5327,.T.);
#4390=CARTESIAN_POINT('',(5.275,-3.125,0.15));
#4391=DIRECTION('',(0.184288535050184,-0.982872186934322,0.0));
#4392=DIRECTION('',(0.0,0.0,-1.0));
#4393=ORIENTED_EDGE('',*,*,#5328,.T.);
#4394=ORIENTED_EDGE('',*,*,#5334,.T.);
#4395=ORIENTED_EDGE('',*,*,#5331,.T.);
#4396=ORIENTED_EDGE('',*,*,#5333,.T.);
#4397=CARTESIAN_POINT('',(0.0,0.0,0.15));
#4398=DIRECTION('',(0.0,0.0,-1.0));
#4399=DIRECTION('',(0.0,-1.0,0.0));
#4400=ORIENTED_EDGE('',*,*,#5326,.T.);
#4401=ORIENTED_EDGE('',*,*,#5074,.T.);
#4402=ORIENTED_EDGE('',*,*,#5068,.T.);
#4403=ORIENTED_EDGE('',*,*,#5072,.T.);
#4404=CARTESIAN_POINT('',(0.0,0.0,0.15));
#4405=DIRECTION('',(0.0,0.0,-1.0));
#4406=DIRECTION('',(0.0,-1.0,0.0));
#4407=ORIENTED_EDGE('',*,*,#5175,.F.);
#4408=ORIENTED_EDGE('',*,*,#5089,.F.);
#4409=ORIENTED_EDGE('',*,*,#5335,.T.);
#4410=ORIENTED_EDGE('',*,*,#5336,.T.);
#4411=CARTESIAN_POINT('',(-5.275,2.625,0.15));
#4412=DIRECTION('',(0.184288535050186,-0.982872186934322,0.0));
#4413=DIRECTION('',(0.0,0.0,-1.0));
#4414=ORIENTED_EDGE('',*,*,#5176,.F.);
#4415=ORIENTED_EDGE('',*,*,#5336,.F.);
#4416=ORIENTED_EDGE('',*,*,#5337,.T.);
#4417=ORIENTED_EDGE('',*,*,#5338,.T.);
#4418=CARTESIAN_POINT('',(-5.675,2.55,0.15));
#4419=DIRECTION('',(-1.0,0.0,0.0));
#4420=DIRECTION('',(0.0,0.0,1.0));
#4421=ORIENTED_EDGE('',*,*,#5177,.F.);
#4422=ORIENTED_EDGE('',*,*,#5338,.F.);
#4423=ORIENTED_EDGE('',*,*,#5339,.T.);
#4424=ORIENTED_EDGE('',*,*,#5087,.T.);
#4425=CARTESIAN_POINT('',(-5.675,3.2,0.15));
#4426=DIRECTION('',(0.184288535050185,0.982872186934322,0.0));
#4427=DIRECTION('',(0.0,0.0,-1.0));
#4428=ORIENTED_EDGE('',*,*,#5088,.F.);
#4429=ORIENTED_EDGE('',*,*,#5339,.F.);
#4430=ORIENTED_EDGE('',*,*,#5337,.F.);
#4431=ORIENTED_EDGE('',*,*,#5335,.F.);
#4432=CARTESIAN_POINT('',(0.0,0.0,0.15));
#4433=DIRECTION('',(0.0,0.0,-1.0));
#4434=DIRECTION('',(0.0,-1.0,0.0));
#4435=ORIENTED_EDGE('',*,*,#5172,.F.);
#4436=ORIENTED_EDGE('',*,*,#5077,.F.);
#4437=ORIENTED_EDGE('',*,*,#5340,.T.);
#4438=ORIENTED_EDGE('',*,*,#5341,.T.);
#4439=CARTESIAN_POINT('',(-5.275,-3.125,0.15));
#4440=DIRECTION('',(0.184288535050185,-0.982872186934322,0.0));
#4441=DIRECTION('',(0.0,0.0,-1.0));
#4442=ORIENTED_EDGE('',*,*,#5173,.F.);
#4443=ORIENTED_EDGE('',*,*,#5341,.F.);
#4444=ORIENTED_EDGE('',*,*,#5342,.T.);
#4445=ORIENTED_EDGE('',*,*,#5343,.T.);
#4446=CARTESIAN_POINT('',(-5.675,-3.2,0.15));
#4447=DIRECTION('',(-1.0,0.0,0.0));
#4448=DIRECTION('',(0.0,0.0,1.0));
#4449=ORIENTED_EDGE('',*,*,#5174,.F.);
#4450=ORIENTED_EDGE('',*,*,#5343,.F.);
#4451=ORIENTED_EDGE('',*,*,#5344,.T.);
#4452=ORIENTED_EDGE('',*,*,#5091,.T.);
#4453=CARTESIAN_POINT('',(-5.675,-2.55,0.15));
#4454=DIRECTION('',(0.184288535050185,0.982872186934322,0.0));
#4455=DIRECTION('',(0.0,0.0,-1.0));
#4456=ORIENTED_EDGE('',*,*,#5076,.F.);
#4457=ORIENTED_EDGE('',*,*,#5344,.F.);
#4458=ORIENTED_EDGE('',*,*,#5342,.F.);
#4459=ORIENTED_EDGE('',*,*,#5340,.F.);
#4460=CARTESIAN_POINT('',(0.0,0.0,0.15));
#4461=DIRECTION('',(0.0,0.0,-1.0));
#4462=DIRECTION('',(0.0,-1.0,0.0));
#4463=ORIENTED_EDGE('',*,*,#5112,.F.);
#4464=ORIENTED_EDGE('',*,*,#5317,.F.);
#4465=ORIENTED_EDGE('',*,*,#5122,.T.);
#4466=ORIENTED_EDGE('',*,*,#5084,.T.);
#4467=CARTESIAN_POINT('',(5.275,3.7,2.95));
#4468=DIRECTION('',(0.0,-4.81867632215781E-16,-1.0));
#4469=DIRECTION('',(0.0,-1.0,4.81867632215781E-16));
#4470=ORIENTED_EDGE('',*,*,#5110,.F.);
#4471=ORIENTED_EDGE('',*,*,#5284,.F.);
#4472=ORIENTED_EDGE('',*,*,#5126,.T.);
#4473=ORIENTED_EDGE('',*,*,#5314,.F.);
#4474=CARTESIAN_POINT('',(5.275,3.7,2.95));
#4475=DIRECTION('',(0.0,-4.81867632215781E-16,-1.0));
#4476=DIRECTION('',(0.0,-1.0,4.81867632215781E-16));
#4477=ORIENTED_EDGE('',*,*,#5108,.F.);
#4478=ORIENTED_EDGE('',*,*,#5255,.F.);
#4479=ORIENTED_EDGE('',*,*,#5116,.T.);
#4480=ORIENTED_EDGE('',*,*,#5281,.F.);
#4481=CARTESIAN_POINT('',(5.275,3.7,2.95));
#4482=DIRECTION('',(0.0,-4.81867632215781E-16,-1.0));
#4483=DIRECTION('',(0.0,-1.0,4.81867632215781E-16));
#4484=EDGE_CURVE('',#5345,#5346,#5347,.T.);
#4485=EDGE_CURVE('',#5348,#5345,#5349,.F.);
#4486=EDGE_CURVE('',#5350,#5348,#5351,.T.);
#4487=EDGE_CURVE('',#5350,#5346,#5352,.T.);
#4488=EDGE_CURVE('',#5353,#5346,#5354,.T.);
#4489=EDGE_CURVE('',#5355,#5353,#5356,.F.);
#4490=EDGE_CURVE('',#5350,#5355,#5357,.T.);
#4491=EDGE_CURVE('',#5346,#5350,#5358,.T.);
#4492=EDGE_CURVE('',#5353,#5355,#5359,.F.);
#4493=EDGE_CURVE('',#5345,#5348,#5360,.F.);
#4494=EDGE_CURVE('',#5361,#5362,#5363,.T.);
#4495=EDGE_CURVE('',#5364,#5361,#5365,.T.);
#4496=EDGE_CURVE('',#5364,#5366,#5367,.T.);
#4497=EDGE_CURVE('',#5366,#5362,#5368,.T.);
#4498=EDGE_CURVE('',#5369,#5370,#5371,.T.);
#4499=EDGE_CURVE('',#5372,#5370,#5373,.T.);
#4500=EDGE_CURVE('',#5374,#5372,#5375,.T.);
#4501=EDGE_CURVE('',#5369,#5374,#5376,.T.);
#4502=EDGE_CURVE('',#5377,#5361,#5378,.T.);
#4503=EDGE_CURVE('',#5379,#5377,#5380,.T.);
#4504=EDGE_CURVE('',#5379,#5364,#5381,.T.);
#4505=EDGE_CURVE('',#5382,#5377,#5383,.T.);
#4506=EDGE_CURVE('',#5384,#5382,#5385,.T.);
#4507=EDGE_CURVE('',#5384,#5379,#5386,.T.);
#4508=EDGE_CURVE('',#5362,#5382,#5387,.T.);
#4509=EDGE_CURVE('',#5366,#5384,#5388,.T.);
#4510=EDGE_CURVE('',#5374,#5389,#5390,.T.);
#4511=EDGE_CURVE('',#5389,#5391,#5392,.T.);
#4512=EDGE_CURVE('',#5391,#5369,#5393,.T.);
#4513=EDGE_CURVE('',#5394,#5372,#5395,.T.);
#4514=EDGE_CURVE('',#5370,#5396,#5397,.T.);
#4515=EDGE_CURVE('',#5396,#5394,#5398,.T.);
#4516=EDGE_CURVE('',#5389,#5394,#5399,.T.);
#4517=EDGE_CURVE('',#5391,#5396,#5400,.T.);
#4518=EDGE_CURVE('',#5401,#5402,#5403,.T.);
#4519=EDGE_CURVE('',#5404,#5401,#5405,.F.);
#4520=EDGE_CURVE('',#5406,#5404,#5407,.T.);
#4521=EDGE_CURVE('',#5406,#5402,#5408,.T.);
#4522=EDGE_CURVE('',#5409,#5402,#5410,.T.);
#4523=EDGE_CURVE('',#5411,#5409,#5412,.F.);
#4524=EDGE_CURVE('',#5406,#5411,#5413,.T.);
#4525=EDGE_CURVE('',#5402,#5406,#5414,.T.);
#4526=EDGE_CURVE('',#5409,#5411,#5415,.F.);
#4527=EDGE_CURVE('',#5401,#5404,#5416,.F.);
#4528=EDGE_CURVE('',#5417,#5418,#5419,.T.);
#4529=EDGE_CURVE('',#5420,#5417,#5421,.T.);
#4530=EDGE_CURVE('',#5420,#5422,#5423,.T.);
#4531=EDGE_CURVE('',#5422,#5418,#5424,.T.);
#4532=EDGE_CURVE('',#5425,#5426,#5427,.T.);
#4533=EDGE_CURVE('',#5428,#5426,#5429,.T.);
#4534=EDGE_CURVE('',#5430,#5428,#5431,.T.);
#4535=EDGE_CURVE('',#5425,#5430,#5432,.T.);
#4536=EDGE_CURVE('',#5433,#5417,#5434,.T.);
#4537=EDGE_CURVE('',#5435,#5433,#5436,.T.);
#4538=EDGE_CURVE('',#5435,#5420,#5437,.T.);
#4539=EDGE_CURVE('',#5438,#5433,#5439,.T.);
#4540=EDGE_CURVE('',#5440,#5438,#5441,.T.);
#4541=EDGE_CURVE('',#5440,#5435,#5442,.T.);
#4542=EDGE_CURVE('',#5418,#5438,#5443,.T.);
#4543=EDGE_CURVE('',#5422,#5440,#5444,.T.);
#4544=EDGE_CURVE('',#5430,#5445,#5446,.T.);
#4545=EDGE_CURVE('',#5445,#5447,#5448,.T.);
#4546=EDGE_CURVE('',#5447,#5425,#5449,.T.);
#4547=EDGE_CURVE('',#5450,#5428,#5451,.T.);
#4548=EDGE_CURVE('',#5426,#5452,#5453,.T.);
#4549=EDGE_CURVE('',#5452,#5450,#5454,.T.);
#4550=EDGE_CURVE('',#5445,#5450,#5455,.T.);
#4551=EDGE_CURVE('',#5447,#5452,#5456,.T.);
#4552=EDGE_CURVE('',#5457,#5458,#5459,.T.);
#4553=EDGE_CURVE('',#5460,#5457,#5461,.F.);
#4554=EDGE_CURVE('',#5462,#5460,#5463,.T.);
#4555=EDGE_CURVE('',#5462,#5458,#5464,.T.);
#4556=EDGE_CURVE('',#5465,#5458,#5466,.T.);
#4557=EDGE_CURVE('',#5467,#5465,#5468,.F.);
#4558=EDGE_CURVE('',#5462,#5467,#5469,.T.);
#4559=EDGE_CURVE('',#5458,#5462,#5470,.T.);
#4560=EDGE_CURVE('',#5465,#5467,#5471,.F.);
#4561=EDGE_CURVE('',#5457,#5460,#5472,.F.);
#4562=EDGE_CURVE('',#5473,#5474,#5475,.T.);
#4563=EDGE_CURVE('',#5476,#5473,#5477,.T.);
#4564=EDGE_CURVE('',#5476,#5478,#5479,.T.);
#4565=EDGE_CURVE('',#5478,#5474,#5480,.T.);
#4566=EDGE_CURVE('',#5481,#5482,#5483,.T.);
#4567=EDGE_CURVE('',#5484,#5482,#5485,.T.);
#4568=EDGE_CURVE('',#5486,#5484,#5487,.T.);
#4569=EDGE_CURVE('',#5481,#5486,#5488,.T.);
#4570=EDGE_CURVE('',#5489,#5473,#5490,.T.);
#4571=EDGE_CURVE('',#5491,#5489,#5492,.T.);
#4572=EDGE_CURVE('',#5491,#5476,#5493,.T.);
#4573=EDGE_CURVE('',#5494,#5489,#5495,.T.);
#4574=EDGE_CURVE('',#5496,#5494,#5497,.T.);
#4575=EDGE_CURVE('',#5496,#5491,#5498,.T.);
#4576=EDGE_CURVE('',#5474,#5494,#5499,.T.);
#4577=EDGE_CURVE('',#5478,#5496,#5500,.T.);
#4578=EDGE_CURVE('',#5486,#5501,#5502,.T.);
#4579=EDGE_CURVE('',#5501,#5503,#5504,.T.);
#4580=EDGE_CURVE('',#5503,#5481,#5505,.T.);
#4581=EDGE_CURVE('',#5506,#5484,#5507,.T.);
#4582=EDGE_CURVE('',#5482,#5508,#5509,.T.);
#4583=EDGE_CURVE('',#5508,#5506,#5510,.T.);
#4584=EDGE_CURVE('',#5501,#5506,#5511,.T.);
#4585=EDGE_CURVE('',#5503,#5508,#5512,.T.);
#4586=EDGE_CURVE('',#5513,#5514,#5515,.F.);
#4587=EDGE_CURVE('',#5516,#5513,#5517,.F.);
#4588=EDGE_CURVE('',#5518,#5516,#5519,.T.);
#4589=EDGE_CURVE('',#5514,#5518,#5520,.T.);
#4590=EDGE_CURVE('',#5521,#5522,#5523,.T.);
#4591=EDGE_CURVE('',#5524,#5521,#5525,.F.);
#4592=EDGE_CURVE('',#5526,#5524,#5527,.F.);
#4593=EDGE_CURVE('',#5522,#5526,#5528,.T.);
#4594=EDGE_CURVE('',#5529,#5530,#5531,.F.);
#4595=EDGE_CURVE('',#5532,#5529,#5533,.F.);
#4596=EDGE_CURVE('',#5534,#5532,#5535,.T.);
#4597=EDGE_CURVE('',#5530,#5534,#5536,.T.);
#4598=EDGE_CURVE('',#5537,#5521,#5538,.T.);
#4599=EDGE_CURVE('',#5522,#5539,#5540,.T.);
#4600=EDGE_CURVE('',#5539,#5541,#5542,.F.);
#4601=EDGE_CURVE('',#5541,#5543,#5544,.T.);
#4602=EDGE_CURVE('',#5543,#5545,#5546,.T.);
#4603=EDGE_CURVE('',#5545,#5547,#5548,.T.);
#4604=EDGE_CURVE('',#5547,#5549,#5550,.F.);
#4605=EDGE_CURVE('',#5549,#5551,#5552,.T.);
#4606=EDGE_CURVE('',#5551,#5553,#5554,.T.);
#4607=EDGE_CURVE('',#5555,#5553,#5556,.T.);
#4608=EDGE_CURVE('',#5537,#5555,#5557,.T.);
#4609=EDGE_CURVE('',#5543,#5558,#5559,.F.);
#4610=EDGE_CURVE('',#5558,#5560,#5561,.T.);
#4611=EDGE_CURVE('',#5545,#5560,#5562,.F.);
#4612=EDGE_CURVE('',#5558,#5563,#5564,.T.);
#4613=EDGE_CURVE('',#5563,#5565,#5566,.F.);
#4614=EDGE_CURVE('',#5565,#5567,#5568,.F.);
#4615=EDGE_CURVE('',#5567,#5569,#5570,.T.);
#4616=EDGE_CURVE('',#5560,#5569,#5571,.T.);
#4617=EDGE_CURVE('',#5572,#5573,#5574,.T.);
#4618=EDGE_CURVE('',#5572,#5575,#5576,.F.);
#4619=EDGE_CURVE('',#5577,#5575,#5578,.T.);
#4620=EDGE_CURVE('',#5577,#5579,#5580,.T.);
#4621=EDGE_CURVE('',#5579,#5581,#5582,.T.);
#4622=EDGE_CURVE('',#5581,#5573,#5583,.T.);
#4623=EDGE_CURVE('',#5584,#5577,#5585,.F.);
#4624=EDGE_CURVE('',#5584,#5586,#5587,.T.);
#4625=EDGE_CURVE('',#5586,#5579,#5588,.F.);
#4626=EDGE_CURVE('',#5589,#5526,#5590,.T.);
#4627=EDGE_CURVE('',#5524,#5591,#5592,.T.);
#4628=EDGE_CURVE('',#5591,#5593,#5594,.T.);
#4629=EDGE_CURVE('',#5595,#5593,#5596,.T.);
#4630=EDGE_CURVE('',#5595,#5597,#5598,.F.);
#4631=EDGE_CURVE('',#5597,#5599,#5600,.T.);
#4632=EDGE_CURVE('',#5599,#5601,#5602,.T.);
#4633=EDGE_CURVE('',#5601,#5586,#5603,.T.);
#4634=EDGE_CURVE('',#5584,#5604,#5605,.T.);
#4635=EDGE_CURVE('',#5604,#5589,#5606,.T.);
#4636=EDGE_CURVE('',#5607,#5591,#5608,.T.);
#4637=EDGE_CURVE('',#5607,#5609,#5610,.T.);
#4638=EDGE_CURVE('',#5609,#5593,#5611,.T.);
#4639=EDGE_CURVE('',#5607,#5612,#5613,.T.);
#4640=EDGE_CURVE('',#5612,#5614,#5615,.T.);
#4641=EDGE_CURVE('',#5616,#5614,#5617,.T.);
#4642=EDGE_CURVE('',#5616,#5534,#5618,.T.);
#4643=EDGE_CURVE('',#5532,#5619,#5620,.T.);
#4644=EDGE_CURVE('',#5619,#5621,#5622,.T.);
#4645=EDGE_CURVE('',#5518,#5621,#5623,.T.);
#4646=EDGE_CURVE('',#5624,#5516,#5625,.T.);
#4647=EDGE_CURVE('',#5624,#5626,#5627,.T.);
#4648=EDGE_CURVE('',#5628,#5626,#5629,.T.);
#4649=EDGE_CURVE('',#5609,#5628,#5630,.T.);
#4650=EDGE_CURVE('',#5631,#5619,#5632,.T.);
#4651=EDGE_CURVE('',#5631,#5633,#5634,.T.);
#4652=EDGE_CURVE('',#5633,#5621,#5635,.T.);
#4653=EDGE_CURVE('',#5636,#5631,#5637,.T.);
#4654=EDGE_CURVE('',#5636,#5638,#5639,.F.);
#4655=EDGE_CURVE('',#5638,#5640,#5641,.T.);
#4656=EDGE_CURVE('',#5640,#5642,#5643,.F.);
#4657=EDGE_CURVE('',#5642,#5633,#5644,.T.);
#4658=EDGE_CURVE('',#5645,#5626,#5646,.T.);
#4659=EDGE_CURVE('',#5647,#5624,#5648,.T.);
#4660=EDGE_CURVE('',#5647,#5645,#5649,.T.);
#4661=EDGE_CURVE('',#5565,#5572,#5650,.T.);
#4662=EDGE_CURVE('',#5573,#5567,#5651,.T.);
#4663=EDGE_CURVE('',#5652,#5614,#5653,.T.);
#4664=EDGE_CURVE('',#5654,#5652,#5655,.T.);
#4665=EDGE_CURVE('',#5654,#5616,#5656,.T.);
#4666=EDGE_CURVE('',#5638,#5657,#5658,.T.);
#4667=EDGE_CURVE('',#5657,#5659,#5660,.T.);
#4668=EDGE_CURVE('',#5659,#5640,#5661,.F.);
#4669=EDGE_CURVE('',#5575,#5563,#5662,.T.);
#4670=EDGE_CURVE('',#5569,#5581,#5663,.T.);
#4671=EDGE_CURVE('',#5664,#5636,#5665,.T.);
#4672=EDGE_CURVE('',#5657,#5664,#5666,.T.);
#4673=EDGE_CURVE('',#5667,#5659,#5668,.T.);
#4674=EDGE_CURVE('',#5642,#5667,#5669,.F.);
#4675=EDGE_CURVE('',#5589,#5539,#5670,.F.);
#4676=EDGE_CURVE('',#5541,#5604,#5671,.T.);
#4677=EDGE_CURVE('',#5601,#5547,#5672,.F.);
#4678=EDGE_CURVE('',#5549,#5599,#5673,.T.);
#4679=EDGE_CURVE('',#5597,#5551,#5674,.F.);
#4680=EDGE_CURVE('',#5553,#5595,#5675,.T.);
#4681=EDGE_CURVE('',#5664,#5676,#5677,.T.);
#4682=EDGE_CURVE('',#5678,#5529,#5679,.T.);
#4683=EDGE_CURVE('',#5676,#5678,#5680,.T.);
#4684=EDGE_CURVE('',#5530,#5654,#5681,.T.);
#4685=EDGE_CURVE('',#5667,#5682,#5683,.T.);
#4686=EDGE_CURVE('',#5682,#5684,#5685,.T.);
#4687=EDGE_CURVE('',#5684,#5514,#5686,.T.);
#4688=EDGE_CURVE('',#5513,#5647,#5687,.T.);
#4689=EDGE_CURVE('',#5652,#5688,#5689,.T.);
#4690=EDGE_CURVE('',#5688,#5690,#5691,.T.);
#4691=EDGE_CURVE('',#5690,#5692,#5693,.T.);
#4692=EDGE_CURVE('',#5694,#5692,#5695,.T.);
#4693=EDGE_CURVE('',#5645,#5694,#5696,.T.);
#4694=EDGE_CURVE('',#5678,#5684,#5697,.T.);
#4695=EDGE_CURVE('',#5676,#5682,#5698,.T.);
#4696=EDGE_CURVE('',#5694,#5628,#5699,.T.);
#4697=EDGE_CURVE('',#5692,#5555,#5700,.T.);
#4698=EDGE_CURVE('',#5690,#5537,#5701,.T.);
#4699=EDGE_CURVE('',#5688,#5612,#5702,.T.);
#4700=EDGE_CURVE('',#5703,#5704,#5705,.F.);
#4701=EDGE_CURVE('',#5706,#5703,#5707,.F.);
#4702=EDGE_CURVE('',#5708,#5706,#5709,.T.);
#4703=EDGE_CURVE('',#5704,#5708,#5710,.T.);
#4704=EDGE_CURVE('',#5711,#5712,#5713,.T.);
#4705=EDGE_CURVE('',#5714,#5711,#5715,.F.);
#4706=EDGE_CURVE('',#5716,#5714,#5717,.F.);
#4707=EDGE_CURVE('',#5712,#5716,#5718,.T.);
#4708=EDGE_CURVE('',#5719,#5720,#5721,.F.);
#4709=EDGE_CURVE('',#5722,#5719,#5723,.F.);
#4710=EDGE_CURVE('',#5724,#5722,#5725,.T.);
#4711=EDGE_CURVE('',#5720,#5724,#5726,.T.);
#4712=EDGE_CURVE('',#5727,#5711,#5728,.T.);
#4713=EDGE_CURVE('',#5712,#5729,#5730,.T.);
#4714=EDGE_CURVE('',#5729,#5731,#5732,.F.);
#4715=EDGE_CURVE('',#5731,#5733,#5734,.T.);
#4716=EDGE_CURVE('',#5733,#5735,#5736,.T.);
#4717=EDGE_CURVE('',#5735,#5737,#5738,.T.);
#4718=EDGE_CURVE('',#5737,#5739,#5740,.F.);
#4719=EDGE_CURVE('',#5739,#5741,#5742,.T.);
#4720=EDGE_CURVE('',#5741,#5743,#5744,.T.);
#4721=EDGE_CURVE('',#5745,#5743,#5746,.T.);
#4722=EDGE_CURVE('',#5727,#5745,#5747,.T.);
#4723=EDGE_CURVE('',#5733,#5748,#5749,.F.);
#4724=EDGE_CURVE('',#5748,#5750,#5751,.T.);
#4725=EDGE_CURVE('',#5735,#5750,#5752,.F.);
#4726=EDGE_CURVE('',#5748,#5753,#5754,.T.);
#4727=EDGE_CURVE('',#5753,#5755,#5756,.F.);
#4728=EDGE_CURVE('',#5755,#5757,#5758,.F.);
#4729=EDGE_CURVE('',#5757,#5759,#5760,.T.);
#4730=EDGE_CURVE('',#5750,#5759,#5761,.T.);
#4731=EDGE_CURVE('',#5762,#5763,#5764,.T.);
#4732=EDGE_CURVE('',#5762,#5765,#5766,.F.);
#4733=EDGE_CURVE('',#5767,#5765,#5768,.T.);
#4734=EDGE_CURVE('',#5767,#5769,#5770,.T.);
#4735=EDGE_CURVE('',#5769,#5771,#5772,.T.);
#4736=EDGE_CURVE('',#5771,#5763,#5773,.T.);
#4737=EDGE_CURVE('',#5774,#5767,#5775,.F.);
#4738=EDGE_CURVE('',#5774,#5776,#5777,.T.);
#4739=EDGE_CURVE('',#5776,#5769,#5778,.F.);
#4740=EDGE_CURVE('',#5779,#5716,#5780,.T.);
#4741=EDGE_CURVE('',#5714,#5781,#5782,.T.);
#4742=EDGE_CURVE('',#5781,#5783,#5784,.T.);
#4743=EDGE_CURVE('',#5785,#5783,#5786,.T.);
#4744=EDGE_CURVE('',#5785,#5787,#5788,.F.);
#4745=EDGE_CURVE('',#5787,#5789,#5790,.T.);
#4746=EDGE_CURVE('',#5789,#5791,#5792,.T.);
#4747=EDGE_CURVE('',#5791,#5776,#5793,.T.);
#4748=EDGE_CURVE('',#5774,#5794,#5795,.T.);
#4749=EDGE_CURVE('',#5794,#5779,#5796,.T.);
#4750=EDGE_CURVE('',#5797,#5781,#5798,.T.);
#4751=EDGE_CURVE('',#5797,#5799,#5800,.T.);
#4752=EDGE_CURVE('',#5799,#5783,#5801,.T.);
#4753=EDGE_CURVE('',#5797,#5802,#5803,.T.);
#4754=EDGE_CURVE('',#5802,#5804,#5805,.T.);
#4755=EDGE_CURVE('',#5806,#5804,#5807,.T.);
#4756=EDGE_CURVE('',#5806,#5724,#5808,.T.);
#4757=EDGE_CURVE('',#5722,#5809,#5810,.T.);
#4758=EDGE_CURVE('',#5809,#5811,#5812,.T.);
#4759=EDGE_CURVE('',#5708,#5811,#5813,.T.);
#4760=EDGE_CURVE('',#5814,#5706,#5815,.T.);
#4761=EDGE_CURVE('',#5814,#5816,#5817,.T.);
#4762=EDGE_CURVE('',#5818,#5816,#5819,.T.);
#4763=EDGE_CURVE('',#5799,#5818,#5820,.T.);
#4764=EDGE_CURVE('',#5821,#5809,#5822,.T.);
#4765=EDGE_CURVE('',#5821,#5823,#5824,.T.);
#4766=EDGE_CURVE('',#5823,#5811,#5825,.T.);
#4767=EDGE_CURVE('',#5826,#5821,#5827,.T.);
#4768=EDGE_CURVE('',#5826,#5828,#5829,.F.);
#4769=EDGE_CURVE('',#5828,#5830,#5831,.T.);
#4770=EDGE_CURVE('',#5830,#5832,#5833,.F.);
#4771=EDGE_CURVE('',#5832,#5823,#5834,.T.);
#4772=EDGE_CURVE('',#5835,#5816,#5836,.T.);
#4773=EDGE_CURVE('',#5837,#5814,#5838,.T.);
#4774=EDGE_CURVE('',#5837,#5835,#5839,.T.);
#4775=EDGE_CURVE('',#5755,#5762,#5840,.T.);
#4776=EDGE_CURVE('',#5763,#5757,#5841,.T.);
#4777=EDGE_CURVE('',#5842,#5804,#5843,.T.);
#4778=EDGE_CURVE('',#5844,#5842,#5845,.T.);
#4779=EDGE_CURVE('',#5844,#5806,#5846,.T.);
#4780=EDGE_CURVE('',#5828,#5847,#5848,.T.);
#4781=EDGE_CURVE('',#5847,#5849,#5850,.T.);
#4782=EDGE_CURVE('',#5849,#5830,#5851,.F.);
#4783=EDGE_CURVE('',#5765,#5753,#5852,.T.);
#4784=EDGE_CURVE('',#5759,#5771,#5853,.T.);
#4785=EDGE_CURVE('',#5854,#5826,#5855,.T.);
#4786=EDGE_CURVE('',#5847,#5854,#5856,.T.);
#4787=EDGE_CURVE('',#5857,#5849,#5858,.T.);
#4788=EDGE_CURVE('',#5832,#5857,#5859,.F.);
#4789=EDGE_CURVE('',#5779,#5729,#5860,.F.);
#4790=EDGE_CURVE('',#5731,#5794,#5861,.T.);
#4791=EDGE_CURVE('',#5791,#5737,#5862,.F.);
#4792=EDGE_CURVE('',#5739,#5789,#5863,.T.);
#4793=EDGE_CURVE('',#5787,#5741,#5864,.F.);
#4794=EDGE_CURVE('',#5743,#5785,#5865,.T.);
#4795=EDGE_CURVE('',#5854,#5866,#5867,.T.);
#4796=EDGE_CURVE('',#5868,#5719,#5869,.T.);
#4797=EDGE_CURVE('',#5866,#5868,#5870,.T.);
#4798=EDGE_CURVE('',#5720,#5844,#5871,.T.);
#4799=EDGE_CURVE('',#5857,#5872,#5873,.T.);
#4800=EDGE_CURVE('',#5872,#5874,#5875,.T.);
#4801=EDGE_CURVE('',#5874,#5704,#5876,.T.);
#4802=EDGE_CURVE('',#5703,#5837,#5877,.T.);
#4803=EDGE_CURVE('',#5842,#5878,#5879,.T.);
#4804=EDGE_CURVE('',#5878,#5880,#5881,.T.);
#4805=EDGE_CURVE('',#5880,#5882,#5883,.T.);
#4806=EDGE_CURVE('',#5884,#5882,#5885,.T.);
#4807=EDGE_CURVE('',#5835,#5884,#5886,.T.);
#4808=EDGE_CURVE('',#5868,#5874,#5887,.T.);
#4809=EDGE_CURVE('',#5866,#5872,#5888,.T.);
#4810=EDGE_CURVE('',#5884,#5818,#5889,.T.);
#4811=EDGE_CURVE('',#5882,#5745,#5890,.T.);
#4812=EDGE_CURVE('',#5880,#5727,#5891,.T.);
#4813=EDGE_CURVE('',#5878,#5802,#5892,.T.);
#4814=EDGE_CURVE('',#5893,#5894,#5895,.F.);
#4815=EDGE_CURVE('',#5896,#5893,#5897,.F.);
#4816=EDGE_CURVE('',#5898,#5896,#5899,.T.);
#4817=EDGE_CURVE('',#5894,#5898,#5900,.T.);
#4818=EDGE_CURVE('',#5901,#5902,#5903,.T.);
#4819=EDGE_CURVE('',#5904,#5901,#5905,.F.);
#4820=EDGE_CURVE('',#5906,#5904,#5907,.F.);
#4821=EDGE_CURVE('',#5902,#5906,#5908,.T.);
#4822=EDGE_CURVE('',#5909,#5910,#5911,.F.);
#4823=EDGE_CURVE('',#5912,#5909,#5913,.F.);
#4824=EDGE_CURVE('',#5914,#5912,#5915,.T.);
#4825=EDGE_CURVE('',#5910,#5914,#5916,.T.);
#4826=EDGE_CURVE('',#5917,#5901,#5918,.T.);
#4827=EDGE_CURVE('',#5902,#5919,#5920,.T.);
#4828=EDGE_CURVE('',#5919,#5921,#5922,.F.);
#4829=EDGE_CURVE('',#5921,#5923,#5924,.T.);
#4830=EDGE_CURVE('',#5923,#5925,#5926,.T.);
#4831=EDGE_CURVE('',#5925,#5927,#5928,.T.);
#4832=EDGE_CURVE('',#5927,#5929,#5930,.F.);
#4833=EDGE_CURVE('',#5929,#5931,#5932,.T.);
#4834=EDGE_CURVE('',#5931,#5933,#5934,.T.);
#4835=EDGE_CURVE('',#5935,#5933,#5936,.T.);
#4836=EDGE_CURVE('',#5917,#5935,#5937,.T.);
#4837=EDGE_CURVE('',#5923,#5938,#5939,.F.);
#4838=EDGE_CURVE('',#5938,#5940,#5941,.T.);
#4839=EDGE_CURVE('',#5925,#5940,#5942,.F.);
#4840=EDGE_CURVE('',#5938,#5943,#5944,.T.);
#4841=EDGE_CURVE('',#5943,#5945,#5946,.F.);
#4842=EDGE_CURVE('',#5945,#5947,#5948,.F.);
#4843=EDGE_CURVE('',#5947,#5949,#5950,.T.);
#4844=EDGE_CURVE('',#5940,#5949,#5951,.T.);
#4845=EDGE_CURVE('',#5952,#5953,#5954,.T.);
#4846=EDGE_CURVE('',#5952,#5955,#5956,.F.);
#4847=EDGE_CURVE('',#5957,#5955,#5958,.T.);
#4848=EDGE_CURVE('',#5957,#5959,#5960,.T.);
#4849=EDGE_CURVE('',#5959,#5961,#5962,.T.);
#4850=EDGE_CURVE('',#5961,#5953,#5963,.T.);
#4851=EDGE_CURVE('',#5964,#5957,#5965,.F.);
#4852=EDGE_CURVE('',#5964,#5966,#5967,.T.);
#4853=EDGE_CURVE('',#5966,#5959,#5968,.F.);
#4854=EDGE_CURVE('',#5969,#5906,#5970,.T.);
#4855=EDGE_CURVE('',#5904,#5971,#5972,.T.);
#4856=EDGE_CURVE('',#5971,#5973,#5974,.T.);
#4857=EDGE_CURVE('',#5975,#5973,#5976,.T.);
#4858=EDGE_CURVE('',#5975,#5977,#5978,.F.);
#4859=EDGE_CURVE('',#5977,#5979,#5980,.T.);
#4860=EDGE_CURVE('',#5979,#5981,#5982,.T.);
#4861=EDGE_CURVE('',#5981,#5966,#5983,.T.);
#4862=EDGE_CURVE('',#5964,#5984,#5985,.T.);
#4863=EDGE_CURVE('',#5984,#5969,#5986,.T.);
#4864=EDGE_CURVE('',#5987,#5971,#5988,.T.);
#4865=EDGE_CURVE('',#5987,#5989,#5990,.T.);
#4866=EDGE_CURVE('',#5989,#5973,#5991,.T.);
#4867=EDGE_CURVE('',#5987,#5992,#5993,.T.);
#4868=EDGE_CURVE('',#5992,#5994,#5995,.T.);
#4869=EDGE_CURVE('',#5996,#5994,#5997,.T.);
#4870=EDGE_CURVE('',#5996,#5914,#5998,.T.);
#4871=EDGE_CURVE('',#5912,#5999,#6000,.T.);
#4872=EDGE_CURVE('',#5999,#6001,#6002,.T.);
#4873=EDGE_CURVE('',#5898,#6001,#6003,.T.);
#4874=EDGE_CURVE('',#6004,#5896,#6005,.T.);
#4875=EDGE_CURVE('',#6004,#6006,#6007,.T.);
#4876=EDGE_CURVE('',#6008,#6006,#6009,.T.);
#4877=EDGE_CURVE('',#5989,#6008,#6010,.T.);
#4878=EDGE_CURVE('',#6011,#5999,#6012,.T.);
#4879=EDGE_CURVE('',#6011,#6013,#6014,.T.);
#4880=EDGE_CURVE('',#6013,#6001,#6015,.T.);
#4881=EDGE_CURVE('',#6016,#6011,#6017,.T.);
#4882=EDGE_CURVE('',#6016,#6018,#6019,.F.);
#4883=EDGE_CURVE('',#6018,#6020,#6021,.T.);
#4884=EDGE_CURVE('',#6020,#6022,#6023,.F.);
#4885=EDGE_CURVE('',#6022,#6013,#6024,.T.);
#4886=EDGE_CURVE('',#6025,#6006,#6026,.T.);
#4887=EDGE_CURVE('',#6027,#6004,#6028,.T.);
#4888=EDGE_CURVE('',#6027,#6025,#6029,.T.);
#4889=EDGE_CURVE('',#5945,#5952,#6030,.T.);
#4890=EDGE_CURVE('',#5953,#5947,#6031,.T.);
#4891=EDGE_CURVE('',#6032,#5994,#6033,.T.);
#4892=EDGE_CURVE('',#6034,#6032,#6035,.T.);
#4893=EDGE_CURVE('',#6034,#5996,#6036,.T.);
#4894=EDGE_CURVE('',#6018,#6037,#6038,.T.);
#4895=EDGE_CURVE('',#6037,#6039,#6040,.T.);
#4896=EDGE_CURVE('',#6039,#6020,#6041,.F.);
#4897=EDGE_CURVE('',#5955,#5943,#6042,.T.);
#4898=EDGE_CURVE('',#5949,#5961,#6043,.T.);
#4899=EDGE_CURVE('',#6044,#6016,#6045,.T.);
#4900=EDGE_CURVE('',#6037,#6044,#6046,.T.);
#4901=EDGE_CURVE('',#6047,#6039,#6048,.T.);
#4902=EDGE_CURVE('',#6022,#6047,#6049,.F.);
#4903=EDGE_CURVE('',#5969,#5919,#6050,.F.);
#4904=EDGE_CURVE('',#5921,#5984,#6051,.T.);
#4905=EDGE_CURVE('',#5981,#5927,#6052,.F.);
#4906=EDGE_CURVE('',#5929,#5979,#6053,.T.);
#4907=EDGE_CURVE('',#5977,#5931,#6054,.F.);
#4908=EDGE_CURVE('',#5933,#5975,#6055,.T.);
#4909=EDGE_CURVE('',#6044,#6056,#6057,.T.);
#4910=EDGE_CURVE('',#6058,#5909,#6059,.T.);
#4911=EDGE_CURVE('',#6056,#6058,#6060,.T.);
#4912=EDGE_CURVE('',#5910,#6034,#6061,.T.);
#4913=EDGE_CURVE('',#6047,#6062,#6063,.T.);
#4914=EDGE_CURVE('',#6062,#6064,#6065,.T.);
#4915=EDGE_CURVE('',#6064,#5894,#6066,.T.);
#4916=EDGE_CURVE('',#5893,#6027,#6067,.T.);
#4917=EDGE_CURVE('',#6032,#6068,#6069,.T.);
#4918=EDGE_CURVE('',#6068,#6070,#6071,.T.);
#4919=EDGE_CURVE('',#6070,#6072,#6073,.T.);
#4920=EDGE_CURVE('',#6074,#6072,#6075,.T.);
#4921=EDGE_CURVE('',#6025,#6074,#6076,.T.);
#4922=EDGE_CURVE('',#6058,#6064,#6077,.T.);
#4923=EDGE_CURVE('',#6056,#6062,#6078,.T.);
#4924=EDGE_CURVE('',#6074,#6008,#6079,.T.);
#4925=EDGE_CURVE('',#6072,#5935,#6080,.T.);
#4926=EDGE_CURVE('',#6070,#5917,#6081,.T.);
#4927=EDGE_CURVE('',#6068,#5992,#6082,.T.);
#4928=EDGE_CURVE('',#6083,#6084,#6085,.T.);
#4929=EDGE_CURVE('',#6083,#6086,#6087,.T.);
#4930=EDGE_CURVE('',#6088,#6086,#6089,.T.);
#4931=EDGE_CURVE('',#6088,#6084,#6090,.T.);
#4932=EDGE_CURVE('',#6091,#6092,#6093,.T.);
#4933=EDGE_CURVE('',#6094,#6091,#6095,.F.);
#4934=EDGE_CURVE('',#6096,#6094,#6097,.T.);
#4935=EDGE_CURVE('',#6092,#6096,#6098,.T.);
#4936=EDGE_CURVE('',#6099,#6084,#6100,.T.);
#4937=EDGE_CURVE('',#6101,#6099,#6102,.F.);
#4938=EDGE_CURVE('',#6088,#6101,#6103,.T.);
#4939=EDGE_CURVE('',#6084,#6088,#6104,.T.);
#4940=EDGE_CURVE('',#6091,#6105,#6106,.T.);
#4941=EDGE_CURVE('',#6091,#6094,#6107,.F.);
#4942=EDGE_CURVE('',#6108,#6094,#6109,.T.);
#4943=EDGE_CURVE('',#6110,#6108,#6111,.F.);
#4944=EDGE_CURVE('',#6110,#6112,#6113,.F.);
#4945=EDGE_CURVE('',#6112,#6114,#6115,.T.);
#4946=EDGE_CURVE('',#6114,#6116,#6117,.T.);
#4947=EDGE_CURVE('',#6105,#6116,#6118,.F.);
#4948=EDGE_CURVE('',#6119,#6120,#6121,.T.);
#4949=EDGE_CURVE('',#6122,#6120,#6123,.T.);
#4950=EDGE_CURVE('',#6124,#6122,#6125,.T.);
#4951=EDGE_CURVE('',#6126,#6124,#6127,.T.);
#4952=EDGE_CURVE('',#6128,#6126,#6129,.T.);
#4953=EDGE_CURVE('',#6119,#6128,#6130,.F.);
#4954=EDGE_CURVE('',#6131,#6114,#6132,.T.);
#4955=EDGE_CURVE('',#6133,#6131,#6134,.T.);
#4956=EDGE_CURVE('',#6112,#6133,#6135,.T.);
#4957=EDGE_CURVE('',#6110,#6116,#6136,.T.);
#4958=EDGE_CURVE('',#6108,#6120,#6137,.F.);
#4959=EDGE_CURVE('',#6119,#6105,#6138,.F.);
#4960=EDGE_CURVE('',#6128,#6122,#6139,.T.);
#4961=EDGE_CURVE('',#6131,#6133,#6140,.F.);
#4962=EDGE_CURVE('',#6099,#6101,#6141,.F.);
#4963=EDGE_CURVE('',#6096,#6092,#6142,.T.);
#4964=EDGE_CURVE('',#6086,#6083,#6143,.T.);
#4965=EDGE_CURVE('',#6124,#6126,#6144,.F.);
#4966=EDGE_CURVE('',#6145,#6146,#6147,.T.);
#4967=EDGE_CURVE('',#6145,#6148,#6149,.T.);
#4968=EDGE_CURVE('',#6150,#6148,#6151,.T.);
#4969=EDGE_CURVE('',#6150,#6146,#6152,.T.);
#4970=EDGE_CURVE('',#6153,#6154,#6155,.T.);
#4971=EDGE_CURVE('',#6156,#6153,#6157,.F.);
#4972=EDGE_CURVE('',#6158,#6156,#6159,.T.);
#4973=EDGE_CURVE('',#6154,#6158,#6160,.T.);
#4974=EDGE_CURVE('',#6161,#6146,#6162,.T.);
#4975=EDGE_CURVE('',#6163,#6161,#6164,.F.);
#4976=EDGE_CURVE('',#6150,#6163,#6165,.T.);
#4977=EDGE_CURVE('',#6146,#6150,#6166,.T.);
#4978=EDGE_CURVE('',#6153,#6167,#6168,.T.);
#4979=EDGE_CURVE('',#6153,#6156,#6169,.F.);
#4980=EDGE_CURVE('',#6170,#6156,#6171,.T.);
#4981=EDGE_CURVE('',#6172,#6170,#6173,.F.);
#4982=EDGE_CURVE('',#6172,#6174,#6175,.F.);
#4983=EDGE_CURVE('',#6174,#6176,#6177,.T.);
#4984=EDGE_CURVE('',#6176,#6178,#6179,.T.);
#4985=EDGE_CURVE('',#6167,#6178,#6180,.F.);
#4986=EDGE_CURVE('',#6181,#6182,#6183,.T.);
#4987=EDGE_CURVE('',#6184,#6182,#6185,.T.);
#4988=EDGE_CURVE('',#6186,#6184,#6187,.T.);
#4989=EDGE_CURVE('',#6188,#6186,#6189,.T.);
#4990=EDGE_CURVE('',#6190,#6188,#6191,.T.);
#4991=EDGE_CURVE('',#6181,#6190,#6192,.F.);
#4992=EDGE_CURVE('',#6193,#6176,#6194,.T.);
#4993=EDGE_CURVE('',#6195,#6193,#6196,.T.);
#4994=EDGE_CURVE('',#6174,#6195,#6197,.T.);
#4995=EDGE_CURVE('',#6172,#6178,#6198,.T.);
#4996=EDGE_CURVE('',#6170,#6182,#6199,.F.);
#4997=EDGE_CURVE('',#6181,#6167,#6200,.F.);
#4998=EDGE_CURVE('',#6190,#6184,#6201,.T.);
#4999=EDGE_CURVE('',#6193,#6195,#6202,.F.);
#5000=EDGE_CURVE('',#6161,#6163,#6203,.F.);
#5001=EDGE_CURVE('',#6158,#6154,#6204,.T.);
#5002=EDGE_CURVE('',#6148,#6145,#6205,.T.);
#5003=EDGE_CURVE('',#6186,#6188,#6206,.F.);
#5004=EDGE_CURVE('',#6207,#6208,#6209,.T.);
#5005=EDGE_CURVE('',#6207,#6210,#6211,.T.);
#5006=EDGE_CURVE('',#6212,#6210,#6213,.T.);
#5007=EDGE_CURVE('',#6212,#6208,#6214,.T.);
#5008=EDGE_CURVE('',#6215,#6216,#6217,.T.);
#5009=EDGE_CURVE('',#6218,#6215,#6219,.F.);
#5010=EDGE_CURVE('',#6220,#6218,#6221,.T.);
#5011=EDGE_CURVE('',#6216,#6220,#6222,.T.);
#5012=EDGE_CURVE('',#6223,#6208,#6224,.T.);
#5013=EDGE_CURVE('',#6225,#6223,#6226,.F.);
#5014=EDGE_CURVE('',#6212,#6225,#6227,.T.);
#5015=EDGE_CURVE('',#6208,#6212,#6228,.T.);
#5016=EDGE_CURVE('',#6215,#6229,#6230,.T.);
#5017=EDGE_CURVE('',#6215,#6218,#6231,.F.);
#5018=EDGE_CURVE('',#6232,#6218,#6233,.T.);
#5019=EDGE_CURVE('',#6234,#6232,#6235,.F.);
#5020=EDGE_CURVE('',#6234,#6236,#6237,.F.);
#5021=EDGE_CURVE('',#6236,#6238,#6239,.T.);
#5022=EDGE_CURVE('',#6238,#6240,#6241,.T.);
#5023=EDGE_CURVE('',#6229,#6240,#6242,.F.);
#5024=EDGE_CURVE('',#6243,#6244,#6245,.T.);
#5025=EDGE_CURVE('',#6246,#6244,#6247,.T.);
#5026=EDGE_CURVE('',#6248,#6246,#6249,.T.);
#5027=EDGE_CURVE('',#6250,#6248,#6251,.T.);
#5028=EDGE_CURVE('',#6252,#6250,#6253,.T.);
#5029=EDGE_CURVE('',#6243,#6252,#6254,.F.);
#5030=EDGE_CURVE('',#6255,#6238,#6256,.T.);
#5031=EDGE_CURVE('',#6257,#6255,#6258,.T.);
#5032=EDGE_CURVE('',#6236,#6257,#6259,.T.);
#5033=EDGE_CURVE('',#6234,#6240,#6260,.T.);
#5034=EDGE_CURVE('',#6232,#6244,#6261,.F.);
#5035=EDGE_CURVE('',#6243,#6229,#6262,.F.);
#5036=EDGE_CURVE('',#6252,#6246,#6263,.T.);
#5037=EDGE_CURVE('',#6255,#6257,#6264,.F.);
#5038=EDGE_CURVE('',#6223,#6225,#6265,.F.);
#5039=EDGE_CURVE('',#6220,#6216,#6266,.T.);
#5040=EDGE_CURVE('',#6210,#6207,#6267,.T.);
#5041=EDGE_CURVE('',#6248,#6250,#6268,.F.);
#5042=EDGE_CURVE('',#6269,#6270,#6271,.T.);
#5043=EDGE_CURVE('',#6269,#6272,#6273,.F.);
#5044=EDGE_CURVE('',#6274,#6272,#6275,.T.);
#5045=EDGE_CURVE('',#6270,#6274,#6276,.T.);
#5046=EDGE_CURVE('',#6277,#6278,#6279,.T.);
#5047=EDGE_CURVE('',#6277,#6280,#6281,.F.);
#5048=EDGE_CURVE('',#6282,#6280,#6283,.T.);
#5049=EDGE_CURVE('',#6278,#6282,#6284,.T.);
#5050=EDGE_CURVE('',#6285,#6286,#6287,.T.);
#5051=EDGE_CURVE('',#6285,#6288,#6289,.F.);
#5052=EDGE_CURVE('',#6290,#6288,#6291,.T.);
#5053=EDGE_CURVE('',#6286,#6290,#6292,.T.);
#5054=EDGE_CURVE('',#6285,#6293,#6294,.T.);
#5055=EDGE_CURVE('',#6288,#6285,#6295,.F.);
#5056=EDGE_CURVE('',#6296,#6288,#6297,.T.);
#5057=EDGE_CURVE('',#6296,#6293,#6298,.F.);
#5058=EDGE_CURVE('',#6277,#6299,#6300,.T.);
#5059=EDGE_CURVE('',#6280,#6277,#6301,.F.);
#5060=EDGE_CURVE('',#6302,#6280,#6303,.T.);
#5061=EDGE_CURVE('',#6302,#6299,#6304,.F.);
#5062=EDGE_CURVE('',#6269,#6305,#6306,.T.);
#5063=EDGE_CURVE('',#6272,#6269,#6307,.F.);
#5064=EDGE_CURVE('',#6308,#6272,#6309,.T.);
#5065=EDGE_CURVE('',#6308,#6305,#6310,.F.);
#5066=EDGE_CURVE('',#6311,#6312,#6313,.T.);
#5067=EDGE_CURVE('',#6314,#6312,#6315,.T.);
#5068=EDGE_CURVE('',#6316,#6314,#6317,.T.);
#5069=EDGE_CURVE('',#6316,#6311,#6318,.T.);
#5070=EDGE_CURVE('',#6312,#6319,#6320,.T.);
#5071=EDGE_CURVE('',#6321,#6319,#6322,.T.);
#5072=EDGE_CURVE('',#6314,#6321,#6323,.T.);
#5073=EDGE_CURVE('',#6324,#6311,#6325,.T.);
#5074=EDGE_CURVE('',#6326,#6316,#6327,.T.);
#5075=EDGE_CURVE('',#6326,#6324,#6328,.T.);
#5076=EDGE_CURVE('',#6329,#6330,#6331,.T.);
#5077=EDGE_CURVE('',#6330,#6332,#6333,.T.);
#5078=EDGE_CURVE('',#6334,#6332,#6335,.T.);
#5079=EDGE_CURVE('',#6336,#6334,#6337,.T.);
#5080=EDGE_CURVE('',#6338,#6336,#6339,.T.);
#5081=EDGE_CURVE('',#6340,#6338,#6341,.T.);
#5082=EDGE_CURVE('',#6342,#6340,#6343,.T.);
#5083=EDGE_CURVE('',#6344,#6342,#6345,.T.);
#5084=EDGE_CURVE('',#6346,#6344,#6347,.T.);
#5085=EDGE_CURVE('',#6348,#6346,#6349,.T.);
#5086=EDGE_CURVE('',#6350,#6348,#6351,.T.);
#5087=EDGE_CURVE('',#6352,#6350,#6353,.T.);
#5088=EDGE_CURVE('',#6352,#6354,#6355,.T.);
#5089=EDGE_CURVE('',#6354,#6356,#6357,.T.);
#5090=EDGE_CURVE('',#6358,#6356,#6359,.T.);
#5091=EDGE_CURVE('',#6329,#6358,#6360,.T.);
#5092=EDGE_CURVE('',#6361,#6362,#6363,.T.);
#5093=EDGE_CURVE('',#6364,#6361,#6365,.T.);
#5094=EDGE_CURVE('',#6366,#6364,#6367,.T.);
#5095=EDGE_CURVE('',#6362,#6366,#6368,.T.);
#5096=EDGE_CURVE('',#6293,#6296,#6369,.F.);
#5097=EDGE_CURVE('',#6370,#6338,#6371,.T.);
#5098=EDGE_CURVE('',#6372,#6370,#6373,.T.);
#5099=EDGE_CURVE('',#6372,#6340,#6374,.T.);
#5100=EDGE_CURVE('',#6375,#6372,#6376,.T.);
#5101=EDGE_CURVE('',#6375,#6342,#6377,.T.);
#5102=EDGE_CURVE('',#6282,#6278,#6378,.T.);
#5103=EDGE_CURVE('',#6274,#6270,#6379,.T.);
#5104=EDGE_CURVE('',#6290,#6286,#6380,.T.);
#5105=EDGE_CURVE('',#6381,#6375,#6382,.T.);
#5106=EDGE_CURVE('',#6381,#6383,#6384,.T.);
#5107=EDGE_CURVE('',#6385,#6383,#6386,.T.);
#5108=EDGE_CURVE('',#6385,#6387,#6388,.T.);
#5109=EDGE_CURVE('',#6389,#6387,#6390,.T.);
#5110=EDGE_CURVE('',#6389,#6391,#6392,.T.);
#5111=EDGE_CURVE('',#6393,#6391,#6394,.T.);
#5112=EDGE_CURVE('',#6393,#6344,#6395,.T.);
#5113=EDGE_CURVE('',#6396,#6397,#6398,.T.);
#5114=EDGE_CURVE('',#6383,#6397,#6399,.T.);
#5115=EDGE_CURVE('',#6396,#6381,#6400,.T.);
#5116=EDGE_CURVE('',#6401,#6402,#6403,.T.);
#5117=EDGE_CURVE('',#6404,#6401,#6405,.T.);
#5118=EDGE_CURVE('',#6406,#6404,#6407,.T.);
#5119=EDGE_CURVE('',#6406,#6397,#6408,.T.);
#5120=EDGE_CURVE('',#6409,#6396,#6410,.T.);
#5121=EDGE_CURVE('',#6409,#6348,#6411,.T.);
#5122=EDGE_CURVE('',#6412,#6346,#6413,.T.);
#5123=EDGE_CURVE('',#6414,#6412,#6415,.T.);
#5124=EDGE_CURVE('',#6416,#6414,#6417,.T.);
#5125=EDGE_CURVE('',#6416,#6418,#6419,.T.);
#5126=EDGE_CURVE('',#6420,#6418,#6421,.T.);
#5127=EDGE_CURVE('',#6422,#6420,#6423,.T.);
#5128=EDGE_CURVE('',#6424,#6422,#6425,.T.);
#5129=EDGE_CURVE('',#6424,#6402,#6426,.T.);
#5130=EDGE_CURVE('',#6427,#6324,#6428,.T.);
#5131=EDGE_CURVE('',#6429,#6427,#6430,.T.);
#5132=EDGE_CURVE('',#6431,#6429,#6432,.T.);
#5133=EDGE_CURVE('',#6433,#6431,#6434,.T.);
#5134=EDGE_CURVE('',#6435,#6433,#6436,.T.);
#5135=EDGE_CURVE('',#6435,#6437,#6438,.T.);
#5136=EDGE_CURVE('',#6437,#6439,#6440,.T.);
#5137=EDGE_CURVE('',#6439,#6441,#6442,.T.);
#5138=EDGE_CURVE('',#6443,#6441,#6444,.T.);
#5139=EDGE_CURVE('',#6445,#6443,#6446,.T.);
#5140=EDGE_CURVE('',#6447,#6445,#6448,.T.);
#5141=EDGE_CURVE('',#6449,#6447,#6450,.T.);
#5142=EDGE_CURVE('',#6451,#6449,#6452,.T.);
#5143=EDGE_CURVE('',#6453,#6451,#6454,.T.);
#5144=EDGE_CURVE('',#6455,#6453,#6456,.T.);
#5145=EDGE_CURVE('',#6455,#6457,#6458,.T.);
#5146=EDGE_CURVE('',#6457,#6459,#6460,.T.);
#5147=EDGE_CURVE('',#6459,#6461,#6462,.T.);
#5148=EDGE_CURVE('',#6461,#6463,#6464,.T.);
#5149=EDGE_CURVE('',#6463,#6465,#6466,.T.);
#5150=EDGE_CURVE('',#6467,#6465,#6468,.T.);
#5151=EDGE_CURVE('',#6469,#6467,#6470,.T.);
#5152=EDGE_CURVE('',#6471,#6469,#6472,.T.);
#5153=EDGE_CURVE('',#6473,#6471,#6474,.T.);
#5154=EDGE_CURVE('',#6475,#6473,#6476,.T.);
#5155=EDGE_CURVE('',#6477,#6475,#6478,.T.);
#5156=EDGE_CURVE('',#6479,#6477,#6480,.T.);
#5157=EDGE_CURVE('',#6479,#6481,#6482,.T.);
#5158=EDGE_CURVE('',#6481,#6483,#6484,.T.);
#5159=EDGE_CURVE('',#6483,#6485,#6486,.T.);
#5160=EDGE_CURVE('',#6485,#6487,#6488,.T.);
#5161=EDGE_CURVE('',#6487,#6489,#6490,.T.);
#5162=EDGE_CURVE('',#6491,#6489,#6492,.T.);
#5163=EDGE_CURVE('',#6493,#6491,#6494,.T.);
#5164=EDGE_CURVE('',#6495,#6493,#6496,.T.);
#5165=EDGE_CURVE('',#6497,#6495,#6498,.T.);
#5166=EDGE_CURVE('',#6499,#6497,#6500,.T.);
#5167=EDGE_CURVE('',#6501,#6499,#6502,.T.);
#5168=EDGE_CURVE('',#6503,#6501,#6504,.T.);
#5169=EDGE_CURVE('',#6503,#6505,#6506,.T.);
#5170=EDGE_CURVE('',#6505,#6507,#6508,.T.);
#5171=EDGE_CURVE('',#6507,#6334,#6509,.T.);
#5172=EDGE_CURVE('',#6332,#6510,#6511,.T.);
#5173=EDGE_CURVE('',#6510,#6512,#6513,.T.);
#5174=EDGE_CURVE('',#6512,#6358,#6514,.T.);
#5175=EDGE_CURVE('',#6356,#6515,#6516,.T.);
#5176=EDGE_CURVE('',#6515,#6517,#6518,.T.);
#5177=EDGE_CURVE('',#6517,#6350,#6519,.T.);
#5178=EDGE_CURVE('',#6319,#6409,#6520,.T.);
#5179=EDGE_CURVE('',#6485,#6507,#6521,.T.);
#5180=EDGE_CURVE('',#6461,#6483,#6522,.T.);
#5181=EDGE_CURVE('',#6437,#6459,#6523,.T.);
#5182=EDGE_CURVE('',#6524,#6435,#6525,.T.);
#5183=EDGE_CURVE('',#6524,#6336,#6526,.T.);
#5184=EDGE_CURVE('',#6527,#6528,#6529,.T.);
#5185=EDGE_CURVE('',#6528,#6530,#6531,.T.);
#5186=EDGE_CURVE('',#6530,#6532,#6533,.T.);
#5187=EDGE_CURVE('',#6532,#6527,#6534,.T.);
#5188=EDGE_CURVE('',#6535,#6536,#6537,.T.);
#5189=EDGE_CURVE('',#6536,#6538,#6539,.T.);
#5190=EDGE_CURVE('',#6538,#6540,#6541,.T.);
#5191=EDGE_CURVE('',#6540,#6535,#6542,.T.);
#5192=EDGE_CURVE('',#6543,#6544,#6545,.T.);
#5193=EDGE_CURVE('',#6544,#6546,#6547,.T.);
#5194=EDGE_CURVE('',#6546,#6548,#6549,.T.);
#5195=EDGE_CURVE('',#6548,#6543,#6550,.T.);
#5196=EDGE_CURVE('',#6370,#6524,#6551,.T.);
#5197=EDGE_CURVE('',#6536,#6552,#6553,.T.);
#5198=EDGE_CURVE('',#6554,#6552,#6555,.T.);
#5199=EDGE_CURVE('',#6554,#6538,#6556,.T.);
#5200=EDGE_CURVE('',#6540,#6557,#6558,.T.);
#5201=EDGE_CURVE('',#6559,#6557,#6560,.T.);
#5202=EDGE_CURVE('',#6559,#6535,#6561,.T.);
#5203=EDGE_CURVE('',#6552,#6559,#6562,.T.);
#5204=EDGE_CURVE('',#6557,#6554,#6563,.T.);
#5205=EDGE_CURVE('',#6305,#6308,#6564,.F.);
#5206=EDGE_CURVE('',#6565,#6507,#6566,.T.);
#5207=EDGE_CURVE('',#6567,#6565,#6568,.T.);
#5208=EDGE_CURVE('',#6485,#6567,#6569,.T.);
#5209=EDGE_CURVE('',#6528,#6570,#6571,.T.);
#5210=EDGE_CURVE('',#6572,#6570,#6573,.T.);
#5211=EDGE_CURVE('',#6572,#6530,#6574,.T.);
#5212=EDGE_CURVE('',#6532,#6575,#6576,.T.);
#5213=EDGE_CURVE('',#6577,#6575,#6578,.T.);
#5214=EDGE_CURVE('',#6577,#6527,#6579,.T.);
#5215=EDGE_CURVE('',#6570,#6577,#6580,.T.);
#5216=EDGE_CURVE('',#6575,#6572,#6581,.T.);
#5217=EDGE_CURVE('',#6299,#6302,#6582,.F.);
#5218=EDGE_CURVE('',#6583,#6483,#6584,.T.);
#5219=EDGE_CURVE('',#6585,#6583,#6586,.T.);
#5220=EDGE_CURVE('',#6461,#6585,#6587,.T.);
#5221=EDGE_CURVE('',#6544,#6588,#6589,.T.);
#5222=EDGE_CURVE('',#6590,#6588,#6591,.T.);
#5223=EDGE_CURVE('',#6590,#6546,#6592,.T.);
#5224=EDGE_CURVE('',#6548,#6593,#6594,.T.);
#5225=EDGE_CURVE('',#6595,#6593,#6596,.T.);
#5226=EDGE_CURVE('',#6595,#6543,#6597,.T.);
#5227=EDGE_CURVE('',#6588,#6595,#6598,.T.);
#5228=EDGE_CURVE('',#6593,#6590,#6599,.T.);
#5229=EDGE_CURVE('',#6600,#6459,#6601,.T.);
#5230=EDGE_CURVE('',#6602,#6600,#6603,.T.);
#5231=EDGE_CURVE('',#6437,#6602,#6604,.T.);
#5232=EDGE_CURVE('',#6605,#6606,#6607,.T.);
#5233=EDGE_CURVE('',#6606,#6608,#6609,.T.);
#5234=EDGE_CURVE('',#6608,#6610,#6611,.T.);
#5235=EDGE_CURVE('',#6610,#6605,#6612,.T.);
#5236=EDGE_CURVE('',#6605,#6445,#6613,.T.);
#5237=EDGE_CURVE('',#6614,#6610,#6615,.T.);
#5238=EDGE_CURVE('',#6614,#6447,#6616,.T.);
#5239=EDGE_CURVE('',#6617,#6614,#6618,.T.);
#5240=EDGE_CURVE('',#6617,#6449,#6619,.T.);
#5241=EDGE_CURVE('',#6617,#6608,#6620,.T.);
#5242=EDGE_CURVE('',#6606,#6451,#6621,.T.);
#5243=EDGE_CURVE('',#6622,#6443,#6623,.T.);
#5244=EDGE_CURVE('',#6624,#6622,#6625,.T.);
#5245=EDGE_CURVE('',#6624,#6453,#6626,.T.);
#5246=EDGE_CURVE('',#6627,#6628,#6629,.T.);
#5247=EDGE_CURVE('',#6628,#6624,#6630,.T.);
#5248=EDGE_CURVE('',#6622,#6627,#6631,.T.);
#5249=EDGE_CURVE('',#6627,#6441,#6632,.T.);
#5250=EDGE_CURVE('',#6628,#6455,#6633,.T.);
#5251=EDGE_CURVE('',#6614,#6406,#6634,.T.);
#5252=EDGE_CURVE('',#6404,#6617,#6635,.T.);
#5253=EDGE_CURVE('',#6610,#6383,#6636,.T.);
#5254=EDGE_CURVE('',#6608,#6385,#6637,.T.);
#5255=EDGE_CURVE('',#6401,#6385,#6638,.T.);
#5256=EDGE_CURVE('',#6361,#6602,#6639,.T.);
#5257=EDGE_CURVE('',#6364,#6600,#6640,.T.);
#5258=EDGE_CURVE('',#6366,#6457,#6641,.T.);
#5259=EDGE_CURVE('',#6362,#6439,#6642,.T.);
#5260=EDGE_CURVE('',#6643,#6644,#6645,.T.);
#5261=EDGE_CURVE('',#6644,#6646,#6647,.T.);
#5262=EDGE_CURVE('',#6646,#6648,#6649,.T.);
#5263=EDGE_CURVE('',#6648,#6643,#6650,.T.);
#5264=EDGE_CURVE('',#6643,#6469,#6651,.T.);
#5265=EDGE_CURVE('',#6652,#6648,#6653,.T.);
#5266=EDGE_CURVE('',#6652,#6471,#6654,.T.);
#5267=EDGE_CURVE('',#6655,#6652,#6656,.T.);
#5268=EDGE_CURVE('',#6655,#6473,#6657,.T.);
#5269=EDGE_CURVE('',#6655,#6646,#6658,.T.);
#5270=EDGE_CURVE('',#6644,#6475,#6659,.T.);
#5271=EDGE_CURVE('',#6660,#6467,#6661,.T.);
#5272=EDGE_CURVE('',#6662,#6660,#6663,.T.);
#5273=EDGE_CURVE('',#6662,#6477,#6664,.T.);
#5274=EDGE_CURVE('',#6665,#6666,#6667,.T.);
#5275=EDGE_CURVE('',#6666,#6662,#6668,.T.);
#5276=EDGE_CURVE('',#6660,#6665,#6669,.T.);
#5277=EDGE_CURVE('',#6665,#6465,#6670,.T.);
#5278=EDGE_CURVE('',#6666,#6479,#6671,.T.);
#5279=EDGE_CURVE('',#6652,#6424,#6672,.T.);
#5280=EDGE_CURVE('',#6422,#6655,#6673,.T.);
#5281=EDGE_CURVE('',#6387,#6402,#6674,.T.);
#5282=EDGE_CURVE('',#6648,#6387,#6675,.T.);
#5283=EDGE_CURVE('',#6646,#6389,#6676,.T.);
#5284=EDGE_CURVE('',#6420,#6389,#6677,.T.);
#5285=EDGE_CURVE('',#6678,#6679,#6680,.T.);
#5286=EDGE_CURVE('',#6681,#6678,#6682,.T.);
#5287=EDGE_CURVE('',#6683,#6681,#6684,.T.);
#5288=EDGE_CURVE('',#6679,#6683,#6685,.T.);
#5289=EDGE_CURVE('',#6678,#6585,#6686,.T.);
#5290=EDGE_CURVE('',#6681,#6583,#6687,.T.);
#5291=EDGE_CURVE('',#6683,#6481,#6688,.T.);
#5292=EDGE_CURVE('',#6679,#6463,#6689,.T.);
#5293=EDGE_CURVE('',#6690,#6691,#6692,.T.);
#5294=EDGE_CURVE('',#6691,#6693,#6694,.T.);
#5295=EDGE_CURVE('',#6693,#6695,#6696,.T.);
#5296=EDGE_CURVE('',#6695,#6690,#6697,.T.);
#5297=EDGE_CURVE('',#6690,#6493,#6698,.T.);
#5298=EDGE_CURVE('',#6699,#6695,#6700,.T.);
#5299=EDGE_CURVE('',#6699,#6495,#6701,.T.);
#5300=EDGE_CURVE('',#6702,#6699,#6703,.T.);
#5301=EDGE_CURVE('',#6702,#6497,#6704,.T.);
#5302=EDGE_CURVE('',#6702,#6693,#6705,.T.);
#5303=EDGE_CURVE('',#6691,#6499,#6706,.T.);
#5304=EDGE_CURVE('',#6707,#6491,#6708,.T.);
#5305=EDGE_CURVE('',#6709,#6707,#6710,.T.);
#5306=EDGE_CURVE('',#6709,#6501,#6711,.T.);
#5307=EDGE_CURVE('',#6712,#6713,#6714,.T.);
#5308=EDGE_CURVE('',#6713,#6709,#6715,.T.);
#5309=EDGE_CURVE('',#6707,#6712,#6716,.T.);
#5310=EDGE_CURVE('',#6712,#6489,#6717,.T.);
#5311=EDGE_CURVE('',#6713,#6503,#6718,.T.);
#5312=EDGE_CURVE('',#6699,#6416,#6719,.T.);
#5313=EDGE_CURVE('',#6414,#6702,#6720,.T.);
#5314=EDGE_CURVE('',#6391,#6418,#6721,.T.);
#5315=EDGE_CURVE('',#6695,#6391,#6722,.T.);
#5316=EDGE_CURVE('',#6693,#6393,#6723,.T.);
#5317=EDGE_CURVE('',#6412,#6393,#6724,.T.);
#5318=EDGE_CURVE('',#6725,#6726,#6727,.T.);
#5319=EDGE_CURVE('',#6728,#6725,#6729,.T.);
#5320=EDGE_CURVE('',#6730,#6728,#6731,.T.);
#5321=EDGE_CURVE('',#6726,#6730,#6732,.T.);
#5322=EDGE_CURVE('',#6725,#6567,#6733,.T.);
#5323=EDGE_CURVE('',#6728,#6565,#6734,.T.);
#5324=EDGE_CURVE('',#6730,#6505,#6735,.T.);
#5325=EDGE_CURVE('',#6726,#6487,#6736,.T.);
#5326=EDGE_CURVE('',#6321,#6326,#6737,.T.);
#5327=EDGE_CURVE('',#6738,#6433,#6739,.T.);
#5328=EDGE_CURVE('',#6740,#6738,#6741,.T.);
#5329=EDGE_CURVE('',#6740,#6427,#6742,.T.);
#5330=EDGE_CURVE('',#6743,#6429,#6744,.T.);
#5331=EDGE_CURVE('',#6745,#6743,#6746,.T.);
#5332=EDGE_CURVE('',#6745,#6431,#6747,.T.);
#5333=EDGE_CURVE('',#6743,#6740,#6748,.T.);
#5334=EDGE_CURVE('',#6738,#6745,#6749,.T.);
#5335=EDGE_CURVE('',#6354,#6750,#6751,.T.);
#5336=EDGE_CURVE('',#6750,#6515,#6752,.T.);
#5337=EDGE_CURVE('',#6750,#6753,#6754,.T.);
#5338=EDGE_CURVE('',#6753,#6517,#6755,.T.);
#5339=EDGE_CURVE('',#6753,#6352,#6756,.T.);
#5340=EDGE_CURVE('',#6330,#6757,#6758,.T.);
#5341=EDGE_CURVE('',#6757,#6510,#6759,.T.);
#5342=EDGE_CURVE('',#6757,#6760,#6761,.T.);
#5343=EDGE_CURVE('',#6760,#6512,#6762,.T.);
#5344=EDGE_CURVE('',#6760,#6329,#6763,.T.);
#5345=VERTEX_POINT('',#6764);
#5346=VERTEX_POINT('',#6765);
#5347=LINE('',#6766,#6767);
#5348=VERTEX_POINT('',#6768);
#5349=CIRCLE('',#6769,0.75);
#5350=VERTEX_POINT('',#6770);
#5351=LINE('',#6771,#6772);
#5352=CIRCLE('',#6773,0.75);
#5353=VERTEX_POINT('',#6774);
#5354=LINE('',#6775,#6776);
#5355=VERTEX_POINT('',#6777);
#5356=CIRCLE('',#6778,0.95);
#5357=LINE('',#6779,#6780);
#5358=CIRCLE('',#6781,0.75);
#5359=CIRCLE('',#6782,0.95);
#5360=CIRCLE('',#6783,0.75);
#5361=VERTEX_POINT('',#6784);
#5362=VERTEX_POINT('',#6785);
#5363=LINE('',#6786,#6787);
#5364=VERTEX_POINT('',#6788);
#5365=LINE('',#6789,#6790);
#5366=VERTEX_POINT('',#6791);
#5367=LINE('',#6792,#6793);
#5368=LINE('',#6794,#6795);
#5369=VERTEX_POINT('',#6796);
#5370=VERTEX_POINT('',#6797);
#5371=LINE('',#6798,#6799);
#5372=VERTEX_POINT('',#6800);
#5373=LINE('',#6801,#6802);
#5374=VERTEX_POINT('',#6803);
#5375=LINE('',#6804,#6805);
#5376=LINE('',#6806,#6807);
#5377=VERTEX_POINT('',#6808);
#5378=LINE('',#6809,#6810);
#5379=VERTEX_POINT('',#6811);
#5380=LINE('',#6812,#6813);
#5381=LINE('',#6814,#6815);
#5382=VERTEX_POINT('',#6816);
#5383=LINE('',#6817,#6818);
#5384=VERTEX_POINT('',#6819);
#5385=LINE('',#6820,#6821);
#5386=LINE('',#6822,#6823);
#5387=LINE('',#6824,#6825);
#5388=LINE('',#6826,#6827);
#5389=VERTEX_POINT('',#6828);
#5390=LINE('',#6829,#6830);
#5391=VERTEX_POINT('',#6831);
#5392=LINE('',#6832,#6833);
#5393=LINE('',#6834,#6835);
#5394=VERTEX_POINT('',#6836);
#5395=LINE('',#6837,#6838);
#5396=VERTEX_POINT('',#6839);
#5397=LINE('',#6840,#6841);
#5398=LINE('',#6842,#6843);
#5399=LINE('',#6844,#6845);
#5400=LINE('',#6846,#6847);
#5401=VERTEX_POINT('',#6848);
#5402=VERTEX_POINT('',#6849);
#5403=LINE('',#6850,#6851);
#5404=VERTEX_POINT('',#6852);
#5405=CIRCLE('',#6853,0.75);
#5406=VERTEX_POINT('',#6854);
#5407=LINE('',#6855,#6856);
#5408=CIRCLE('',#6857,0.75);
#5409=VERTEX_POINT('',#6858);
#5410=LINE('',#6859,#6860);
#5411=VERTEX_POINT('',#6861);
#5412=CIRCLE('',#6862,0.95);
#5413=LINE('',#6863,#6864);
#5414=CIRCLE('',#6865,0.75);
#5415=CIRCLE('',#6866,0.95);
#5416=CIRCLE('',#6867,0.75);
#5417=VERTEX_POINT('',#6868);
#5418=VERTEX_POINT('',#6869);
#5419=LINE('',#6870,#6871);
#5420=VERTEX_POINT('',#6872);
#5421=LINE('',#6873,#6874);
#5422=VERTEX_POINT('',#6875);
#5423=LINE('',#6876,#6877);
#5424=LINE('',#6878,#6879);
#5425=VERTEX_POINT('',#6880);
#5426=VERTEX_POINT('',#6881);
#5427=LINE('',#6882,#6883);
#5428=VERTEX_POINT('',#6884);
#5429=LINE('',#6885,#6886);
#5430=VERTEX_POINT('',#6887);
#5431=LINE('',#6888,#6889);
#5432=LINE('',#6890,#6891);
#5433=VERTEX_POINT('',#6892);
#5434=LINE('',#6893,#6894);
#5435=VERTEX_POINT('',#6895);
#5436=LINE('',#6896,#6897);
#5437=LINE('',#6898,#6899);
#5438=VERTEX_POINT('',#6900);
#5439=LINE('',#6901,#6902);
#5440=VERTEX_POINT('',#6903);
#5441=LINE('',#6904,#6905);
#5442=LINE('',#6906,#6907);
#5443=LINE('',#6908,#6909);
#5444=LINE('',#6910,#6911);
#5445=VERTEX_POINT('',#6912);
#5446=LINE('',#6913,#6914);
#5447=VERTEX_POINT('',#6915);
#5448=LINE('',#6916,#6917);
#5449=LINE('',#6918,#6919);
#5450=VERTEX_POINT('',#6920);
#5451=LINE('',#6921,#6922);
#5452=VERTEX_POINT('',#6923);
#5453=LINE('',#6924,#6925);
#5454=LINE('',#6926,#6927);
#5455=LINE('',#6928,#6929);
#5456=LINE('',#6930,#6931);
#5457=VERTEX_POINT('',#6932);
#5458=VERTEX_POINT('',#6933);
#5459=LINE('',#6934,#6935);
#5460=VERTEX_POINT('',#6936);
#5461=CIRCLE('',#6937,0.75);
#5462=VERTEX_POINT('',#6938);
#5463=LINE('',#6939,#6940);
#5464=CIRCLE('',#6941,0.75);
#5465=VERTEX_POINT('',#6942);
#5466=LINE('',#6943,#6944);
#5467=VERTEX_POINT('',#6945);
#5468=CIRCLE('',#6946,0.95);
#5469=LINE('',#6947,#6948);
#5470=CIRCLE('',#6949,0.75);
#5471=CIRCLE('',#6950,0.95);
#5472=CIRCLE('',#6951,0.75);
#5473=VERTEX_POINT('',#6952);
#5474=VERTEX_POINT('',#6953);
#5475=LINE('',#6954,#6955);
#5476=VERTEX_POINT('',#6956);
#5477=LINE('',#6957,#6958);
#5478=VERTEX_POINT('',#6959);
#5479=LINE('',#6960,#6961);
#5480=LINE('',#6962,#6963);
#5481=VERTEX_POINT('',#6964);
#5482=VERTEX_POINT('',#6965);
#5483=LINE('',#6966,#6967);
#5484=VERTEX_POINT('',#6968);
#5485=LINE('',#6969,#6970);
#5486=VERTEX_POINT('',#6971);
#5487=LINE('',#6972,#6973);
#5488=LINE('',#6974,#6975);
#5489=VERTEX_POINT('',#6976);
#5490=LINE('',#6977,#6978);
#5491=VERTEX_POINT('',#6979);
#5492=LINE('',#6980,#6981);
#5493=LINE('',#6982,#6983);
#5494=VERTEX_POINT('',#6984);
#5495=LINE('',#6985,#6986);
#5496=VERTEX_POINT('',#6987);
#5497=LINE('',#6988,#6989);
#5498=LINE('',#6990,#6991);
#5499=LINE('',#6992,#6993);
#5500=LINE('',#6994,#6995);
#5501=VERTEX_POINT('',#6996);
#5502=LINE('',#6997,#6998);
#5503=VERTEX_POINT('',#6999);
#5504=LINE('',#7000,#7001);
#5505=LINE('',#7002,#7003);
#5506=VERTEX_POINT('',#7004);
#5507=LINE('',#7005,#7006);
#5508=VERTEX_POINT('',#7007);
#5509=LINE('',#7008,#7009);
#5510=LINE('',#7010,#7011);
#5511=LINE('',#7012,#7013);
#5512=LINE('',#7014,#7015);
#5513=VERTEX_POINT('',#7016);
#5514=VERTEX_POINT('',#7017);
#5515=CIRCLE('',#7018,0.1);
#5516=VERTEX_POINT('',#7019);
#5517=LINE('',#7020,#7021);
#5518=VERTEX_POINT('',#7022);
#5519=CIRCLE('',#7023,0.1);
#5520=LINE('',#7024,#7025);
#5521=VERTEX_POINT('',#7026);
#5522=VERTEX_POINT('',#7027);
#5523=CIRCLE('',#7028,0.1);
#5524=VERTEX_POINT('',#7029);
#5525=LINE('',#7030,#7031);
#5526=VERTEX_POINT('',#7032);
#5527=CIRCLE('',#7033,0.1);
#5528=LINE('',#7034,#7035);
#5529=VERTEX_POINT('',#7036);
#5530=VERTEX_POINT('',#7037);
#5531=CIRCLE('',#7038,0.1);
#5532=VERTEX_POINT('',#7039);
#5533=LINE('',#7040,#7041);
#5534=VERTEX_POINT('',#7042);
#5535=CIRCLE('',#7043,0.1);
#5536=LINE('',#7044,#7045);
#5537=VERTEX_POINT('',#7046);
#5538=LINE('',#7047,#7048);
#5539=VERTEX_POINT('',#7049);
#5540=LINE('',#7050,#7051);
#5541=VERTEX_POINT('',#7052);
#5542=CIRCLE('',#7053,0.1);
#5543=VERTEX_POINT('',#7054);
#5544=LINE('',#7055,#7056);
#5545=VERTEX_POINT('',#7057);
#5546=LINE('',#7058,#7059);
#5547=VERTEX_POINT('',#7060);
#5548=LINE('',#7061,#7062);
#5549=VERTEX_POINT('',#7063);
#5550=CIRCLE('',#7064,0.1);
#5551=VERTEX_POINT('',#7065);
#5552=LINE('',#7066,#7067);
#5553=VERTEX_POINT('',#7068);
#5554=CIRCLE('',#7069,0.1);
#5555=VERTEX_POINT('',#7070);
#5556=LINE('',#7071,#7072);
#5557=LINE('',#7073,#7074);
#5558=VERTEX_POINT('',#7075);
#5559=CIRCLE('',#7076,1.01);
#5560=VERTEX_POINT('',#7077);
#5561=LINE('',#7078,#7079);
#5562=CIRCLE('',#7080,1.01);
#5563=VERTEX_POINT('',#7081);
#5564=LINE('',#7082,#7083);
#5565=VERTEX_POINT('',#7084);
#5566=LINE('',#7085,#7086);
#5567=VERTEX_POINT('',#7087);
#5568=LINE('',#7088,#7089);
#5569=VERTEX_POINT('',#7090);
#5570=LINE('',#7091,#7092);
#5571=LINE('',#7093,#7094);
#5572=VERTEX_POINT('',#7095);
#5573=VERTEX_POINT('',#7096);
#5574=LINE('',#7097,#7098);
#5575=VERTEX_POINT('',#7099);
#5576=LINE('',#7100,#7101);
#5577=VERTEX_POINT('',#7102);
#5578=LINE('',#7103,#7104);
#5579=VERTEX_POINT('',#7105);
#5580=LINE('',#7106,#7107);
#5581=VERTEX_POINT('',#7108);
#5582=LINE('',#7109,#7110);
#5583=LINE('',#7111,#7112);
#5584=VERTEX_POINT('',#7113);
#5585=CIRCLE('',#7114,0.51);
#5586=VERTEX_POINT('',#7115);
#5587=LINE('',#7116,#7117);
#5588=CIRCLE('',#7118,0.51);
#5589=VERTEX_POINT('',#7119);
#5590=LINE('',#7120,#7121);
#5591=VERTEX_POINT('',#7122);
#5592=LINE('',#7123,#7124);
#5593=VERTEX_POINT('',#7125);
#5594=LINE('',#7126,#7127);
#5595=VERTEX_POINT('',#7128);
#5596=LINE('',#7129,#7130);
#5597=VERTEX_POINT('',#7131);
#5598=CIRCLE('',#7132,0.1);
#5599=VERTEX_POINT('',#7133);
#5600=LINE('',#7134,#7135);
#5601=VERTEX_POINT('',#7136);
#5602=CIRCLE('',#7137,0.1);
#5603=LINE('',#7138,#7139);
#5604=VERTEX_POINT('',#7140);
#5605=LINE('',#7141,#7142);
#5606=CIRCLE('',#7143,0.1);
#5607=VERTEX_POINT('',#7144);
#5608=CIRCLE('',#7145,0.51);
#5609=VERTEX_POINT('',#7146);
#5610=LINE('',#7147,#7148);
#5611=CIRCLE('',#7149,0.51);
#5612=VERTEX_POINT('',#7150);
#5613=LINE('',#7151,#7152);
#5614=VERTEX_POINT('',#7153);
#5615=LINE('',#7154,#7155);
#5616=VERTEX_POINT('',#7156);
#5617=LINE('',#7157,#7158);
#5618=LINE('',#7159,#7160);
#5619=VERTEX_POINT('',#7161);
#5620=LINE('',#7162,#7163);
#5621=VERTEX_POINT('',#7164);
#5622=LINE('',#7165,#7166);
#5623=LINE('',#7167,#7168);
#5624=VERTEX_POINT('',#7169);
#5625=LINE('',#7170,#7171);
#5626=VERTEX_POINT('',#7172);
#5627=LINE('',#7173,#7174);
#5628=VERTEX_POINT('',#7175);
#5629=LINE('',#7176,#7177);
#5630=LINE('',#7178,#7179);
#5631=VERTEX_POINT('',#7180);
#5632=CIRCLE('',#7181,0.51);
#5633=VERTEX_POINT('',#7182);
#5634=LINE('',#7183,#7184);
#5635=CIRCLE('',#7185,0.51);
#5636=VERTEX_POINT('',#7186);
#5637=LINE('',#7187,#7188);
#5638=VERTEX_POINT('',#7189);
#5639=CIRCLE('',#7190,0.1);
#5640=VERTEX_POINT('',#7191);
#5641=LINE('',#7192,#7193);
#5642=VERTEX_POINT('',#7194);
#5643=CIRCLE('',#7195,0.1);
#5644=LINE('',#7196,#7197);
#5645=VERTEX_POINT('',#7198);
#5646=LINE('',#7199,#7200);
#5647=VERTEX_POINT('',#7201);
#5648=LINE('',#7202,#7203);
#5649=LINE('',#7204,#7205);
#5650=LINE('',#7206,#7207);
#5651=LINE('',#7208,#7209);
#5652=VERTEX_POINT('',#7210);
#5653=LINE('',#7211,#7212);
#5654=VERTEX_POINT('',#7213);
#5655=LINE('',#7214,#7215);
#5656=LINE('',#7216,#7217);
#5657=VERTEX_POINT('',#7218);
#5658=LINE('',#7219,#7220);
#5659=VERTEX_POINT('',#7221);
#5660=LINE('',#7222,#7223);
#5661=LINE('',#7224,#7225);
#5662=LINE('',#7226,#7227);
#5663=LINE('',#7228,#7229);
#5664=VERTEX_POINT('',#7230);
#5665=LINE('',#7231,#7232);
#5666=CIRCLE('',#7233,0.1);
#5667=VERTEX_POINT('',#7234);
#5668=CIRCLE('',#7235,0.1);
#5669=LINE('',#7236,#7237);
#5670=LINE('',#7238,#7239);
#5671=LINE('',#7240,#7241);
#5672=LINE('',#7242,#7243);
#5673=LINE('',#7244,#7245);
#5674=LINE('',#7246,#7247);
#5675=LINE('',#7248,#7249);
#5676=VERTEX_POINT('',#7250);
#5677=LINE('',#7251,#7252);
#5678=VERTEX_POINT('',#7253);
#5679=LINE('',#7254,#7255);
#5680=CIRCLE('',#7256,0.01);
#5681=LINE('',#7257,#7258);
#5682=VERTEX_POINT('',#7259);
#5683=LINE('',#7260,#7261);
#5684=VERTEX_POINT('',#7262);
#5685=CIRCLE('',#7263,0.01);
#5686=LINE('',#7264,#7265);
#5687=LINE('',#7266,#7267);
#5688=VERTEX_POINT('',#7268);
#5689=LINE('',#7269,#7270);
#5690=VERTEX_POINT('',#7271);
#5691=LINE('',#7272,#7273);
#5692=VERTEX_POINT('',#7274);
#5693=LINE('',#7275,#7276);
#5694=VERTEX_POINT('',#7277);
#5695=LINE('',#7278,#7279);
#5696=LINE('',#7280,#7281);
#5697=LINE('',#7282,#7283);
#5698=LINE('',#7284,#7285);
#5699=LINE('',#7286,#7287);
#5700=CIRCLE('',#7288,0.01);
#5701=CIRCLE('',#7289,0.01);
#5702=LINE('',#7290,#7291);
#5703=VERTEX_POINT('',#7292);
#5704=VERTEX_POINT('',#7293);
#5705=CIRCLE('',#7294,0.1);
#5706=VERTEX_POINT('',#7295);
#5707=LINE('',#7296,#7297);
#5708=VERTEX_POINT('',#7298);
#5709=CIRCLE('',#7299,0.1);
#5710=LINE('',#7300,#7301);
#5711=VERTEX_POINT('',#7302);
#5712=VERTEX_POINT('',#7303);
#5713=CIRCLE('',#7304,0.1);
#5714=VERTEX_POINT('',#7305);
#5715=LINE('',#7306,#7307);
#5716=VERTEX_POINT('',#7308);
#5717=CIRCLE('',#7309,0.1);
#5718=LINE('',#7310,#7311);
#5719=VERTEX_POINT('',#7312);
#5720=VERTEX_POINT('',#7313);
#5721=CIRCLE('',#7314,0.1);
#5722=VERTEX_POINT('',#7315);
#5723=LINE('',#7316,#7317);
#5724=VERTEX_POINT('',#7318);
#5725=CIRCLE('',#7319,0.1);
#5726=LINE('',#7320,#7321);
#5727=VERTEX_POINT('',#7322);
#5728=LINE('',#7323,#7324);
#5729=VERTEX_POINT('',#7325);
#5730=LINE('',#7326,#7327);
#5731=VERTEX_POINT('',#7328);
#5732=CIRCLE('',#7329,0.1);
#5733=VERTEX_POINT('',#7330);
#5734=LINE('',#7331,#7332);
#5735=VERTEX_POINT('',#7333);
#5736=LINE('',#7334,#7335);
#5737=VERTEX_POINT('',#7336);
#5738=LINE('',#7337,#7338);
#5739=VERTEX_POINT('',#7339);
#5740=CIRCLE('',#7340,0.1);
#5741=VERTEX_POINT('',#7341);
#5742=LINE('',#7342,#7343);
#5743=VERTEX_POINT('',#7344);
#5744=CIRCLE('',#7345,0.1);
#5745=VERTEX_POINT('',#7346);
#5746=LINE('',#7347,#7348);
#5747=LINE('',#7349,#7350);
#5748=VERTEX_POINT('',#7351);
#5749=CIRCLE('',#7352,1.01);
#5750=VERTEX_POINT('',#7353);
#5751=LINE('',#7354,#7355);
#5752=CIRCLE('',#7356,1.01);
#5753=VERTEX_POINT('',#7357);
#5754=LINE('',#7358,#7359);
#5755=VERTEX_POINT('',#7360);
#5756=LINE('',#7361,#7362);
#5757=VERTEX_POINT('',#7363);
#5758=LINE('',#7364,#7365);
#5759=VERTEX_POINT('',#7366);
#5760=LINE('',#7367,#7368);
#5761=LINE('',#7369,#7370);
#5762=VERTEX_POINT('',#7371);
#5763=VERTEX_POINT('',#7372);
#5764=LINE('',#7373,#7374);
#5765=VERTEX_POINT('',#7375);
#5766=LINE('',#7376,#7377);
#5767=VERTEX_POINT('',#7378);
#5768=LINE('',#7379,#7380);
#5769=VERTEX_POINT('',#7381);
#5770=LINE('',#7382,#7383);
#5771=VERTEX_POINT('',#7384);
#5772=LINE('',#7385,#7386);
#5773=LINE('',#7387,#7388);
#5774=VERTEX_POINT('',#7389);
#5775=CIRCLE('',#7390,0.51);
#5776=VERTEX_POINT('',#7391);
#5777=LINE('',#7392,#7393);
#5778=CIRCLE('',#7394,0.51);
#5779=VERTEX_POINT('',#7395);
#5780=LINE('',#7396,#7397);
#5781=VERTEX_POINT('',#7398);
#5782=LINE('',#7399,#7400);
#5783=VERTEX_POINT('',#7401);
#5784=LINE('',#7402,#7403);
#5785=VERTEX_POINT('',#7404);
#5786=LINE('',#7405,#7406);
#5787=VERTEX_POINT('',#7407);
#5788=CIRCLE('',#7408,0.1);
#5789=VERTEX_POINT('',#7409);
#5790=LINE('',#7410,#7411);
#5791=VERTEX_POINT('',#7412);
#5792=CIRCLE('',#7413,0.1);
#5793=LINE('',#7414,#7415);
#5794=VERTEX_POINT('',#7416);
#5795=LINE('',#7417,#7418);
#5796=CIRCLE('',#7419,0.1);
#5797=VERTEX_POINT('',#7420);
#5798=CIRCLE('',#7421,0.51);
#5799=VERTEX_POINT('',#7422);
#5800=LINE('',#7423,#7424);
#5801=CIRCLE('',#7425,0.51);
#5802=VERTEX_POINT('',#7426);
#5803=LINE('',#7427,#7428);
#5804=VERTEX_POINT('',#7429);
#5805=LINE('',#7430,#7431);
#5806=VERTEX_POINT('',#7432);
#5807=LINE('',#7433,#7434);
#5808=LINE('',#7435,#7436);
#5809=VERTEX_POINT('',#7437);
#5810=LINE('',#7438,#7439);
#5811=VERTEX_POINT('',#7440);
#5812=LINE('',#7441,#7442);
#5813=LINE('',#7443,#7444);
#5814=VERTEX_POINT('',#7445);
#5815=LINE('',#7446,#7447);
#5816=VERTEX_POINT('',#7448);
#5817=LINE('',#7449,#7450);
#5818=VERTEX_POINT('',#7451);
#5819=LINE('',#7452,#7453);
#5820=LINE('',#7454,#7455);
#5821=VERTEX_POINT('',#7456);
#5822=CIRCLE('',#7457,0.51);
#5823=VERTEX_POINT('',#7458);
#5824=LINE('',#7459,#7460);
#5825=CIRCLE('',#7461,0.51);
#5826=VERTEX_POINT('',#7462);
#5827=LINE('',#7463,#7464);
#5828=VERTEX_POINT('',#7465);
#5829=CIRCLE('',#7466,0.1);
#5830=VERTEX_POINT('',#7467);
#5831=LINE('',#7468,#7469);
#5832=VERTEX_POINT('',#7470);
#5833=CIRCLE('',#7471,0.1);
#5834=LINE('',#7472,#7473);
#5835=VERTEX_POINT('',#7474);
#5836=LINE('',#7475,#7476);
#5837=VERTEX_POINT('',#7477);
#5838=LINE('',#7478,#7479);
#5839=LINE('',#7480,#7481);
#5840=LINE('',#7482,#7483);
#5841=LINE('',#7484,#7485);
#5842=VERTEX_POINT('',#7486);
#5843=LINE('',#7487,#7488);
#5844=VERTEX_POINT('',#7489);
#5845=LINE('',#7490,#7491);
#5846=LINE('',#7492,#7493);
#5847=VERTEX_POINT('',#7494);
#5848=LINE('',#7495,#7496);
#5849=VERTEX_POINT('',#7497);
#5850=LINE('',#7498,#7499);
#5851=LINE('',#7500,#7501);
#5852=LINE('',#7502,#7503);
#5853=LINE('',#7504,#7505);
#5854=VERTEX_POINT('',#7506);
#5855=LINE('',#7507,#7508);
#5856=CIRCLE('',#7509,0.1);
#5857=VERTEX_POINT('',#7510);
#5858=CIRCLE('',#7511,0.1);
#5859=LINE('',#7512,#7513);
#5860=LINE('',#7514,#7515);
#5861=LINE('',#7516,#7517);
#5862=LINE('',#7518,#7519);
#5863=LINE('',#7520,#7521);
#5864=LINE('',#7522,#7523);
#5865=LINE('',#7524,#7525);
#5866=VERTEX_POINT('',#7526);
#5867=LINE('',#7527,#7528);
#5868=VERTEX_POINT('',#7529);
#5869=LINE('',#7530,#7531);
#5870=CIRCLE('',#7532,0.01);
#5871=LINE('',#7533,#7534);
#5872=VERTEX_POINT('',#7535);
#5873=LINE('',#7536,#7537);
#5874=VERTEX_POINT('',#7538);
#5875=CIRCLE('',#7539,0.01);
#5876=LINE('',#7540,#7541);
#5877=LINE('',#7542,#7543);
#5878=VERTEX_POINT('',#7544);
#5879=LINE('',#7545,#7546);
#5880=VERTEX_POINT('',#7547);
#5881=LINE('',#7548,#7549);
#5882=VERTEX_POINT('',#7550);
#5883=LINE('',#7551,#7552);
#5884=VERTEX_POINT('',#7553);
#5885=LINE('',#7554,#7555);
#5886=LINE('',#7556,#7557);
#5887=LINE('',#7558,#7559);
#5888=LINE('',#7560,#7561);
#5889=LINE('',#7562,#7563);
#5890=CIRCLE('',#7564,0.01);
#5891=CIRCLE('',#7565,0.01);
#5892=LINE('',#7566,#7567);
#5893=VERTEX_POINT('',#7568);
#5894=VERTEX_POINT('',#7569);
#5895=CIRCLE('',#7570,0.1);
#5896=VERTEX_POINT('',#7571);
#5897=LINE('',#7572,#7573);
#5898=VERTEX_POINT('',#7574);
#5899=CIRCLE('',#7575,0.1);
#5900=LINE('',#7576,#7577);
#5901=VERTEX_POINT('',#7578);
#5902=VERTEX_POINT('',#7579);
#5903=CIRCLE('',#7580,0.1);
#5904=VERTEX_POINT('',#7581);
#5905=LINE('',#7582,#7583);
#5906=VERTEX_POINT('',#7584);
#5907=CIRCLE('',#7585,0.1);
#5908=LINE('',#7586,#7587);
#5909=VERTEX_POINT('',#7588);
#5910=VERTEX_POINT('',#7589);
#5911=CIRCLE('',#7590,0.1);
#5912=VERTEX_POINT('',#7591);
#5913=LINE('',#7592,#7593);
#5914=VERTEX_POINT('',#7594);
#5915=CIRCLE('',#7595,0.1);
#5916=LINE('',#7596,#7597);
#5917=VERTEX_POINT('',#7598);
#5918=LINE('',#7599,#7600);
#5919=VERTEX_POINT('',#7601);
#5920=LINE('',#7602,#7603);
#5921=VERTEX_POINT('',#7604);
#5922=CIRCLE('',#7605,0.1);
#5923=VERTEX_POINT('',#7606);
#5924=LINE('',#7607,#7608);
#5925=VERTEX_POINT('',#7609);
#5926=LINE('',#7610,#7611);
#5927=VERTEX_POINT('',#7612);
#5928=LINE('',#7613,#7614);
#5929=VERTEX_POINT('',#7615);
#5930=CIRCLE('',#7616,0.1);
#5931=VERTEX_POINT('',#7617);
#5932=LINE('',#7618,#7619);
#5933=VERTEX_POINT('',#7620);
#5934=CIRCLE('',#7621,0.1);
#5935=VERTEX_POINT('',#7622);
#5936=LINE('',#7623,#7624);
#5937=LINE('',#7625,#7626);
#5938=VERTEX_POINT('',#7627);
#5939=CIRCLE('',#7628,1.01);
#5940=VERTEX_POINT('',#7629);
#5941=LINE('',#7630,#7631);
#5942=CIRCLE('',#7632,1.01);
#5943=VERTEX_POINT('',#7633);
#5944=LINE('',#7634,#7635);
#5945=VERTEX_POINT('',#7636);
#5946=LINE('',#7637,#7638);
#5947=VERTEX_POINT('',#7639);
#5948=LINE('',#7640,#7641);
#5949=VERTEX_POINT('',#7642);
#5950=LINE('',#7643,#7644);
#5951=LINE('',#7645,#7646);
#5952=VERTEX_POINT('',#7647);
#5953=VERTEX_POINT('',#7648);
#5954=LINE('',#7649,#7650);
#5955=VERTEX_POINT('',#7651);
#5956=LINE('',#7652,#7653);
#5957=VERTEX_POINT('',#7654);
#5958=LINE('',#7655,#7656);
#5959=VERTEX_POINT('',#7657);
#5960=LINE('',#7658,#7659);
#5961=VERTEX_POINT('',#7660);
#5962=LINE('',#7661,#7662);
#5963=LINE('',#7663,#7664);
#5964=VERTEX_POINT('',#7665);
#5965=CIRCLE('',#7666,0.51);
#5966=VERTEX_POINT('',#7667);
#5967=LINE('',#7668,#7669);
#5968=CIRCLE('',#7670,0.51);
#5969=VERTEX_POINT('',#7671);
#5970=LINE('',#7672,#7673);
#5971=VERTEX_POINT('',#7674);
#5972=LINE('',#7675,#7676);
#5973=VERTEX_POINT('',#7677);
#5974=LINE('',#7678,#7679);
#5975=VERTEX_POINT('',#7680);
#5976=LINE('',#7681,#7682);
#5977=VERTEX_POINT('',#7683);
#5978=CIRCLE('',#7684,0.1);
#5979=VERTEX_POINT('',#7685);
#5980=LINE('',#7686,#7687);
#5981=VERTEX_POINT('',#7688);
#5982=CIRCLE('',#7689,0.1);
#5983=LINE('',#7690,#7691);
#5984=VERTEX_POINT('',#7692);
#5985=LINE('',#7693,#7694);
#5986=CIRCLE('',#7695,0.1);
#5987=VERTEX_POINT('',#7696);
#5988=CIRCLE('',#7697,0.51);
#5989=VERTEX_POINT('',#7698);
#5990=LINE('',#7699,#7700);
#5991=CIRCLE('',#7701,0.51);
#5992=VERTEX_POINT('',#7702);
#5993=LINE('',#7703,#7704);
#5994=VERTEX_POINT('',#7705);
#5995=LINE('',#7706,#7707);
#5996=VERTEX_POINT('',#7708);
#5997=LINE('',#7709,#7710);
#5998=LINE('',#7711,#7712);
#5999=VERTEX_POINT('',#7713);
#6000=LINE('',#7714,#7715);
#6001=VERTEX_POINT('',#7716);
#6002=LINE('',#7717,#7718);
#6003=LINE('',#7719,#7720);
#6004=VERTEX_POINT('',#7721);
#6005=LINE('',#7722,#7723);
#6006=VERTEX_POINT('',#7724);
#6007=LINE('',#7725,#7726);
#6008=VERTEX_POINT('',#7727);
#6009=LINE('',#7728,#7729);
#6010=LINE('',#7730,#7731);
#6011=VERTEX_POINT('',#7732);
#6012=CIRCLE('',#7733,0.51);
#6013=VERTEX_POINT('',#7734);
#6014=LINE('',#7735,#7736);
#6015=CIRCLE('',#7737,0.51);
#6016=VERTEX_POINT('',#7738);
#6017=LINE('',#7739,#7740);
#6018=VERTEX_POINT('',#7741);
#6019=CIRCLE('',#7742,0.1);
#6020=VERTEX_POINT('',#7743);
#6021=LINE('',#7744,#7745);
#6022=VERTEX_POINT('',#7746);
#6023=CIRCLE('',#7747,0.1);
#6024=LINE('',#7748,#7749);
#6025=VERTEX_POINT('',#7750);
#6026=LINE('',#7751,#7752);
#6027=VERTEX_POINT('',#7753);
#6028=LINE('',#7754,#7755);
#6029=LINE('',#7756,#7757);
#6030=LINE('',#7758,#7759);
#6031=LINE('',#7760,#7761);
#6032=VERTEX_POINT('',#7762);
#6033=LINE('',#7763,#7764);
#6034=VERTEX_POINT('',#7765);
#6035=LINE('',#7766,#7767);
#6036=LINE('',#7768,#7769);
#6037=VERTEX_POINT('',#7770);
#6038=LINE('',#7771,#7772);
#6039=VERTEX_POINT('',#7773);
#6040=LINE('',#7774,#7775);
#6041=LINE('',#7776,#7777);
#6042=LINE('',#7778,#7779);
#6043=LINE('',#7780,#7781);
#6044=VERTEX_POINT('',#7782);
#6045=LINE('',#7783,#7784);
#6046=CIRCLE('',#7785,0.1);
#6047=VERTEX_POINT('',#7786);
#6048=CIRCLE('',#7787,0.1);
#6049=LINE('',#7788,#7789);
#6050=LINE('',#7790,#7791);
#6051=LINE('',#7792,#7793);
#6052=LINE('',#7794,#7795);
#6053=LINE('',#7796,#7797);
#6054=LINE('',#7798,#7799);
#6055=LINE('',#7800,#7801);
#6056=VERTEX_POINT('',#7802);
#6057=LINE('',#7803,#7804);
#6058=VERTEX_POINT('',#7805);
#6059=LINE('',#7806,#7807);
#6060=CIRCLE('',#7808,0.01);
#6061=LINE('',#7809,#7810);
#6062=VERTEX_POINT('',#7811);
#6063=LINE('',#7812,#7813);
#6064=VERTEX_POINT('',#7814);
#6065=CIRCLE('',#7815,0.01);
#6066=LINE('',#7816,#7817);
#6067=LINE('',#7818,#7819);
#6068=VERTEX_POINT('',#7820);
#6069=LINE('',#7821,#7822);
#6070=VERTEX_POINT('',#7823);
#6071=LINE('',#7824,#7825);
#6072=VERTEX_POINT('',#7826);
#6073=LINE('',#7827,#7828);
#6074=VERTEX_POINT('',#7829);
#6075=LINE('',#7830,#7831);
#6076=LINE('',#7832,#7833);
#6077=LINE('',#7834,#7835);
#6078=LINE('',#7836,#7837);
#6079=LINE('',#7838,#7839);
#6080=CIRCLE('',#7840,0.01);
#6081=CIRCLE('',#7841,0.01);
#6082=LINE('',#7842,#7843);
#6083=VERTEX_POINT('',#7844);
#6084=VERTEX_POINT('',#7845);
#6085=LINE('',#7846,#7847);
#6086=VERTEX_POINT('',#7848);
#6087=CIRCLE('',#7849,0.8);
#6088=VERTEX_POINT('',#7850);
#6089=LINE('',#7851,#7852);
#6090=CIRCLE('',#7853,0.8);
#6091=VERTEX_POINT('',#7854);
#6092=VERTEX_POINT('',#7855);
#6093=CIRCLE('',#7856,0.2);
#6094=VERTEX_POINT('',#7857);
#6095=CIRCLE('',#7858,1.3);
#6096=VERTEX_POINT('',#7859);
#6097=CIRCLE('',#7860,0.2);
#6098=CIRCLE('',#7861,1.1);
#6099=VERTEX_POINT('',#7862);
#6100=LINE('',#7863,#7864);
#6101=VERTEX_POINT('',#7865);
#6102=CIRCLE('',#7866,0.6);
#6103=LINE('',#7867,#7868);
#6104=CIRCLE('',#7869,0.8);
#6105=VERTEX_POINT('',#7870);
#6106=LINE('',#7871,#7872);
#6107=CIRCLE('',#7873,1.3);
#6108=VERTEX_POINT('',#7874);
#6109=LINE('',#7875,#7876);
#6110=VERTEX_POINT('',#7877);
#6111=CIRCLE('',#7878,1.3);
#6112=VERTEX_POINT('',#7879);
#6113=LINE('',#7880,#7881);
#6114=VERTEX_POINT('',#7882);
#6115=CIRCLE('',#7883,1.3);
#6116=VERTEX_POINT('',#7884);
#6117=LINE('',#7885,#7886);
#6118=CIRCLE('',#7887,1.3);
#6119=VERTEX_POINT('',#7888);
#6120=VERTEX_POINT('',#7889);
#6121=LINE('',#7890,#7891);
#6122=VERTEX_POINT('',#7892);
#6123=LINE('',#7893,#7894);
#6124=VERTEX_POINT('',#7895);
#6125=B_SPLINE_CURVE_WITH_KNOTS('',3,(#7896,#7897,#7898,#7899,#7900,#7901),.UNSPECIFIED.,.F.,.F.,(4,2,4),(0.000284269786543351,0.000442943261350372,0.000601616736157394),.UNSPECIFIED.);
#6126=VERTEX_POINT('',#7902);
#6127=LINE('',#7903,#7904);
#6128=VERTEX_POINT('',#7905);
#6129=B_SPLINE_CURVE_WITH_KNOTS('',3,(#7906,#7907,#7908,#7909,#7910,#7911),.UNSPECIFIED.,.F.,.F.,(4,2,4),(0.0012394093455379,0.0013978153928795,0.0015562214402211),.UNSPECIFIED.);
#6130=LINE('',#7912,#7913);
#6131=VERTEX_POINT('',#7914);
#6132=B_SPLINE_CURVE_WITH_KNOTS('',3,(#7915,#7916,#7917,#7918,#7919,#7920),.UNSPECIFIED.,.F.,.F.,(4,2,4),(0.000987518756681238,0.00114601284948983,0.00130450694229843),.UNSPECIFIED.);
#6133=VERTEX_POINT('',#7921);
#6134=LINE('',#7922,#7923);
#6135=B_SPLINE_CURVE_WITH_KNOTS('',3,(#7924,#7925,#7926,#7927,#7928,#7929),.UNSPECIFIED.,.F.,.F.,(4,2,4),(0.000670703330859261,0.000829247440156506,0.000987791549453752),.UNSPECIFIED.);
#6136=LINE('',#7930,#7931);
#6137=CIRCLE('',#7932,1.3);
#6138=CIRCLE('',#7933,1.3);
#6139=CIRCLE('',#7934,1.3);
#6140=CIRCLE('',#7935,1.1);
#6141=CIRCLE('',#7936,0.6);
#6142=CIRCLE('',#7937,1.1);
#6143=CIRCLE('',#7938,0.8);
#6144=CIRCLE('',#7939,1.1);
#6145=VERTEX_POINT('',#7940);
#6146=VERTEX_POINT('',#7941);
#6147=LINE('',#7942,#7943);
#6148=VERTEX_POINT('',#7944);
#6149=CIRCLE('',#7945,0.8);
#6150=VERTEX_POINT('',#7946);
#6151=LINE('',#7947,#7948);
#6152=CIRCLE('',#7949,0.8);
#6153=VERTEX_POINT('',#7950);
#6154=VERTEX_POINT('',#7951);
#6155=CIRCLE('',#7952,0.2);
#6156=VERTEX_POINT('',#7953);
#6157=CIRCLE('',#7954,1.3);
#6158=VERTEX_POINT('',#7955);
#6159=CIRCLE('',#7956,0.2);
#6160=CIRCLE('',#7957,1.1);
#6161=VERTEX_POINT('',#7958);
#6162=LINE('',#7959,#7960);
#6163=VERTEX_POINT('',#7961);
#6164=CIRCLE('',#7962,0.6);
#6165=LINE('',#7963,#7964);
#6166=CIRCLE('',#7965,0.8);
#6167=VERTEX_POINT('',#7966);
#6168=LINE('',#7967,#7968);
#6169=CIRCLE('',#7969,1.3);
#6170=VERTEX_POINT('',#7970);
#6171=LINE('',#7971,#7972);
#6172=VERTEX_POINT('',#7973);
#6173=CIRCLE('',#7974,1.3);
#6174=VERTEX_POINT('',#7975);
#6175=LINE('',#7976,#7977);
#6176=VERTEX_POINT('',#7978);
#6177=CIRCLE('',#7979,1.3);
#6178=VERTEX_POINT('',#7980);
#6179=LINE('',#7981,#7982);
#6180=CIRCLE('',#7983,1.3);
#6181=VERTEX_POINT('',#7984);
#6182=VERTEX_POINT('',#7985);
#6183=LINE('',#7986,#7987);
#6184=VERTEX_POINT('',#7988);
#6185=LINE('',#7989,#7990);
#6186=VERTEX_POINT('',#7991);
#6187=B_SPLINE_CURVE_WITH_KNOTS('',3,(#7992,#7993,#7994,#7995,#7996,#7997),.UNSPECIFIED.,.F.,.F.,(4,2,4),(0.000284269786543351,0.000442943261350372,0.000601616736157394),.UNSPECIFIED.);
#6188=VERTEX_POINT('',#7998);
#6189=LINE('',#7999,#8000);
#6190=VERTEX_POINT('',#8001);
#6191=B_SPLINE_CURVE_WITH_KNOTS('',3,(#8002,#8003,#8004,#8005,#8006,#8007),.UNSPECIFIED.,.F.,.F.,(4,2,4),(0.0012394093455379,0.0013978153928795,0.0015562214402211),.UNSPECIFIED.);
#6192=LINE('',#8008,#8009);
#6193=VERTEX_POINT('',#8010);
#6194=B_SPLINE_CURVE_WITH_KNOTS('',3,(#8011,#8012,#8013,#8014,#8015,#8016),.UNSPECIFIED.,.F.,.F.,(4,2,4),(0.000987518756681238,0.00114601284948983,0.00130450694229843),.UNSPECIFIED.);
#6195=VERTEX_POINT('',#8017);
#6196=LINE('',#8018,#8019);
#6197=B_SPLINE_CURVE_WITH_KNOTS('',3,(#8020,#8021,#8022,#8023,#8024,#8025),.UNSPECIFIED.,.F.,.F.,(4,2,4),(0.000670703330859261,0.000829247440156506,0.000987791549453752),.UNSPECIFIED.);
#6198=LINE('',#8026,#8027);
#6199=CIRCLE('',#8028,1.3);
#6200=CIRCLE('',#8029,1.3);
#6201=CIRCLE('',#8030,1.3);
#6202=CIRCLE('',#8031,1.1);
#6203=CIRCLE('',#8032,0.6);
#6204=CIRCLE('',#8033,1.1);
#6205=CIRCLE('',#8034,0.8);
#6206=CIRCLE('',#8035,1.1);
#6207=VERTEX_POINT('',#8036);
#6208=VERTEX_POINT('',#8037);
#6209=LINE('',#8038,#8039);
#6210=VERTEX_POINT('',#8040);
#6211=CIRCLE('',#8041,0.8);
#6212=VERTEX_POINT('',#8042);
#6213=LINE('',#8043,#8044);
#6214=CIRCLE('',#8045,0.8);
#6215=VERTEX_POINT('',#8046);
#6216=VERTEX_POINT('',#8047);
#6217=CIRCLE('',#8048,0.2);
#6218=VERTEX_POINT('',#8049);
#6219=CIRCLE('',#8050,1.3);
#6220=VERTEX_POINT('',#8051);
#6221=CIRCLE('',#8052,0.2);
#6222=CIRCLE('',#8053,1.1);
#6223=VERTEX_POINT('',#8054);
#6224=LINE('',#8055,#8056);
#6225=VERTEX_POINT('',#8057);
#6226=CIRCLE('',#8058,0.6);
#6227=LINE('',#8059,#8060);
#6228=CIRCLE('',#8061,0.8);
#6229=VERTEX_POINT('',#8062);
#6230=LINE('',#8063,#8064);
#6231=CIRCLE('',#8065,1.3);
#6232=VERTEX_POINT('',#8066);
#6233=LINE('',#8067,#8068);
#6234=VERTEX_POINT('',#8069);
#6235=CIRCLE('',#8070,1.3);
#6236=VERTEX_POINT('',#8071);
#6237=LINE('',#8072,#8073);
#6238=VERTEX_POINT('',#8074);
#6239=CIRCLE('',#8075,1.3);
#6240=VERTEX_POINT('',#8076);
#6241=LINE('',#8077,#8078);
#6242=CIRCLE('',#8079,1.3);
#6243=VERTEX_POINT('',#8080);
#6244=VERTEX_POINT('',#8081);
#6245=LINE('',#8082,#8083);
#6246=VERTEX_POINT('',#8084);
#6247=LINE('',#8085,#8086);
#6248=VERTEX_POINT('',#8087);
#6249=B_SPLINE_CURVE_WITH_KNOTS('',3,(#8088,#8089,#8090,#8091,#8092,#8093),.UNSPECIFIED.,.F.,.F.,(4,2,4),(0.000284269786543351,0.000442943261350372,0.000601616736157394),.UNSPECIFIED.);
#6250=VERTEX_POINT('',#8094);
#6251=LINE('',#8095,#8096);
#6252=VERTEX_POINT('',#8097);
#6253=B_SPLINE_CURVE_WITH_KNOTS('',3,(#8098,#8099,#8100,#8101,#8102,#8103),.UNSPECIFIED.,.F.,.F.,(4,2,4),(0.0012394093455379,0.0013978153928795,0.0015562214402211),.UNSPECIFIED.);
#6254=LINE('',#8104,#8105);
#6255=VERTEX_POINT('',#8106);
#6256=B_SPLINE_CURVE_WITH_KNOTS('',3,(#8107,#8108,#8109,#8110,#8111,#8112),.UNSPECIFIED.,.F.,.F.,(4,2,4),(0.000987518756681238,0.00114601284948983,0.00130450694229843),.UNSPECIFIED.);
#6257=VERTEX_POINT('',#8113);
#6258=LINE('',#8114,#8115);
#6259=B_SPLINE_CURVE_WITH_KNOTS('',3,(#8116,#8117,#8118,#8119,#8120,#8121),.UNSPECIFIED.,.F.,.F.,(4,2,4),(0.000670703330859261,0.000829247440156506,0.000987791549453752),.UNSPECIFIED.);
#6260=LINE('',#8122,#8123);
#6261=CIRCLE('',#8124,1.3);
#6262=CIRCLE('',#8125,1.3);
#6263=CIRCLE('',#8126,1.3);
#6264=CIRCLE('',#8127,1.1);
#6265=CIRCLE('',#8128,0.6);
#6266=CIRCLE('',#8129,1.1);
#6267=CIRCLE('',#8130,0.8);
#6268=CIRCLE('',#8131,1.1);
#6269=VERTEX_POINT('',#8132);
#6270=VERTEX_POINT('',#8133);
#6271=LINE('',#8134,#8135);
#6272=VERTEX_POINT('',#8136);
#6273=CIRCLE('',#8137,1.3);
#6274=VERTEX_POINT('',#8138);
#6275=LINE('',#8139,#8140);
#6276=CIRCLE('',#8141,1.3);
#6277=VERTEX_POINT('',#8142);
#6278=VERTEX_POINT('',#8143);
#6279=LINE('',#8144,#8145);
#6280=VERTEX_POINT('',#8146);
#6281=CIRCLE('',#8147,1.3);
#6282=VERTEX_POINT('',#8148);
#6283=LINE('',#8149,#8150);
#6284=CIRCLE('',#8151,1.3);
#6285=VERTEX_POINT('',#8152);
#6286=VERTEX_POINT('',#8153);
#6287=LINE('',#8154,#8155);
#6288=VERTEX_POINT('',#8156);
#6289=CIRCLE('',#8157,1.3);
#6290=VERTEX_POINT('',#8158);
#6291=LINE('',#8159,#8160);
#6292=CIRCLE('',#8161,1.3);
#6293=VERTEX_POINT('',#8162);
#6294=LINE('',#8163,#8164);
#6295=CIRCLE('',#8165,1.3);
#6296=VERTEX_POINT('',#8166);
#6297=LINE('',#8167,#8168);
#6298=CIRCLE('',#8169,1.1);
#6299=VERTEX_POINT('',#8170);
#6300=LINE('',#8171,#8172);
#6301=CIRCLE('',#8173,1.3);
#6302=VERTEX_POINT('',#8174);
#6303=LINE('',#8175,#8176);
#6304=CIRCLE('',#8177,1.1);
#6305=VERTEX_POINT('',#8178);
#6306=LINE('',#8179,#8180);
#6307=CIRCLE('',#8181,1.3);
#6308=VERTEX_POINT('',#8182);
#6309=LINE('',#8183,#8184);
#6310=CIRCLE('',#8185,1.1);
#6311=VERTEX_POINT('',#8186);
#6312=VERTEX_POINT('',#8187);
#6313=LINE('',#8188,#8189);
#6314=VERTEX_POINT('',#8190);
#6315=LINE('',#8191,#8192);
#6316=VERTEX_POINT('',#8193);
#6317=LINE('',#8194,#8195);
#6318=LINE('',#8196,#8197);
#6319=VERTEX_POINT('',#8198);
#6320=LINE('',#8199,#8200);
#6321=VERTEX_POINT('',#8201);
#6322=LINE('',#8202,#8203);
#6323=LINE('',#8204,#8205);
#6324=VERTEX_POINT('',#8206);
#6325=LINE('',#8207,#8208);
#6326=VERTEX_POINT('',#8209);
#6327=LINE('',#8210,#8211);
#6328=LINE('',#8212,#8213);
#6329=VERTEX_POINT('',#8214);
#6330=VERTEX_POINT('',#8215);
#6331=LINE('',#8216,#8217);
#6332=VERTEX_POINT('',#8218);
#6333=LINE('',#8219,#8220);
#6334=VERTEX_POINT('',#8221);
#6335=LINE('',#8222,#8223);
#6336=VERTEX_POINT('',#8224);
#6337=LINE('',#8225,#8226);
#6338=VERTEX_POINT('',#8227);
#6339=LINE('',#8228,#8229);
#6340=VERTEX_POINT('',#8230);
#6341=LINE('',#8231,#8232);
#6342=VERTEX_POINT('',#8233);
#6343=LINE('',#8234,#8235);
#6344=VERTEX_POINT('',#8236);
#6345=LINE('',#8237,#8238);
#6346=VERTEX_POINT('',#8239);
#6347=LINE('',#8240,#8241);
#6348=VERTEX_POINT('',#8242);
#6349=LINE('',#8243,#8244);
#6350=VERTEX_POINT('',#8245);
#6351=LINE('',#8246,#8247);
#6352=VERTEX_POINT('',#8248);
#6353=LINE('',#8249,#8250);
#6354=VERTEX_POINT('',#8251);
#6355=LINE('',#8252,#8253);
#6356=VERTEX_POINT('',#8254);
#6357=LINE('',#8255,#8256);
#6358=VERTEX_POINT('',#8257);
#6359=LINE('',#8258,#8259);
#6360=LINE('',#8260,#8261);
#6361=VERTEX_POINT('',#8262);
#6362=VERTEX_POINT('',#8263);
#6363=LINE('',#8264,#8265);
#6364=VERTEX_POINT('',#8266);
#6365=LINE('',#8267,#8268);
#6366=VERTEX_POINT('',#8269);
#6367=LINE('',#8270,#8271);
#6368=LINE('',#8272,#8273);
#6369=CIRCLE('',#8274,1.1);
#6370=VERTEX_POINT('',#8275);
#6371=LINE('',#8276,#8277);
#6372=VERTEX_POINT('',#8278);
#6373=LINE('',#8279,#8280);
#6374=LINE('',#8281,#8282);
#6375=VERTEX_POINT('',#8283);
#6376=LINE('',#8284,#8285);
#6377=LINE('',#8286,#8287);
#6378=CIRCLE('',#8288,1.3);
#6379=CIRCLE('',#8289,1.3);
#6380=CIRCLE('',#8290,1.3);
#6381=VERTEX_POINT('',#8291);
#6382=LINE('',#8292,#8293);
#6383=VERTEX_POINT('',#8294);
#6384=LINE('',#8295,#8296);
#6385=VERTEX_POINT('',#8297);
#6386=LINE('',#8298,#8299);
#6387=VERTEX_POINT('',#8300);
#6388=LINE('',#8301,#8302);
#6389=VERTEX_POINT('',#8303);
#6390=LINE('',#8304,#8305);
#6391=VERTEX_POINT('',#8306);
#6392=LINE('',#8307,#8308);
#6393=VERTEX_POINT('',#8309);
#6394=LINE('',#8310,#8311);
#6395=LINE('',#8312,#8313);
#6396=VERTEX_POINT('',#8314);
#6397=VERTEX_POINT('',#8315);
#6398=LINE('',#8316,#8317);
#6399=LINE('',#8318,#8319);
#6400=LINE('',#8320,#8321);
#6401=VERTEX_POINT('',#8322);
#6402=VERTEX_POINT('',#8323);
#6403=LINE('',#8324,#8325);
#6404=VERTEX_POINT('',#8326);
#6405=LINE('',#8327,#8328);
#6406=VERTEX_POINT('',#8329);
#6407=LINE('',#8330,#8331);
#6408=LINE('',#8332,#8333);
#6409=VERTEX_POINT('',#8334);
#6410=LINE('',#8335,#8336);
#6411=LINE('',#8337,#8338);
#6412=VERTEX_POINT('',#8339);
#6413=LINE('',#8340,#8341);
#6414=VERTEX_POINT('',#8342);
#6415=LINE('',#8343,#8344);
#6416=VERTEX_POINT('',#8345);
#6417=LINE('',#8346,#8347);
#6418=VERTEX_POINT('',#8348);
#6419=LINE('',#8349,#8350);
#6420=VERTEX_POINT('',#8351);
#6421=LINE('',#8352,#8353);
#6422=VERTEX_POINT('',#8354);
#6423=LINE('',#8355,#8356);
#6424=VERTEX_POINT('',#8357);
#6425=LINE('',#8358,#8359);
#6426=LINE('',#8360,#8361);
#6427=VERTEX_POINT('',#8362);
#6428=LINE('',#8363,#8364);
#6429=VERTEX_POINT('',#8365);
#6430=LINE('',#8366,#8367);
#6431=VERTEX_POINT('',#8368);
#6432=LINE('',#8369,#8370);
#6433=VERTEX_POINT('',#8371);
#6434=LINE('',#8372,#8373);
#6435=VERTEX_POINT('',#8374);
#6436=LINE('',#8375,#8376);
#6437=VERTEX_POINT('',#8377);
#6438=LINE('',#8378,#8379);
#6439=VERTEX_POINT('',#8380);
#6440=LINE('',#8381,#8382);
#6441=VERTEX_POINT('',#8383);
#6442=LINE('',#8384,#8385);
#6443=VERTEX_POINT('',#8386);
#6444=LINE('',#8387,#8388);
#6445=VERTEX_POINT('',#8389);
#6446=LINE('',#8390,#8391);
#6447=VERTEX_POINT('',#8392);
#6448=LINE('',#8393,#8394);
#6449=VERTEX_POINT('',#8395);
#6450=LINE('',#8396,#8397);
#6451=VERTEX_POINT('',#8398);
#6452=LINE('',#8399,#8400);
#6453=VERTEX_POINT('',#8401);
#6454=LINE('',#8402,#8403);
#6455=VERTEX_POINT('',#8404);
#6456=LINE('',#8405,#8406);
#6457=VERTEX_POINT('',#8407);
#6458=LINE('',#8408,#8409);
#6459=VERTEX_POINT('',#8410);
#6460=LINE('',#8411,#8412);
#6461=VERTEX_POINT('',#8413);
#6462=LINE('',#8414,#8415);
#6463=VERTEX_POINT('',#8416);
#6464=LINE('',#8417,#8418);
#6465=VERTEX_POINT('',#8419);
#6466=LINE('',#8420,#8421);
#6467=VERTEX_POINT('',#8422);
#6468=LINE('',#8423,#8424);
#6469=VERTEX_POINT('',#8425);
#6470=LINE('',#8426,#8427);
#6471=VERTEX_POINT('',#8428);
#6472=LINE('',#8429,#8430);
#6473=VERTEX_POINT('',#8431);
#6474=LINE('',#8432,#8433);
#6475=VERTEX_POINT('',#8434);
#6476=LINE('',#8435,#8436);
#6477=VERTEX_POINT('',#8437);
#6478=LINE('',#8438,#8439);
#6479=VERTEX_POINT('',#8440);
#6480=LINE('',#8441,#8442);
#6481=VERTEX_POINT('',#8443);
#6482=LINE('',#8444,#8445);
#6483=VERTEX_POINT('',#8446);
#6484=LINE('',#8447,#8448);
#6485=VERTEX_POINT('',#8449);
#6486=LINE('',#8450,#8451);
#6487=VERTEX_POINT('',#8452);
#6488=LINE('',#8453,#8454);
#6489=VERTEX_POINT('',#8455);
#6490=LINE('',#8456,#8457);
#6491=VERTEX_POINT('',#8458);
#6492=LINE('',#8459,#8460);
#6493=VERTEX_POINT('',#8461);
#6494=LINE('',#8462,#8463);
#6495=VERTEX_POINT('',#8464);
#6496=LINE('',#8465,#8466);
#6497=VERTEX_POINT('',#8467);
#6498=LINE('',#8468,#8469);
#6499=VERTEX_POINT('',#8470);
#6500=LINE('',#8471,#8472);
#6501=VERTEX_POINT('',#8473);
#6502=LINE('',#8474,#8475);
#6503=VERTEX_POINT('',#8476);
#6504=LINE('',#8477,#8478);
#6505=VERTEX_POINT('',#8479);
#6506=LINE('',#8480,#8481);
#6507=VERTEX_POINT('',#8482);
#6508=LINE('',#8483,#8484);
#6509=LINE('',#8485,#8486);
#6510=VERTEX_POINT('',#8487);
#6511=LINE('',#8488,#8489);
#6512=VERTEX_POINT('',#8490);
#6513=LINE('',#8491,#8492);
#6514=LINE('',#8493,#8494);
#6515=VERTEX_POINT('',#8495);
#6516=LINE('',#8496,#8497);
#6517=VERTEX_POINT('',#8498);
#6518=LINE('',#8499,#8500);
#6519=LINE('',#8501,#8502);
#6520=LINE('',#8503,#8504);
#6521=LINE('',#8505,#8506);
#6522=LINE('',#8507,#8508);
#6523=LINE('',#8509,#8510);
#6524=VERTEX_POINT('',#8511);
#6525=LINE('',#8512,#8513);
#6526=LINE('',#8514,#8515);
#6527=VERTEX_POINT('',#8516);
#6528=VERTEX_POINT('',#8517);
#6529=LINE('',#8518,#8519);
#6530=VERTEX_POINT('',#8520);
#6531=LINE('',#8521,#8522);
#6532=VERTEX_POINT('',#8523);
#6533=LINE('',#8524,#8525);
#6534=LINE('',#8526,#8527);
#6535=VERTEX_POINT('',#8528);
#6536=VERTEX_POINT('',#8529);
#6537=LINE('',#8530,#8531);
#6538=VERTEX_POINT('',#8532);
#6539=LINE('',#8533,#8534);
#6540=VERTEX_POINT('',#8535);
#6541=LINE('',#8536,#8537);
#6542=LINE('',#8538,#8539);
#6543=VERTEX_POINT('',#8540);
#6544=VERTEX_POINT('',#8541);
#6545=LINE('',#8542,#8543);
#6546=VERTEX_POINT('',#8544);
#6547=LINE('',#8545,#8546);
#6548=VERTEX_POINT('',#8547);
#6549=LINE('',#8548,#8549);
#6550=LINE('',#8550,#8551);
#6551=LINE('',#8552,#8553);
#6552=VERTEX_POINT('',#8554);
#6553=LINE('',#8555,#8556);
#6554=VERTEX_POINT('',#8557);
#6555=LINE('',#8558,#8559);
#6556=LINE('',#8560,#8561);
#6557=VERTEX_POINT('',#8562);
#6558=LINE('',#8563,#8564);
#6559=VERTEX_POINT('',#8565);
#6560=LINE('',#8566,#8567);
#6561=LINE('',#8568,#8569);
#6562=LINE('',#8570,#8571);
#6563=LINE('',#8572,#8573);
#6564=CIRCLE('',#8574,1.1);
#6565=VERTEX_POINT('',#8575);
#6566=LINE('',#8576,#8577);
#6567=VERTEX_POINT('',#8578);
#6568=LINE('',#8579,#8580);
#6569=LINE('',#8581,#8582);
#6570=VERTEX_POINT('',#8583);
#6571=LINE('',#8584,#8585);
#6572=VERTEX_POINT('',#8586);
#6573=LINE('',#8587,#8588);
#6574=LINE('',#8589,#8590);
#6575=VERTEX_POINT('',#8591);
#6576=LINE('',#8592,#8593);
#6577=VERTEX_POINT('',#8594);
#6578=LINE('',#8595,#8596);
#6579=LINE('',#8597,#8598);
#6580=LINE('',#8599,#8600);
#6581=LINE('',#8601,#8602);
#6582=CIRCLE('',#8603,1.1);
#6583=VERTEX_POINT('',#8604);
#6584=LINE('',#8605,#8606);
#6585=VERTEX_POINT('',#8607);
#6586=LINE('',#8608,#8609);
#6587=LINE('',#8610,#8611);
#6588=VERTEX_POINT('',#8612);
#6589=LINE('',#8613,#8614);
#6590=VERTEX_POINT('',#8615);
#6591=LINE('',#8616,#8617);
#6592=LINE('',#8618,#8619);
#6593=VERTEX_POINT('',#8620);
#6594=LINE('',#8621,#8622);
#6595=VERTEX_POINT('',#8623);
#6596=LINE('',#8624,#8625);
#6597=LINE('',#8626,#8627);
#6598=LINE('',#8628,#8629);
#6599=LINE('',#8630,#8631);
#6600=VERTEX_POINT('',#8632);
#6601=LINE('',#8633,#8634);
#6602=VERTEX_POINT('',#8635);
#6603=LINE('',#8636,#8637);
#6604=LINE('',#8638,#8639);
#6605=VERTEX_POINT('',#8640);
#6606=VERTEX_POINT('',#8641);
#6607=LINE('',#8642,#8643);
#6608=VERTEX_POINT('',#8644);
#6609=LINE('',#8645,#8646);
#6610=VERTEX_POINT('',#8647);
#6611=LINE('',#8648,#8649);
#6612=LINE('',#8650,#8651);
#6613=LINE('',#8652,#8653);
#6614=VERTEX_POINT('',#8654);
#6615=LINE('',#8655,#8656);
#6616=LINE('',#8657,#8658);
#6617=VERTEX_POINT('',#8659);
#6618=LINE('',#8660,#8661);
#6619=LINE('',#8662,#8663);
#6620=LINE('',#8664,#8665);
#6621=LINE('',#8666,#8667);
#6622=VERTEX_POINT('',#8668);
#6623=LINE('',#8669,#8670);
#6624=VERTEX_POINT('',#8671);
#6625=LINE('',#8672,#8673);
#6626=LINE('',#8674,#8675);
#6627=VERTEX_POINT('',#8676);
#6628=VERTEX_POINT('',#8677);
#6629=LINE('',#8678,#8679);
#6630=LINE('',#8680,#8681);
#6631=LINE('',#8682,#8683);
#6632=LINE('',#8684,#8685);
#6633=LINE('',#8686,#8687);
#6634=LINE('',#8688,#8689);
#6635=LINE('',#8690,#8691);
#6636=LINE('',#8692,#8693);
#6637=LINE('',#8694,#8695);
#6638=LINE('',#8696,#8697);
#6639=LINE('',#8698,#8699);
#6640=LINE('',#8700,#8701);
#6641=LINE('',#8702,#8703);
#6642=LINE('',#8704,#8705);
#6643=VERTEX_POINT('',#8706);
#6644=VERTEX_POINT('',#8707);
#6645=LINE('',#8708,#8709);
#6646=VERTEX_POINT('',#8710);
#6647=LINE('',#8711,#8712);
#6648=VERTEX_POINT('',#8713);
#6649=LINE('',#8714,#8715);
#6650=LINE('',#8716,#8717);
#6651=LINE('',#8718,#8719);
#6652=VERTEX_POINT('',#8720);
#6653=LINE('',#8721,#8722);
#6654=LINE('',#8723,#8724);
#6655=VERTEX_POINT('',#8725);
#6656=LINE('',#8726,#8727);
#6657=LINE('',#8728,#8729);
#6658=LINE('',#8730,#8731);
#6659=LINE('',#8732,#8733);
#6660=VERTEX_POINT('',#8734);
#6661=LINE('',#8735,#8736);
#6662=VERTEX_POINT('',#8737);
#6663=LINE('',#8738,#8739);
#6664=LINE('',#8740,#8741);
#6665=VERTEX_POINT('',#8742);
#6666=VERTEX_POINT('',#8743);
#6667=LINE('',#8744,#8745);
#6668=LINE('',#8746,#8747);
#6669=LINE('',#8748,#8749);
#6670=LINE('',#8750,#8751);
#6671=LINE('',#8752,#8753);
#6672=LINE('',#8754,#8755);
#6673=LINE('',#8756,#8757);
#6674=LINE('',#8758,#8759);
#6675=LINE('',#8760,#8761);
#6676=LINE('',#8762,#8763);
#6677=LINE('',#8764,#8765);
#6678=VERTEX_POINT('',#8766);
#6679=VERTEX_POINT('',#8767);
#6680=LINE('',#8768,#8769);
#6681=VERTEX_POINT('',#8770);
#6682=LINE('',#8771,#8772);
#6683=VERTEX_POINT('',#8773);
#6684=LINE('',#8774,#8775);
#6685=LINE('',#8776,#8777);
#6686=LINE('',#8778,#8779);
#6687=LINE('',#8780,#8781);
#6688=LINE('',#8782,#8783);
#6689=LINE('',#8784,#8785);
#6690=VERTEX_POINT('',#8786);
#6691=VERTEX_POINT('',#8787);
#6692=LINE('',#8788,#8789);
#6693=VERTEX_POINT('',#8790);
#6694=LINE('',#8791,#8792);
#6695=VERTEX_POINT('',#8793);
#6696=LINE('',#8794,#8795);
#6697=LINE('',#8796,#8797);
#6698=LINE('',#8798,#8799);
#6699=VERTEX_POINT('',#8800);
#6700=LINE('',#8801,#8802);
#6701=LINE('',#8803,#8804);
#6702=VERTEX_POINT('',#8805);
#6703=LINE('',#8806,#8807);
#6704=LINE('',#8808,#8809);
#6705=LINE('',#8810,#8811);
#6706=LINE('',#8812,#8813);
#6707=VERTEX_POINT('',#8814);
#6708=LINE('',#8815,#8816);
#6709=VERTEX_POINT('',#8817);
#6710=LINE('',#8818,#8819);
#6711=LINE('',#8820,#8821);
#6712=VERTEX_POINT('',#8822);
#6713=VERTEX_POINT('',#8823);
#6714=LINE('',#8824,#8825);
#6715=LINE('',#8826,#8827);
#6716=LINE('',#8828,#8829);
#6717=LINE('',#8830,#8831);
#6718=LINE('',#8832,#8833);
#6719=LINE('',#8834,#8835);
#6720=LINE('',#8836,#8837);
#6721=LINE('',#8838,#8839);
#6722=LINE('',#8840,#8841);
#6723=LINE('',#8842,#8843);
#6724=LINE('',#8844,#8845);
#6725=VERTEX_POINT('',#8846);
#6726=VERTEX_POINT('',#8847);
#6727=LINE('',#8848,#8849);
#6728=VERTEX_POINT('',#8850);
#6729=LINE('',#8851,#8852);
#6730=VERTEX_POINT('',#8853);
#6731=LINE('',#8854,#8855);
#6732=LINE('',#8856,#8857);
#6733=LINE('',#8858,#8859);
#6734=LINE('',#8860,#8861);
#6735=LINE('',#8862,#8863);
#6736=LINE('',#8864,#8865);
#6737=LINE('',#8866,#8867);
#6738=VERTEX_POINT('',#8868);
#6739=LINE('',#8869,#8870);
#6740=VERTEX_POINT('',#8871);
#6741=LINE('',#8872,#8873);
#6742=LINE('',#8874,#8875);
#6743=VERTEX_POINT('',#8876);
#6744=LINE('',#8877,#8878);
#6745=VERTEX_POINT('',#8879);
#6746=LINE('',#8880,#8881);
#6747=LINE('',#8882,#8883);
#6748=LINE('',#8884,#8885);
#6749=LINE('',#8886,#8887);
#6750=VERTEX_POINT('',#8888);
#6751=LINE('',#8889,#8890);
#6752=LINE('',#8891,#8892);
#6753=VERTEX_POINT('',#8893);
#6754=LINE('',#8894,#8895);
#6755=LINE('',#8896,#8897);
#6756=LINE('',#8898,#8899);
#6757=VERTEX_POINT('',#8900);
#6758=LINE('',#8901,#8902);
#6759=LINE('',#8903,#8904);
#6760=VERTEX_POINT('',#8905);
#6761=LINE('',#8906,#8907);
#6762=LINE('',#8908,#8909);
#6763=LINE('',#8910,#8911);
#6764=CARTESIAN_POINT('',(0.725000000000001,-0.3,0.5));
#6765=CARTESIAN_POINT('',(0.725000000000001,-0.3,1.75));
#6766=CARTESIAN_POINT('',(0.725000000000001,-0.3,1.125));
#6767=VECTOR('',#8912,1.0);
#6768=CARTESIAN_POINT('',(-0.774999999999999,-0.3,0.5));
#6769=AXIS2_PLACEMENT_3D('',#8913,#8914,#8915);
#6770=CARTESIAN_POINT('',(-0.774999999999999,-0.3,1.75));
#6771=CARTESIAN_POINT('',(-0.774999999999999,-0.3,1.125));
#6772=VECTOR('',#8916,1.0);
#6773=AXIS2_PLACEMENT_3D('',#8917,#8918,#8919);
#6774=CARTESIAN_POINT('',(0.925000000000001,-0.3,1.95));
#6775=CARTESIAN_POINT('',(0.925000000000001,-0.3,1.95));
#6776=VECTOR('',#8920,1.0);
#6777=CARTESIAN_POINT('',(-0.974999999999999,-0.3,1.95));
#6778=AXIS2_PLACEMENT_3D('',#8921,#8922,#8923);
#6779=CARTESIAN_POINT('',(-0.974999999999999,-0.3,1.95));
#6780=VECTOR('',#8924,1.0);
#6781=AXIS2_PLACEMENT_3D('',#8925,#8926,#8927);
#6782=AXIS2_PLACEMENT_3D('',#8928,#8929,#8930);
#6783=AXIS2_PLACEMENT_3D('',#8931,#8932,#8933);
#6784=CARTESIAN_POINT('',(-1.325,1.675,1.95));
#6785=CARTESIAN_POINT('',(1.275,1.675,1.95));
#6786=CARTESIAN_POINT('',(-1.325,1.675,1.95));
#6787=VECTOR('',#8934,1000.0);
#6788=CARTESIAN_POINT('',(-1.325,-2.275,1.95));
#6789=CARTESIAN_POINT('',(-1.325,-2.275,1.95));
#6790=VECTOR('',#8935,1000.0);
#6791=CARTESIAN_POINT('',(1.275,-2.275,1.95));
#6792=CARTESIAN_POINT('',(-1.325,-2.275,1.95));
#6793=VECTOR('',#8936,1000.0);
#6794=CARTESIAN_POINT('',(1.275,-2.275,1.95));
#6795=VECTOR('',#8937,1000.0);
#6796=CARTESIAN_POINT('',(0.775000000000001,1.675,0.5));
#6797=CARTESIAN_POINT('',(0.775000000000001,-2.275,0.5));
#6798=CARTESIAN_POINT('',(0.775000000000001,4.01666114790045,0.5));
#6799=VECTOR('',#8938,1000.0);
#6800=CARTESIAN_POINT('',(-0.824999999999999,-2.275,0.5));
#6801=CARTESIAN_POINT('',(-0.824999999999999,-2.275,0.5));
#6802=VECTOR('',#8939,1000.0);
#6803=CARTESIAN_POINT('',(-0.824999999999999,1.675,0.5));
#6804=CARTESIAN_POINT('',(-0.824999999999999,4.01666114790045,0.5));
#6805=VECTOR('',#8940,1000.0);
#6806=CARTESIAN_POINT('',(-0.024999999999999,1.675,0.5));
#6807=VECTOR('',#8941,1000.0);
#6808=CARTESIAN_POINT('',(-1.325,1.675,-2.2));
#6809=CARTESIAN_POINT('',(-1.325,1.675,-2.2));
#6810=VECTOR('',#8942,1000.0);
#6811=CARTESIAN_POINT('',(-1.325,-2.275,-2.2));
#6812=CARTESIAN_POINT('',(-1.325,-2.275,-2.2));
#6813=VECTOR('',#8943,1000.0);
#6814=CARTESIAN_POINT('',(-1.325,-2.275,-2.2));
#6815=VECTOR('',#8944,1000.0);
#6816=CARTESIAN_POINT('',(1.275,1.675,-2.2));
#6817=CARTESIAN_POINT('',(1.275,1.675,-2.2));
#6818=VECTOR('',#8945,1000.0);
#6819=CARTESIAN_POINT('',(1.275,-2.275,-2.2));
#6820=CARTESIAN_POINT('',(1.275,-2.275,-2.2));
#6821=VECTOR('',#8946,1000.0);
#6822=CARTESIAN_POINT('',(1.275,-2.275,-2.2));
#6823=VECTOR('',#8947,1000.0);
#6824=CARTESIAN_POINT('',(1.275,1.675,1.95));
#6825=VECTOR('',#8948,1000.0);
#6826=CARTESIAN_POINT('',(1.275,-2.275,1.95));
#6827=VECTOR('',#8949,1000.0);
#6828=CARTESIAN_POINT('',(-0.824999999999999,1.675,-1.6));
#6829=CARTESIAN_POINT('',(-0.824999999999999,1.675,-0.125));
#6830=VECTOR('',#8950,1000.0);
#6831=CARTESIAN_POINT('',(0.775000000000001,1.675,-1.6));
#6832=CARTESIAN_POINT('',(-0.024999999999999,1.675,-1.6));
#6833=VECTOR('',#8951,1000.0);
#6834=CARTESIAN_POINT('',(0.775000000000001,1.675,-0.125));
#6835=VECTOR('',#8952,1000.0);
#6836=CARTESIAN_POINT('',(-0.824999999999999,-2.275,-1.6));
#6837=CARTESIAN_POINT('',(-0.824999999999999,-2.275,-1.6));
#6838=VECTOR('',#8953,1000.0);
#6839=CARTESIAN_POINT('',(0.775000000000001,-2.275,-1.6));
#6840=CARTESIAN_POINT('',(0.775000000000001,-2.275,0.5));
#6841=VECTOR('',#8954,1000.0);
#6842=CARTESIAN_POINT('',(0.775000000000001,-2.275,-1.6));
#6843=VECTOR('',#8955,1000.0);
#6844=CARTESIAN_POINT('',(-0.824999999999999,4.01666114790045,-1.6));
#6845=VECTOR('',#8956,1000.0);
#6846=CARTESIAN_POINT('',(0.775000000000001,4.01666114790045,-1.6));
#6847=VECTOR('',#8957,1000.0);
#6848=CARTESIAN_POINT('',(-2.775,-0.3,0.5));
#6849=CARTESIAN_POINT('',(-2.775,-0.3,1.75));
#6850=CARTESIAN_POINT('',(-2.775,-0.3,1.125));
#6851=VECTOR('',#8958,1.0);
#6852=CARTESIAN_POINT('',(-4.275,-0.3,0.5));
#6853=AXIS2_PLACEMENT_3D('',#8959,#8960,#8961);
#6854=CARTESIAN_POINT('',(-4.275,-0.3,1.75));
#6855=CARTESIAN_POINT('',(-4.275,-0.3,1.125));
#6856=VECTOR('',#8962,1.0);
#6857=AXIS2_PLACEMENT_3D('',#8963,#8964,#8965);
#6858=CARTESIAN_POINT('',(-2.575,-0.3,1.95));
#6859=CARTESIAN_POINT('',(-2.575,-0.3,1.95));
#6860=VECTOR('',#8966,1.0);
#6861=CARTESIAN_POINT('',(-4.475,-0.3,1.95));
#6862=AXIS2_PLACEMENT_3D('',#8967,#8968,#8969);
#6863=CARTESIAN_POINT('',(-4.475,-0.3,1.95));
#6864=VECTOR('',#8970,1.0);
#6865=AXIS2_PLACEMENT_3D('',#8971,#8972,#8973);
#6866=AXIS2_PLACEMENT_3D('',#8974,#8975,#8976);
#6867=AXIS2_PLACEMENT_3D('',#8977,#8978,#8979);
#6868=CARTESIAN_POINT('',(-4.825,1.675,1.95));
#6869=CARTESIAN_POINT('',(-2.225,1.675,1.95));
#6870=CARTESIAN_POINT('',(-4.825,1.675,1.95));
#6871=VECTOR('',#8980,1000.0);
#6872=CARTESIAN_POINT('',(-4.825,-2.275,1.95));
#6873=CARTESIAN_POINT('',(-4.825,-2.275,1.95));
#6874=VECTOR('',#8981,1000.0);
#6875=CARTESIAN_POINT('',(-2.225,-2.275,1.95));
#6876=CARTESIAN_POINT('',(-4.825,-2.275,1.95));
#6877=VECTOR('',#8982,1000.0);
#6878=CARTESIAN_POINT('',(-2.225,-2.275,1.95));
#6879=VECTOR('',#8983,1000.0);
#6880=CARTESIAN_POINT('',(-2.725,1.675,0.5));
#6881=CARTESIAN_POINT('',(-2.725,-2.275,0.5));
#6882=CARTESIAN_POINT('',(-2.725,4.01666114790045,0.5));
#6883=VECTOR('',#8984,1000.0);
#6884=CARTESIAN_POINT('',(-4.325,-2.275,0.5));
#6885=CARTESIAN_POINT('',(-4.325,-2.275,0.5));
#6886=VECTOR('',#8985,1000.0);
#6887=CARTESIAN_POINT('',(-4.325,1.675,0.5));
#6888=CARTESIAN_POINT('',(-4.325,4.01666114790045,0.5));
#6889=VECTOR('',#8986,1000.0);
#6890=CARTESIAN_POINT('',(-3.525,1.675,0.5));
#6891=VECTOR('',#8987,1000.0);
#6892=CARTESIAN_POINT('',(-4.825,1.675,-2.2));
#6893=CARTESIAN_POINT('',(-4.825,1.675,-2.2));
#6894=VECTOR('',#8988,1000.0);
#6895=CARTESIAN_POINT('',(-4.825,-2.275,-2.2));
#6896=CARTESIAN_POINT('',(-4.825,-2.275,-2.2));
#6897=VECTOR('',#8989,1000.0);
#6898=CARTESIAN_POINT('',(-4.825,-2.275,-2.2));
#6899=VECTOR('',#8990,1000.0);
#6900=CARTESIAN_POINT('',(-2.225,1.675,-2.2));
#6901=CARTESIAN_POINT('',(-2.225,1.675,-2.2));
#6902=VECTOR('',#8991,1000.0);
#6903=CARTESIAN_POINT('',(-2.225,-2.275,-2.2));
#6904=CARTESIAN_POINT('',(-2.225,-2.275,-2.2));
#6905=VECTOR('',#8992,1000.0);
#6906=CARTESIAN_POINT('',(-2.225,-2.275,-2.2));
#6907=VECTOR('',#8993,1000.0);
#6908=CARTESIAN_POINT('',(-2.225,1.675,1.95));
#6909=VECTOR('',#8994,1000.0);
#6910=CARTESIAN_POINT('',(-2.225,-2.275,1.95));
#6911=VECTOR('',#8995,1000.0);
#6912=CARTESIAN_POINT('',(-4.325,1.675,-1.6));
#6913=CARTESIAN_POINT('',(-4.325,1.675,-0.125));
#6914=VECTOR('',#8996,1000.0);
#6915=CARTESIAN_POINT('',(-2.725,1.675,-1.6));
#6916=CARTESIAN_POINT('',(-3.525,1.675,-1.6));
#6917=VECTOR('',#8997,1000.0);
#6918=CARTESIAN_POINT('',(-2.725,1.675,-0.125));
#6919=VECTOR('',#8998,1000.0);
#6920=CARTESIAN_POINT('',(-4.325,-2.275,-1.6));
#6921=CARTESIAN_POINT('',(-4.325,-2.275,-1.6));
#6922=VECTOR('',#8999,1000.0);
#6923=CARTESIAN_POINT('',(-2.725,-2.275,-1.6));
#6924=CARTESIAN_POINT('',(-2.725,-2.275,0.5));
#6925=VECTOR('',#9000,1000.0);
#6926=CARTESIAN_POINT('',(-2.725,-2.275,-1.6));
#6927=VECTOR('',#9001,1000.0);
#6928=CARTESIAN_POINT('',(-4.325,4.01666114790045,-1.6));
#6929=VECTOR('',#9002,1000.0);
#6930=CARTESIAN_POINT('',(-2.725,4.01666114790045,-1.6));
#6931=VECTOR('',#9003,1000.0);
#6932=CARTESIAN_POINT('',(4.225,-0.3,0.5));
#6933=CARTESIAN_POINT('',(4.225,-0.3,1.75));
#6934=CARTESIAN_POINT('',(4.225,-0.3,1.125));
#6935=VECTOR('',#9004,1.0);
#6936=CARTESIAN_POINT('',(2.725,-0.3,0.5));
#6937=AXIS2_PLACEMENT_3D('',#9005,#9006,#9007);
#6938=CARTESIAN_POINT('',(2.725,-0.3,1.75));
#6939=CARTESIAN_POINT('',(2.725,-0.3,1.125));
#6940=VECTOR('',#9008,1.0);
#6941=AXIS2_PLACEMENT_3D('',#9009,#9010,#9011);
#6942=CARTESIAN_POINT('',(4.425,-0.3,1.95));
#6943=CARTESIAN_POINT('',(4.425,-0.3,1.95));
#6944=VECTOR('',#9012,1.0);
#6945=CARTESIAN_POINT('',(2.525,-0.3,1.95));
#6946=AXIS2_PLACEMENT_3D('',#9013,#9014,#9015);
#6947=CARTESIAN_POINT('',(2.525,-0.3,1.95));
#6948=VECTOR('',#9016,1.0);
#6949=AXIS2_PLACEMENT_3D('',#9017,#9018,#9019);
#6950=AXIS2_PLACEMENT_3D('',#9020,#9021,#9022);
#6951=AXIS2_PLACEMENT_3D('',#9023,#9024,#9025);
#6952=CARTESIAN_POINT('',(2.175,1.675,1.95));
#6953=CARTESIAN_POINT('',(4.775,1.675,1.95));
#6954=CARTESIAN_POINT('',(2.175,1.675,1.95));
#6955=VECTOR('',#9026,1000.0);
#6956=CARTESIAN_POINT('',(2.175,-2.275,1.95));
#6957=CARTESIAN_POINT('',(2.175,-2.275,1.95));
#6958=VECTOR('',#9027,1000.0);
#6959=CARTESIAN_POINT('',(4.775,-2.275,1.95));
#6960=CARTESIAN_POINT('',(2.175,-2.275,1.95));
#6961=VECTOR('',#9028,1000.0);
#6962=CARTESIAN_POINT('',(4.775,-2.275,1.95));
#6963=VECTOR('',#9029,1000.0);
#6964=CARTESIAN_POINT('',(4.275,1.675,0.5));
#6965=CARTESIAN_POINT('',(4.275,-2.275,0.5));
#6966=CARTESIAN_POINT('',(4.275,4.01666114790045,0.5));
#6967=VECTOR('',#9030,1000.0);
#6968=CARTESIAN_POINT('',(2.675,-2.275,0.5));
#6969=CARTESIAN_POINT('',(2.675,-2.275,0.5));
#6970=VECTOR('',#9031,1000.0);
#6971=CARTESIAN_POINT('',(2.675,1.675,0.5));
#6972=CARTESIAN_POINT('',(2.675,4.01666114790045,0.5));
#6973=VECTOR('',#9032,1000.0);
#6974=CARTESIAN_POINT('',(3.475,1.675,0.5));
#6975=VECTOR('',#9033,1000.0);
#6976=CARTESIAN_POINT('',(2.175,1.675,-2.2));
#6977=CARTESIAN_POINT('',(2.175,1.675,-2.2));
#6978=VECTOR('',#9034,1000.0);
#6979=CARTESIAN_POINT('',(2.175,-2.275,-2.2));
#6980=CARTESIAN_POINT('',(2.175,-2.275,-2.2));
#6981=VECTOR('',#9035,1000.0);
#6982=CARTESIAN_POINT('',(2.175,-2.275,-2.2));
#6983=VECTOR('',#9036,1000.0);
#6984=CARTESIAN_POINT('',(4.775,1.675,-2.2));
#6985=CARTESIAN_POINT('',(4.775,1.675,-2.2));
#6986=VECTOR('',#9037,1000.0);
#6987=CARTESIAN_POINT('',(4.775,-2.275,-2.2));
#6988=CARTESIAN_POINT('',(4.775,-2.275,-2.2));
#6989=VECTOR('',#9038,1000.0);
#6990=CARTESIAN_POINT('',(4.775,-2.275,-2.2));
#6991=VECTOR('',#9039,1000.0);
#6992=CARTESIAN_POINT('',(4.775,1.675,1.95));
#6993=VECTOR('',#9040,1000.0);
#6994=CARTESIAN_POINT('',(4.775,-2.275,1.95));
#6995=VECTOR('',#9041,1000.0);
#6996=CARTESIAN_POINT('',(2.675,1.675,-1.6));
#6997=CARTESIAN_POINT('',(2.675,1.675,-0.125));
#6998=VECTOR('',#9042,1000.0);
#6999=CARTESIAN_POINT('',(4.275,1.675,-1.6));
#7000=CARTESIAN_POINT('',(3.475,1.675,-1.6));
#7001=VECTOR('',#9043,1000.0);
#7002=CARTESIAN_POINT('',(4.275,1.675,-0.125));
#7003=VECTOR('',#9044,1000.0);
#7004=CARTESIAN_POINT('',(2.675,-2.275,-1.6));
#7005=CARTESIAN_POINT('',(2.675,-2.275,-1.6));
#7006=VECTOR('',#9045,1000.0);
#7007=CARTESIAN_POINT('',(4.275,-2.275,-1.6));
#7008=CARTESIAN_POINT('',(4.275,-2.275,0.5));
#7009=VECTOR('',#9046,1000.0);
#7010=CARTESIAN_POINT('',(4.275,-2.275,-1.6));
#7011=VECTOR('',#9047,1000.0);
#7012=CARTESIAN_POINT('',(2.675,4.01666114790045,-1.6));
#7013=VECTOR('',#9048,1000.0);
#7014=CARTESIAN_POINT('',(4.275,4.01666114790045,-1.6));
#7015=VECTOR('',#9049,1000.0);
#7016=CARTESIAN_POINT('',(0.824999999999999,2.3,-0.349999999999999));
#7017=CARTESIAN_POINT('',(0.724999999999999,2.3,-0.249999999999999));
#7018=AXIS2_PLACEMENT_3D('',#9050,#9051,#9052);
#7019=CARTESIAN_POINT('',(0.824999999999999,2.8,-0.349999999999999));
#7020=CARTESIAN_POINT('',(0.824999999999999,2.3,-0.349999999999999));
#7021=VECTOR('',#9053,1000.0);
#7022=CARTESIAN_POINT('',(0.724999999999999,2.8,-0.249999999999999));
#7023=AXIS2_PLACEMENT_3D('',#9054,#9055,#9056);
#7024=CARTESIAN_POINT('',(0.724999999999999,2.8,-0.249999999999999));
#7025=VECTOR('',#9057,1000.0);
#7026=CARTESIAN_POINT('',(-0.725,1.05,-2.4));
#7027=CARTESIAN_POINT('',(-0.625,0.949999999999997,-2.4));
#7028=AXIS2_PLACEMENT_3D('',#9058,#9059,#9060);
#7029=CARTESIAN_POINT('',(-0.725,1.05,-2.9));
#7030=CARTESIAN_POINT('',(-0.725,1.05,-2.9));
#7031=VECTOR('',#9061,1000.0);
#7032=CARTESIAN_POINT('',(-0.625,0.949999999999997,-2.9));
#7033=AXIS2_PLACEMENT_3D('',#9062,#9063,#9064);
#7034=CARTESIAN_POINT('',(-0.625000000000004,0.949999999999995,5.94095583067804));
#7035=VECTOR('',#9065,1000.0);
#7036=CARTESIAN_POINT('',(-0.675000000000001,2.3,-0.25));
#7037=CARTESIAN_POINT('',(-0.775000000000001,2.3,-0.35));
#7038=AXIS2_PLACEMENT_3D('',#9066,#9067,#9068);
#7039=CARTESIAN_POINT('',(-0.675000000000001,2.8,-0.25));
#7040=CARTESIAN_POINT('',(-0.675000000000001,2.3,-0.25));
#7041=VECTOR('',#9069,1000.0);
#7042=CARTESIAN_POINT('',(-0.775000000000001,2.8,-0.35));
#7043=AXIS2_PLACEMENT_3D('',#9070,#9071,#9072);
#7044=CARTESIAN_POINT('',(-0.775000000000001,2.8,-0.35));
#7045=VECTOR('',#9073,1000.0);
#7046=CARTESIAN_POINT('',(-0.725,2.29,-2.4));
#7047=CARTESIAN_POINT('',(-0.725,2.29,-2.4));
#7048=VECTOR('',#9074,1000.0);
#7049=CARTESIAN_POINT('',(-0.525,0.949999999999997,-2.4));
#7050=CARTESIAN_POINT('',(-0.975,0.949999999999997,-2.4));
#7051=VECTOR('',#9075,1000.0);
#7052=CARTESIAN_POINT('',(-0.425,0.849999999999997,-2.4));
#7053=AXIS2_PLACEMENT_3D('',#9076,#9077,#9078);
#7054=CARTESIAN_POINT('',(-0.425,0.459999999999997,-2.4));
#7055=CARTESIAN_POINT('',(-0.425,2.29,-2.4));
#7056=VECTOR('',#9079,1000.0);
#7057=CARTESIAN_POINT('',(0.475,0.459999999999997,-2.4));
#7058=CARTESIAN_POINT('',(-0.975,0.459999999999997,-2.4));
#7059=VECTOR('',#9080,1000.0);
#7060=CARTESIAN_POINT('',(0.475,0.849999999999997,-2.4));
#7061=CARTESIAN_POINT('',(0.475,2.29,-2.4));
#7062=VECTOR('',#9081,1000.0);
#7063=CARTESIAN_POINT('',(0.575,0.949999999999997,-2.4));
#7064=AXIS2_PLACEMENT_3D('',#9082,#9083,#9084);
#7065=CARTESIAN_POINT('',(0.675,0.949999999999997,-2.4));
#7066=CARTESIAN_POINT('',(-0.975,0.949999999999997,-2.4));
#7067=VECTOR('',#9085,1000.0);
#7068=CARTESIAN_POINT('',(0.775,1.05,-2.4));
#7069=AXIS2_PLACEMENT_3D('',#9086,#9087,#9088);
#7070=CARTESIAN_POINT('',(0.775,2.29,-2.4));
#7071=CARTESIAN_POINT('',(0.775,2.29,-2.4));
#7072=VECTOR('',#9089,1000.0);
#7073=CARTESIAN_POINT('',(-0.975,2.29,-2.4));
#7074=VECTOR('',#9090,1000.0);
#7075=CARTESIAN_POINT('',(-0.424999999999999,-0.550000000000002,-3.41));
#7076=AXIS2_PLACEMENT_3D('',#9091,#9092,#9093);
#7077=CARTESIAN_POINT('',(0.475000000000001,-0.550000000000002,-3.41));
#7078=CARTESIAN_POINT('',(-0.974999999999999,-0.550000000000002,-3.41));
#7079=VECTOR('',#9094,1000.0);
#7080=AXIS2_PLACEMENT_3D('',#9095,#9096,#9097);
#7081=CARTESIAN_POINT('',(-0.424999999999998,-0.550000000000002,-5.65));
#7082=CARTESIAN_POINT('',(-0.424999999999999,-0.550000000000002,-3.41));
#7083=VECTOR('',#9098,1000.0);
#7084=CARTESIAN_POINT('',(-0.174999999999998,-0.550000000000002,-6.65));
#7085=CARTESIAN_POINT('',(-0.98441176470588,-0.550000000000002,-3.41235294117647));
#7086=VECTOR('',#9099,1000.0);
#7087=CARTESIAN_POINT('',(0.225000000000002,-0.550000000000002,-6.65));
#7088=CARTESIAN_POINT('',(-0.974999999999998,-0.550000000000002,-6.65));
#7089=VECTOR('',#9100,1000.0);
#7090=CARTESIAN_POINT('',(0.475000000000002,-0.550000000000002,-5.65));
#7091=CARTESIAN_POINT('',(0.916764705882354,-0.550000000000002,-3.88294117647059));
#7092=VECTOR('',#9101,1000.0);
#7093=CARTESIAN_POINT('',(0.475000000000001,-0.550000000000002,-3.41));
#7094=VECTOR('',#9102,1000.0);
#7095=CARTESIAN_POINT('',(-0.174999999999998,-0.0500000000000017,-6.65));
#7096=CARTESIAN_POINT('',(0.225000000000002,-0.0500000000000017,-6.65));
#7097=CARTESIAN_POINT('',(-0.974999999999998,-0.0500000000000018,-6.65));
#7098=VECTOR('',#9103,1000.0);
#7099=CARTESIAN_POINT('',(-0.424999999999998,-0.050000000000002,-5.65));
#7100=CARTESIAN_POINT('',(-0.174999999999998,-0.0500000000000017,-6.65));
#7101=VECTOR('',#9104,1000.0);
#7102=CARTESIAN_POINT('',(-0.424999999999999,-0.0500000000000025,-3.41));
#7103=CARTESIAN_POINT('',(-0.424999999999999,-0.0500000000000025,-3.41));
#7104=VECTOR('',#9105,1000.0);
#7105=CARTESIAN_POINT('',(0.475000000000001,-0.0500000000000025,-3.41));
#7106=CARTESIAN_POINT('',(-0.974999999999999,-0.0500000000000025,-3.41));
#7107=VECTOR('',#9106,1000.0);
#7108=CARTESIAN_POINT('',(0.475000000000002,-0.0500000000000019,-5.65));
#7109=CARTESIAN_POINT('',(0.475000000000001,-0.0500000000000025,-3.41));
#7110=VECTOR('',#9107,1000.0);
#7111=CARTESIAN_POINT('',(0.475000000000002,-0.0500000000000019,-5.65));
#7112=VECTOR('',#9108,1000.0);
#7113=CARTESIAN_POINT('',(-0.425,0.459999999999997,-2.9));
#7114=AXIS2_PLACEMENT_3D('',#9109,#9110,#9111);
#7115=CARTESIAN_POINT('',(0.475,0.459999999999997,-2.9));
#7116=CARTESIAN_POINT('',(-0.975,0.459999999999997,-2.9));
#7117=VECTOR('',#9112,1000.0);
#7118=AXIS2_PLACEMENT_3D('',#9113,#9114,#9115);
#7119=CARTESIAN_POINT('',(-0.525,0.949999999999997,-2.9));
#7120=CARTESIAN_POINT('',(-0.425,0.949999999999997,-2.9));
#7121=VECTOR('',#9116,1000.0);
#7122=CARTESIAN_POINT('',(-0.725,2.29,-2.9));
#7123=CARTESIAN_POINT('',(-0.724999999999999,-6.0883350521906,-2.9));
#7124=VECTOR('',#9117,1000.0);
#7125=CARTESIAN_POINT('',(0.775,2.29,-2.9));
#7126=CARTESIAN_POINT('',(-0.975,2.29,-2.9));
#7127=VECTOR('',#9118,1000.0);
#7128=CARTESIAN_POINT('',(0.775,1.05,-2.9));
#7129=CARTESIAN_POINT('',(0.775000000000001,-6.0883350521906,-2.9));
#7130=VECTOR('',#9119,1000.0);
#7131=CARTESIAN_POINT('',(0.675,0.949999999999998,-2.9));
#7132=AXIS2_PLACEMENT_3D('',#9120,#9121,#9122);
#7133=CARTESIAN_POINT('',(0.575,0.949999999999998,-2.9));
#7134=CARTESIAN_POINT('',(0.775,0.949999999999998,-2.9));
#7135=VECTOR('',#9123,1000.0);
#7136=CARTESIAN_POINT('',(0.475,0.849999999999997,-2.9));
#7137=AXIS2_PLACEMENT_3D('',#9124,#9125,#9126);
#7138=CARTESIAN_POINT('',(0.475,-0.411779788708138,-2.9));
#7139=VECTOR('',#9127,1000.0);
#7140=CARTESIAN_POINT('',(-0.425,0.849999999999997,-2.9));
#7141=CARTESIAN_POINT('',(-0.425,-0.411779788708138,-2.9));
#7142=VECTOR('',#9128,1000.0);
#7143=AXIS2_PLACEMENT_3D('',#9129,#9130,#9131);
#7144=CARTESIAN_POINT('',(-0.725,2.8,-2.39));
#7145=AXIS2_PLACEMENT_3D('',#9132,#9133,#9134);
#7146=CARTESIAN_POINT('',(0.775,2.8,-2.39));
#7147=CARTESIAN_POINT('',(-0.975,2.8,-2.39));
#7148=VECTOR('',#9135,1000.0);
#7149=AXIS2_PLACEMENT_3D('',#9136,#9137,#9138);
#7150=CARTESIAN_POINT('',(-0.725,2.8,-2.05));
#7151=CARTESIAN_POINT('',(-0.725,2.8,-2.9));
#7152=VECTOR('',#9139,1000.0);
#7153=CARTESIAN_POINT('',(-0.975,2.8,-2.05));
#7154=CARTESIAN_POINT('',(-0.725,2.8,-2.05));
#7155=VECTOR('',#9140,1000.0);
#7156=CARTESIAN_POINT('',(-0.975000000000001,2.8,-0.35));
#7157=CARTESIAN_POINT('',(-0.975000000000001,2.8,-0.00999999999999979));
#7158=VECTOR('',#9141,1000.0);
#7159=CARTESIAN_POINT('',(-0.975000000000001,2.8,-0.35));
#7160=VECTOR('',#9142,1000.0);
#7161=CARTESIAN_POINT('',(-0.675000000000001,2.8,-0.00999999999999956));
#7162=CARTESIAN_POINT('',(-0.675000000000001,2.8,-0.35));
#7163=VECTOR('',#9143,1000.0);
#7164=CARTESIAN_POINT('',(0.724999999999999,2.8,-0.00999999999999912));
#7165=CARTESIAN_POINT('',(-0.975000000000001,2.8,-0.00999999999999979));
#7166=VECTOR('',#9144,1000.0);
#7167=CARTESIAN_POINT('',(0.724999999999999,2.8,-0.349999999999999));
#7168=VECTOR('',#9145,1000.0);
#7169=CARTESIAN_POINT('',(1.025,2.8,-0.349999999999999));
#7170=CARTESIAN_POINT('',(1.025,2.8,-0.349999999999999));
#7171=VECTOR('',#9146,1000.0);
#7172=CARTESIAN_POINT('',(1.025,2.8,-2.05));
#7173=CARTESIAN_POINT('',(1.025,2.8,-0.0099999999999989));
#7174=VECTOR('',#9147,1000.0);
#7175=CARTESIAN_POINT('',(0.775,2.8,-2.05));
#7176=CARTESIAN_POINT('',(0.775,2.8,-2.05));
#7177=VECTOR('',#9148,1000.0);
#7178=CARTESIAN_POINT('',(0.775,2.8,-2.9));
#7179=VECTOR('',#9149,1000.0);
#7180=CARTESIAN_POINT('',(-0.675000000000001,2.29,0.5));
#7181=AXIS2_PLACEMENT_3D('',#9150,#9151,#9152);
#7182=CARTESIAN_POINT('',(0.724999999999999,2.29,0.500000000000001));
#7183=CARTESIAN_POINT('',(-0.975000000000001,2.29,0.5));
#7184=VECTOR('',#9153,1000.0);
#7185=AXIS2_PLACEMENT_3D('',#9154,#9155,#9156);
#7186=CARTESIAN_POINT('',(-0.675000000000001,-1.9,0.499999999999999));
#7187=CARTESIAN_POINT('',(-0.675000000000001,-6.0883350521906,0.499999999999998));
#7188=VECTOR('',#9157,1000.0);
#7189=CARTESIAN_POINT('',(-0.575000000000001,-2.0,0.499999999999999));
#7190=AXIS2_PLACEMENT_3D('',#9158,#9159,#9160);
#7191=CARTESIAN_POINT('',(0.624999999999999,-2.0,0.5));
#7192=CARTESIAN_POINT('',(-0.975000000000001,-2.0,0.499999999999999));
#7193=VECTOR('',#9161,1000.0);
#7194=CARTESIAN_POINT('',(0.724999999999999,-1.9,0.5));
#7195=AXIS2_PLACEMENT_3D('',#9162,#9163,#9164);
#7196=CARTESIAN_POINT('',(0.724999999999999,-6.0883350521906,0.499999999999999));
#7197=VECTOR('',#9165,1000.0);
#7198=CARTESIAN_POINT('',(1.025,2.3,-2.05));
#7199=CARTESIAN_POINT('',(1.025,-6.0883350521906,-2.05));
#7200=VECTOR('',#9166,1000.0);
#7201=CARTESIAN_POINT('',(1.025,2.3,-0.349999999999999));
#7202=CARTESIAN_POINT('',(1.025,-6.0883350521906,-0.350000000000001));
#7203=VECTOR('',#9167,1000.0);
#7204=CARTESIAN_POINT('',(1.025,2.3,-0.00999999999999912));
#7205=VECTOR('',#9168,1000.0);
#7206=CARTESIAN_POINT('',(-0.174999999999998,-0.0500000000000017,-6.65));
#7207=VECTOR('',#9169,1000.0);
#7208=CARTESIAN_POINT('',(0.225000000000002,-0.550000000000002,-6.65));
#7209=VECTOR('',#9170,1000.0);
#7210=CARTESIAN_POINT('',(-0.975,2.3,-2.05));
#7211=CARTESIAN_POINT('',(-0.975,-6.0883350521906,-2.05));
#7212=VECTOR('',#9171,1000.0);
#7213=CARTESIAN_POINT('',(-0.975000000000001,2.3,-0.35));
#7214=CARTESIAN_POINT('',(-0.975000000000001,2.3,-0.01));
#7215=VECTOR('',#9172,1000.0);
#7216=CARTESIAN_POINT('',(-0.975,-6.0883350521906,-0.350000000000002));
#7217=VECTOR('',#9173,1000.0);
#7218=CARTESIAN_POINT('',(-0.575000000000001,-2.0,-6.66133814775094E-16));
#7219=CARTESIAN_POINT('',(-0.575000000000001,-2.0,0.499999999999999));
#7220=VECTOR('',#9174,1000.0);
#7221=CARTESIAN_POINT('',(0.624999999999999,-2.0,-2.22044604925031E-16));
#7222=CARTESIAN_POINT('',(-0.975000000000001,-2.0,-8.88178419700125E-16));
#7223=VECTOR('',#9175,1000.0);
#7224=CARTESIAN_POINT('',(0.624999999999999,-2.0,0.5));
#7225=VECTOR('',#9176,1000.0);
#7226=CARTESIAN_POINT('',(-0.424999999999998,-6.0883350521906,-5.65));
#7227=VECTOR('',#9177,1000.0);
#7228=CARTESIAN_POINT('',(0.475000000000002,-0.0500000000000019,-5.65));
#7229=VECTOR('',#9178,1000.0);
#7230=CARTESIAN_POINT('',(-0.675000000000001,-1.9,-6.66133814775094E-16));
#7231=CARTESIAN_POINT('',(-0.675000000000001,-1.9,-0.350000000000001));
#7232=VECTOR('',#9179,1000.0);
#7233=AXIS2_PLACEMENT_3D('',#9180,#9181,#9182);
#7234=CARTESIAN_POINT('',(0.724999999999999,-1.9,-2.22044604925031E-16));
#7235=AXIS2_PLACEMENT_3D('',#9183,#9184,#9185);
#7236=CARTESIAN_POINT('',(0.724999999999999,-1.9,-2.22044604925031E-16));
#7237=VECTOR('',#9186,1000.0);
#7238=CARTESIAN_POINT('',(-0.525,0.949999999999997,-2.4));
#7239=VECTOR('',#9187,1000.0);
#7240=CARTESIAN_POINT('',(-0.425,0.849999999999997,-2.9));
#7241=VECTOR('',#9188,1000.0);
#7242=CARTESIAN_POINT('',(0.475000000000002,0.849999999999998,-6.65));
#7243=VECTOR('',#9189,1000.0);
#7244=CARTESIAN_POINT('',(0.574999999999996,0.949999999999995,5.94095583067804));
#7245=VECTOR('',#9190,1000.0);
#7246=CARTESIAN_POINT('',(0.675,0.949999999999997,-2.4));
#7247=VECTOR('',#9191,1000.0);
#7248=CARTESIAN_POINT('',(0.775,1.05,-2.9));
#7249=VECTOR('',#9192,1000.0);
#7250=CARTESIAN_POINT('',(-0.675000000000001,2.29,2.22044604925031E-16));
#7251=CARTESIAN_POINT('',(-0.675000000000001,-2.0,-6.66133814775094E-16));
#7252=VECTOR('',#9193,1000.0);
#7253=CARTESIAN_POINT('',(-0.675000000000001,2.3,-0.00999999999999979));
#7254=CARTESIAN_POINT('',(-0.675000000000001,2.3,-0.00999999999999979));
#7255=VECTOR('',#9194,1000.0);
#7256=AXIS2_PLACEMENT_3D('',#9195,#9196,#9197);
#7257=CARTESIAN_POINT('',(-0.975000000000001,2.3,-0.35));
#7258=VECTOR('',#9198,1000.0);
#7259=CARTESIAN_POINT('',(0.724999999999999,2.29,6.66133814775094E-16));
#7260=CARTESIAN_POINT('',(0.724999999999999,-2.0,-2.22044604925031E-16));
#7261=VECTOR('',#9199,1000.0);
#7262=CARTESIAN_POINT('',(0.724999999999999,2.3,-0.00999999999999934));
#7263=AXIS2_PLACEMENT_3D('',#9200,#9201,#9202);
#7264=CARTESIAN_POINT('',(0.724999999999999,2.3,-0.00999999999999934));
#7265=VECTOR('',#9203,1000.0);
#7266=CARTESIAN_POINT('',(-0.975000000000001,2.3,-0.35));
#7267=VECTOR('',#9204,1000.0);
#7268=CARTESIAN_POINT('',(-0.725,2.3,-2.05));
#7269=CARTESIAN_POINT('',(-0.975,2.3,-2.05));
#7270=VECTOR('',#9205,1000.0);
#7271=CARTESIAN_POINT('',(-0.725,2.3,-2.39));
#7272=CARTESIAN_POINT('',(-0.725000000000001,2.3,-0.01));
#7273=VECTOR('',#9206,1000.0);
#7274=CARTESIAN_POINT('',(0.775,2.3,-2.39));
#7275=CARTESIAN_POINT('',(-0.975,2.3,-2.39));
#7276=VECTOR('',#9207,1000.0);
#7277=CARTESIAN_POINT('',(0.775,2.3,-2.05));
#7278=CARTESIAN_POINT('',(0.774999999999999,2.3,-0.00999999999999912));
#7279=VECTOR('',#9208,1000.0);
#7280=CARTESIAN_POINT('',(-0.975,2.3,-2.05));
#7281=VECTOR('',#9209,1000.0);
#7282=CARTESIAN_POINT('',(-0.975000000000001,2.3,-0.01));
#7283=VECTOR('',#9210,1000.0);
#7284=CARTESIAN_POINT('',(-0.975000000000001,2.29,0.0));
#7285=VECTOR('',#9211,1000.0);
#7286=CARTESIAN_POINT('',(0.775,-6.0883350521906,-2.05));
#7287=VECTOR('',#9212,1000.0);
#7288=AXIS2_PLACEMENT_3D('',#9213,#9214,#9215);
#7289=AXIS2_PLACEMENT_3D('',#9216,#9217,#9218);
#7290=CARTESIAN_POINT('',(-0.725,-6.0883350521906,-2.05));
#7291=VECTOR('',#9219,1000.0);
#7292=CARTESIAN_POINT('',(-2.675,2.3,-0.349999999999999));
#7293=CARTESIAN_POINT('',(-2.775,2.3,-0.249999999999999));
#7294=AXIS2_PLACEMENT_3D('',#9220,#9221,#9222);
#7295=CARTESIAN_POINT('',(-2.675,2.8,-0.349999999999999));
#7296=CARTESIAN_POINT('',(-2.675,2.3,-0.349999999999999));
#7297=VECTOR('',#9223,1000.0);
#7298=CARTESIAN_POINT('',(-2.775,2.8,-0.249999999999999));
#7299=AXIS2_PLACEMENT_3D('',#9224,#9225,#9226);
#7300=CARTESIAN_POINT('',(-2.775,2.8,-0.249999999999999));
#7301=VECTOR('',#9227,1000.0);
#7302=CARTESIAN_POINT('',(-4.225,1.05,-2.4));
#7303=CARTESIAN_POINT('',(-4.125,0.949999999999997,-2.4));
#7304=AXIS2_PLACEMENT_3D('',#9228,#9229,#9230);
#7305=CARTESIAN_POINT('',(-4.225,1.05,-2.9));
#7306=CARTESIAN_POINT('',(-4.225,1.05,-2.9));
#7307=VECTOR('',#9231,1000.0);
#7308=CARTESIAN_POINT('',(-4.125,0.949999999999997,-2.9));
#7309=AXIS2_PLACEMENT_3D('',#9232,#9233,#9234);
#7310=CARTESIAN_POINT('',(-4.125,0.949999999999995,5.94095583067804));
#7311=VECTOR('',#9235,1000.0);
#7312=CARTESIAN_POINT('',(-4.175,2.3,-0.25));
#7313=CARTESIAN_POINT('',(-4.275,2.3,-0.35));
#7314=AXIS2_PLACEMENT_3D('',#9236,#9237,#9238);
#7315=CARTESIAN_POINT('',(-4.175,2.8,-0.25));
#7316=CARTESIAN_POINT('',(-4.175,2.3,-0.25));
#7317=VECTOR('',#9239,1000.0);
#7318=CARTESIAN_POINT('',(-4.275,2.8,-0.35));
#7319=AXIS2_PLACEMENT_3D('',#9240,#9241,#9242);
#7320=CARTESIAN_POINT('',(-4.275,2.8,-0.35));
#7321=VECTOR('',#9243,1000.0);
#7322=CARTESIAN_POINT('',(-4.225,2.29,-2.4));
#7323=CARTESIAN_POINT('',(-4.225,2.29,-2.4));
#7324=VECTOR('',#9244,1000.0);
#7325=CARTESIAN_POINT('',(-4.025,0.949999999999997,-2.4));
#7326=CARTESIAN_POINT('',(-4.475,0.949999999999997,-2.4));
#7327=VECTOR('',#9245,1000.0);
#7328=CARTESIAN_POINT('',(-3.925,0.849999999999997,-2.4));
#7329=AXIS2_PLACEMENT_3D('',#9246,#9247,#9248);
#7330=CARTESIAN_POINT('',(-3.925,0.459999999999997,-2.4));
#7331=CARTESIAN_POINT('',(-3.925,2.29,-2.4));
#7332=VECTOR('',#9249,1000.0);
#7333=CARTESIAN_POINT('',(-3.025,0.459999999999997,-2.4));
#7334=CARTESIAN_POINT('',(-4.475,0.459999999999997,-2.4));
#7335=VECTOR('',#9250,1000.0);
#7336=CARTESIAN_POINT('',(-3.025,0.849999999999997,-2.4));
#7337=CARTESIAN_POINT('',(-3.025,2.29,-2.4));
#7338=VECTOR('',#9251,1000.0);
#7339=CARTESIAN_POINT('',(-2.925,0.949999999999997,-2.4));
#7340=AXIS2_PLACEMENT_3D('',#9252,#9253,#9254);
#7341=CARTESIAN_POINT('',(-2.825,0.949999999999997,-2.4));
#7342=CARTESIAN_POINT('',(-4.475,0.949999999999997,-2.4));
#7343=VECTOR('',#9255,1000.0);
#7344=CARTESIAN_POINT('',(-2.725,1.05,-2.4));
#7345=AXIS2_PLACEMENT_3D('',#9256,#9257,#9258);
#7346=CARTESIAN_POINT('',(-2.725,2.29,-2.4));
#7347=CARTESIAN_POINT('',(-2.725,2.29,-2.4));
#7348=VECTOR('',#9259,1000.0);
#7349=CARTESIAN_POINT('',(-4.475,2.29,-2.4));
#7350=VECTOR('',#9260,1000.0);
#7351=CARTESIAN_POINT('',(-3.925,-0.550000000000002,-3.41));
#7352=AXIS2_PLACEMENT_3D('',#9261,#9262,#9263);
#7353=CARTESIAN_POINT('',(-3.025,-0.550000000000002,-3.41));
#7354=CARTESIAN_POINT('',(-4.475,-0.550000000000002,-3.41));
#7355=VECTOR('',#9264,1000.0);
#7356=AXIS2_PLACEMENT_3D('',#9265,#9266,#9267);
#7357=CARTESIAN_POINT('',(-3.925,-0.550000000000002,-5.65));
#7358=CARTESIAN_POINT('',(-3.925,-0.550000000000002,-3.41));
#7359=VECTOR('',#9268,1000.0);
#7360=CARTESIAN_POINT('',(-3.675,-0.550000000000002,-6.65));
#7361=CARTESIAN_POINT('',(-4.48441176470588,-0.550000000000002,-3.41235294117647));
#7362=VECTOR('',#9269,1000.0);
#7363=CARTESIAN_POINT('',(-3.275,-0.550000000000002,-6.65));
#7364=CARTESIAN_POINT('',(-4.475,-0.550000000000002,-6.65));
#7365=VECTOR('',#9270,1000.0);
#7366=CARTESIAN_POINT('',(-3.025,-0.550000000000002,-5.65));
#7367=CARTESIAN_POINT('',(-2.58323529411765,-0.550000000000002,-3.88294117647059));
#7368=VECTOR('',#9271,1000.0);
#7369=CARTESIAN_POINT('',(-3.025,-0.550000000000002,-3.41));
#7370=VECTOR('',#9272,1000.0);
#7371=CARTESIAN_POINT('',(-3.675,-0.0500000000000017,-6.65));
#7372=CARTESIAN_POINT('',(-3.275,-0.0500000000000017,-6.65));
#7373=CARTESIAN_POINT('',(-4.475,-0.0500000000000018,-6.65));
#7374=VECTOR('',#9273,1000.0);
#7375=CARTESIAN_POINT('',(-3.925,-0.050000000000002,-5.65));
#7376=CARTESIAN_POINT('',(-3.675,-0.0500000000000017,-6.65));
#7377=VECTOR('',#9274,1000.0);
#7378=CARTESIAN_POINT('',(-3.925,-0.0500000000000025,-3.41));
#7379=CARTESIAN_POINT('',(-3.925,-0.0500000000000025,-3.41));
#7380=VECTOR('',#9275,1000.0);
#7381=CARTESIAN_POINT('',(-3.025,-0.0500000000000025,-3.41));
#7382=CARTESIAN_POINT('',(-4.475,-0.0500000000000025,-3.41));
#7383=VECTOR('',#9276,1000.0);
#7384=CARTESIAN_POINT('',(-3.025,-0.0500000000000019,-5.65));
#7385=CARTESIAN_POINT('',(-3.025,-0.0500000000000025,-3.41));
#7386=VECTOR('',#9277,1000.0);
#7387=CARTESIAN_POINT('',(-3.025,-0.0500000000000019,-5.65));
#7388=VECTOR('',#9278,1000.0);
#7389=CARTESIAN_POINT('',(-3.925,0.459999999999997,-2.9));
#7390=AXIS2_PLACEMENT_3D('',#9279,#9280,#9281);
#7391=CARTESIAN_POINT('',(-3.025,0.459999999999997,-2.9));
#7392=CARTESIAN_POINT('',(-4.475,0.459999999999997,-2.9));
#7393=VECTOR('',#9282,1000.0);
#7394=AXIS2_PLACEMENT_3D('',#9283,#9284,#9285);
#7395=CARTESIAN_POINT('',(-4.025,0.949999999999997,-2.9));
#7396=CARTESIAN_POINT('',(-3.925,0.949999999999997,-2.9));
#7397=VECTOR('',#9286,1000.0);
#7398=CARTESIAN_POINT('',(-4.225,2.29,-2.9));
#7399=CARTESIAN_POINT('',(-4.225,-6.0883350521906,-2.9));
#7400=VECTOR('',#9287,1000.0);
#7401=CARTESIAN_POINT('',(-2.725,2.29,-2.9));
#7402=CARTESIAN_POINT('',(-4.475,2.29,-2.9));
#7403=VECTOR('',#9288,1000.0);
#7404=CARTESIAN_POINT('',(-2.725,1.05,-2.9));
#7405=CARTESIAN_POINT('',(-2.725,-6.0883350521906,-2.9));
#7406=VECTOR('',#9289,1000.0);
#7407=CARTESIAN_POINT('',(-2.825,0.949999999999998,-2.9));
#7408=AXIS2_PLACEMENT_3D('',#9290,#9291,#9292);
#7409=CARTESIAN_POINT('',(-2.925,0.949999999999998,-2.9));
#7410=CARTESIAN_POINT('',(-2.725,0.949999999999998,-2.9));
#7411=VECTOR('',#9293,1000.0);
#7412=CARTESIAN_POINT('',(-3.025,0.849999999999997,-2.9));
#7413=AXIS2_PLACEMENT_3D('',#9294,#9295,#9296);
#7414=CARTESIAN_POINT('',(-3.025,-0.411779788708138,-2.9));
#7415=VECTOR('',#9297,1000.0);
#7416=CARTESIAN_POINT('',(-3.925,0.849999999999997,-2.9));
#7417=CARTESIAN_POINT('',(-3.925,-0.411779788708138,-2.9));
#7418=VECTOR('',#9298,1000.0);
#7419=AXIS2_PLACEMENT_3D('',#9299,#9300,#9301);
#7420=CARTESIAN_POINT('',(-4.225,2.8,-2.39));
#7421=AXIS2_PLACEMENT_3D('',#9302,#9303,#9304);
#7422=CARTESIAN_POINT('',(-2.725,2.8,-2.39));
#7423=CARTESIAN_POINT('',(-4.475,2.8,-2.39));
#7424=VECTOR('',#9305,1000.0);
#7425=AXIS2_PLACEMENT_3D('',#9306,#9307,#9308);
#7426=CARTESIAN_POINT('',(-4.225,2.8,-2.05));
#7427=CARTESIAN_POINT('',(-4.225,2.8,-2.9));
#7428=VECTOR('',#9309,1000.0);
#7429=CARTESIAN_POINT('',(-4.475,2.8,-2.05));
#7430=CARTESIAN_POINT('',(-4.225,2.8,-2.05));
#7431=VECTOR('',#9310,1000.0);
#7432=CARTESIAN_POINT('',(-4.475,2.8,-0.35));
#7433=CARTESIAN_POINT('',(-4.475,2.8,-0.00999999999999979));
#7434=VECTOR('',#9311,1000.0);
#7435=CARTESIAN_POINT('',(-4.475,2.8,-0.35));
#7436=VECTOR('',#9312,1000.0);
#7437=CARTESIAN_POINT('',(-4.175,2.8,-0.00999999999999956));
#7438=CARTESIAN_POINT('',(-4.175,2.8,-0.35));
#7439=VECTOR('',#9313,1000.0);
#7440=CARTESIAN_POINT('',(-2.775,2.8,-0.00999999999999912));
#7441=CARTESIAN_POINT('',(-4.475,2.8,-0.00999999999999979));
#7442=VECTOR('',#9314,1000.0);
#7443=CARTESIAN_POINT('',(-2.775,2.8,-0.349999999999999));
#7444=VECTOR('',#9315,1000.0);
#7445=CARTESIAN_POINT('',(-2.475,2.8,-0.349999999999999));
#7446=CARTESIAN_POINT('',(-2.475,2.8,-0.349999999999999));
#7447=VECTOR('',#9316,1000.0);
#7448=CARTESIAN_POINT('',(-2.475,2.8,-2.05));
#7449=CARTESIAN_POINT('',(-2.475,2.8,-0.0099999999999989));
#7450=VECTOR('',#9317,1000.0);
#7451=CARTESIAN_POINT('',(-2.725,2.8,-2.05));
#7452=CARTESIAN_POINT('',(-2.725,2.8,-2.05));
#7453=VECTOR('',#9318,1000.0);
#7454=CARTESIAN_POINT('',(-2.725,2.8,-2.9));
#7455=VECTOR('',#9319,1000.0);
#7456=CARTESIAN_POINT('',(-4.175,2.29,0.5));
#7457=AXIS2_PLACEMENT_3D('',#9320,#9321,#9322);
#7458=CARTESIAN_POINT('',(-2.775,2.29,0.500000000000001));
#7459=CARTESIAN_POINT('',(-4.475,2.29,0.5));
#7460=VECTOR('',#9323,1000.0);
#7461=AXIS2_PLACEMENT_3D('',#9324,#9325,#9326);
#7462=CARTESIAN_POINT('',(-4.175,-1.9,0.499999999999999));
#7463=CARTESIAN_POINT('',(-4.175,-6.0883350521906,0.499999999999998));
#7464=VECTOR('',#9327,1000.0);
#7465=CARTESIAN_POINT('',(-4.075,-2.0,0.499999999999999));
#7466=AXIS2_PLACEMENT_3D('',#9328,#9329,#9330);
#7467=CARTESIAN_POINT('',(-2.875,-2.0,0.5));
#7468=CARTESIAN_POINT('',(-4.475,-2.0,0.499999999999999));
#7469=VECTOR('',#9331,1000.0);
#7470=CARTESIAN_POINT('',(-2.775,-1.9,0.5));
#7471=AXIS2_PLACEMENT_3D('',#9332,#9333,#9334);
#7472=CARTESIAN_POINT('',(-2.775,-6.0883350521906,0.499999999999999));
#7473=VECTOR('',#9335,1000.0);
#7474=CARTESIAN_POINT('',(-2.475,2.3,-2.05));
#7475=CARTESIAN_POINT('',(-2.475,-6.0883350521906,-2.05));
#7476=VECTOR('',#9336,1000.0);
#7477=CARTESIAN_POINT('',(-2.475,2.3,-0.349999999999999));
#7478=CARTESIAN_POINT('',(-2.475,-6.0883350521906,-0.350000000000001));
#7479=VECTOR('',#9337,1000.0);
#7480=CARTESIAN_POINT('',(-2.475,2.3,-0.00999999999999912));
#7481=VECTOR('',#9338,1000.0);
#7482=CARTESIAN_POINT('',(-3.675,-0.0500000000000017,-6.65));
#7483=VECTOR('',#9339,1000.0);
#7484=CARTESIAN_POINT('',(-3.275,-0.550000000000002,-6.65));
#7485=VECTOR('',#9340,1000.0);
#7486=CARTESIAN_POINT('',(-4.475,2.3,-2.05));
#7487=CARTESIAN_POINT('',(-4.475,-6.0883350521906,-2.05));
#7488=VECTOR('',#9341,1000.0);
#7489=CARTESIAN_POINT('',(-4.475,2.3,-0.35));
#7490=CARTESIAN_POINT('',(-4.475,2.3,-0.01));
#7491=VECTOR('',#9342,1000.0);
#7492=CARTESIAN_POINT('',(-4.475,-6.0883350521906,-0.350000000000002));
#7493=VECTOR('',#9343,1000.0);
#7494=CARTESIAN_POINT('',(-4.075,-2.0,-6.66133814775094E-16));
#7495=CARTESIAN_POINT('',(-4.075,-2.0,0.499999999999999));
#7496=VECTOR('',#9344,1000.0);
#7497=CARTESIAN_POINT('',(-2.875,-2.0,-2.22044604925031E-16));
#7498=CARTESIAN_POINT('',(-4.475,-2.0,-8.88178419700125E-16));
#7499=VECTOR('',#9345,1000.0);
#7500=CARTESIAN_POINT('',(-2.875,-2.0,0.5));
#7501=VECTOR('',#9346,1000.0);
#7502=CARTESIAN_POINT('',(-3.925,-6.0883350521906,-5.65));
#7503=VECTOR('',#9347,1000.0);
#7504=CARTESIAN_POINT('',(-3.025,-0.0500000000000019,-5.65));
#7505=VECTOR('',#9348,1000.0);
#7506=CARTESIAN_POINT('',(-4.175,-1.9,-6.66133814775094E-16));
#7507=CARTESIAN_POINT('',(-4.175,-1.9,-0.350000000000001));
#7508=VECTOR('',#9349,1000.0);
#7509=AXIS2_PLACEMENT_3D('',#9350,#9351,#9352);
#7510=CARTESIAN_POINT('',(-2.775,-1.9,-2.22044604925031E-16));
#7511=AXIS2_PLACEMENT_3D('',#9353,#9354,#9355);
#7512=CARTESIAN_POINT('',(-2.775,-1.9,-2.22044604925031E-16));
#7513=VECTOR('',#9356,1000.0);
#7514=CARTESIAN_POINT('',(-4.025,0.949999999999997,-2.4));
#7515=VECTOR('',#9357,1000.0);
#7516=CARTESIAN_POINT('',(-3.925,0.849999999999997,-2.9));
#7517=VECTOR('',#9358,1000.0);
#7518=CARTESIAN_POINT('',(-3.025,0.849999999999998,-6.65));
#7519=VECTOR('',#9359,1000.0);
#7520=CARTESIAN_POINT('',(-2.925,0.949999999999995,5.94095583067804));
#7521=VECTOR('',#9360,1000.0);
#7522=CARTESIAN_POINT('',(-2.825,0.949999999999997,-2.4));
#7523=VECTOR('',#9361,1000.0);
#7524=CARTESIAN_POINT('',(-2.725,1.05,-2.9));
#7525=VECTOR('',#9362,1000.0);
#7526=CARTESIAN_POINT('',(-4.175,2.29,2.22044604925031E-16));
#7527=CARTESIAN_POINT('',(-4.175,-2.0,-6.66133814775094E-16));
#7528=VECTOR('',#9363,1000.0);
#7529=CARTESIAN_POINT('',(-4.175,2.3,-0.00999999999999979));
#7530=CARTESIAN_POINT('',(-4.175,2.3,-0.00999999999999979));
#7531=VECTOR('',#9364,1000.0);
#7532=AXIS2_PLACEMENT_3D('',#9365,#9366,#9367);
#7533=CARTESIAN_POINT('',(-4.475,2.3,-0.35));
#7534=VECTOR('',#9368,1000.0);
#7535=CARTESIAN_POINT('',(-2.775,2.29,6.66133814775094E-16));
#7536=CARTESIAN_POINT('',(-2.775,-2.0,-2.22044604925031E-16));
#7537=VECTOR('',#9369,1000.0);
#7538=CARTESIAN_POINT('',(-2.775,2.3,-0.00999999999999934));
#7539=AXIS2_PLACEMENT_3D('',#9370,#9371,#9372);
#7540=CARTESIAN_POINT('',(-2.775,2.3,-0.00999999999999934));
#7541=VECTOR('',#9373,1000.0);
#7542=CARTESIAN_POINT('',(-4.475,2.3,-0.35));
#7543=VECTOR('',#9374,1000.0);
#7544=CARTESIAN_POINT('',(-4.225,2.3,-2.05));
#7545=CARTESIAN_POINT('',(-4.475,2.3,-2.05));
#7546=VECTOR('',#9375,1000.0);
#7547=CARTESIAN_POINT('',(-4.225,2.3,-2.39));
#7548=CARTESIAN_POINT('',(-4.225,2.3,-0.01));
#7549=VECTOR('',#9376,1000.0);
#7550=CARTESIAN_POINT('',(-2.725,2.3,-2.39));
#7551=CARTESIAN_POINT('',(-4.475,2.3,-2.39));
#7552=VECTOR('',#9377,1000.0);
#7553=CARTESIAN_POINT('',(-2.725,2.3,-2.05));
#7554=CARTESIAN_POINT('',(-2.725,2.3,-0.00999999999999912));
#7555=VECTOR('',#9378,1000.0);
#7556=CARTESIAN_POINT('',(-4.475,2.3,-2.05));
#7557=VECTOR('',#9379,1000.0);
#7558=CARTESIAN_POINT('',(-4.475,2.3,-0.01));
#7559=VECTOR('',#9380,1000.0);
#7560=CARTESIAN_POINT('',(-4.475,2.29,0.0));
#7561=VECTOR('',#9381,1000.0);
#7562=CARTESIAN_POINT('',(-2.725,-6.0883350521906,-2.05));
#7563=VECTOR('',#9382,1000.0);
#7564=AXIS2_PLACEMENT_3D('',#9383,#9384,#9385);
#7565=AXIS2_PLACEMENT_3D('',#9386,#9387,#9388);
#7566=CARTESIAN_POINT('',(-4.225,-6.0883350521906,-2.05));
#7567=VECTOR('',#9389,1000.0);
#7568=CARTESIAN_POINT('',(4.325,2.3,-0.349999999999999));
#7569=CARTESIAN_POINT('',(4.225,2.3,-0.249999999999999));
#7570=AXIS2_PLACEMENT_3D('',#9390,#9391,#9392);
#7571=CARTESIAN_POINT('',(4.325,2.8,-0.349999999999999));
#7572=CARTESIAN_POINT('',(4.325,2.3,-0.349999999999999));
#7573=VECTOR('',#9393,1000.0);
#7574=CARTESIAN_POINT('',(4.225,2.8,-0.249999999999999));
#7575=AXIS2_PLACEMENT_3D('',#9394,#9395,#9396);
#7576=CARTESIAN_POINT('',(4.225,2.8,-0.249999999999999));
#7577=VECTOR('',#9397,1000.0);
#7578=CARTESIAN_POINT('',(2.775,1.05,-2.4));
#7579=CARTESIAN_POINT('',(2.875,0.949999999999997,-2.4));
#7580=AXIS2_PLACEMENT_3D('',#9398,#9399,#9400);
#7581=CARTESIAN_POINT('',(2.775,1.05,-2.9));
#7582=CARTESIAN_POINT('',(2.775,1.05,-2.9));
#7583=VECTOR('',#9401,1000.0);
#7584=CARTESIAN_POINT('',(2.875,0.949999999999997,-2.9));
#7585=AXIS2_PLACEMENT_3D('',#9402,#9403,#9404);
#7586=CARTESIAN_POINT('',(2.875,0.949999999999995,5.94095583067804));
#7587=VECTOR('',#9405,1000.0);
#7588=CARTESIAN_POINT('',(2.825,2.3,-0.25));
#7589=CARTESIAN_POINT('',(2.725,2.3,-0.35));
#7590=AXIS2_PLACEMENT_3D('',#9406,#9407,#9408);
#7591=CARTESIAN_POINT('',(2.825,2.8,-0.25));
#7592=CARTESIAN_POINT('',(2.825,2.3,-0.25));
#7593=VECTOR('',#9409,1000.0);
#7594=CARTESIAN_POINT('',(2.725,2.8,-0.35));
#7595=AXIS2_PLACEMENT_3D('',#9410,#9411,#9412);
#7596=CARTESIAN_POINT('',(2.725,2.8,-0.35));
#7597=VECTOR('',#9413,1000.0);
#7598=CARTESIAN_POINT('',(2.775,2.29,-2.4));
#7599=CARTESIAN_POINT('',(2.775,2.29,-2.4));
#7600=VECTOR('',#9414,1000.0);
#7601=CARTESIAN_POINT('',(2.975,0.949999999999997,-2.4));
#7602=CARTESIAN_POINT('',(2.525,0.949999999999997,-2.4));
#7603=VECTOR('',#9415,1000.0);
#7604=CARTESIAN_POINT('',(3.075,0.849999999999997,-2.4));
#7605=AXIS2_PLACEMENT_3D('',#9416,#9417,#9418);
#7606=CARTESIAN_POINT('',(3.075,0.459999999999997,-2.4));
#7607=CARTESIAN_POINT('',(3.075,2.29,-2.4));
#7608=VECTOR('',#9419,1000.0);
#7609=CARTESIAN_POINT('',(3.975,0.459999999999997,-2.4));
#7610=CARTESIAN_POINT('',(2.525,0.459999999999997,-2.4));
#7611=VECTOR('',#9420,1000.0);
#7612=CARTESIAN_POINT('',(3.975,0.849999999999997,-2.4));
#7613=CARTESIAN_POINT('',(3.975,2.29,-2.4));
#7614=VECTOR('',#9421,1000.0);
#7615=CARTESIAN_POINT('',(4.075,0.949999999999997,-2.4));
#7616=AXIS2_PLACEMENT_3D('',#9422,#9423,#9424);
#7617=CARTESIAN_POINT('',(4.175,0.949999999999997,-2.4));
#7618=CARTESIAN_POINT('',(2.525,0.949999999999997,-2.4));
#7619=VECTOR('',#9425,1000.0);
#7620=CARTESIAN_POINT('',(4.275,1.05,-2.4));
#7621=AXIS2_PLACEMENT_3D('',#9426,#9427,#9428);
#7622=CARTESIAN_POINT('',(4.275,2.29,-2.4));
#7623=CARTESIAN_POINT('',(4.275,2.29,-2.4));
#7624=VECTOR('',#9429,1000.0);
#7625=CARTESIAN_POINT('',(2.525,2.29,-2.4));
#7626=VECTOR('',#9430,1000.0);
#7627=CARTESIAN_POINT('',(3.075,-0.550000000000002,-3.41));
#7628=AXIS2_PLACEMENT_3D('',#9431,#9432,#9433);
#7629=CARTESIAN_POINT('',(3.975,-0.550000000000002,-3.41));
#7630=CARTESIAN_POINT('',(2.525,-0.550000000000002,-3.41));
#7631=VECTOR('',#9434,1000.0);
#7632=AXIS2_PLACEMENT_3D('',#9435,#9436,#9437);
#7633=CARTESIAN_POINT('',(3.075,-0.550000000000002,-5.65));
#7634=CARTESIAN_POINT('',(3.075,-0.550000000000002,-3.41));
#7635=VECTOR('',#9438,1000.0);
#7636=CARTESIAN_POINT('',(3.325,-0.550000000000002,-6.65));
#7637=CARTESIAN_POINT('',(2.51558823529412,-0.550000000000002,-3.41235294117647));
#7638=VECTOR('',#9439,1000.0);
#7639=CARTESIAN_POINT('',(3.725,-0.550000000000002,-6.65));
#7640=CARTESIAN_POINT('',(2.525,-0.550000000000002,-6.65));
#7641=VECTOR('',#9440,1000.0);
#7642=CARTESIAN_POINT('',(3.975,-0.550000000000002,-5.65));
#7643=CARTESIAN_POINT('',(4.41676470588235,-0.550000000000002,-3.88294117647059));
#7644=VECTOR('',#9441,1000.0);
#7645=CARTESIAN_POINT('',(3.975,-0.550000000000002,-3.41));
#7646=VECTOR('',#9442,1000.0);
#7647=CARTESIAN_POINT('',(3.325,-0.0500000000000017,-6.65));
#7648=CARTESIAN_POINT('',(3.725,-0.0500000000000017,-6.65));
#7649=CARTESIAN_POINT('',(2.525,-0.0500000000000018,-6.65));
#7650=VECTOR('',#9443,1000.0);
#7651=CARTESIAN_POINT('',(3.075,-0.050000000000002,-5.65));
#7652=CARTESIAN_POINT('',(3.325,-0.0500000000000017,-6.65));
#7653=VECTOR('',#9444,1000.0);
#7654=CARTESIAN_POINT('',(3.075,-0.0500000000000025,-3.41));
#7655=CARTESIAN_POINT('',(3.075,-0.0500000000000025,-3.41));
#7656=VECTOR('',#9445,1000.0);
#7657=CARTESIAN_POINT('',(3.975,-0.0500000000000025,-3.41));
#7658=CARTESIAN_POINT('',(2.525,-0.0500000000000025,-3.41));
#7659=VECTOR('',#9446,1000.0);
#7660=CARTESIAN_POINT('',(3.975,-0.0500000000000019,-5.65));
#7661=CARTESIAN_POINT('',(3.975,-0.0500000000000025,-3.41));
#7662=VECTOR('',#9447,1000.0);
#7663=CARTESIAN_POINT('',(3.975,-0.0500000000000019,-5.65));
#7664=VECTOR('',#9448,1000.0);
#7665=CARTESIAN_POINT('',(3.075,0.459999999999997,-2.9));
#7666=AXIS2_PLACEMENT_3D('',#9449,#9450,#9451);
#7667=CARTESIAN_POINT('',(3.975,0.459999999999997,-2.9));
#7668=CARTESIAN_POINT('',(2.525,0.459999999999997,-2.9));
#7669=VECTOR('',#9452,1000.0);
#7670=AXIS2_PLACEMENT_3D('',#9453,#9454,#9455);
#7671=CARTESIAN_POINT('',(2.975,0.949999999999997,-2.9));
#7672=CARTESIAN_POINT('',(3.075,0.949999999999997,-2.9));
#7673=VECTOR('',#9456,1000.0);
#7674=CARTESIAN_POINT('',(2.775,2.29,-2.9));
#7675=CARTESIAN_POINT('',(2.775,-6.0883350521906,-2.9));
#7676=VECTOR('',#9457,1000.0);
#7677=CARTESIAN_POINT('',(4.275,2.29,-2.9));
#7678=CARTESIAN_POINT('',(2.525,2.29,-2.9));
#7679=VECTOR('',#9458,1000.0);
#7680=CARTESIAN_POINT('',(4.275,1.05,-2.9));
#7681=CARTESIAN_POINT('',(4.275,-6.0883350521906,-2.9));
#7682=VECTOR('',#9459,1000.0);
#7683=CARTESIAN_POINT('',(4.175,0.949999999999998,-2.9));
#7684=AXIS2_PLACEMENT_3D('',#9460,#9461,#9462);
#7685=CARTESIAN_POINT('',(4.075,0.949999999999998,-2.9));
#7686=CARTESIAN_POINT('',(4.275,0.949999999999998,-2.9));
#7687=VECTOR('',#9463,1000.0);
#7688=CARTESIAN_POINT('',(3.975,0.849999999999997,-2.9));
#7689=AXIS2_PLACEMENT_3D('',#9464,#9465,#9466);
#7690=CARTESIAN_POINT('',(3.975,-0.411779788708138,-2.9));
#7691=VECTOR('',#9467,1000.0);
#7692=CARTESIAN_POINT('',(3.075,0.849999999999997,-2.9));
#7693=CARTESIAN_POINT('',(3.075,-0.411779788708138,-2.9));
#7694=VECTOR('',#9468,1000.0);
#7695=AXIS2_PLACEMENT_3D('',#9469,#9470,#9471);
#7696=CARTESIAN_POINT('',(2.775,2.8,-2.39));
#7697=AXIS2_PLACEMENT_3D('',#9472,#9473,#9474);
#7698=CARTESIAN_POINT('',(4.275,2.8,-2.39));
#7699=CARTESIAN_POINT('',(2.525,2.8,-2.39));
#7700=VECTOR('',#9475,1000.0);
#7701=AXIS2_PLACEMENT_3D('',#9476,#9477,#9478);
#7702=CARTESIAN_POINT('',(2.775,2.8,-2.05));
#7703=CARTESIAN_POINT('',(2.775,2.8,-2.9));
#7704=VECTOR('',#9479,1000.0);
#7705=CARTESIAN_POINT('',(2.525,2.8,-2.05));
#7706=CARTESIAN_POINT('',(2.775,2.8,-2.05));
#7707=VECTOR('',#9480,1000.0);
#7708=CARTESIAN_POINT('',(2.525,2.8,-0.35));
#7709=CARTESIAN_POINT('',(2.525,2.8,-0.00999999999999979));
#7710=VECTOR('',#9481,1000.0);
#7711=CARTESIAN_POINT('',(2.525,2.8,-0.35));
#7712=VECTOR('',#9482,1000.0);
#7713=CARTESIAN_POINT('',(2.825,2.8,-0.00999999999999956));
#7714=CARTESIAN_POINT('',(2.825,2.8,-0.35));
#7715=VECTOR('',#9483,1000.0);
#7716=CARTESIAN_POINT('',(4.225,2.8,-0.00999999999999912));
#7717=CARTESIAN_POINT('',(2.525,2.8,-0.00999999999999979));
#7718=VECTOR('',#9484,1000.0);
#7719=CARTESIAN_POINT('',(4.225,2.8,-0.349999999999999));
#7720=VECTOR('',#9485,1000.0);
#7721=CARTESIAN_POINT('',(4.525,2.8,-0.349999999999999));
#7722=CARTESIAN_POINT('',(4.525,2.8,-0.349999999999999));
#7723=VECTOR('',#9486,1000.0);
#7724=CARTESIAN_POINT('',(4.525,2.8,-2.05));
#7725=CARTESIAN_POINT('',(4.525,2.8,-0.0099999999999989));
#7726=VECTOR('',#9487,1000.0);
#7727=CARTESIAN_POINT('',(4.275,2.8,-2.05));
#7728=CARTESIAN_POINT('',(4.275,2.8,-2.05));
#7729=VECTOR('',#9488,1000.0);
#7730=CARTESIAN_POINT('',(4.275,2.8,-2.9));
#7731=VECTOR('',#9489,1000.0);
#7732=CARTESIAN_POINT('',(2.825,2.29,0.5));
#7733=AXIS2_PLACEMENT_3D('',#9490,#9491,#9492);
#7734=CARTESIAN_POINT('',(4.225,2.29,0.500000000000001));
#7735=CARTESIAN_POINT('',(2.525,2.29,0.5));
#7736=VECTOR('',#9493,1000.0);
#7737=AXIS2_PLACEMENT_3D('',#9494,#9495,#9496);
#7738=CARTESIAN_POINT('',(2.825,-1.9,0.499999999999999));
#7739=CARTESIAN_POINT('',(2.825,-6.0883350521906,0.499999999999998));
#7740=VECTOR('',#9497,1000.0);
#7741=CARTESIAN_POINT('',(2.925,-2.0,0.499999999999999));
#7742=AXIS2_PLACEMENT_3D('',#9498,#9499,#9500);
#7743=CARTESIAN_POINT('',(4.125,-2.0,0.5));
#7744=CARTESIAN_POINT('',(2.525,-2.0,0.499999999999999));
#7745=VECTOR('',#9501,1000.0);
#7746=CARTESIAN_POINT('',(4.225,-1.9,0.5));
#7747=AXIS2_PLACEMENT_3D('',#9502,#9503,#9504);
#7748=CARTESIAN_POINT('',(4.225,-6.0883350521906,0.499999999999999));
#7749=VECTOR('',#9505,1000.0);
#7750=CARTESIAN_POINT('',(4.525,2.3,-2.05));
#7751=CARTESIAN_POINT('',(4.525,-6.0883350521906,-2.05));
#7752=VECTOR('',#9506,1000.0);
#7753=CARTESIAN_POINT('',(4.525,2.3,-0.349999999999999));
#7754=CARTESIAN_POINT('',(4.525,-6.0883350521906,-0.350000000000001));
#7755=VECTOR('',#9507,1000.0);
#7756=CARTESIAN_POINT('',(4.525,2.3,-0.00999999999999912));
#7757=VECTOR('',#9508,1000.0);
#7758=CARTESIAN_POINT('',(3.325,-0.0500000000000017,-6.65));
#7759=VECTOR('',#9509,1000.0);
#7760=CARTESIAN_POINT('',(3.725,-0.550000000000002,-6.65));
#7761=VECTOR('',#9510,1000.0);
#7762=CARTESIAN_POINT('',(2.525,2.3,-2.05));
#7763=CARTESIAN_POINT('',(2.525,-6.0883350521906,-2.05));
#7764=VECTOR('',#9511,1000.0);
#7765=CARTESIAN_POINT('',(2.525,2.3,-0.35));
#7766=CARTESIAN_POINT('',(2.525,2.3,-0.01));
#7767=VECTOR('',#9512,1000.0);
#7768=CARTESIAN_POINT('',(2.525,-6.0883350521906,-0.350000000000002));
#7769=VECTOR('',#9513,1000.0);
#7770=CARTESIAN_POINT('',(2.925,-2.0,-6.66133814775094E-16));
#7771=CARTESIAN_POINT('',(2.925,-2.0,0.499999999999999));
#7772=VECTOR('',#9514,1000.0);
#7773=CARTESIAN_POINT('',(4.125,-2.0,-2.22044604925031E-16));
#7774=CARTESIAN_POINT('',(2.525,-2.0,-8.88178419700125E-16));
#7775=VECTOR('',#9515,1000.0);
#7776=CARTESIAN_POINT('',(4.125,-2.0,0.5));
#7777=VECTOR('',#9516,1000.0);
#7778=CARTESIAN_POINT('',(3.075,-6.0883350521906,-5.65));
#7779=VECTOR('',#9517,1000.0);
#7780=CARTESIAN_POINT('',(3.975,-0.0500000000000019,-5.65));
#7781=VECTOR('',#9518,1000.0);
#7782=CARTESIAN_POINT('',(2.825,-1.9,-6.66133814775094E-16));
#7783=CARTESIAN_POINT('',(2.825,-1.9,-0.350000000000001));
#7784=VECTOR('',#9519,1000.0);
#7785=AXIS2_PLACEMENT_3D('',#9520,#9521,#9522);
#7786=CARTESIAN_POINT('',(4.225,-1.9,-2.22044604925031E-16));
#7787=AXIS2_PLACEMENT_3D('',#9523,#9524,#9525);
#7788=CARTESIAN_POINT('',(4.225,-1.9,-2.22044604925031E-16));
#7789=VECTOR('',#9526,1000.0);
#7790=CARTESIAN_POINT('',(2.975,0.949999999999997,-2.4));
#7791=VECTOR('',#9527,1000.0);
#7792=CARTESIAN_POINT('',(3.075,0.849999999999997,-2.9));
#7793=VECTOR('',#9528,1000.0);
#7794=CARTESIAN_POINT('',(3.975,0.849999999999998,-6.65));
#7795=VECTOR('',#9529,1000.0);
#7796=CARTESIAN_POINT('',(4.075,0.949999999999995,5.94095583067804));
#7797=VECTOR('',#9530,1000.0);
#7798=CARTESIAN_POINT('',(4.175,0.949999999999997,-2.4));
#7799=VECTOR('',#9531,1000.0);
#7800=CARTESIAN_POINT('',(4.275,1.05,-2.9));
#7801=VECTOR('',#9532,1000.0);
#7802=CARTESIAN_POINT('',(2.825,2.29,2.22044604925031E-16));
#7803=CARTESIAN_POINT('',(2.825,-2.0,-6.66133814775094E-16));
#7804=VECTOR('',#9533,1000.0);
#7805=CARTESIAN_POINT('',(2.825,2.3,-0.00999999999999979));
#7806=CARTESIAN_POINT('',(2.825,2.3,-0.00999999999999979));
#7807=VECTOR('',#9534,1000.0);
#7808=AXIS2_PLACEMENT_3D('',#9535,#9536,#9537);
#7809=CARTESIAN_POINT('',(2.525,2.3,-0.35));
#7810=VECTOR('',#9538,1000.0);
#7811=CARTESIAN_POINT('',(4.225,2.29,6.66133814775094E-16));
#7812=CARTESIAN_POINT('',(4.225,-2.0,-2.22044604925031E-16));
#7813=VECTOR('',#9539,1000.0);
#7814=CARTESIAN_POINT('',(4.225,2.3,-0.00999999999999934));
#7815=AXIS2_PLACEMENT_3D('',#9540,#9541,#9542);
#7816=CARTESIAN_POINT('',(4.225,2.3,-0.00999999999999934));
#7817=VECTOR('',#9543,1000.0);
#7818=CARTESIAN_POINT('',(2.525,2.3,-0.35));
#7819=VECTOR('',#9544,1000.0);
#7820=CARTESIAN_POINT('',(2.775,2.3,-2.05));
#7821=CARTESIAN_POINT('',(2.525,2.3,-2.05));
#7822=VECTOR('',#9545,1000.0);
#7823=CARTESIAN_POINT('',(2.775,2.3,-2.39));
#7824=CARTESIAN_POINT('',(2.775,2.3,-0.01));
#7825=VECTOR('',#9546,1000.0);
#7826=CARTESIAN_POINT('',(4.275,2.3,-2.39));
#7827=CARTESIAN_POINT('',(2.525,2.3,-2.39));
#7828=VECTOR('',#9547,1000.0);
#7829=CARTESIAN_POINT('',(4.275,2.3,-2.05));
#7830=CARTESIAN_POINT('',(4.275,2.3,-0.00999999999999912));
#7831=VECTOR('',#9548,1000.0);
#7832=CARTESIAN_POINT('',(2.525,2.3,-2.05));
#7833=VECTOR('',#9549,1000.0);
#7834=CARTESIAN_POINT('',(2.525,2.3,-0.01));
#7835=VECTOR('',#9550,1000.0);
#7836=CARTESIAN_POINT('',(2.525,2.29,0.0));
#7837=VECTOR('',#9551,1000.0);
#7838=CARTESIAN_POINT('',(4.275,-6.0883350521906,-2.05));
#7839=VECTOR('',#9552,1000.0);
#7840=AXIS2_PLACEMENT_3D('',#9553,#9554,#9555);
#7841=AXIS2_PLACEMENT_3D('',#9556,#9557,#9558);
#7842=CARTESIAN_POINT('',(2.775,-6.0883350521906,-2.05));
#7843=VECTOR('',#9559,1000.0);
#7844=CARTESIAN_POINT('',(0.775000000000001,-0.3,4.45));
#7845=CARTESIAN_POINT('',(0.775000000000001,-0.3,1.85));
#7846=CARTESIAN_POINT('',(0.775000000000001,-0.3,3.15));
#7847=VECTOR('',#9560,1.0);
#7848=CARTESIAN_POINT('',(-0.824999999999999,-0.3,4.45));
#7849=AXIS2_PLACEMENT_3D('',#9561,#9562,#9563);
#7850=CARTESIAN_POINT('',(-0.824999999999999,-0.3,1.85));
#7851=CARTESIAN_POINT('',(-0.824999999999999,-0.3,3.15));
#7852=VECTOR('',#9564,1.0);
#7853=AXIS2_PLACEMENT_3D('',#9565,#9566,#9567);
#7854=CARTESIAN_POINT('',(-1.325,-0.3,4.65));
#7855=CARTESIAN_POINT('',(-1.125,-0.3,4.45));
#7856=AXIS2_PLACEMENT_3D('',#9568,#9569,#9570);
#7857=CARTESIAN_POINT('',(1.275,-0.3,4.65));
#7858=AXIS2_PLACEMENT_3D('',#9571,#9572,#9573);
#7859=CARTESIAN_POINT('',(1.075,-0.3,4.45));
#7860=AXIS2_PLACEMENT_3D('',#9574,#9575,#9576);
#7861=AXIS2_PLACEMENT_3D('',#9577,#9578,#9579);
#7862=CARTESIAN_POINT('',(0.575000000000001,-0.3,1.35));
#7863=CARTESIAN_POINT('',(0.775000000000001,-0.3,1.85));
#7864=VECTOR('',#9580,1.0);
#7865=CARTESIAN_POINT('',(-0.624999999999999,-0.3,1.35));
#7866=AXIS2_PLACEMENT_3D('',#9581,#9582,#9583);
#7867=CARTESIAN_POINT('',(-0.824999999999999,-0.3,1.85));
#7868=VECTOR('',#9584,1.0);
#7869=AXIS2_PLACEMENT_3D('',#9585,#9586,#9587);
#7870=CARTESIAN_POINT('',(-1.325,-0.3,4.85));
#7871=CARTESIAN_POINT('',(-1.325,-0.3,5.0));
#7872=VECTOR('',#9588,1.0);
#7873=AXIS2_PLACEMENT_3D('',#9589,#9590,#9591);
#7874=CARTESIAN_POINT('',(1.275,-0.3,4.85));
#7875=CARTESIAN_POINT('',(1.275,-0.3,5.0));
#7876=VECTOR('',#9592,1.0);
#7877=CARTESIAN_POINT('',(1.24558057595731,-0.575,4.85));
#7878=AXIS2_PLACEMENT_3D('',#9593,#9594,#9595);
#7879=CARTESIAN_POINT('',(1.24558057595731,-0.575,5.35));
#7880=CARTESIAN_POINT('',(1.24558057595731,-0.575,5.55));
#7881=VECTOR('',#9596,1000.0);
#7882=CARTESIAN_POINT('',(-1.29558057595731,-0.575,5.35));
#7883=AXIS2_PLACEMENT_3D('',#9597,#9598,#9599);
#7884=CARTESIAN_POINT('',(-1.29558057595731,-0.575,4.85));
#7885=CARTESIAN_POINT('',(-1.29558057595731,-0.575,5.55));
#7886=VECTOR('',#9600,1000.0);
#7887=AXIS2_PLACEMENT_3D('',#9601,#9602,#9603);
#7888=CARTESIAN_POINT('',(-1.29558057595731,-0.025,4.85));
#7889=CARTESIAN_POINT('',(1.24558057595731,-0.025,4.85));
#7890=CARTESIAN_POINT('',(-1.575,-0.025,4.85));
#7891=VECTOR('',#9604,1000.0);
#7892=CARTESIAN_POINT('',(1.24558057595731,-0.025,5.35));
#7893=CARTESIAN_POINT('',(1.24558057595731,-0.025,5.55));
#7894=VECTOR('',#9605,1000.0);
#7895=CARTESIAN_POINT('',(1.04007042020704,-0.025,5.55));
#7896=CARTESIAN_POINT('',(1.04007042020704,-0.025,5.55));
#7897=CARTESIAN_POINT('',(1.09321765098042,-0.025,5.55));
#7898=CARTESIAN_POINT('',(1.14634472360809,-0.025,5.52911259151763));
#7899=CARTESIAN_POINT('',(1.22260983547067,-0.025,5.4558629428552));
#7900=CARTESIAN_POINT('',(1.24558057595731,-0.024999999999999,5.40309946054264));
#7901=CARTESIAN_POINT('',(1.24558057595731,-0.025,5.35));
#7902=CARTESIAN_POINT('',(-1.09007042020704,-0.025,5.55));
#7903=CARTESIAN_POINT('',(-1.575,-0.025,5.55));
#7904=VECTOR('',#9606,1000.0);
#7905=CARTESIAN_POINT('',(-1.29558057595731,-0.025,5.35));
#7906=CARTESIAN_POINT('',(-1.29558057595731,-0.025,5.35));
#7907=CARTESIAN_POINT('',(-1.29558057595731,-0.025,5.40342063761804));
#7908=CARTESIAN_POINT('',(-1.27290226094965,-0.025,5.4555867770574));
#7909=CARTESIAN_POINT('',(-1.19603375688596,-0.025,5.52940656431897));
#7910=CARTESIAN_POINT('',(-1.14308829479416,-0.025,5.55));
#7911=CARTESIAN_POINT('',(-1.09007042020704,-0.025,5.55));
#7912=CARTESIAN_POINT('',(-1.29558057595731,-0.025,5.55));
#7913=VECTOR('',#9607,1000.0);
#7914=CARTESIAN_POINT('',(-1.09007042020704,-0.575,5.55));
#7915=CARTESIAN_POINT('',(-1.09007042020704,-0.575,5.55));
#7916=CARTESIAN_POINT('',(-1.14287767272565,-0.575,5.55));
#7917=CARTESIAN_POINT('',(-1.19605110550389,-0.575,5.52931763769782));
#7918=CARTESIAN_POINT('',(-1.27259860084829,-0.575,5.45595038970851));
#7919=CARTESIAN_POINT('',(-1.29558057595739,-0.575,5.40283143418382));
#7920=CARTESIAN_POINT('',(-1.29558057595739,-0.575,5.35));
#7921=CARTESIAN_POINT('',(1.04007042020704,-0.575,5.55));
#7922=CARTESIAN_POINT('',(1.525,-0.575,5.55));
#7923=VECTOR('',#9608,1000.0);
#7924=CARTESIAN_POINT('',(1.24558057595731,-0.575,5.35));
#7925=CARTESIAN_POINT('',(1.24558057595731,-0.575,5.40324869159091));
#7926=CARTESIAN_POINT('',(1.22265590376986,-0.575,5.4558540724492));
#7927=CARTESIAN_POINT('',(1.14615814469912,-0.575,5.52925635179884));
#7928=CARTESIAN_POINT('',(1.0929371541877,-0.575,5.55));
#7929=CARTESIAN_POINT('',(1.04007042020704,-0.575,5.55));
#7930=CARTESIAN_POINT('',(1.525,-0.575,4.85));
#7931=VECTOR('',#9609,1000.0);
#7932=AXIS2_PLACEMENT_3D('',#9610,#9611,#9612);
#7933=AXIS2_PLACEMENT_3D('',#9613,#9614,#9615);
#7934=AXIS2_PLACEMENT_3D('',#9616,#9617,#9618);
#7935=AXIS2_PLACEMENT_3D('',#9619,#9620,#9621);
#7936=AXIS2_PLACEMENT_3D('',#9622,#9623,#9624);
#7937=AXIS2_PLACEMENT_3D('',#9625,#9626,#9627);
#7938=AXIS2_PLACEMENT_3D('',#9628,#9629,#9630);
#7939=AXIS2_PLACEMENT_3D('',#9631,#9632,#9633);
#7940=CARTESIAN_POINT('',(-2.725,-0.3,4.45));
#7941=CARTESIAN_POINT('',(-2.725,-0.3,1.85));
#7942=CARTESIAN_POINT('',(-2.725,-0.3,3.15));
#7943=VECTOR('',#9634,1.0);
#7944=CARTESIAN_POINT('',(-4.325,-0.3,4.45));
#7945=AXIS2_PLACEMENT_3D('',#9635,#9636,#9637);
#7946=CARTESIAN_POINT('',(-4.325,-0.3,1.85));
#7947=CARTESIAN_POINT('',(-4.325,-0.3,3.15));
#7948=VECTOR('',#9638,1.0);
#7949=AXIS2_PLACEMENT_3D('',#9639,#9640,#9641);
#7950=CARTESIAN_POINT('',(-4.825,-0.3,4.65));
#7951=CARTESIAN_POINT('',(-4.625,-0.3,4.45));
#7952=AXIS2_PLACEMENT_3D('',#9642,#9643,#9644);
#7953=CARTESIAN_POINT('',(-2.225,-0.3,4.65));
#7954=AXIS2_PLACEMENT_3D('',#9645,#9646,#9647);
#7955=CARTESIAN_POINT('',(-2.425,-0.3,4.45));
#7956=AXIS2_PLACEMENT_3D('',#9648,#9649,#9650);
#7957=AXIS2_PLACEMENT_3D('',#9651,#9652,#9653);
#7958=CARTESIAN_POINT('',(-2.925,-0.3,1.35));
#7959=CARTESIAN_POINT('',(-2.725,-0.3,1.85));
#7960=VECTOR('',#9654,1.0);
#7961=CARTESIAN_POINT('',(-4.125,-0.3,1.35));
#7962=AXIS2_PLACEMENT_3D('',#9655,#9656,#9657);
#7963=CARTESIAN_POINT('',(-4.325,-0.3,1.85));
#7964=VECTOR('',#9658,1.0);
#7965=AXIS2_PLACEMENT_3D('',#9659,#9660,#9661);
#7966=CARTESIAN_POINT('',(-4.825,-0.3,4.85));
#7967=CARTESIAN_POINT('',(-4.825,-0.3,5.0));
#7968=VECTOR('',#9662,1.0);
#7969=AXIS2_PLACEMENT_3D('',#9663,#9664,#9665);
#7970=CARTESIAN_POINT('',(-2.225,-0.3,4.85));
#7971=CARTESIAN_POINT('',(-2.225,-0.3,5.0));
#7972=VECTOR('',#9666,1.0);
#7973=CARTESIAN_POINT('',(-2.25441942404269,-0.575,4.85));
#7974=AXIS2_PLACEMENT_3D('',#9667,#9668,#9669);
#7975=CARTESIAN_POINT('',(-2.25441942404269,-0.575,5.35));
#7976=CARTESIAN_POINT('',(-2.25441942404269,-0.575,5.55));
#7977=VECTOR('',#9670,1000.0);
#7978=CARTESIAN_POINT('',(-4.79558057595731,-0.575,5.35));
#7979=AXIS2_PLACEMENT_3D('',#9671,#9672,#9673);
#7980=CARTESIAN_POINT('',(-4.79558057595731,-0.575,4.85));
#7981=CARTESIAN_POINT('',(-4.79558057595731,-0.575,5.55));
#7982=VECTOR('',#9674,1000.0);
#7983=AXIS2_PLACEMENT_3D('',#9675,#9676,#9677);
#7984=CARTESIAN_POINT('',(-4.79558057595731,-0.025,4.85));
#7985=CARTESIAN_POINT('',(-2.25441942404269,-0.025,4.85));
#7986=CARTESIAN_POINT('',(-5.075,-0.025,4.85));
#7987=VECTOR('',#9678,1000.0);
#7988=CARTESIAN_POINT('',(-2.25441942404269,-0.025,5.35));
#7989=CARTESIAN_POINT('',(-2.25441942404269,-0.025,5.55));
#7990=VECTOR('',#9679,1000.0);
#7991=CARTESIAN_POINT('',(-2.45992957979296,-0.025,5.55));
#7992=CARTESIAN_POINT('',(-2.45992957979296,-0.025,5.55));
#7993=CARTESIAN_POINT('',(-2.40678234901958,-0.025,5.55));
#7994=CARTESIAN_POINT('',(-2.35365527639191,-0.025,5.52911259151763));
#7995=CARTESIAN_POINT('',(-2.27739016452933,-0.025,5.4558629428552));
#7996=CARTESIAN_POINT('',(-2.25441942404269,-0.024999999999999,5.40309946054264));
#7997=CARTESIAN_POINT('',(-2.25441942404269,-0.025,5.35));
#7998=CARTESIAN_POINT('',(-4.59007042020704,-0.025,5.55));
#7999=CARTESIAN_POINT('',(-5.075,-0.025,5.55));
#8000=VECTOR('',#9680,1000.0);
#8001=CARTESIAN_POINT('',(-4.79558057595731,-0.025,5.35));
#8002=CARTESIAN_POINT('',(-4.79558057595731,-0.025,5.35));
#8003=CARTESIAN_POINT('',(-4.79558057595731,-0.025,5.40342063761804));
#8004=CARTESIAN_POINT('',(-4.77290226094965,-0.025,5.4555867770574));
#8005=CARTESIAN_POINT('',(-4.69603375688596,-0.025,5.52940656431897));
#8006=CARTESIAN_POINT('',(-4.64308829479416,-0.025,5.55));
#8007=CARTESIAN_POINT('',(-4.59007042020704,-0.025,5.55));
#8008=CARTESIAN_POINT('',(-4.79558057595731,-0.025,5.55));
#8009=VECTOR('',#9681,1000.0);
#8010=CARTESIAN_POINT('',(-4.59007042020704,-0.575,5.55));
#8011=CARTESIAN_POINT('',(-4.59007042020704,-0.575,5.55));
#8012=CARTESIAN_POINT('',(-4.64287767272565,-0.575,5.55));
#8013=CARTESIAN_POINT('',(-4.69605110550389,-0.575,5.52931763769782));
#8014=CARTESIAN_POINT('',(-4.77259860084829,-0.575,5.45595038970851));
#8015=CARTESIAN_POINT('',(-4.79558057595739,-0.575,5.40283143418382));
#8016=CARTESIAN_POINT('',(-4.79558057595739,-0.575,5.35));
#8017=CARTESIAN_POINT('',(-2.45992957979296,-0.575,5.55));
#8018=CARTESIAN_POINT('',(-1.975,-0.575,5.55));
#8019=VECTOR('',#9682,1000.0);
#8020=CARTESIAN_POINT('',(-2.25441942404269,-0.575,5.35));
#8021=CARTESIAN_POINT('',(-2.25441942404269,-0.575,5.40324869159091));
#8022=CARTESIAN_POINT('',(-2.27734409623014,-0.575,5.4558540724492));
#8023=CARTESIAN_POINT('',(-2.35384185530088,-0.575,5.52925635179884));
#8024=CARTESIAN_POINT('',(-2.4070628458123,-0.575,5.55));
#8025=CARTESIAN_POINT('',(-2.45992957979296,-0.575,5.55));
#8026=CARTESIAN_POINT('',(-1.975,-0.575,4.85));
#8027=VECTOR('',#9683,1000.0);
#8028=AXIS2_PLACEMENT_3D('',#9684,#9685,#9686);
#8029=AXIS2_PLACEMENT_3D('',#9687,#9688,#9689);
#8030=AXIS2_PLACEMENT_3D('',#9690,#9691,#9692);
#8031=AXIS2_PLACEMENT_3D('',#9693,#9694,#9695);
#8032=AXIS2_PLACEMENT_3D('',#9696,#9697,#9698);
#8033=AXIS2_PLACEMENT_3D('',#9699,#9700,#9701);
#8034=AXIS2_PLACEMENT_3D('',#9702,#9703,#9704);
#8035=AXIS2_PLACEMENT_3D('',#9705,#9706,#9707);
#8036=CARTESIAN_POINT('',(4.275,-0.3,4.45));
#8037=CARTESIAN_POINT('',(4.275,-0.3,1.85));
#8038=CARTESIAN_POINT('',(4.275,-0.3,3.15));
#8039=VECTOR('',#9708,1.0);
#8040=CARTESIAN_POINT('',(2.675,-0.3,4.45));
#8041=AXIS2_PLACEMENT_3D('',#9709,#9710,#9711);
#8042=CARTESIAN_POINT('',(2.675,-0.3,1.85));
#8043=CARTESIAN_POINT('',(2.675,-0.3,3.15));
#8044=VECTOR('',#9712,1.0);
#8045=AXIS2_PLACEMENT_3D('',#9713,#9714,#9715);
#8046=CARTESIAN_POINT('',(2.175,-0.3,4.65));
#8047=CARTESIAN_POINT('',(2.375,-0.3,4.45));
#8048=AXIS2_PLACEMENT_3D('',#9716,#9717,#9718);
#8049=CARTESIAN_POINT('',(4.775,-0.3,4.65));
#8050=AXIS2_PLACEMENT_3D('',#9719,#9720,#9721);
#8051=CARTESIAN_POINT('',(4.575,-0.3,4.45));
#8052=AXIS2_PLACEMENT_3D('',#9722,#9723,#9724);
#8053=AXIS2_PLACEMENT_3D('',#9725,#9726,#9727);
#8054=CARTESIAN_POINT('',(4.075,-0.3,1.35));
#8055=CARTESIAN_POINT('',(4.275,-0.3,1.85));
#8056=VECTOR('',#9728,1.0);
#8057=CARTESIAN_POINT('',(2.875,-0.3,1.35));
#8058=AXIS2_PLACEMENT_3D('',#9729,#9730,#9731);
#8059=CARTESIAN_POINT('',(2.675,-0.3,1.85));
#8060=VECTOR('',#9732,1.0);
#8061=AXIS2_PLACEMENT_3D('',#9733,#9734,#9735);
#8062=CARTESIAN_POINT('',(2.175,-0.3,4.85));
#8063=CARTESIAN_POINT('',(2.175,-0.3,5.0));
#8064=VECTOR('',#9736,1.0);
#8065=AXIS2_PLACEMENT_3D('',#9737,#9738,#9739);
#8066=CARTESIAN_POINT('',(4.775,-0.3,4.85));
#8067=CARTESIAN_POINT('',(4.775,-0.3,5.0));
#8068=VECTOR('',#9740,1.0);
#8069=CARTESIAN_POINT('',(4.74558057595731,-0.575,4.85));
#8070=AXIS2_PLACEMENT_3D('',#9741,#9742,#9743);
#8071=CARTESIAN_POINT('',(4.74558057595731,-0.575,5.35));
#8072=CARTESIAN_POINT('',(4.74558057595731,-0.575,5.55));
#8073=VECTOR('',#9744,1000.0);
#8074=CARTESIAN_POINT('',(2.20441942404269,-0.575,5.35));
#8075=AXIS2_PLACEMENT_3D('',#9745,#9746,#9747);
#8076=CARTESIAN_POINT('',(2.20441942404269,-0.575,4.85));
#8077=CARTESIAN_POINT('',(2.20441942404269,-0.575,5.55));
#8078=VECTOR('',#9748,1000.0);
#8079=AXIS2_PLACEMENT_3D('',#9749,#9750,#9751);
#8080=CARTESIAN_POINT('',(2.20441942404269,-0.025,4.85));
#8081=CARTESIAN_POINT('',(4.74558057595731,-0.025,4.85));
#8082=CARTESIAN_POINT('',(1.925,-0.025,4.85));
#8083=VECTOR('',#9752,1000.0);
#8084=CARTESIAN_POINT('',(4.74558057595731,-0.025,5.35));
#8085=CARTESIAN_POINT('',(4.74558057595731,-0.025,5.55));
#8086=VECTOR('',#9753,1000.0);
#8087=CARTESIAN_POINT('',(4.54007042020704,-0.025,5.55));
#8088=CARTESIAN_POINT('',(4.54007042020704,-0.025,5.55));
#8089=CARTESIAN_POINT('',(4.59321765098042,-0.025,5.55));
#8090=CARTESIAN_POINT('',(4.64634472360809,-0.025,5.52911259151763));
#8091=CARTESIAN_POINT('',(4.72260983547067,-0.025,5.4558629428552));
#8092=CARTESIAN_POINT('',(4.74558057595731,-0.024999999999999,5.40309946054264));
#8093=CARTESIAN_POINT('',(4.74558057595731,-0.025,5.35));
#8094=CARTESIAN_POINT('',(2.40992957979296,-0.025,5.55));
#8095=CARTESIAN_POINT('',(1.925,-0.025,5.55));
#8096=VECTOR('',#9754,1000.0);
#8097=CARTESIAN_POINT('',(2.20441942404269,-0.025,5.35));
#8098=CARTESIAN_POINT('',(2.20441942404269,-0.025,5.35));
#8099=CARTESIAN_POINT('',(2.20441942404269,-0.025,5.40342063761804));
#8100=CARTESIAN_POINT('',(2.22709773905035,-0.025,5.4555867770574));
#8101=CARTESIAN_POINT('',(2.30396624311404,-0.025,5.52940656431897));
#8102=CARTESIAN_POINT('',(2.35691170520584,-0.025,5.55));
#8103=CARTESIAN_POINT('',(2.40992957979296,-0.025,5.55));
#8104=CARTESIAN_POINT('',(2.20441942404269,-0.025,5.55));
#8105=VECTOR('',#9755,1000.0);
#8106=CARTESIAN_POINT('',(2.40992957979296,-0.575,5.55));
#8107=CARTESIAN_POINT('',(2.40992957979296,-0.575,5.55));
#8108=CARTESIAN_POINT('',(2.35712232727435,-0.575,5.55));
#8109=CARTESIAN_POINT('',(2.30394889449611,-0.575,5.52931763769782));
#8110=CARTESIAN_POINT('',(2.22740139915171,-0.575,5.45595038970851));
#8111=CARTESIAN_POINT('',(2.20441942404261,-0.575,5.40283143418382));
#8112=CARTESIAN_POINT('',(2.20441942404261,-0.575,5.35));
#8113=CARTESIAN_POINT('',(4.54007042020704,-0.575,5.55));
#8114=CARTESIAN_POINT('',(5.025,-0.575,5.55));
#8115=VECTOR('',#9756,1000.0);
#8116=CARTESIAN_POINT('',(4.74558057595731,-0.575,5.35));
#8117=CARTESIAN_POINT('',(4.74558057595731,-0.575,5.40324869159091));
#8118=CARTESIAN_POINT('',(4.72265590376986,-0.575,5.4558540724492));
#8119=CARTESIAN_POINT('',(4.64615814469912,-0.575,5.52925635179884));
#8120=CARTESIAN_POINT('',(4.5929371541877,-0.575,5.55));
#8121=CARTESIAN_POINT('',(4.54007042020704,-0.575,5.55));
#8122=CARTESIAN_POINT('',(5.025,-0.575,4.85));
#8123=VECTOR('',#9757,1000.0);
#8124=AXIS2_PLACEMENT_3D('',#9758,#9759,#9760);
#8125=AXIS2_PLACEMENT_3D('',#9761,#9762,#9763);
#8126=AXIS2_PLACEMENT_3D('',#9764,#9765,#9766);
#8127=AXIS2_PLACEMENT_3D('',#9767,#9768,#9769);
#8128=AXIS2_PLACEMENT_3D('',#9770,#9771,#9772);
#8129=AXIS2_PLACEMENT_3D('',#9773,#9774,#9775);
#8130=AXIS2_PLACEMENT_3D('',#9776,#9777,#9778);
#8131=AXIS2_PLACEMENT_3D('',#9779,#9780,#9781);
#8132=CARTESIAN_POINT('',(-2.225,-0.3,3.75));
#8133=CARTESIAN_POINT('',(-2.225,-0.3,5.55));
#8134=CARTESIAN_POINT('',(-2.225,-0.3,3.95));
#8135=VECTOR('',#9782,1.0);
#8136=CARTESIAN_POINT('',(-4.825,-0.3,3.75));
#8137=AXIS2_PLACEMENT_3D('',#9783,#9784,#9785);
#8138=CARTESIAN_POINT('',(-4.825,-0.3,5.55));
#8139=CARTESIAN_POINT('',(-4.825,-0.3,3.95));
#8140=VECTOR('',#9786,1.0);
#8141=AXIS2_PLACEMENT_3D('',#9787,#9788,#9789);
#8142=CARTESIAN_POINT('',(1.275,-0.3,3.75));
#8143=CARTESIAN_POINT('',(1.275,-0.3,5.55));
#8144=CARTESIAN_POINT('',(1.275,-0.3,3.95));
#8145=VECTOR('',#9790,1.0);
#8146=CARTESIAN_POINT('',(-1.325,-0.3,3.75));
#8147=AXIS2_PLACEMENT_3D('',#9791,#9792,#9793);
#8148=CARTESIAN_POINT('',(-1.325,-0.3,5.55));
#8149=CARTESIAN_POINT('',(-1.325,-0.3,3.95));
#8150=VECTOR('',#9794,1.0);
#8151=AXIS2_PLACEMENT_3D('',#9795,#9796,#9797);
#8152=CARTESIAN_POINT('',(4.775,-0.3,3.75));
#8153=CARTESIAN_POINT('',(4.775,-0.3,5.55));
#8154=CARTESIAN_POINT('',(4.775,-0.3,3.95));
#8155=VECTOR('',#9798,1.0);
#8156=CARTESIAN_POINT('',(2.175,-0.3,3.75));
#8157=AXIS2_PLACEMENT_3D('',#9799,#9800,#9801);
#8158=CARTESIAN_POINT('',(2.175,-0.3,5.55));
#8159=CARTESIAN_POINT('',(2.175,-0.3,3.95));
#8160=VECTOR('',#9802,1.0);
#8161=AXIS2_PLACEMENT_3D('',#9803,#9804,#9805);
#8162=CARTESIAN_POINT('',(4.575,-0.3,3.55));
#8163=CARTESIAN_POINT('',(4.975,-0.3,3.95));
#8164=VECTOR('',#9806,1.0);
#8165=AXIS2_PLACEMENT_3D('',#9807,#9808,#9809);
#8166=CARTESIAN_POINT('',(2.375,-0.3,3.55));
#8167=CARTESIAN_POINT('',(1.975,-0.3,3.95));
#8168=VECTOR('',#9810,1.0);
#8169=AXIS2_PLACEMENT_3D('',#9811,#9812,#9813);
#8170=CARTESIAN_POINT('',(1.075,-0.3,3.55));
#8171=CARTESIAN_POINT('',(1.475,-0.3,3.95));
#8172=VECTOR('',#9814,1.0);
#8173=AXIS2_PLACEMENT_3D('',#9815,#9816,#9817);
#8174=CARTESIAN_POINT('',(-1.125,-0.3,3.55));
#8175=CARTESIAN_POINT('',(-1.525,-0.3,3.95));
#8176=VECTOR('',#9818,1.0);
#8177=AXIS2_PLACEMENT_3D('',#9819,#9820,#9821);
#8178=CARTESIAN_POINT('',(-2.425,-0.3,3.55));
#8179=CARTESIAN_POINT('',(-2.025,-0.3,3.95));
#8180=VECTOR('',#9822,1.0);
#8181=AXIS2_PLACEMENT_3D('',#9823,#9824,#9825);
#8182=CARTESIAN_POINT('',(-4.625,-0.3,3.55));
#8183=CARTESIAN_POINT('',(-5.025,-0.3,3.95));
#8184=VECTOR('',#9826,1.0);
#8185=AXIS2_PLACEMENT_3D('',#9827,#9828,#9829);
#8186=CARTESIAN_POINT('',(4.875,2.55,-2.95));
#8187=CARTESIAN_POINT('',(4.875,3.2,-2.95));
#8188=CARTESIAN_POINT('',(4.875,2.55,-2.95));
#8189=VECTOR('',#9830,1000.0);
#8190=CARTESIAN_POINT('',(4.875,3.2,0.15));
#8191=CARTESIAN_POINT('',(4.875,3.2,0.15));
#8192=VECTOR('',#9831,1000.0);
#8193=CARTESIAN_POINT('',(4.875,2.55,0.15));
#8194=CARTESIAN_POINT('',(4.875,2.55,0.15));
#8195=VECTOR('',#9832,1000.0);
#8196=CARTESIAN_POINT('',(4.875,2.55,0.15));
#8197=VECTOR('',#9833,1000.0);
#8198=CARTESIAN_POINT('',(5.275,3.125,-2.95));
#8199=CARTESIAN_POINT('',(4.875,3.2,-2.95));
#8200=VECTOR('',#9834,1000.0);
#8201=CARTESIAN_POINT('',(5.275,3.125,0.15));
#8202=CARTESIAN_POINT('',(5.275,3.125,0.15));
#8203=VECTOR('',#9835,1000.0);
#8204=CARTESIAN_POINT('',(4.875,3.2,0.15));
#8205=VECTOR('',#9836,1000.0);
#8206=CARTESIAN_POINT('',(5.275,2.625,-2.95));
#8207=CARTESIAN_POINT('',(5.275,2.625,-2.95));
#8208=VECTOR('',#9837,1000.0);
#8209=CARTESIAN_POINT('',(5.275,2.625,0.15));
#8210=CARTESIAN_POINT('',(5.275,2.625,0.15));
#8211=VECTOR('',#9838,1000.0);
#8212=CARTESIAN_POINT('',(5.275,2.625,0.15));
#8213=VECTOR('',#9839,1000.0);
#8214=CARTESIAN_POINT('',(-5.275,-2.625,0.15));
#8215=CARTESIAN_POINT('',(-5.275,-3.125,0.15));
#8216=CARTESIAN_POINT('',(-5.275,-2.625,0.15));
#8217=VECTOR('',#9840,1000.0);
#8218=CARTESIAN_POINT('',(-5.275,-3.125,-2.95));
#8219=CARTESIAN_POINT('',(-5.275,-3.125,0.15));
#8220=VECTOR('',#9841,1000.0);
#8221=CARTESIAN_POINT('',(-5.275,-3.7,-2.95));
#8222=CARTESIAN_POINT('',(-5.275,-3.7,-2.95));
#8223=VECTOR('',#9842,1000.0);
#8224=CARTESIAN_POINT('',(-5.275,-3.7,2.05));
#8225=CARTESIAN_POINT('',(-5.275,-3.7,2.05));
#8226=VECTOR('',#9843,1000.0);
#8227=CARTESIAN_POINT('',(-5.275,-3.1,2.05));
#8228=CARTESIAN_POINT('',(-5.275,-3.1,2.05));
#8229=VECTOR('',#9844,1000.0);
#8230=CARTESIAN_POINT('',(-5.275,-2.4,5.55));
#8231=CARTESIAN_POINT('',(-5.275,-2.4,5.55));
#8232=VECTOR('',#9845,1000.0);
#8233=CARTESIAN_POINT('',(-5.275,1.8,5.55));
#8234=CARTESIAN_POINT('',(-5.275,1.8,5.55));
#8235=VECTOR('',#9846,1000.0);
#8236=CARTESIAN_POINT('',(-5.275,2.8,2.95));
#8237=CARTESIAN_POINT('',(-5.275,2.8,2.95));
#8238=VECTOR('',#9847,1000.0);
#8239=CARTESIAN_POINT('',(-5.275,3.7,2.95));
#8240=CARTESIAN_POINT('',(-5.275,3.7,2.95));
#8241=VECTOR('',#9848,1000.0);
#8242=CARTESIAN_POINT('',(-5.275,3.7,-2.95));
#8243=CARTESIAN_POINT('',(-5.275,3.7,-2.95));
#8244=VECTOR('',#9849,1000.0);
#8245=CARTESIAN_POINT('',(-5.275,3.125,-2.95));
#8246=CARTESIAN_POINT('',(-5.275,-3.7,-2.95));
#8247=VECTOR('',#9850,1000.0);
#8248=CARTESIAN_POINT('',(-5.275,3.125,0.15));
#8249=CARTESIAN_POINT('',(-5.275,3.125,0.15));
#8250=VECTOR('',#9851,1000.0);
#8251=CARTESIAN_POINT('',(-5.275,2.625,0.15));
#8252=CARTESIAN_POINT('',(-5.275,3.125,0.15));
#8253=VECTOR('',#9852,1000.0);
#8254=CARTESIAN_POINT('',(-5.275,2.625,-2.95));
#8255=CARTESIAN_POINT('',(-5.275,2.625,0.15));
#8256=VECTOR('',#9853,1000.0);
#8257=CARTESIAN_POINT('',(-5.275,-2.625,-2.95));
#8258=CARTESIAN_POINT('',(-5.275,-3.7,-2.95));
#8259=VECTOR('',#9854,1000.0);
#8260=CARTESIAN_POINT('',(-5.275,-2.625,0.15));
#8261=VECTOR('',#9855,1000.0);
#8262=CARTESIAN_POINT('',(4.8,-2.4,3.55));
#8263=CARTESIAN_POINT('',(4.8,1.6,3.55));
#8264=CARTESIAN_POINT('',(4.8,-2.4,3.55));
#8265=VECTOR('',#9856,1000.0);
#8266=CARTESIAN_POINT('',(2.15,-2.4,3.55));
#8267=CARTESIAN_POINT('',(2.15,-2.4,3.55));
#8268=VECTOR('',#9857,1000.0);
#8269=CARTESIAN_POINT('',(2.15,1.6,3.55));
#8270=CARTESIAN_POINT('',(2.15,1.6,3.55));
#8271=VECTOR('',#9858,1000.0);
#8272=CARTESIAN_POINT('',(4.8,1.6,3.55));
#8273=VECTOR('',#9859,1000.0);
#8274=AXIS2_PLACEMENT_3D('',#9860,#9861,#9862);
#8275=CARTESIAN_POINT('',(5.275,-3.1,2.05));
#8276=CARTESIAN_POINT('',(5.275,-3.1,2.05));
#8277=VECTOR('',#9863,1000.0);
#8278=CARTESIAN_POINT('',(5.275,-2.4,5.55));
#8279=CARTESIAN_POINT('',(5.275,-2.4,5.55));
#8280=VECTOR('',#9864,1000.0);
#8281=CARTESIAN_POINT('',(5.275,-2.4,5.55));
#8282=VECTOR('',#9865,1000.0);
#8283=CARTESIAN_POINT('',(5.275,1.8,5.55));
#8284=CARTESIAN_POINT('',(5.275,1.8,5.55));
#8285=VECTOR('',#9866,1000.0);
#8286=CARTESIAN_POINT('',(5.275,1.8,5.55));
#8287=VECTOR('',#9867,1000.0);
#8288=AXIS2_PLACEMENT_3D('',#9868,#9869,#9870);
#8289=AXIS2_PLACEMENT_3D('',#9871,#9872,#9873);
#8290=AXIS2_PLACEMENT_3D('',#9874,#9875,#9876);
#8291=CARTESIAN_POINT('',(5.275,2.8,2.95));
#8292=CARTESIAN_POINT('',(5.275,2.8,2.95));
#8293=VECTOR('',#9877,1000.0);
#8294=CARTESIAN_POINT('',(4.66961524227066,2.8,2.95));
#8295=CARTESIAN_POINT('',(5.275,2.8,2.95));
#8296=VECTOR('',#9878,1000.0);
#8297=CARTESIAN_POINT('',(2.28038475772934,2.8,2.95));
#8298=CARTESIAN_POINT('',(2.28038475772934,2.8,2.95));
#8299=VECTOR('',#9879,1000.0);
#8300=CARTESIAN_POINT('',(1.16961524227066,2.8,2.95));
#8301=CARTESIAN_POINT('',(5.275,2.8,2.95));
#8302=VECTOR('',#9880,1000.0);
#8303=CARTESIAN_POINT('',(-1.21961524227066,2.8,2.95));
#8304=CARTESIAN_POINT('',(-1.21961524227066,2.8,2.95));
#8305=VECTOR('',#9881,1000.0);
#8306=CARTESIAN_POINT('',(-2.33038475772934,2.8,2.95));
#8307=CARTESIAN_POINT('',(5.275,2.8,2.95));
#8308=VECTOR('',#9882,1000.0);
#8309=CARTESIAN_POINT('',(-4.71961524227066,2.8,2.95));
#8310=CARTESIAN_POINT('',(-4.71961524227066,2.8,2.95));
#8311=VECTOR('',#9883,1000.0);
#8312=CARTESIAN_POINT('',(5.275,2.8,2.95));
#8313=VECTOR('',#9884,1000.0);
#8314=CARTESIAN_POINT('',(5.275,3.7,2.95));
#8315=CARTESIAN_POINT('',(4.15,3.7,2.95));
#8316=CARTESIAN_POINT('',(5.275,3.7,2.95));
#8317=VECTOR('',#9885,1000.0);
#8318=CARTESIAN_POINT('',(4.66961524227066,2.8,2.95));
#8319=VECTOR('',#9886,1000.0);
#8320=CARTESIAN_POINT('',(5.275,3.7,2.95));
#8321=VECTOR('',#9887,1000.0);
#8322=CARTESIAN_POINT('',(2.8,3.7,2.95));
#8323=CARTESIAN_POINT('',(0.65,3.7,2.95));
#8324=CARTESIAN_POINT('',(5.275,3.7,2.95));
#8325=VECTOR('',#9888,1000.0);
#8326=CARTESIAN_POINT('',(2.8,3.7,-1.5));
#8327=CARTESIAN_POINT('',(2.8,3.7,-1.5));
#8328=VECTOR('',#9889,1000.0);
#8329=CARTESIAN_POINT('',(4.15,3.7,-1.5));
#8330=CARTESIAN_POINT('',(4.15,3.7,-1.5));
#8331=VECTOR('',#9890,1000.0);
#8332=CARTESIAN_POINT('',(4.15,3.7,-1.5));
#8333=VECTOR('',#9891,1000.0);
#8334=CARTESIAN_POINT('',(5.275,3.7,-2.95));
#8335=CARTESIAN_POINT('',(5.275,3.7,-2.95));
#8336=VECTOR('',#9892,1000.0);
#8337=CARTESIAN_POINT('',(5.275,3.7,-2.95));
#8338=VECTOR('',#9893,1000.0);
#8339=CARTESIAN_POINT('',(-4.2,3.7,2.95));
#8340=CARTESIAN_POINT('',(5.275,3.7,2.95));
#8341=VECTOR('',#9894,1000.0);
#8342=CARTESIAN_POINT('',(-4.2,3.7,-1.5));
#8343=CARTESIAN_POINT('',(-4.2,3.7,-1.5));
#8344=VECTOR('',#9895,1000.0);
#8345=CARTESIAN_POINT('',(-2.85,3.7,-1.5));
#8346=CARTESIAN_POINT('',(-2.85,3.7,-1.5));
#8347=VECTOR('',#9896,1000.0);
#8348=CARTESIAN_POINT('',(-2.85,3.7,2.95));
#8349=CARTESIAN_POINT('',(-2.85,3.7,-1.5));
#8350=VECTOR('',#9897,1000.0);
#8351=CARTESIAN_POINT('',(-0.7,3.7,2.95));
#8352=CARTESIAN_POINT('',(5.275,3.7,2.95));
#8353=VECTOR('',#9898,1000.0);
#8354=CARTESIAN_POINT('',(-0.7,3.7,-1.5));
#8355=CARTESIAN_POINT('',(-0.7,3.7,-1.5));
#8356=VECTOR('',#9899,1000.0);
#8357=CARTESIAN_POINT('',(0.65,3.7,-1.5));
#8358=CARTESIAN_POINT('',(0.65,3.7,-1.5));
#8359=VECTOR('',#9900,1000.0);
#8360=CARTESIAN_POINT('',(0.65,3.7,-1.5));
#8361=VECTOR('',#9901,1000.0);
#8362=CARTESIAN_POINT('',(5.275,-2.625,-2.95));
#8363=CARTESIAN_POINT('',(5.275,-3.7,-2.95));
#8364=VECTOR('',#9902,1000.0);
#8365=CARTESIAN_POINT('',(4.875,-2.55,-2.95));
#8366=CARTESIAN_POINT('',(4.875,-2.55,-2.95));
#8367=VECTOR('',#9903,1000.0);
#8368=CARTESIAN_POINT('',(4.875,-3.2,-2.95));
#8369=CARTESIAN_POINT('',(4.875,-3.2,-2.95));
#8370=VECTOR('',#9904,1000.0);
#8371=CARTESIAN_POINT('',(5.275,-3.125,-2.95));
#8372=CARTESIAN_POINT('',(5.275,-3.125,-2.95));
#8373=VECTOR('',#9905,1000.0);
#8374=CARTESIAN_POINT('',(5.275,-3.7,-2.95));
#8375=CARTESIAN_POINT('',(5.275,-3.7,-2.95));
#8376=VECTOR('',#9906,1000.0);
#8377=CARTESIAN_POINT('',(4.8,-3.7,-2.95));
#8378=CARTESIAN_POINT('',(5.275,-3.7,-2.95));
#8379=VECTOR('',#9907,1000.0);
#8380=CARTESIAN_POINT('',(4.8,1.6,-2.95));
#8381=CARTESIAN_POINT('',(4.8,-2.4,-2.95));
#8382=VECTOR('',#9908,1000.0);
#8383=CARTESIAN_POINT('',(4.375,1.6,-2.95));
#8384=CARTESIAN_POINT('',(4.8,1.6,-2.95));
#8385=VECTOR('',#9909,1000.0);
#8386=CARTESIAN_POINT('',(4.375,1.9,-2.95));
#8387=CARTESIAN_POINT('',(4.375,1.9,-2.95));
#8388=VECTOR('',#9910,1000.0);
#8389=CARTESIAN_POINT('',(4.66961524227066,1.9,-2.95));
#8390=CARTESIAN_POINT('',(4.66961524227066,1.9,-2.95));
#8391=VECTOR('',#9911,1000.0);
#8392=CARTESIAN_POINT('',(4.66961524227066,2.8,-2.95));
#8393=CARTESIAN_POINT('',(4.66961524227066,2.8,-2.95));
#8394=VECTOR('',#9912,1000.0);
#8395=CARTESIAN_POINT('',(2.28038475772934,2.8,-2.95));
#8396=CARTESIAN_POINT('',(2.28038475772934,2.8,-2.95));
#8397=VECTOR('',#9913,1000.0);
#8398=CARTESIAN_POINT('',(2.28038475772934,1.9,-2.95));
#8399=CARTESIAN_POINT('',(2.28038475772934,1.9,-2.95));
#8400=VECTOR('',#9914,1000.0);
#8401=CARTESIAN_POINT('',(2.575,1.9,-2.95));
#8402=CARTESIAN_POINT('',(4.66961524227066,1.9,-2.95));
#8403=VECTOR('',#9915,1000.0);
#8404=CARTESIAN_POINT('',(2.575,1.6,-2.95));
#8405=CARTESIAN_POINT('',(2.575,1.6,-2.95));
#8406=VECTOR('',#9916,1000.0);
#8407=CARTESIAN_POINT('',(2.15,1.6,-2.95));
#8408=CARTESIAN_POINT('',(4.8,1.6,-2.95));
#8409=VECTOR('',#9917,1000.0);
#8410=CARTESIAN_POINT('',(2.15,-3.7,-2.95));
#8411=CARTESIAN_POINT('',(2.15,1.6,-2.95));
#8412=VECTOR('',#9918,1000.0);
#8413=CARTESIAN_POINT('',(1.3,-3.7,-2.95));
#8414=CARTESIAN_POINT('',(5.275,-3.7,-2.95));
#8415=VECTOR('',#9919,1000.0);
#8416=CARTESIAN_POINT('',(1.3,1.6,-2.95));
#8417=CARTESIAN_POINT('',(1.3,-2.4,-2.95));
#8418=VECTOR('',#9920,1000.0);
#8419=CARTESIAN_POINT('',(0.875,1.6,-2.95));
#8420=CARTESIAN_POINT('',(1.3,1.6,-2.95));
#8421=VECTOR('',#9921,1000.0);
#8422=CARTESIAN_POINT('',(0.875,1.9,-2.95));
#8423=CARTESIAN_POINT('',(0.875,1.9,-2.95));
#8424=VECTOR('',#9922,1000.0);
#8425=CARTESIAN_POINT('',(1.16961524227066,1.9,-2.95));
#8426=CARTESIAN_POINT('',(1.16961524227066,1.9,-2.95));
#8427=VECTOR('',#9923,1000.0);
#8428=CARTESIAN_POINT('',(1.16961524227066,2.8,-2.95));
#8429=CARTESIAN_POINT('',(1.16961524227066,2.8,-2.95));
#8430=VECTOR('',#9924,1000.0);
#8431=CARTESIAN_POINT('',(-1.21961524227066,2.8,-2.95));
#8432=CARTESIAN_POINT('',(-1.21961524227066,2.8,-2.95));
#8433=VECTOR('',#9925,1000.0);
#8434=CARTESIAN_POINT('',(-1.21961524227066,1.9,-2.95));
#8435=CARTESIAN_POINT('',(-1.21961524227066,1.9,-2.95));
#8436=VECTOR('',#9926,1000.0);
#8437=CARTESIAN_POINT('',(-0.925,1.9,-2.95));
#8438=CARTESIAN_POINT('',(1.16961524227066,1.9,-2.95));
#8439=VECTOR('',#9927,1000.0);
#8440=CARTESIAN_POINT('',(-0.925,1.6,-2.95));
#8441=CARTESIAN_POINT('',(-0.925,1.6,-2.95));
#8442=VECTOR('',#9928,1000.0);
#8443=CARTESIAN_POINT('',(-1.35,1.6,-2.95));
#8444=CARTESIAN_POINT('',(1.3,1.6,-2.95));
#8445=VECTOR('',#9929,1000.0);
#8446=CARTESIAN_POINT('',(-1.35,-3.7,-2.95));
#8447=CARTESIAN_POINT('',(-1.35,1.6,-2.95));
#8448=VECTOR('',#9930,1000.0);
#8449=CARTESIAN_POINT('',(-2.2,-3.7,-2.95));
#8450=CARTESIAN_POINT('',(5.275,-3.7,-2.95));
#8451=VECTOR('',#9931,1000.0);
#8452=CARTESIAN_POINT('',(-2.2,1.6,-2.95));
#8453=CARTESIAN_POINT('',(-2.2,-2.4,-2.95));
#8454=VECTOR('',#9932,1000.0);
#8455=CARTESIAN_POINT('',(-2.625,1.6,-2.95));
#8456=CARTESIAN_POINT('',(-2.2,1.6,-2.95));
#8457=VECTOR('',#9933,1000.0);
#8458=CARTESIAN_POINT('',(-2.625,1.9,-2.95));
#8459=CARTESIAN_POINT('',(-2.625,1.9,-2.95));
#8460=VECTOR('',#9934,1000.0);
#8461=CARTESIAN_POINT('',(-2.33038475772934,1.9,-2.95));
#8462=CARTESIAN_POINT('',(-2.33038475772934,1.9,-2.95));
#8463=VECTOR('',#9935,1000.0);
#8464=CARTESIAN_POINT('',(-2.33038475772934,2.8,-2.95));
#8465=CARTESIAN_POINT('',(-2.33038475772934,2.8,-2.95));
#8466=VECTOR('',#9936,1000.0);
#8467=CARTESIAN_POINT('',(-4.71961524227066,2.8,-2.95));
#8468=CARTESIAN_POINT('',(-4.71961524227066,2.8,-2.95));
#8469=VECTOR('',#9937,1000.0);
#8470=CARTESIAN_POINT('',(-4.71961524227066,1.9,-2.95));
#8471=CARTESIAN_POINT('',(-4.71961524227066,1.9,-2.95));
#8472=VECTOR('',#9938,1000.0);
#8473=CARTESIAN_POINT('',(-4.425,1.9,-2.95));
#8474=CARTESIAN_POINT('',(-2.33038475772934,1.9,-2.95));
#8475=VECTOR('',#9939,1000.0);
#8476=CARTESIAN_POINT('',(-4.425,1.6,-2.95));
#8477=CARTESIAN_POINT('',(-4.425,1.6,-2.95));
#8478=VECTOR('',#9940,1000.0);
#8479=CARTESIAN_POINT('',(-4.85,1.6,-2.95));
#8480=CARTESIAN_POINT('',(-2.2,1.6,-2.95));
#8481=VECTOR('',#9941,1000.0);
#8482=CARTESIAN_POINT('',(-4.85,-3.7,-2.95));
#8483=CARTESIAN_POINT('',(-4.85,1.6,-2.95));
#8484=VECTOR('',#9942,1000.0);
#8485=CARTESIAN_POINT('',(5.275,-3.7,-2.95));
#8486=VECTOR('',#9943,1000.0);
#8487=CARTESIAN_POINT('',(-5.675,-3.2,-2.95));
#8488=CARTESIAN_POINT('',(-5.275,-3.125,-2.95));
#8489=VECTOR('',#9944,1000.0);
#8490=CARTESIAN_POINT('',(-5.675,-2.55,-2.95));
#8491=CARTESIAN_POINT('',(-5.675,-3.2,-2.95));
#8492=VECTOR('',#9945,1000.0);
#8493=CARTESIAN_POINT('',(-5.675,-2.55,-2.95));
#8494=VECTOR('',#9946,1000.0);
#8495=CARTESIAN_POINT('',(-5.675,2.55,-2.95));
#8496=CARTESIAN_POINT('',(-5.275,2.625,-2.95));
#8497=VECTOR('',#9947,1000.0);
#8498=CARTESIAN_POINT('',(-5.675,3.2,-2.95));
#8499=CARTESIAN_POINT('',(-5.675,2.55,-2.95));
#8500=VECTOR('',#9948,1000.0);
#8501=CARTESIAN_POINT('',(-5.675,3.2,-2.95));
#8502=VECTOR('',#9949,1000.0);
#8503=CARTESIAN_POINT('',(5.275,-3.7,-2.95));
#8504=VECTOR('',#9950,1000.0);
#8505=CARTESIAN_POINT('',(5.275,-3.7,-2.95));
#8506=VECTOR('',#9951,1000.0);
#8507=CARTESIAN_POINT('',(5.275,-3.7,-2.95));
#8508=VECTOR('',#9952,1000.0);
#8509=CARTESIAN_POINT('',(5.275,-3.7,-2.95));
#8510=VECTOR('',#9953,1000.0);
#8511=CARTESIAN_POINT('',(5.275,-3.7,2.05));
#8512=CARTESIAN_POINT('',(5.275,-3.7,2.05));
#8513=VECTOR('',#9954,1000.0);
#8514=CARTESIAN_POINT('',(5.275,-3.7,2.05));
#8515=VECTOR('',#9955,1000.0);
#8516=CARTESIAN_POINT('',(-1.2,-3.7,1.25));
#8517=CARTESIAN_POINT('',(1.15,-3.7,1.25));
#8518=CARTESIAN_POINT('',(1.15,-3.7,1.25));
#8519=VECTOR('',#9956,1000.0);
#8520=CARTESIAN_POINT('',(1.15,-3.7,-2.65));
#8521=CARTESIAN_POINT('',(1.15,-3.7,-1.5));
#8522=VECTOR('',#9957,1000.0);
#8523=CARTESIAN_POINT('',(-1.2,-3.7,-2.65));
#8524=CARTESIAN_POINT('',(-1.2,-3.7,-2.65));
#8525=VECTOR('',#9958,1000.0);
#8526=CARTESIAN_POINT('',(-1.2,-3.7,0.1));
#8527=VECTOR('',#9959,1000.0);
#8528=CARTESIAN_POINT('',(-4.7,-3.7,1.25));
#8529=CARTESIAN_POINT('',(-2.35,-3.7,1.25));
#8530=CARTESIAN_POINT('',(-2.35,-3.7,1.25));
#8531=VECTOR('',#9960,1000.0);
#8532=CARTESIAN_POINT('',(-2.35,-3.7,-2.65));
#8533=CARTESIAN_POINT('',(-2.35,-3.7,-1.5));
#8534=VECTOR('',#9961,1000.0);
#8535=CARTESIAN_POINT('',(-4.7,-3.7,-2.65));
#8536=CARTESIAN_POINT('',(-4.7,-3.7,-2.65));
#8537=VECTOR('',#9962,1000.0);
#8538=CARTESIAN_POINT('',(-4.7,-3.7,0.1));
#8539=VECTOR('',#9963,1000.0);
#8540=CARTESIAN_POINT('',(2.3,-3.7,1.25));
#8541=CARTESIAN_POINT('',(4.65,-3.7,1.25));
#8542=CARTESIAN_POINT('',(4.65,-3.7,1.25));
#8543=VECTOR('',#9964,1000.0);
#8544=CARTESIAN_POINT('',(4.65,-3.7,-2.65));
#8545=CARTESIAN_POINT('',(4.65,-3.7,-1.5));
#8546=VECTOR('',#9965,1000.0);
#8547=CARTESIAN_POINT('',(2.3,-3.7,-2.65));
#8548=CARTESIAN_POINT('',(2.3,-3.7,-2.65));
#8549=VECTOR('',#9966,1000.0);
#8550=CARTESIAN_POINT('',(2.3,-3.7,0.1));
#8551=VECTOR('',#9967,1000.0);
#8552=CARTESIAN_POINT('',(5.275,-3.1,2.05));
#8553=VECTOR('',#9968,1000.0);
#8554=CARTESIAN_POINT('',(-2.85,-2.4,0.1));
#8555=CARTESIAN_POINT('',(-1.76570881226054,-5.21915708812261,2.59386973180077));
#8556=VECTOR('',#9969,1000.0);
#8557=CARTESIAN_POINT('',(-2.85,-2.4,-1.5));
#8558=CARTESIAN_POINT('',(-2.85,-2.4,3.55));
#8559=VECTOR('',#9970,1000.0);
#8560=CARTESIAN_POINT('',(-1.76570881226054,-5.21915708812261,-3.99386973180077));
#8561=VECTOR('',#9971,1000.0);
#8562=CARTESIAN_POINT('',(-4.2,-2.4,-1.5));
#8563=CARTESIAN_POINT('',(-3.93563218390804,-1.71264367816091,-0.891954022988501));
#8564=VECTOR('',#9972,1000.0);
#8565=CARTESIAN_POINT('',(-4.2,-2.4,0.1));
#8566=CARTESIAN_POINT('',(-4.2,-2.4,3.55));
#8567=VECTOR('',#9973,1000.0);
#8568=CARTESIAN_POINT('',(-3.93563218390804,-1.71264367816091,-0.508045977011498));
#8569=VECTOR('',#9974,1000.0);
#8570=CARTESIAN_POINT('',(-4.85,-2.4,0.1));
#8571=VECTOR('',#9975,1000.0);
#8572=CARTESIAN_POINT('',(-4.85,-2.4,-1.5));
#8573=VECTOR('',#9976,1000.0);
#8574=AXIS2_PLACEMENT_3D('',#9977,#9978,#9979);
#8575=CARTESIAN_POINT('',(-4.85,-2.4,-1.95));
#8576=CARTESIAN_POINT('',(-4.85,-3.7,-2.95));
#8577=VECTOR('',#9980,1000.0);
#8578=CARTESIAN_POINT('',(-2.2,-2.4,-1.95));
#8579=CARTESIAN_POINT('',(-4.85,-2.4,-1.95));
#8580=VECTOR('',#9981,1000.0);
#8581=CARTESIAN_POINT('',(-2.2,-3.7,-2.95));
#8582=VECTOR('',#9982,1000.0);
#8583=CARTESIAN_POINT('',(0.65,-2.4,0.1));
#8584=CARTESIAN_POINT('',(1.46609195402299,-4.52183908045977,1.97701149425288));
#8585=VECTOR('',#9983,1000.0);
#8586=CARTESIAN_POINT('',(0.65,-2.4,-1.5));
#8587=CARTESIAN_POINT('',(0.65,-2.4,3.55));
#8588=VECTOR('',#9984,1000.0);
#8589=CARTESIAN_POINT('',(1.46609195402299,-4.52183908045977,-3.37701149425287));
#8590=VECTOR('',#9985,1000.0);
#8591=CARTESIAN_POINT('',(-0.7,-2.4,-1.5));
#8592=CARTESIAN_POINT('',(-0.703831417624519,-2.40996168582376,-1.5088122605364));
#8593=VECTOR('',#9986,1000.0);
#8594=CARTESIAN_POINT('',(-0.7,-2.4,0.1));
#8595=CARTESIAN_POINT('',(-0.7,-2.4,3.55));
#8596=VECTOR('',#9987,1000.0);
#8597=CARTESIAN_POINT('',(-0.703831417624519,-2.40996168582376,0.108812260536397));
#8598=VECTOR('',#9988,1000.0);
#8599=CARTESIAN_POINT('',(-1.35,-2.4,0.1));
#8600=VECTOR('',#9989,1000.0);
#8601=CARTESIAN_POINT('',(-1.35,-2.4,-1.5));
#8602=VECTOR('',#9990,1000.0);
#8603=AXIS2_PLACEMENT_3D('',#9991,#9992,#9993);
#8604=CARTESIAN_POINT('',(-1.35,-2.4,-1.95));
#8605=CARTESIAN_POINT('',(-1.35,-3.7,-2.95));
#8606=VECTOR('',#9994,1000.0);
#8607=CARTESIAN_POINT('',(1.3,-2.4,-1.95));
#8608=CARTESIAN_POINT('',(-1.35,-2.4,-1.95));
#8609=VECTOR('',#9995,1000.0);
#8610=CARTESIAN_POINT('',(1.3,-3.7,-2.95));
#8611=VECTOR('',#9996,1000.0);
#8612=CARTESIAN_POINT('',(4.15,-2.4,0.1));
#8613=CARTESIAN_POINT('',(4.69789272030651,-3.82452107279694,1.36015325670498));
#8614=VECTOR('',#9997,1000.0);
#8615=CARTESIAN_POINT('',(4.15,-2.4,-1.5));
#8616=CARTESIAN_POINT('',(4.15,-2.4,3.55));
#8617=VECTOR('',#9998,1000.0);
#8618=CARTESIAN_POINT('',(4.69789272030651,-3.82452107279694,-2.76015325670498));
#8619=VECTOR('',#9999,1000.0);
#8620=CARTESIAN_POINT('',(2.8,-2.4,-1.5));
#8621=CARTESIAN_POINT('',(2.527969348659,-3.10727969348659,-2.12567049808429));
#8622=VECTOR('',#10000,1000.0);
#8623=CARTESIAN_POINT('',(2.8,-2.4,0.1));
#8624=CARTESIAN_POINT('',(2.8,-2.4,3.55));
#8625=VECTOR('',#10001,1000.0);
#8626=CARTESIAN_POINT('',(2.527969348659,-3.10727969348659,0.72567049808429));
#8627=VECTOR('',#10002,1000.0);
#8628=CARTESIAN_POINT('',(2.15,-2.4,0.1));
#8629=VECTOR('',#10003,1000.0);
#8630=CARTESIAN_POINT('',(2.15,-2.4,-1.5));
#8631=VECTOR('',#10004,1000.0);
#8632=CARTESIAN_POINT('',(2.15,-2.4,-1.95));
#8633=CARTESIAN_POINT('',(2.15,-3.7,-2.95));
#8634=VECTOR('',#10005,1000.0);
#8635=CARTESIAN_POINT('',(4.8,-2.4,-1.95));
#8636=CARTESIAN_POINT('',(2.15,-2.4,-1.95));
#8637=VECTOR('',#10006,1000.0);
#8638=CARTESIAN_POINT('',(4.8,-3.7,-2.95));
#8639=VECTOR('',#10007,1000.0);
#8640=CARTESIAN_POINT('',(4.66961524227066,1.9,1.95));
#8641=CARTESIAN_POINT('',(2.28038475772934,1.9,1.95));
#8642=CARTESIAN_POINT('',(4.66961524227066,1.9,1.95));
#8643=VECTOR('',#10008,1000.0);
#8644=CARTESIAN_POINT('',(2.28038475772934,2.8,1.95));
#8645=CARTESIAN_POINT('',(2.28038475772934,1.9,1.95));
#8646=VECTOR('',#10009,1000.0);
#8647=CARTESIAN_POINT('',(4.66961524227066,2.8,1.95));
#8648=CARTESIAN_POINT('',(2.28038475772934,2.8,1.95));
#8649=VECTOR('',#10010,1000.0);
#8650=CARTESIAN_POINT('',(4.66961524227066,2.8,1.95));
#8651=VECTOR('',#10011,1000.0);
#8652=CARTESIAN_POINT('',(4.66961524227066,1.9,1.95));
#8653=VECTOR('',#10012,1000.0);
#8654=CARTESIAN_POINT('',(4.66961524227066,2.8,-1.5));
#8655=CARTESIAN_POINT('',(4.66961524227066,2.8,-1.5));
#8656=VECTOR('',#10013,1000.0);
#8657=CARTESIAN_POINT('',(4.66961524227066,2.8,1.95));
#8658=VECTOR('',#10014,1000.0);
#8659=CARTESIAN_POINT('',(2.28038475772934,2.8,-1.5));
#8660=CARTESIAN_POINT('',(2.28038475772934,2.8,-1.5));
#8661=VECTOR('',#10015,1000.0);
#8662=CARTESIAN_POINT('',(2.28038475772934,2.8,1.95));
#8663=VECTOR('',#10016,1000.0);
#8664=CARTESIAN_POINT('',(2.28038475772934,2.8,-1.5));
#8665=VECTOR('',#10017,1000.0);
#8666=CARTESIAN_POINT('',(2.28038475772934,1.9,1.95));
#8667=VECTOR('',#10018,1000.0);
#8668=CARTESIAN_POINT('',(4.375,1.9,0.45));
#8669=CARTESIAN_POINT('',(4.375,1.9,0.45));
#8670=VECTOR('',#10019,1000.0);
#8671=CARTESIAN_POINT('',(2.575,1.9,0.45));
#8672=CARTESIAN_POINT('',(2.575,1.9,0.45));
#8673=VECTOR('',#10020,1000.0);
#8674=CARTESIAN_POINT('',(2.575,1.9,0.45));
#8675=VECTOR('',#10021,1000.0);
#8676=CARTESIAN_POINT('',(4.375,1.6,0.45));
#8677=CARTESIAN_POINT('',(2.575,1.6,0.45));
#8678=CARTESIAN_POINT('',(4.375,1.6,0.45));
#8679=VECTOR('',#10022,1000.0);
#8680=CARTESIAN_POINT('',(2.575,1.6,0.45));
#8681=VECTOR('',#10023,1000.0);
#8682=CARTESIAN_POINT('',(4.375,1.9,0.45));
#8683=VECTOR('',#10024,1000.0);
#8684=CARTESIAN_POINT('',(4.375,1.6,0.45));
#8685=VECTOR('',#10025,1000.0);
#8686=CARTESIAN_POINT('',(2.575,1.6,0.45));
#8687=VECTOR('',#10026,1000.0);
#8688=CARTESIAN_POINT('',(4.66961524227066,2.8,-1.5));
#8689=VECTOR('',#10027,1000.0);
#8690=CARTESIAN_POINT('',(2.8,3.7,-1.5));
#8691=VECTOR('',#10028,1000.0);
#8692=CARTESIAN_POINT('',(4.66961524227066,2.8,-1.5));
#8693=VECTOR('',#10029,1000.0);
#8694=CARTESIAN_POINT('',(2.28038475772934,2.8,-1.5));
#8695=VECTOR('',#10030,1000.0);
#8696=CARTESIAN_POINT('',(2.8,3.7,2.95));
#8697=VECTOR('',#10031,1000.0);
#8698=CARTESIAN_POINT('',(4.8,-2.4,3.55));
#8699=VECTOR('',#10032,1000.0);
#8700=CARTESIAN_POINT('',(2.15,-2.4,3.55));
#8701=VECTOR('',#10033,1000.0);
#8702=CARTESIAN_POINT('',(2.15,1.6,3.55));
#8703=VECTOR('',#10034,1000.0);
#8704=CARTESIAN_POINT('',(4.8,1.6,3.55));
#8705=VECTOR('',#10035,1000.0);
#8706=CARTESIAN_POINT('',(1.16961524227066,1.9,1.95));
#8707=CARTESIAN_POINT('',(-1.21961524227066,1.9,1.95));
#8708=CARTESIAN_POINT('',(1.16961524227066,1.9,1.95));
#8709=VECTOR('',#10036,1000.0);
#8710=CARTESIAN_POINT('',(-1.21961524227066,2.8,1.95));
#8711=CARTESIAN_POINT('',(-1.21961524227066,1.9,1.95));
#8712=VECTOR('',#10037,1000.0);
#8713=CARTESIAN_POINT('',(1.16961524227066,2.8,1.95));
#8714=CARTESIAN_POINT('',(-1.21961524227066,2.8,1.95));
#8715=VECTOR('',#10038,1000.0);
#8716=CARTESIAN_POINT('',(1.16961524227066,2.8,1.95));
#8717=VECTOR('',#10039,1000.0);
#8718=CARTESIAN_POINT('',(1.16961524227066,1.9,1.95));
#8719=VECTOR('',#10040,1000.0);
#8720=CARTESIAN_POINT('',(1.16961524227066,2.8,-1.5));
#8721=CARTESIAN_POINT('',(1.16961524227066,2.8,-1.5));
#8722=VECTOR('',#10041,1000.0);
#8723=CARTESIAN_POINT('',(1.16961524227066,2.8,1.95));
#8724=VECTOR('',#10042,1000.0);
#8725=CARTESIAN_POINT('',(-1.21961524227066,2.8,-1.5));
#8726=CARTESIAN_POINT('',(-1.21961524227066,2.8,-1.5));
#8727=VECTOR('',#10043,1000.0);
#8728=CARTESIAN_POINT('',(-1.21961524227066,2.8,1.95));
#8729=VECTOR('',#10044,1000.0);
#8730=CARTESIAN_POINT('',(-1.21961524227066,2.8,-1.5));
#8731=VECTOR('',#10045,1000.0);
#8732=CARTESIAN_POINT('',(-1.21961524227066,1.9,1.95));
#8733=VECTOR('',#10046,1000.0);
#8734=CARTESIAN_POINT('',(0.875,1.9,0.45));
#8735=CARTESIAN_POINT('',(0.875,1.9,0.45));
#8736=VECTOR('',#10047,1000.0);
#8737=CARTESIAN_POINT('',(-0.925,1.9,0.45));
#8738=CARTESIAN_POINT('',(-0.925,1.9,0.45));
#8739=VECTOR('',#10048,1000.0);
#8740=CARTESIAN_POINT('',(-0.925,1.9,0.45));
#8741=VECTOR('',#10049,1000.0);
#8742=CARTESIAN_POINT('',(0.875,1.6,0.45));
#8743=CARTESIAN_POINT('',(-0.925,1.6,0.45));
#8744=CARTESIAN_POINT('',(0.875,1.6,0.45));
#8745=VECTOR('',#10050,1000.0);
#8746=CARTESIAN_POINT('',(-0.925,1.6,0.45));
#8747=VECTOR('',#10051,1000.0);
#8748=CARTESIAN_POINT('',(0.875,1.9,0.45));
#8749=VECTOR('',#10052,1000.0);
#8750=CARTESIAN_POINT('',(0.875,1.6,0.45));
#8751=VECTOR('',#10053,1000.0);
#8752=CARTESIAN_POINT('',(-0.925,1.6,0.45));
#8753=VECTOR('',#10054,1000.0);
#8754=CARTESIAN_POINT('',(1.16961524227066,2.8,-1.5));
#8755=VECTOR('',#10055,1000.0);
#8756=CARTESIAN_POINT('',(-0.7,3.7,-1.5));
#8757=VECTOR('',#10056,1000.0);
#8758=CARTESIAN_POINT('',(1.16961524227066,2.8,2.95));
#8759=VECTOR('',#10057,1000.0);
#8760=CARTESIAN_POINT('',(1.16961524227066,2.8,-1.5));
#8761=VECTOR('',#10058,1000.0);
#8762=CARTESIAN_POINT('',(-1.21961524227066,2.8,-1.5));
#8763=VECTOR('',#10059,1000.0);
#8764=CARTESIAN_POINT('',(-0.7,3.7,2.95));
#8765=VECTOR('',#10060,1000.0);
#8766=CARTESIAN_POINT('',(1.3,-2.4,3.55));
#8767=CARTESIAN_POINT('',(1.3,1.6,3.55));
#8768=CARTESIAN_POINT('',(1.3,-2.4,3.55));
#8769=VECTOR('',#10061,1000.0);
#8770=CARTESIAN_POINT('',(-1.35,-2.4,3.55));
#8771=CARTESIAN_POINT('',(-1.35,-2.4,3.55));
#8772=VECTOR('',#10062,1000.0);
#8773=CARTESIAN_POINT('',(-1.35,1.6,3.55));
#8774=CARTESIAN_POINT('',(-1.35,1.6,3.55));
#8775=VECTOR('',#10063,1000.0);
#8776=CARTESIAN_POINT('',(1.3,1.6,3.55));
#8777=VECTOR('',#10064,1000.0);
#8778=CARTESIAN_POINT('',(1.3,-2.4,3.55));
#8779=VECTOR('',#10065,1000.0);
#8780=CARTESIAN_POINT('',(-1.35,-2.4,3.55));
#8781=VECTOR('',#10066,1000.0);
#8782=CARTESIAN_POINT('',(-1.35,1.6,3.55));
#8783=VECTOR('',#10067,1000.0);
#8784=CARTESIAN_POINT('',(1.3,1.6,3.55));
#8785=VECTOR('',#10068,1000.0);
#8786=CARTESIAN_POINT('',(-2.33038475772934,1.9,1.95));
#8787=CARTESIAN_POINT('',(-4.71961524227066,1.9,1.95));
#8788=CARTESIAN_POINT('',(-2.33038475772934,1.9,1.95));
#8789=VECTOR('',#10069,1000.0);
#8790=CARTESIAN_POINT('',(-4.71961524227066,2.8,1.95));
#8791=CARTESIAN_POINT('',(-4.71961524227066,1.9,1.95));
#8792=VECTOR('',#10070,1000.0);
#8793=CARTESIAN_POINT('',(-2.33038475772934,2.8,1.95));
#8794=CARTESIAN_POINT('',(-4.71961524227066,2.8,1.95));
#8795=VECTOR('',#10071,1000.0);
#8796=CARTESIAN_POINT('',(-2.33038475772934,2.8,1.95));
#8797=VECTOR('',#10072,1000.0);
#8798=CARTESIAN_POINT('',(-2.33038475772934,1.9,1.95));
#8799=VECTOR('',#10073,1000.0);
#8800=CARTESIAN_POINT('',(-2.33038475772934,2.8,-1.5));
#8801=CARTESIAN_POINT('',(-2.33038475772934,2.8,-1.5));
#8802=VECTOR('',#10074,1000.0);
#8803=CARTESIAN_POINT('',(-2.33038475772934,2.8,1.95));
#8804=VECTOR('',#10075,1000.0);
#8805=CARTESIAN_POINT('',(-4.71961524227066,2.8,-1.5));
#8806=CARTESIAN_POINT('',(-4.71961524227066,2.8,-1.5));
#8807=VECTOR('',#10076,1000.0);
#8808=CARTESIAN_POINT('',(-4.71961524227066,2.8,1.95));
#8809=VECTOR('',#10077,1000.0);
#8810=CARTESIAN_POINT('',(-4.71961524227066,2.8,-1.5));
#8811=VECTOR('',#10078,1000.0);
#8812=CARTESIAN_POINT('',(-4.71961524227066,1.9,1.95));
#8813=VECTOR('',#10079,1000.0);
#8814=CARTESIAN_POINT('',(-2.625,1.9,0.45));
#8815=CARTESIAN_POINT('',(-2.625,1.9,0.45));
#8816=VECTOR('',#10080,1000.0);
#8817=CARTESIAN_POINT('',(-4.425,1.9,0.45));
#8818=CARTESIAN_POINT('',(-4.425,1.9,0.45));
#8819=VECTOR('',#10081,1000.0);
#8820=CARTESIAN_POINT('',(-4.425,1.9,0.45));
#8821=VECTOR('',#10082,1000.0);
#8822=CARTESIAN_POINT('',(-2.625,1.6,0.45));
#8823=CARTESIAN_POINT('',(-4.425,1.6,0.45));
#8824=CARTESIAN_POINT('',(-2.625,1.6,0.45));
#8825=VECTOR('',#10083,1000.0);
#8826=CARTESIAN_POINT('',(-4.425,1.6,0.45));
#8827=VECTOR('',#10084,1000.0);
#8828=CARTESIAN_POINT('',(-2.625,1.9,0.45));
#8829=VECTOR('',#10085,1000.0);
#8830=CARTESIAN_POINT('',(-2.625,1.6,0.45));
#8831=VECTOR('',#10086,1000.0);
#8832=CARTESIAN_POINT('',(-4.425,1.6,0.45));
#8833=VECTOR('',#10087,1000.0);
#8834=CARTESIAN_POINT('',(-2.33038475772934,2.8,-1.5));
#8835=VECTOR('',#10088,1000.0);
#8836=CARTESIAN_POINT('',(-4.2,3.7,-1.5));
#8837=VECTOR('',#10089,1000.0);
#8838=CARTESIAN_POINT('',(-2.33038475772934,2.8,2.95));
#8839=VECTOR('',#10090,1000.0);
#8840=CARTESIAN_POINT('',(-2.33038475772934,2.8,-1.5));
#8841=VECTOR('',#10091,1000.0);
#8842=CARTESIAN_POINT('',(-4.71961524227066,2.8,-1.5));
#8843=VECTOR('',#10092,1000.0);
#8844=CARTESIAN_POINT('',(-4.2,3.7,2.95));
#8845=VECTOR('',#10093,1000.0);
#8846=CARTESIAN_POINT('',(-2.2,-2.4,3.55));
#8847=CARTESIAN_POINT('',(-2.2,1.6,3.55));
#8848=CARTESIAN_POINT('',(-2.2,-2.4,3.55));
#8849=VECTOR('',#10094,1000.0);
#8850=CARTESIAN_POINT('',(-4.85,-2.4,3.55));
#8851=CARTESIAN_POINT('',(-4.85,-2.4,3.55));
#8852=VECTOR('',#10095,1000.0);
#8853=CARTESIAN_POINT('',(-4.85,1.6,3.55));
#8854=CARTESIAN_POINT('',(-4.85,1.6,3.55));
#8855=VECTOR('',#10096,1000.0);
#8856=CARTESIAN_POINT('',(-2.2,1.6,3.55));
#8857=VECTOR('',#10097,1000.0);
#8858=CARTESIAN_POINT('',(-2.2,-2.4,3.55));
#8859=VECTOR('',#10098,1000.0);
#8860=CARTESIAN_POINT('',(-4.85,-2.4,3.55));
#8861=VECTOR('',#10099,1000.0);
#8862=CARTESIAN_POINT('',(-4.85,1.6,3.55));
#8863=VECTOR('',#10100,1000.0);
#8864=CARTESIAN_POINT('',(-2.2,1.6,3.55));
#8865=VECTOR('',#10101,1000.0);
#8866=CARTESIAN_POINT('',(5.275,3.125,0.15));
#8867=VECTOR('',#10102,1000.0);
#8868=CARTESIAN_POINT('',(5.275,-3.125,0.15));
#8869=CARTESIAN_POINT('',(5.275,-3.125,0.15));
#8870=VECTOR('',#10103,1000.0);
#8871=CARTESIAN_POINT('',(5.275,-2.625,0.15));
#8872=CARTESIAN_POINT('',(5.275,-2.625,0.15));
#8873=VECTOR('',#10104,1000.0);
#8874=CARTESIAN_POINT('',(5.275,-2.625,0.15));
#8875=VECTOR('',#10105,1000.0);
#8876=CARTESIAN_POINT('',(4.875,-2.55,0.15));
#8877=CARTESIAN_POINT('',(4.875,-2.55,0.15));
#8878=VECTOR('',#10106,1000.0);
#8879=CARTESIAN_POINT('',(4.875,-3.2,0.15));
#8880=CARTESIAN_POINT('',(4.875,-3.2,0.15));
#8881=VECTOR('',#10107,1000.0);
#8882=CARTESIAN_POINT('',(4.875,-3.2,0.15));
#8883=VECTOR('',#10108,1000.0);
#8884=CARTESIAN_POINT('',(4.875,-2.55,0.15));
#8885=VECTOR('',#10109,1000.0);
#8886=CARTESIAN_POINT('',(5.275,-3.125,0.15));
#8887=VECTOR('',#10110,1000.0);
#8888=CARTESIAN_POINT('',(-5.675,2.55,0.15));
#8889=CARTESIAN_POINT('',(-5.275,2.625,0.15));
#8890=VECTOR('',#10111,1000.0);
#8891=CARTESIAN_POINT('',(-5.675,2.55,0.15));
#8892=VECTOR('',#10112,1000.0);
#8893=CARTESIAN_POINT('',(-5.675,3.2,0.15));
#8894=CARTESIAN_POINT('',(-5.675,2.55,0.15));
#8895=VECTOR('',#10113,1000.0);
#8896=CARTESIAN_POINT('',(-5.675,3.2,0.15));
#8897=VECTOR('',#10114,1000.0);
#8898=CARTESIAN_POINT('',(-5.675,3.2,0.15));
#8899=VECTOR('',#10115,1000.0);
#8900=CARTESIAN_POINT('',(-5.675,-3.2,0.15));
#8901=CARTESIAN_POINT('',(-5.275,-3.125,0.15));
#8902=VECTOR('',#10116,1000.0);
#8903=CARTESIAN_POINT('',(-5.675,-3.2,0.15));
#8904=VECTOR('',#10117,1000.0);
#8905=CARTESIAN_POINT('',(-5.675,-2.55,0.15));
#8906=CARTESIAN_POINT('',(-5.675,-3.2,0.15));
#8907=VECTOR('',#10118,1000.0);
#8908=CARTESIAN_POINT('',(-5.675,-2.55,0.15));
#8909=VECTOR('',#10119,1000.0);
#8910=CARTESIAN_POINT('',(-5.675,-2.55,0.15));
#8911=VECTOR('',#10120,1000.0);
#8912=DIRECTION('',(1.6680033422854E-16,0.0,1.0));
#8913=CARTESIAN_POINT('',(-0.024999999999999,-0.3,0.5));
#8914=DIRECTION('',(0.0,0.0,-1.0));
#8915=DIRECTION('',(-1.0,0.0,0.0));
#8916=DIRECTION('',(-1.6680033422854E-16,0.0,-1.0));
#8917=CARTESIAN_POINT('',(-0.0249999999999988,-0.3,1.75));
#8918=DIRECTION('',(1.66800334228539E-16,0.0,1.0));
#8919=DIRECTION('',(1.0,0.0,-1.66800334228539E-16));
#8920=DIRECTION('',(-0.707106781188352,-8.26364451940937E-17,-0.707106781184743));
#8921=CARTESIAN_POINT('',(-0.0249999999999987,-0.3,1.95));
#8922=DIRECTION('',(1.66800334228539E-16,0.0,1.0));
#8923=DIRECTION('',(1.0,0.0,-1.66800334228539E-16));
#8924=DIRECTION('',(-0.707106781188352,-8.26364451940938E-17,0.707106781184743));
#8925=CARTESIAN_POINT('',(-0.0249999999999988,-0.3,1.75));
#8926=DIRECTION('',(1.66800334228539E-16,0.0,1.0));
#8927=DIRECTION('',(1.0,0.0,-1.66800334228539E-16));
#8928=CARTESIAN_POINT('',(-0.0249999999999987,-0.3,1.95));
#8929=DIRECTION('',(1.66800334228539E-16,0.0,1.0));
#8930=DIRECTION('',(1.0,0.0,-1.66800334228539E-16));
#8931=CARTESIAN_POINT('',(-0.024999999999999,-0.3,0.5));
#8932=DIRECTION('',(0.0,0.0,-1.0));
#8933=DIRECTION('',(-1.0,0.0,0.0));
#8934=DIRECTION('',(1.0,0.0,-1.66800334228539E-16));
#8935=DIRECTION('',(0.0,1.0,0.0));
#8936=DIRECTION('',(1.0,0.0,-1.66800334228539E-16));
#8937=DIRECTION('',(0.0,1.0,0.0));
#8938=DIRECTION('',(0.0,-1.0,0.0));
#8939=DIRECTION('',(1.0,0.0,0.0));
#8940=DIRECTION('',(0.0,-1.0,0.0));
#8941=DIRECTION('',(-1.0,0.0,0.0));
#8942=DIRECTION('',(-1.0450141421547E-16,0.0,1.0));
#8943=DIRECTION('',(0.0,1.0,0.0));
#8944=DIRECTION('',(-1.0450141421547E-16,0.0,1.0));
#8945=DIRECTION('',(-1.0,0.0,-1.66800334228539E-16));
#8946=DIRECTION('',(0.0,1.0,0.0));
#8947=DIRECTION('',(-1.0,0.0,-1.66800334228539E-16));
#8948=DIRECTION('',(1.0450141421547E-16,0.0,-1.0));
#8949=DIRECTION('',(1.0450141421547E-16,0.0,-1.0));
#8950=DIRECTION('',(0.0,0.0,-1.0));
#8951=DIRECTION('',(1.0,0.0,0.0));
#8952=DIRECTION('',(0.0,0.0,1.0));
#8953=DIRECTION('',(0.0,0.0,1.0));
#8954=DIRECTION('',(0.0,0.0,-1.0));
#8955=DIRECTION('',(-1.0,0.0,0.0));
#8956=DIRECTION('',(0.0,-1.0,0.0));
#8957=DIRECTION('',(0.0,-1.0,0.0));
#8958=DIRECTION('',(1.6680033422854E-16,0.0,1.0));
#8959=CARTESIAN_POINT('',(-3.525,-0.3,0.5));
#8960=DIRECTION('',(0.0,0.0,-1.0));
#8961=DIRECTION('',(-1.0,0.0,0.0));
#8962=DIRECTION('',(-1.6680033422854E-16,0.0,-1.0));
#8963=CARTESIAN_POINT('',(-3.525,-0.3,1.75));
#8964=DIRECTION('',(1.66800334228539E-16,0.0,1.0));
#8965=DIRECTION('',(1.0,0.0,-1.66800334228539E-16));
#8966=DIRECTION('',(-0.707106781188352,-8.26364451940937E-17,-0.707106781184743));
#8967=CARTESIAN_POINT('',(-3.525,-0.3,1.95));
#8968=DIRECTION('',(1.66800334228539E-16,0.0,1.0));
#8969=DIRECTION('',(1.0,0.0,-1.66800334228539E-16));
#8970=DIRECTION('',(-0.707106781188352,-8.26364451940937E-17,0.707106781184743));
#8971=CARTESIAN_POINT('',(-3.525,-0.3,1.75));
#8972=DIRECTION('',(1.66800334228539E-16,0.0,1.0));
#8973=DIRECTION('',(1.0,0.0,-1.66800334228539E-16));
#8974=CARTESIAN_POINT('',(-3.525,-0.3,1.95));
#8975=DIRECTION('',(1.66800334228539E-16,0.0,1.0));
#8976=DIRECTION('',(1.0,0.0,-1.66800334228539E-16));
#8977=CARTESIAN_POINT('',(-3.525,-0.3,0.5));
#8978=DIRECTION('',(0.0,0.0,-1.0));
#8979=DIRECTION('',(-1.0,0.0,0.0));
#8980=DIRECTION('',(1.0,0.0,-1.66800334228539E-16));
#8981=DIRECTION('',(0.0,1.0,0.0));
#8982=DIRECTION('',(1.0,0.0,-1.66800334228539E-16));
#8983=DIRECTION('',(0.0,1.0,0.0));
#8984=DIRECTION('',(0.0,-1.0,0.0));
#8985=DIRECTION('',(1.0,0.0,0.0));
#8986=DIRECTION('',(0.0,-1.0,0.0));
#8987=DIRECTION('',(-1.0,0.0,0.0));
#8988=DIRECTION('',(-1.0450141421547E-16,0.0,1.0));
#8989=DIRECTION('',(0.0,1.0,0.0));
#8990=DIRECTION('',(-1.0450141421547E-16,0.0,1.0));
#8991=DIRECTION('',(-1.0,0.0,-1.66800334228539E-16));
#8992=DIRECTION('',(0.0,1.0,0.0));
#8993=DIRECTION('',(-1.0,0.0,-1.66800334228539E-16));
#8994=DIRECTION('',(1.0450141421547E-16,0.0,-1.0));
#8995=DIRECTION('',(1.0450141421547E-16,0.0,-1.0));
#8996=DIRECTION('',(0.0,0.0,-1.0));
#8997=DIRECTION('',(1.0,0.0,0.0));
#8998=DIRECTION('',(0.0,0.0,1.0));
#8999=DIRECTION('',(0.0,0.0,1.0));
#9000=DIRECTION('',(0.0,0.0,-1.0));
#9001=DIRECTION('',(-1.0,0.0,0.0));
#9002=DIRECTION('',(0.0,-1.0,0.0));
#9003=DIRECTION('',(0.0,-1.0,0.0));
#9004=DIRECTION('',(1.6680033422854E-16,0.0,1.0));
#9005=CARTESIAN_POINT('',(3.475,-0.3,0.5));
#9006=DIRECTION('',(0.0,0.0,-1.0));
#9007=DIRECTION('',(-1.0,0.0,0.0));
#9008=DIRECTION('',(-1.6680033422854E-16,0.0,-1.0));
#9009=CARTESIAN_POINT('',(3.475,-0.3,1.75));
#9010=DIRECTION('',(1.66800334228539E-16,0.0,1.0));
#9011=DIRECTION('',(1.0,0.0,-1.66800334228539E-16));
#9012=DIRECTION('',(-0.707106781188352,-8.26364451940937E-17,-0.707106781184743));
#9013=CARTESIAN_POINT('',(3.475,-0.3,1.95));
#9014=DIRECTION('',(1.66800334228539E-16,0.0,1.0));
#9015=DIRECTION('',(1.0,0.0,-1.66800334228539E-16));
#9016=DIRECTION('',(-0.707106781188352,-8.26364451940937E-17,0.707106781184743));
#9017=CARTESIAN_POINT('',(3.475,-0.3,1.75));
#9018=DIRECTION('',(1.66800334228539E-16,0.0,1.0));
#9019=DIRECTION('',(1.0,0.0,-1.66800334228539E-16));
#9020=CARTESIAN_POINT('',(3.475,-0.3,1.95));
#9021=DIRECTION('',(1.66800334228539E-16,0.0,1.0));
#9022=DIRECTION('',(1.0,0.0,-1.66800334228539E-16));
#9023=CARTESIAN_POINT('',(3.475,-0.3,0.5));
#9024=DIRECTION('',(0.0,0.0,-1.0));
#9025=DIRECTION('',(-1.0,0.0,0.0));
#9026=DIRECTION('',(1.0,0.0,-1.66800334228539E-16));
#9027=DIRECTION('',(0.0,1.0,0.0));
#9028=DIRECTION('',(1.0,0.0,-1.66800334228539E-16));
#9029=DIRECTION('',(0.0,1.0,0.0));
#9030=DIRECTION('',(0.0,-1.0,0.0));
#9031=DIRECTION('',(1.0,0.0,0.0));
#9032=DIRECTION('',(0.0,-1.0,0.0));
#9033=DIRECTION('',(-1.0,0.0,0.0));
#9034=DIRECTION('',(-1.0450141421547E-16,0.0,1.0));
#9035=DIRECTION('',(0.0,1.0,0.0));
#9036=DIRECTION('',(-1.0450141421547E-16,0.0,1.0));
#9037=DIRECTION('',(-1.0,0.0,-1.66800334228539E-16));
#9038=DIRECTION('',(0.0,1.0,0.0));
#9039=DIRECTION('',(-1.0,0.0,-1.66800334228539E-16));
#9040=DIRECTION('',(1.0450141421547E-16,0.0,-1.0));
#9041=DIRECTION('',(1.0450141421547E-16,0.0,-1.0));
#9042=DIRECTION('',(0.0,0.0,-1.0));
#9043=DIRECTION('',(1.0,0.0,0.0));
#9044=DIRECTION('',(0.0,0.0,1.0));
#9045=DIRECTION('',(0.0,0.0,1.0));
#9046=DIRECTION('',(0.0,0.0,-1.0));
#9047=DIRECTION('',(-1.0,0.0,0.0));
#9048=DIRECTION('',(0.0,-1.0,0.0));
#9049=DIRECTION('',(0.0,-1.0,0.0));
#9050=CARTESIAN_POINT('',(0.824999999999999,2.3,-0.249999999999999));
#9051=DIRECTION('',(5.49870302411016E-17,-1.0,-4.20501775866413E-16));
#9052=DIRECTION('',(4.44089209850063E-16,4.20501775866413E-16,-1.0));
#9053=DIRECTION('',(-5.49870302411016E-17,1.0,4.20501775866413E-16));
#9054=CARTESIAN_POINT('',(0.824999999999999,2.8,-0.249999999999999));
#9055=DIRECTION('',(5.49870302411016E-17,-1.0,-4.20501775866413E-16));
#9056=DIRECTION('',(4.44089209850063E-16,4.20501775866413E-16,-1.0));
#9057=DIRECTION('',(-5.49870302411016E-17,1.0,4.20501775866413E-16));
#9058=CARTESIAN_POINT('',(-0.625,1.05,-2.4));
#9059=DIRECTION('',(-4.44089209850063E-16,-5.93759045474236E-16,1.0));
#9060=DIRECTION('',(5.49870302411017E-17,-1.0,-5.93759045474236E-16));
#9061=DIRECTION('',(5.71642406613063E-16,6.45495006910471E-16,-1.0));
#9062=CARTESIAN_POINT('',(-0.625,1.05,-2.9));
#9063=DIRECTION('',(-4.44089209850063E-16,-5.93759045474236E-16,1.0));
#9064=DIRECTION('',(5.49870302411017E-17,-1.0,-5.93759045474236E-16));
#9065=DIRECTION('',(5.71642406613063E-16,6.45495006910471E-16,-1.0));
#9066=CARTESIAN_POINT('',(-0.775000000000001,2.3,-0.25));
#9067=DIRECTION('',(5.49870302411016E-17,-1.0,-4.20501775866413E-16));
#9068=DIRECTION('',(4.44089209850063E-16,4.20501775866413E-16,-1.0));
#9069=DIRECTION('',(-5.49870302411016E-17,1.0,4.20501775866413E-16));
#9070=CARTESIAN_POINT('',(-0.775000000000001,2.8,-0.25));
#9071=DIRECTION('',(5.49870302411016E-17,-1.0,-4.20501775866413E-16));
#9072=DIRECTION('',(4.44089209850063E-16,4.20501775866413E-16,-1.0));
#9073=DIRECTION('',(-5.49870302411016E-17,1.0,4.20501775866413E-16));
#9074=DIRECTION('',(5.49870302411017E-17,-1.0,-5.93759045474236E-16));
#9075=DIRECTION('',(1.0,5.49870302411013E-17,4.44089209850063E-16));
#9076=CARTESIAN_POINT('',(-0.525,0.849999999999997,-2.4));
#9077=DIRECTION('',(-4.44089209850063E-16,-5.93759045474236E-16,1.0));
#9078=DIRECTION('',(5.49870302411017E-17,-1.0,-5.93759045474236E-16));
#9079=DIRECTION('',(5.49870302411017E-17,-1.0,-5.93759045474236E-16));
#9080=DIRECTION('',(1.0,5.49870302411013E-17,4.44089209850063E-16));
#9081=DIRECTION('',(-5.49870302411017E-17,1.0,5.93759045474236E-16));
#9082=CARTESIAN_POINT('',(0.575,0.849999999999997,-2.4));
#9083=DIRECTION('',(-4.44089209850063E-16,-5.93759045474236E-16,1.0));
#9084=DIRECTION('',(5.49870302411017E-17,-1.0,-5.93759045474236E-16));
#9085=DIRECTION('',(1.0,5.49870302411013E-17,4.44089209850063E-16));
#9086=CARTESIAN_POINT('',(0.675,1.05,-2.4));
#9087=DIRECTION('',(-4.44089209850063E-16,-5.93759045474236E-16,1.0));
#9088=DIRECTION('',(5.49870302411017E-17,-1.0,-5.93759045474236E-16));
#9089=DIRECTION('',(5.49870302411016E-17,-1.0,-5.93759045474236E-16));
#9090=DIRECTION('',(1.0,5.49870302411013E-17,4.44089209850063E-16));
#9091=CARTESIAN_POINT('',(-0.424999999999999,0.459999999999998,-3.41));
#9092=DIRECTION('',(-1.0,-5.49870302411013E-17,-5.01913325715957E-16));
#9093=DIRECTION('',(-5.01913325715957E-16,-2.38282923347841E-16,1.0));
#9094=DIRECTION('',(1.0,5.49870302411013E-17,4.44089209850063E-16));
#9095=CARTESIAN_POINT('',(0.475000000000001,0.459999999999998,-3.41));
#9096=DIRECTION('',(-1.0,-5.49870302411013E-17,-3.86265093984169E-16));
#9097=DIRECTION('',(-3.86265093984169E-16,-2.38282923347841E-16,1.0));
#9098=DIRECTION('',(5.01913325715957E-16,2.38282923347841E-16,-1.0));
#9099=DIRECTION('',(-0.242535625036333,-2.4450470474703E-16,0.970142500145332));
#9100=DIRECTION('',(-1.0,-5.49870302411013E-17,-4.44089209850063E-16));
#9101=DIRECTION('',(0.242535625036333,-2.17832077250196E-16,0.970142500145332));
#9102=DIRECTION('',(3.86265093984169E-16,2.38282923347841E-16,-1.0));
#9103=DIRECTION('',(1.0,5.49870302411013E-17,4.44089209850063E-16));
#9104=DIRECTION('',(0.242535625036333,2.4450470474703E-16,-0.970142500145332));
#9105=DIRECTION('',(5.01913325715957E-16,2.38282923347841E-16,-1.0));
#9106=DIRECTION('',(1.0,5.49870302411013E-17,4.44089209850063E-16));
#9107=DIRECTION('',(3.86265093984169E-16,2.38282923347841E-16,-1.0));
#9108=DIRECTION('',(-0.242535625036333,2.17832077250196E-16,-0.970142500145332));
#9109=CARTESIAN_POINT('',(-0.424999999999999,0.459999999999998,-3.41));
#9110=DIRECTION('',(-1.0,-5.49870302411013E-17,-5.01913325715957E-16));
#9111=DIRECTION('',(-5.01913325715957E-16,-2.38282923347841E-16,1.0));
#9112=DIRECTION('',(1.0,5.49870302411013E-17,4.44089209850063E-16));
#9113=CARTESIAN_POINT('',(0.475000000000001,0.459999999999998,-3.41));
#9114=DIRECTION('',(-1.0,-5.49870302411013E-17,-3.86265093984169E-16));
#9115=DIRECTION('',(-3.86265093984169E-16,-2.38282923347841E-16,1.0));
#9116=DIRECTION('',(-1.0,-5.49870302411013E-17,-4.44089209850063E-16));
#9117=DIRECTION('',(-5.49870302411016E-17,1.0,4.20501775866413E-16));
#9118=DIRECTION('',(1.0,5.49870302411013E-17,4.44089209850063E-16));
#9119=DIRECTION('',(-5.49870302411016E-17,1.0,4.20501775866413E-16));
#9120=CARTESIAN_POINT('',(0.675,1.05,-2.9));
#9121=DIRECTION('',(-4.44089209850063E-16,-5.93759045474236E-16,1.0));
#9122=DIRECTION('',(5.49870302411017E-17,-1.0,-5.93759045474236E-16));
#9123=DIRECTION('',(-1.0,-5.49870302411013E-17,-4.44089209850063E-16));
#9124=CARTESIAN_POINT('',(0.575,0.849999999999997,-2.9));
#9125=DIRECTION('',(-4.44089209850063E-16,-5.93759045474236E-16,1.0));
#9126=DIRECTION('',(5.49870302411017E-17,-1.0,-5.93759045474236E-16));
#9127=DIRECTION('',(5.49870302411017E-17,-1.0,-6.45495006910471E-16));
#9128=DIRECTION('',(-5.49870302411017E-17,1.0,6.45495006910471E-16));
#9129=CARTESIAN_POINT('',(-0.525,0.849999999999997,-2.9));
#9130=DIRECTION('',(-4.44089209850063E-16,-5.93759045474236E-16,1.0));
#9131=DIRECTION('',(5.49870302411017E-17,-1.0,-5.93759045474236E-16));
#9132=CARTESIAN_POINT('',(-0.725,2.29,-2.39));
#9133=DIRECTION('',(-1.0,-5.49870302411012E-17,-5.71642406613063E-16));
#9134=DIRECTION('',(-5.71642406613063E-16,-2.38282923347841E-16,1.0));
#9135=DIRECTION('',(1.0,5.49870302411013E-17,4.44089209850063E-16));
#9136=CARTESIAN_POINT('',(0.775,2.29,-2.39));
#9137=DIRECTION('',(-1.0,-5.49870302411014E-17,-3.16536013087063E-16));
#9138=DIRECTION('',(-3.16536013087063E-16,-2.38282923347841E-16,1.0));
#9139=DIRECTION('',(-5.71642406613063E-16,-4.20501775866413E-16,1.0));
#9140=DIRECTION('',(-1.0,-5.49870302411006E-17,-2.17881268582687E-15));
#9141=DIRECTION('',(4.44089209850063E-16,4.20501775866413E-16,-1.0));
#9142=DIRECTION('',(1.0,5.49870302411013E-17,4.44089209850063E-16));
#9143=DIRECTION('',(-5.71642406613064E-16,-4.20501775866413E-16,1.0));
#9144=DIRECTION('',(1.0,5.49870302411013E-17,4.44089209850063E-16));
#9145=DIRECTION('',(-3.16536013087062E-16,-4.20501775866413E-16,1.0));
#9146=DIRECTION('',(-1.0,-5.49870302411013E-17,-4.44089209850063E-16));
#9147=DIRECTION('',(4.44089209850063E-16,4.20501775866413E-16,-1.0));
#9148=DIRECTION('',(1.0,5.4987030241102E-17,-1.29063426612675E-15));
#9149=DIRECTION('',(-3.16536013087063E-16,-4.20501775866413E-16,1.0));
#9150=CARTESIAN_POINT('',(-0.675000000000001,2.29,-0.00999999999999979));
#9151=DIRECTION('',(-1.0,-5.49870302411012E-17,-5.71642406613064E-16));
#9152=DIRECTION('',(-5.71642406613064E-16,-2.38282923347841E-16,1.0));
#9153=DIRECTION('',(1.0,5.49870302411013E-17,4.44089209850063E-16));
#9154=CARTESIAN_POINT('',(0.724999999999999,2.29,-0.00999999999999934));
#9155=DIRECTION('',(-1.0,-5.49870302411014E-17,-3.16536013087062E-16));
#9156=DIRECTION('',(-3.16536013087062E-16,-2.38282923347841E-16,1.0));
#9157=DIRECTION('',(-5.49870302411016E-17,1.0,4.20501775866413E-16));
#9158=CARTESIAN_POINT('',(-0.575000000000001,-1.9,0.499999999999999));
#9159=DIRECTION('',(4.44089209850063E-16,3.39374035001501E-16,-1.0));
#9160=DIRECTION('',(-5.49870302411015E-17,1.0,3.39374035001501E-16));
#9161=DIRECTION('',(1.0,5.49870302411013E-17,4.44089209850063E-16));
#9162=CARTESIAN_POINT('',(0.624999999999999,-1.9,0.5));
#9163=DIRECTION('',(4.44089209850063E-16,3.39374035001501E-16,-1.0));
#9164=DIRECTION('',(-5.49870302411015E-17,1.0,3.39374035001501E-16));
#9165=DIRECTION('',(-5.49870302411016E-17,1.0,4.20501775866413E-16));
#9166=DIRECTION('',(-5.49870302411016E-17,1.0,4.20501775866413E-16));
#9167=DIRECTION('',(-5.49870302411016E-17,1.0,4.20501775866413E-16));
#9168=DIRECTION('',(4.44089209850063E-16,4.20501775866413E-16,-1.0));
#9169=DIRECTION('',(-5.49870302411015E-17,1.0,2.38282923347841E-16));
#9170=DIRECTION('',(5.49870302411015E-17,-1.0,-2.38282923347841E-16));
#9171=DIRECTION('',(-5.49870302411016E-17,1.0,4.20501775866413E-16));
#9172=DIRECTION('',(4.44089209850063E-16,4.20501775866413E-16,-1.0));
#9173=DIRECTION('',(-5.49870302411016E-17,1.0,4.20501775866413E-16));
#9174=DIRECTION('',(5.71642406613064E-16,3.39374035001501E-16,-1.0));
#9175=DIRECTION('',(1.0,5.49870302411013E-17,4.44089209850063E-16));
#9176=DIRECTION('',(3.16536013087062E-16,3.39374035001501E-16,-1.0));
#9177=DIRECTION('',(5.49870302411015E-17,-1.0,-2.38282923347841E-16));
#9178=DIRECTION('',(-5.49870302411015E-17,1.0,2.38282923347841E-16));
#9179=DIRECTION('',(-5.71642406613064E-16,-3.39374035001501E-16,1.0));
#9180=CARTESIAN_POINT('',(-0.575000000000001,-1.9,-6.66133814775094E-16));
#9181=DIRECTION('',(4.44089209850063E-16,3.39374035001501E-16,-1.0));
#9182=DIRECTION('',(-5.49870302411015E-17,1.0,3.39374035001501E-16));
#9183=CARTESIAN_POINT('',(0.624999999999999,-1.9,-2.22044604925031E-16));
#9184=DIRECTION('',(4.44089209850063E-16,3.39374035001501E-16,-1.0));
#9185=DIRECTION('',(-5.49870302411015E-17,1.0,3.39374035001501E-16));
#9186=DIRECTION('',(-3.16536013087062E-16,-3.39374035001501E-16,1.0));
#9187=DIRECTION('',(5.01913325715957E-16,6.45495006910471E-16,-1.0));
#9188=DIRECTION('',(5.01913325715957E-16,6.45495006910471E-16,-1.0));
#9189=DIRECTION('',(3.86265093984169E-16,6.45495006910471E-16,-1.0));
#9190=DIRECTION('',(3.86265093984169E-16,6.45495006910471E-16,-1.0));
#9191=DIRECTION('',(3.16536013087063E-16,6.45495006910471E-16,-1.0));
#9192=DIRECTION('',(3.16536013087063E-16,6.45495006910471E-16,-1.0));
#9193=DIRECTION('',(-5.49870302411015E-17,1.0,3.39374035001501E-16));
#9194=DIRECTION('',(5.71642406613064E-16,4.20501775866413E-16,-1.0));
#9195=CARTESIAN_POINT('',(-0.675000000000001,2.29,-0.00999999999999979));
#9196=DIRECTION('',(-1.0,-5.49870302411012E-17,-5.71642406613064E-16));
#9197=DIRECTION('',(-5.71642406613064E-16,-2.38282923347841E-16,1.0));
#9198=DIRECTION('',(-1.0,-5.49870302411013E-17,-4.44089209850063E-16));
#9199=DIRECTION('',(-5.49870302411016E-17,1.0,3.39374035001501E-16));
#9200=CARTESIAN_POINT('',(0.724999999999999,2.29,-0.00999999999999934));
#9201=DIRECTION('',(-1.0,-5.49870302411014E-17,-3.16536013087062E-16));
#9202=DIRECTION('',(-3.16536013087062E-16,-2.38282923347841E-16,1.0));
#9203=DIRECTION('',(3.16536013087062E-16,4.20501775866413E-16,-1.0));
#9204=DIRECTION('',(1.0,5.49870302411013E-17,4.44089209850063E-16));
#9205=DIRECTION('',(1.0,5.49870302411006E-17,2.17881268582687E-15));
#9206=DIRECTION('',(5.71642406613063E-16,4.20501775866413E-16,-1.0));
#9207=DIRECTION('',(1.0,5.49870302411013E-17,4.44089209850063E-16));
#9208=DIRECTION('',(3.16536013087063E-16,4.20501775866413E-16,-1.0));
#9209=DIRECTION('',(-1.0,-5.4987030241102E-17,1.29063426612675E-15));
#9210=DIRECTION('',(1.0,5.49870302411013E-17,4.44089209850063E-16));
#9211=DIRECTION('',(1.0,5.49870302411013E-17,4.44089209850063E-16));
#9212=DIRECTION('',(-5.49870302411016E-17,1.0,4.20501775866413E-16));
#9213=CARTESIAN_POINT('',(0.775,2.29,-2.39));
#9214=DIRECTION('',(-1.0,-5.49870302411014E-17,-3.16536013087063E-16));
#9215=DIRECTION('',(-3.16536013087063E-16,-2.38282923347841E-16,1.0));
#9216=CARTESIAN_POINT('',(-0.725,2.29,-2.39));
#9217=DIRECTION('',(-1.0,-5.49870302411012E-17,-5.71642406613063E-16));
#9218=DIRECTION('',(-5.71642406613063E-16,-2.38282923347841E-16,1.0));
#9219=DIRECTION('',(-5.49870302411016E-17,1.0,4.20501775866413E-16));
#9220=CARTESIAN_POINT('',(-2.675,2.3,-0.249999999999999));
#9221=DIRECTION('',(5.49870302411016E-17,-1.0,-4.20501775866413E-16));
#9222=DIRECTION('',(4.44089209850063E-16,4.20501775866413E-16,-1.0));
#9223=DIRECTION('',(-5.49870302411016E-17,1.0,4.20501775866413E-16));
#9224=CARTESIAN_POINT('',(-2.675,2.8,-0.249999999999999));
#9225=DIRECTION('',(5.49870302411016E-17,-1.0,-4.20501775866413E-16));
#9226=DIRECTION('',(4.44089209850063E-16,4.20501775866413E-16,-1.0));
#9227=DIRECTION('',(-5.49870302411016E-17,1.0,4.20501775866413E-16));
#9228=CARTESIAN_POINT('',(-4.125,1.05,-2.4));
#9229=DIRECTION('',(-4.44089209850063E-16,-5.93759045474236E-16,1.0));
#9230=DIRECTION('',(5.49870302411017E-17,-1.0,-5.93759045474236E-16));
#9231=DIRECTION('',(5.71642406613063E-16,6.45495006910471E-16,-1.0));
#9232=CARTESIAN_POINT('',(-4.125,1.05,-2.9));
#9233=DIRECTION('',(-4.44089209850063E-16,-5.93759045474236E-16,1.0));
#9234=DIRECTION('',(5.49870302411017E-17,-1.0,-5.93759045474236E-16));
#9235=DIRECTION('',(5.71642406613063E-16,6.45495006910471E-16,-1.0));
#9236=CARTESIAN_POINT('',(-4.275,2.3,-0.25));
#9237=DIRECTION('',(5.49870302411016E-17,-1.0,-4.20501775866413E-16));
#9238=DIRECTION('',(4.44089209850063E-16,4.20501775866413E-16,-1.0));
#9239=DIRECTION('',(-5.49870302411016E-17,1.0,4.20501775866413E-16));
#9240=CARTESIAN_POINT('',(-4.275,2.8,-0.25));
#9241=DIRECTION('',(5.49870302411016E-17,-1.0,-4.20501775866413E-16));
#9242=DIRECTION('',(4.44089209850063E-16,4.20501775866413E-16,-1.0));
#9243=DIRECTION('',(-5.49870302411016E-17,1.0,4.20501775866413E-16));
#9244=DIRECTION('',(5.49870302411017E-17,-1.0,-5.93759045474236E-16));
#9245=DIRECTION('',(1.0,5.49870302411013E-17,4.44089209850063E-16));
#9246=CARTESIAN_POINT('',(-4.025,0.849999999999997,-2.4));
#9247=DIRECTION('',(-4.44089209850063E-16,-5.93759045474236E-16,1.0));
#9248=DIRECTION('',(5.49870302411017E-17,-1.0,-5.93759045474236E-16));
#9249=DIRECTION('',(5.49870302411017E-17,-1.0,-5.93759045474236E-16));
#9250=DIRECTION('',(1.0,5.49870302411013E-17,4.44089209850063E-16));
#9251=DIRECTION('',(-5.49870302411017E-17,1.0,5.93759045474236E-16));
#9252=CARTESIAN_POINT('',(-2.925,0.849999999999997,-2.4));
#9253=DIRECTION('',(-4.44089209850063E-16,-5.93759045474236E-16,1.0));
#9254=DIRECTION('',(5.49870302411017E-17,-1.0,-5.93759045474236E-16));
#9255=DIRECTION('',(1.0,5.49870302411013E-17,4.44089209850063E-16));
#9256=CARTESIAN_POINT('',(-2.825,1.05,-2.4));
#9257=DIRECTION('',(-4.44089209850063E-16,-5.93759045474236E-16,1.0));
#9258=DIRECTION('',(5.49870302411017E-17,-1.0,-5.93759045474236E-16));
#9259=DIRECTION('',(5.49870302411016E-17,-1.0,-5.93759045474236E-16));
#9260=DIRECTION('',(1.0,5.49870302411013E-17,4.44089209850063E-16));
#9261=CARTESIAN_POINT('',(-3.925,0.459999999999998,-3.41));
#9262=DIRECTION('',(-1.0,-5.49870302411013E-17,-5.01913325715957E-16));
#9263=DIRECTION('',(-5.01913325715957E-16,-2.38282923347841E-16,1.0));
#9264=DIRECTION('',(1.0,5.49870302411013E-17,4.44089209850063E-16));
#9265=CARTESIAN_POINT('',(-3.025,0.459999999999998,-3.41));
#9266=DIRECTION('',(-1.0,-5.49870302411013E-17,-3.86265093984169E-16));
#9267=DIRECTION('',(-3.86265093984169E-16,-2.38282923347841E-16,1.0));
#9268=DIRECTION('',(5.01913325715957E-16,2.38282923347841E-16,-1.0));
#9269=DIRECTION('',(-0.242535625036333,-2.4450470474703E-16,0.970142500145332));
#9270=DIRECTION('',(-1.0,-5.49870302411013E-17,-4.44089209850063E-16));
#9271=DIRECTION('',(0.242535625036333,-2.17832077250196E-16,0.970142500145332));
#9272=DIRECTION('',(3.86265093984169E-16,2.38282923347841E-16,-1.0));
#9273=DIRECTION('',(1.0,5.49870302411013E-17,4.44089209850063E-16));
#9274=DIRECTION('',(0.242535625036333,2.4450470474703E-16,-0.970142500145332));
#9275=DIRECTION('',(5.01913325715957E-16,2.38282923347841E-16,-1.0));
#9276=DIRECTION('',(1.0,5.49870302411013E-17,4.44089209850063E-16));
#9277=DIRECTION('',(3.86265093984169E-16,2.38282923347841E-16,-1.0));
#9278=DIRECTION('',(-0.242535625036333,2.17832077250196E-16,-0.970142500145332));
#9279=CARTESIAN_POINT('',(-3.925,0.459999999999998,-3.41));
#9280=DIRECTION('',(-1.0,-5.49870302411013E-17,-5.01913325715957E-16));
#9281=DIRECTION('',(-5.01913325715957E-16,-2.38282923347841E-16,1.0));
#9282=DIRECTION('',(1.0,5.49870302411013E-17,4.44089209850063E-16));
#9283=CARTESIAN_POINT('',(-3.025,0.459999999999998,-3.41));
#9284=DIRECTION('',(-1.0,-5.49870302411013E-17,-3.86265093984169E-16));
#9285=DIRECTION('',(-3.86265093984169E-16,-2.38282923347841E-16,1.0));
#9286=DIRECTION('',(-1.0,-5.49870302411013E-17,-4.44089209850063E-16));
#9287=DIRECTION('',(-5.49870302411016E-17,1.0,4.20501775866413E-16));
#9288=DIRECTION('',(1.0,5.49870302411013E-17,4.44089209850063E-16));
#9289=DIRECTION('',(-5.49870302411016E-17,1.0,4.20501775866413E-16));
#9290=CARTESIAN_POINT('',(-2.825,1.05,-2.9));
#9291=DIRECTION('',(-4.44089209850063E-16,-5.93759045474236E-16,1.0));
#9292=DIRECTION('',(5.49870302411017E-17,-1.0,-5.93759045474236E-16));
#9293=DIRECTION('',(-1.0,-5.49870302411013E-17,-4.44089209850063E-16));
#9294=CARTESIAN_POINT('',(-2.925,0.849999999999997,-2.9));
#9295=DIRECTION('',(-4.44089209850063E-16,-5.93759045474236E-16,1.0));
#9296=DIRECTION('',(5.49870302411017E-17,-1.0,-5.93759045474236E-16));
#9297=DIRECTION('',(5.49870302411017E-17,-1.0,-6.45495006910471E-16));
#9298=DIRECTION('',(-5.49870302411017E-17,1.0,6.45495006910471E-16));
#9299=CARTESIAN_POINT('',(-4.025,0.849999999999997,-2.9));
#9300=DIRECTION('',(-4.44089209850063E-16,-5.93759045474236E-16,1.0));
#9301=DIRECTION('',(5.49870302411017E-17,-1.0,-5.93759045474236E-16));
#9302=CARTESIAN_POINT('',(-4.225,2.29,-2.39));
#9303=DIRECTION('',(-1.0,-5.49870302411012E-17,-5.71642406613063E-16));
#9304=DIRECTION('',(-5.71642406613063E-16,-2.38282923347841E-16,1.0));
#9305=DIRECTION('',(1.0,5.49870302411013E-17,4.44089209850063E-16));
#9306=CARTESIAN_POINT('',(-2.725,2.29,-2.39));
#9307=DIRECTION('',(-1.0,-5.49870302411014E-17,-3.16536013087063E-16));
#9308=DIRECTION('',(-3.16536013087063E-16,-2.38282923347841E-16,1.0));
#9309=DIRECTION('',(-5.71642406613063E-16,-4.20501775866413E-16,1.0));
#9310=DIRECTION('',(-1.0,-5.49870302411006E-17,-2.17881268582687E-15));
#9311=DIRECTION('',(4.44089209850063E-16,4.20501775866413E-16,-1.0));
#9312=DIRECTION('',(1.0,5.49870302411013E-17,4.44089209850063E-16));
#9313=DIRECTION('',(-5.71642406613064E-16,-4.20501775866413E-16,1.0));
#9314=DIRECTION('',(1.0,5.49870302411013E-17,4.44089209850063E-16));
#9315=DIRECTION('',(-3.16536013087062E-16,-4.20501775866413E-16,1.0));
#9316=DIRECTION('',(-1.0,-5.49870302411013E-17,-4.44089209850063E-16));
#9317=DIRECTION('',(4.44089209850063E-16,4.20501775866413E-16,-1.0));
#9318=DIRECTION('',(1.0,5.4987030241102E-17,-1.29063426612675E-15));
#9319=DIRECTION('',(-3.16536013087063E-16,-4.20501775866413E-16,1.0));
#9320=CARTESIAN_POINT('',(-4.175,2.29,-0.00999999999999979));
#9321=DIRECTION('',(-1.0,-5.49870302411012E-17,-5.71642406613064E-16));
#9322=DIRECTION('',(-5.71642406613064E-16,-2.38282923347841E-16,1.0));
#9323=DIRECTION('',(1.0,5.49870302411013E-17,4.44089209850063E-16));
#9324=CARTESIAN_POINT('',(-2.775,2.29,-0.00999999999999934));
#9325=DIRECTION('',(-1.0,-5.49870302411014E-17,-3.16536013087062E-16));
#9326=DIRECTION('',(-3.16536013087062E-16,-2.38282923347841E-16,1.0));
#9327=DIRECTION('',(-5.49870302411016E-17,1.0,4.20501775866413E-16));
#9328=CARTESIAN_POINT('',(-4.075,-1.9,0.499999999999999));
#9329=DIRECTION('',(4.44089209850063E-16,3.39374035001501E-16,-1.0));
#9330=DIRECTION('',(-5.49870302411015E-17,1.0,3.39374035001501E-16));
#9331=DIRECTION('',(1.0,5.49870302411013E-17,4.44089209850063E-16));
#9332=CARTESIAN_POINT('',(-2.875,-1.9,0.5));
#9333=DIRECTION('',(4.44089209850063E-16,3.39374035001501E-16,-1.0));
#9334=DIRECTION('',(-5.49870302411015E-17,1.0,3.39374035001501E-16));
#9335=DIRECTION('',(-5.49870302411016E-17,1.0,4.20501775866413E-16));
#9336=DIRECTION('',(-5.49870302411016E-17,1.0,4.20501775866413E-16));
#9337=DIRECTION('',(-5.49870302411016E-17,1.0,4.20501775866413E-16));
#9338=DIRECTION('',(4.44089209850063E-16,4.20501775866413E-16,-1.0));
#9339=DIRECTION('',(-5.49870302411015E-17,1.0,2.38282923347841E-16));
#9340=DIRECTION('',(5.49870302411015E-17,-1.0,-2.38282923347841E-16));
#9341=DIRECTION('',(-5.49870302411016E-17,1.0,4.20501775866413E-16));
#9342=DIRECTION('',(4.44089209850063E-16,4.20501775866413E-16,-1.0));
#9343=DIRECTION('',(-5.49870302411016E-17,1.0,4.20501775866413E-16));
#9344=DIRECTION('',(5.71642406613064E-16,3.39374035001501E-16,-1.0));
#9345=DIRECTION('',(1.0,5.49870302411013E-17,4.44089209850063E-16));
#9346=DIRECTION('',(3.16536013087062E-16,3.39374035001501E-16,-1.0));
#9347=DIRECTION('',(5.49870302411015E-17,-1.0,-2.38282923347841E-16));
#9348=DIRECTION('',(-5.49870302411015E-17,1.0,2.38282923347841E-16));
#9349=DIRECTION('',(-5.71642406613064E-16,-3.39374035001501E-16,1.0));
#9350=CARTESIAN_POINT('',(-4.075,-1.9,-6.66133814775094E-16));
#9351=DIRECTION('',(4.44089209850063E-16,3.39374035001501E-16,-1.0));
#9352=DIRECTION('',(-5.49870302411015E-17,1.0,3.39374035001501E-16));
#9353=CARTESIAN_POINT('',(-2.875,-1.9,-2.22044604925031E-16));
#9354=DIRECTION('',(4.44089209850063E-16,3.39374035001501E-16,-1.0));
#9355=DIRECTION('',(-5.49870302411015E-17,1.0,3.39374035001501E-16));
#9356=DIRECTION('',(-3.16536013087062E-16,-3.39374035001501E-16,1.0));
#9357=DIRECTION('',(5.01913325715957E-16,6.45495006910471E-16,-1.0));
#9358=DIRECTION('',(5.01913325715957E-16,6.45495006910471E-16,-1.0));
#9359=DIRECTION('',(3.86265093984169E-16,6.45495006910471E-16,-1.0));
#9360=DIRECTION('',(3.86265093984169E-16,6.45495006910471E-16,-1.0));
#9361=DIRECTION('',(3.16536013087063E-16,6.45495006910471E-16,-1.0));
#9362=DIRECTION('',(3.16536013087063E-16,6.45495006910471E-16,-1.0));
#9363=DIRECTION('',(-5.49870302411015E-17,1.0,3.39374035001501E-16));
#9364=DIRECTION('',(5.71642406613064E-16,4.20501775866413E-16,-1.0));
#9365=CARTESIAN_POINT('',(-4.175,2.29,-0.00999999999999979));
#9366=DIRECTION('',(-1.0,-5.49870302411012E-17,-5.71642406613064E-16));
#9367=DIRECTION('',(-5.71642406613064E-16,-2.38282923347841E-16,1.0));
#9368=DIRECTION('',(-1.0,-5.49870302411013E-17,-4.44089209850063E-16));
#9369=DIRECTION('',(-5.49870302411016E-17,1.0,3.39374035001501E-16));
#9370=CARTESIAN_POINT('',(-2.775,2.29,-0.00999999999999934));
#9371=DIRECTION('',(-1.0,-5.49870302411014E-17,-3.16536013087062E-16));
#9372=DIRECTION('',(-3.16536013087062E-16,-2.38282923347841E-16,1.0));
#9373=DIRECTION('',(3.16536013087062E-16,4.20501775866413E-16,-1.0));
#9374=DIRECTION('',(1.0,5.49870302411013E-17,4.44089209850063E-16));
#9375=DIRECTION('',(1.0,5.49870302411006E-17,2.17881268582687E-15));
#9376=DIRECTION('',(5.71642406613063E-16,4.20501775866413E-16,-1.0));
#9377=DIRECTION('',(1.0,5.49870302411013E-17,4.44089209850063E-16));
#9378=DIRECTION('',(3.16536013087063E-16,4.20501775866413E-16,-1.0));
#9379=DIRECTION('',(-1.0,-5.4987030241102E-17,1.29063426612675E-15));
#9380=DIRECTION('',(1.0,5.49870302411013E-17,4.44089209850063E-16));
#9381=DIRECTION('',(1.0,5.49870302411013E-17,4.44089209850063E-16));
#9382=DIRECTION('',(-5.49870302411016E-17,1.0,4.20501775866413E-16));
#9383=CARTESIAN_POINT('',(-2.725,2.29,-2.39));
#9384=DIRECTION('',(-1.0,-5.49870302411014E-17,-3.16536013087063E-16));
#9385=DIRECTION('',(-3.16536013087063E-16,-2.38282923347841E-16,1.0));
#9386=CARTESIAN_POINT('',(-4.225,2.29,-2.39));
#9387=DIRECTION('',(-1.0,-5.49870302411012E-17,-5.71642406613063E-16));
#9388=DIRECTION('',(-5.71642406613063E-16,-2.38282923347841E-16,1.0));
#9389=DIRECTION('',(-5.49870302411016E-17,1.0,4.20501775866413E-16));
#9390=CARTESIAN_POINT('',(4.325,2.3,-0.249999999999999));
#9391=DIRECTION('',(5.49870302411016E-17,-1.0,-4.20501775866413E-16));
#9392=DIRECTION('',(4.44089209850063E-16,4.20501775866413E-16,-1.0));
#9393=DIRECTION('',(-5.49870302411016E-17,1.0,4.20501775866413E-16));
#9394=CARTESIAN_POINT('',(4.325,2.8,-0.249999999999999));
#9395=DIRECTION('',(5.49870302411016E-17,-1.0,-4.20501775866413E-16));
#9396=DIRECTION('',(4.44089209850063E-16,4.20501775866413E-16,-1.0));
#9397=DIRECTION('',(-5.49870302411016E-17,1.0,4.20501775866413E-16));
#9398=CARTESIAN_POINT('',(2.875,1.05,-2.4));
#9399=DIRECTION('',(-4.44089209850063E-16,-5.93759045474236E-16,1.0));
#9400=DIRECTION('',(5.49870302411017E-17,-1.0,-5.93759045474236E-16));
#9401=DIRECTION('',(5.71642406613063E-16,6.45495006910471E-16,-1.0));
#9402=CARTESIAN_POINT('',(2.875,1.05,-2.9));
#9403=DIRECTION('',(-4.44089209850063E-16,-5.93759045474236E-16,1.0));
#9404=DIRECTION('',(5.49870302411017E-17,-1.0,-5.93759045474236E-16));
#9405=DIRECTION('',(5.71642406613063E-16,6.45495006910471E-16,-1.0));
#9406=CARTESIAN_POINT('',(2.725,2.3,-0.25));
#9407=DIRECTION('',(5.49870302411016E-17,-1.0,-4.20501775866413E-16));
#9408=DIRECTION('',(4.44089209850063E-16,4.20501775866413E-16,-1.0));
#9409=DIRECTION('',(-5.49870302411016E-17,1.0,4.20501775866413E-16));
#9410=CARTESIAN_POINT('',(2.725,2.8,-0.25));
#9411=DIRECTION('',(5.49870302411016E-17,-1.0,-4.20501775866413E-16));
#9412=DIRECTION('',(4.44089209850063E-16,4.20501775866413E-16,-1.0));
#9413=DIRECTION('',(-5.49870302411016E-17,1.0,4.20501775866413E-16));
#9414=DIRECTION('',(5.49870302411017E-17,-1.0,-5.93759045474236E-16));
#9415=DIRECTION('',(1.0,5.49870302411013E-17,4.44089209850063E-16));
#9416=CARTESIAN_POINT('',(2.975,0.849999999999997,-2.4));
#9417=DIRECTION('',(-4.44089209850063E-16,-5.93759045474236E-16,1.0));
#9418=DIRECTION('',(5.49870302411017E-17,-1.0,-5.93759045474236E-16));
#9419=DIRECTION('',(5.49870302411017E-17,-1.0,-5.93759045474236E-16));
#9420=DIRECTION('',(1.0,5.49870302411013E-17,4.44089209850063E-16));
#9421=DIRECTION('',(-5.49870302411017E-17,1.0,5.93759045474236E-16));
#9422=CARTESIAN_POINT('',(4.075,0.849999999999997,-2.4));
#9423=DIRECTION('',(-4.44089209850063E-16,-5.93759045474236E-16,1.0));
#9424=DIRECTION('',(5.49870302411017E-17,-1.0,-5.93759045474236E-16));
#9425=DIRECTION('',(1.0,5.49870302411013E-17,4.44089209850063E-16));
#9426=CARTESIAN_POINT('',(4.175,1.05,-2.4));
#9427=DIRECTION('',(-4.44089209850063E-16,-5.93759045474236E-16,1.0));
#9428=DIRECTION('',(5.49870302411017E-17,-1.0,-5.93759045474236E-16));
#9429=DIRECTION('',(5.49870302411016E-17,-1.0,-5.93759045474236E-16));
#9430=DIRECTION('',(1.0,5.49870302411013E-17,4.44089209850063E-16));
#9431=CARTESIAN_POINT('',(3.075,0.459999999999998,-3.41));
#9432=DIRECTION('',(-1.0,-5.49870302411013E-17,-5.01913325715957E-16));
#9433=DIRECTION('',(-5.01913325715957E-16,-2.38282923347841E-16,1.0));
#9434=DIRECTION('',(1.0,5.49870302411013E-17,4.44089209850063E-16));
#9435=CARTESIAN_POINT('',(3.975,0.459999999999998,-3.41));
#9436=DIRECTION('',(-1.0,-5.49870302411013E-17,-3.86265093984169E-16));
#9437=DIRECTION('',(-3.86265093984169E-16,-2.38282923347841E-16,1.0));
#9438=DIRECTION('',(5.01913325715957E-16,2.38282923347841E-16,-1.0));
#9439=DIRECTION('',(-0.242535625036333,-2.4450470474703E-16,0.970142500145332));
#9440=DIRECTION('',(-1.0,-5.49870302411013E-17,-4.44089209850063E-16));
#9441=DIRECTION('',(0.242535625036333,-2.17832077250196E-16,0.970142500145332));
#9442=DIRECTION('',(3.86265093984169E-16,2.38282923347841E-16,-1.0));
#9443=DIRECTION('',(1.0,5.49870302411013E-17,4.44089209850063E-16));
#9444=DIRECTION('',(0.242535625036333,2.4450470474703E-16,-0.970142500145332));
#9445=DIRECTION('',(5.01913325715957E-16,2.38282923347841E-16,-1.0));
#9446=DIRECTION('',(1.0,5.49870302411013E-17,4.44089209850063E-16));
#9447=DIRECTION('',(3.86265093984169E-16,2.38282923347841E-16,-1.0));
#9448=DIRECTION('',(-0.242535625036333,2.17832077250196E-16,-0.970142500145332));
#9449=CARTESIAN_POINT('',(3.075,0.459999999999998,-3.41));
#9450=DIRECTION('',(-1.0,-5.49870302411013E-17,-5.01913325715957E-16));
#9451=DIRECTION('',(-5.01913325715957E-16,-2.38282923347841E-16,1.0));
#9452=DIRECTION('',(1.0,5.49870302411013E-17,4.44089209850063E-16));
#9453=CARTESIAN_POINT('',(3.975,0.459999999999998,-3.41));
#9454=DIRECTION('',(-1.0,-5.49870302411013E-17,-3.86265093984169E-16));
#9455=DIRECTION('',(-3.86265093984169E-16,-2.38282923347841E-16,1.0));
#9456=DIRECTION('',(-1.0,-5.49870302411013E-17,-4.44089209850063E-16));
#9457=DIRECTION('',(-5.49870302411016E-17,1.0,4.20501775866413E-16));
#9458=DIRECTION('',(1.0,5.49870302411013E-17,4.44089209850063E-16));
#9459=DIRECTION('',(-5.49870302411016E-17,1.0,4.20501775866413E-16));
#9460=CARTESIAN_POINT('',(4.175,1.05,-2.9));
#9461=DIRECTION('',(-4.44089209850063E-16,-5.93759045474236E-16,1.0));
#9462=DIRECTION('',(5.49870302411017E-17,-1.0,-5.93759045474236E-16));
#9463=DIRECTION('',(-1.0,-5.49870302411013E-17,-4.44089209850063E-16));
#9464=CARTESIAN_POINT('',(4.075,0.849999999999997,-2.9));
#9465=DIRECTION('',(-4.44089209850063E-16,-5.93759045474236E-16,1.0));
#9466=DIRECTION('',(5.49870302411017E-17,-1.0,-5.93759045474236E-16));
#9467=DIRECTION('',(5.49870302411017E-17,-1.0,-6.45495006910471E-16));
#9468=DIRECTION('',(-5.49870302411017E-17,1.0,6.45495006910471E-16));
#9469=CARTESIAN_POINT('',(2.975,0.849999999999997,-2.9));
#9470=DIRECTION('',(-4.44089209850063E-16,-5.93759045474236E-16,1.0));
#9471=DIRECTION('',(5.49870302411017E-17,-1.0,-5.93759045474236E-16));
#9472=CARTESIAN_POINT('',(2.775,2.29,-2.39));
#9473=DIRECTION('',(-1.0,-5.49870302411012E-17,-5.71642406613063E-16));
#9474=DIRECTION('',(-5.71642406613063E-16,-2.38282923347841E-16,1.0));
#9475=DIRECTION('',(1.0,5.49870302411013E-17,4.44089209850063E-16));
#9476=CARTESIAN_POINT('',(4.275,2.29,-2.39));
#9477=DIRECTION('',(-1.0,-5.49870302411014E-17,-3.16536013087063E-16));
#9478=DIRECTION('',(-3.16536013087063E-16,-2.38282923347841E-16,1.0));
#9479=DIRECTION('',(-5.71642406613063E-16,-4.20501775866413E-16,1.0));
#9480=DIRECTION('',(-1.0,-5.49870302411006E-17,-2.17881268582687E-15));
#9481=DIRECTION('',(4.44089209850063E-16,4.20501775866413E-16,-1.0));
#9482=DIRECTION('',(1.0,5.49870302411013E-17,4.44089209850063E-16));
#9483=DIRECTION('',(-5.71642406613064E-16,-4.20501775866413E-16,1.0));
#9484=DIRECTION('',(1.0,5.49870302411013E-17,4.44089209850063E-16));
#9485=DIRECTION('',(-3.16536013087062E-16,-4.20501775866413E-16,1.0));
#9486=DIRECTION('',(-1.0,-5.49870302411013E-17,-4.44089209850063E-16));
#9487=DIRECTION('',(4.44089209850063E-16,4.20501775866413E-16,-1.0));
#9488=DIRECTION('',(1.0,5.4987030241102E-17,-1.29063426612675E-15));
#9489=DIRECTION('',(-3.16536013087063E-16,-4.20501775866413E-16,1.0));
#9490=CARTESIAN_POINT('',(2.825,2.29,-0.00999999999999979));
#9491=DIRECTION('',(-1.0,-5.49870302411012E-17,-5.71642406613064E-16));
#9492=DIRECTION('',(-5.71642406613064E-16,-2.38282923347841E-16,1.0));
#9493=DIRECTION('',(1.0,5.49870302411013E-17,4.44089209850063E-16));
#9494=CARTESIAN_POINT('',(4.225,2.29,-0.00999999999999934));
#9495=DIRECTION('',(-1.0,-5.49870302411014E-17,-3.16536013087062E-16));
#9496=DIRECTION('',(-3.16536013087062E-16,-2.38282923347841E-16,1.0));
#9497=DIRECTION('',(-5.49870302411016E-17,1.0,4.20501775866413E-16));
#9498=CARTESIAN_POINT('',(2.925,-1.9,0.499999999999999));
#9499=DIRECTION('',(4.44089209850063E-16,3.39374035001501E-16,-1.0));
#9500=DIRECTION('',(-5.49870302411015E-17,1.0,3.39374035001501E-16));
#9501=DIRECTION('',(1.0,5.49870302411013E-17,4.44089209850063E-16));
#9502=CARTESIAN_POINT('',(4.125,-1.9,0.5));
#9503=DIRECTION('',(4.44089209850063E-16,3.39374035001501E-16,-1.0));
#9504=DIRECTION('',(-5.49870302411015E-17,1.0,3.39374035001501E-16));
#9505=DIRECTION('',(-5.49870302411016E-17,1.0,4.20501775866413E-16));
#9506=DIRECTION('',(-5.49870302411016E-17,1.0,4.20501775866413E-16));
#9507=DIRECTION('',(-5.49870302411016E-17,1.0,4.20501775866413E-16));
#9508=DIRECTION('',(4.44089209850063E-16,4.20501775866413E-16,-1.0));
#9509=DIRECTION('',(-5.49870302411015E-17,1.0,2.38282923347841E-16));
#9510=DIRECTION('',(5.49870302411015E-17,-1.0,-2.38282923347841E-16));
#9511=DIRECTION('',(-5.49870302411016E-17,1.0,4.20501775866413E-16));
#9512=DIRECTION('',(4.44089209850063E-16,4.20501775866413E-16,-1.0));
#9513=DIRECTION('',(-5.49870302411016E-17,1.0,4.20501775866413E-16));
#9514=DIRECTION('',(5.71642406613064E-16,3.39374035001501E-16,-1.0));
#9515=DIRECTION('',(1.0,5.49870302411013E-17,4.44089209850063E-16));
#9516=DIRECTION('',(3.16536013087062E-16,3.39374035001501E-16,-1.0));
#9517=DIRECTION('',(5.49870302411015E-17,-1.0,-2.38282923347841E-16));
#9518=DIRECTION('',(-5.49870302411015E-17,1.0,2.38282923347841E-16));
#9519=DIRECTION('',(-5.71642406613064E-16,-3.39374035001501E-16,1.0));
#9520=CARTESIAN_POINT('',(2.925,-1.9,-6.66133814775094E-16));
#9521=DIRECTION('',(4.44089209850063E-16,3.39374035001501E-16,-1.0));
#9522=DIRECTION('',(-5.49870302411015E-17,1.0,3.39374035001501E-16));
#9523=CARTESIAN_POINT('',(4.125,-1.9,-2.22044604925031E-16));
#9524=DIRECTION('',(4.44089209850063E-16,3.39374035001501E-16,-1.0));
#9525=DIRECTION('',(-5.49870302411015E-17,1.0,3.39374035001501E-16));
#9526=DIRECTION('',(-3.16536013087062E-16,-3.39374035001501E-16,1.0));
#9527=DIRECTION('',(5.01913325715957E-16,6.45495006910471E-16,-1.0));
#9528=DIRECTION('',(5.01913325715957E-16,6.45495006910471E-16,-1.0));
#9529=DIRECTION('',(3.86265093984169E-16,6.45495006910471E-16,-1.0));
#9530=DIRECTION('',(3.86265093984169E-16,6.45495006910471E-16,-1.0));
#9531=DIRECTION('',(3.16536013087063E-16,6.45495006910471E-16,-1.0));
#9532=DIRECTION('',(3.16536013087063E-16,6.45495006910471E-16,-1.0));
#9533=DIRECTION('',(-5.49870302411015E-17,1.0,3.39374035001501E-16));
#9534=DIRECTION('',(5.71642406613064E-16,4.20501775866413E-16,-1.0));
#9535=CARTESIAN_POINT('',(2.825,2.29,-0.00999999999999979));
#9536=DIRECTION('',(-1.0,-5.49870302411012E-17,-5.71642406613064E-16));
#9537=DIRECTION('',(-5.71642406613064E-16,-2.38282923347841E-16,1.0));
#9538=DIRECTION('',(-1.0,-5.49870302411013E-17,-4.44089209850063E-16));
#9539=DIRECTION('',(-5.49870302411016E-17,1.0,3.39374035001501E-16));
#9540=CARTESIAN_POINT('',(4.225,2.29,-0.00999999999999934));
#9541=DIRECTION('',(-1.0,-5.49870302411014E-17,-3.16536013087062E-16));
#9542=DIRECTION('',(-3.16536013087062E-16,-2.38282923347841E-16,1.0));
#9543=DIRECTION('',(3.16536013087062E-16,4.20501775866413E-16,-1.0));
#9544=DIRECTION('',(1.0,5.49870302411013E-17,4.44089209850063E-16));
#9545=DIRECTION('',(1.0,5.49870302411006E-17,2.17881268582687E-15));
#9546=DIRECTION('',(5.71642406613063E-16,4.20501775866413E-16,-1.0));
#9547=DIRECTION('',(1.0,5.49870302411013E-17,4.44089209850063E-16));
#9548=DIRECTION('',(3.16536013087063E-16,4.20501775866413E-16,-1.0));
#9549=DIRECTION('',(-1.0,-5.4987030241102E-17,1.29063426612675E-15));
#9550=DIRECTION('',(1.0,5.49870302411013E-17,4.44089209850063E-16));
#9551=DIRECTION('',(1.0,5.49870302411013E-17,4.44089209850063E-16));
#9552=DIRECTION('',(-5.49870302411016E-17,1.0,4.20501775866413E-16));
#9553=CARTESIAN_POINT('',(4.275,2.29,-2.39));
#9554=DIRECTION('',(-1.0,-5.49870302411014E-17,-3.16536013087063E-16));
#9555=DIRECTION('',(-3.16536013087063E-16,-2.38282923347841E-16,1.0));
#9556=CARTESIAN_POINT('',(2.775,2.29,-2.39));
#9557=DIRECTION('',(-1.0,-5.49870302411012E-17,-5.71642406613063E-16));
#9558=DIRECTION('',(-5.71642406613063E-16,-2.38282923347841E-16,1.0));
#9559=DIRECTION('',(-5.49870302411016E-17,1.0,4.20501775866413E-16));
#9560=DIRECTION('',(-0.0,-0.0,-1.0));
#9561=CARTESIAN_POINT('',(-0.0249999999999991,-0.3,4.45));
#9562=DIRECTION('',(0.0,0.0,-1.0));
#9563=DIRECTION('',(-1.0,0.0,0.0));
#9564=DIRECTION('',(0.0,0.0,1.0));
#9565=CARTESIAN_POINT('',(-0.0249999999999991,-0.3,1.85));
#9566=DIRECTION('',(0.0,0.0,1.0));
#9567=DIRECTION('',(1.0,0.0,0.0));
#9568=CARTESIAN_POINT('',(-1.125,-0.3,4.65));
#9569=DIRECTION('',(1.28102656687518E-16,-1.0,-0.0));
#9570=DIRECTION('',(-1.0,-1.28102656687518E-16,0.0));
#9571=CARTESIAN_POINT('',(-0.0249999999999991,-0.3,4.65));
#9572=DIRECTION('',(0.0,0.0,-1.0));
#9573=DIRECTION('',(-1.0,0.0,0.0));
#9574=CARTESIAN_POINT('',(1.075,-0.3,4.65));
#9575=DIRECTION('',(1.28102656687518E-16,-1.0,-0.0));
#9576=DIRECTION('',(1.0,1.28102656687518E-16,0.0));
#9577=CARTESIAN_POINT('',(-0.0249999999999991,-0.3,4.45));
#9578=DIRECTION('',(0.0,0.0,-1.0));
#9579=DIRECTION('',(-1.0,0.0,0.0));
#9580=DIRECTION('',(0.371390676342623,5.15408100008362E-17,0.928476690889852));
#9581=CARTESIAN_POINT('',(-0.0249999999999991,-0.3,1.35));
#9582=DIRECTION('',(0.0,0.0,1.0));
#9583=DIRECTION('',(1.0,0.0,0.0));
#9584=DIRECTION('',(0.371390676342623,5.15408100008362E-17,-0.928476690889852));
#9585=CARTESIAN_POINT('',(-0.0249999999999991,-0.3,1.85));
#9586=DIRECTION('',(0.0,0.0,1.0));
#9587=DIRECTION('',(1.0,0.0,0.0));
#9588=DIRECTION('',(-0.0,-0.0,1.0));
#9589=CARTESIAN_POINT('',(-0.0249999999999991,-0.3,4.65));
#9590=DIRECTION('',(0.0,0.0,-1.0));
#9591=DIRECTION('',(-1.0,0.0,0.0));
#9592=DIRECTION('',(0.0,0.0,-1.0));
#9593=CARTESIAN_POINT('',(-0.0249999999999991,-0.3,4.85));
#9594=DIRECTION('',(0.0,0.0,-1.0));
#9595=DIRECTION('',(-1.0,0.0,0.0));
#9596=DIRECTION('',(0.0,0.0,-1.0));
#9597=CARTESIAN_POINT('',(-0.0249999999999991,-0.3,5.35));
#9598=DIRECTION('',(0.0,0.0,-1.0));
#9599=DIRECTION('',(-1.0,0.0,0.0));
#9600=DIRECTION('',(0.0,0.0,-1.0));
#9601=CARTESIAN_POINT('',(-0.0249999999999991,-0.3,4.85));
#9602=DIRECTION('',(0.0,0.0,-1.0));
#9603=DIRECTION('',(-1.0,0.0,0.0));
#9604=DIRECTION('',(1.0,1.57384186328541E-16,0.0));
#9605=DIRECTION('',(0.0,0.0,-1.0));
#9606=DIRECTION('',(1.0,1.57384186328541E-16,0.0));
#9607=DIRECTION('',(0.0,0.0,-1.0));
#9608=DIRECTION('',(-1.0,-1.22409922699976E-16,0.0));
#9609=DIRECTION('',(-1.0,-1.22409922699976E-16,0.0));
#9610=CARTESIAN_POINT('',(-0.0249999999999991,-0.3,4.85));
#9611=DIRECTION('',(0.0,0.0,-1.0));
#9612=DIRECTION('',(-1.0,0.0,0.0));
#9613=CARTESIAN_POINT('',(-0.0249999999999991,-0.3,4.85));
#9614=DIRECTION('',(0.0,0.0,-1.0));
#9615=DIRECTION('',(-1.0,0.0,0.0));
#9616=CARTESIAN_POINT('',(-0.0249999999999991,-0.3,5.35));
#9617=DIRECTION('',(0.0,0.0,-1.0));
#9618=DIRECTION('',(-1.0,0.0,0.0));
#9619=CARTESIAN_POINT('',(-0.0249999999999991,-0.3,5.55));
#9620=DIRECTION('',(0.0,0.0,-1.0));
#9621=DIRECTION('',(-1.0,0.0,0.0));
#9622=CARTESIAN_POINT('',(-0.0249999999999991,-0.3,1.35));
#9623=DIRECTION('',(0.0,0.0,1.0));
#9624=DIRECTION('',(1.0,0.0,0.0));
#9625=CARTESIAN_POINT('',(-0.0249999999999991,-0.3,4.45));
#9626=DIRECTION('',(0.0,0.0,-1.0));
#9627=DIRECTION('',(-1.0,0.0,0.0));
#9628=CARTESIAN_POINT('',(-0.0249999999999991,-0.3,4.45));
#9629=DIRECTION('',(0.0,0.0,-1.0));
#9630=DIRECTION('',(-1.0,0.0,0.0));
#9631=CARTESIAN_POINT('',(-0.0249999999999991,-0.3,5.55));
#9632=DIRECTION('',(0.0,0.0,-1.0));
#9633=DIRECTION('',(-1.0,0.0,0.0));
#9634=DIRECTION('',(-0.0,-0.0,-1.0));
#9635=CARTESIAN_POINT('',(-3.525,-0.3,4.45));
#9636=DIRECTION('',(0.0,0.0,-1.0));
#9637=DIRECTION('',(-1.0,0.0,0.0));
#9638=DIRECTION('',(0.0,0.0,1.0));
#9639=CARTESIAN_POINT('',(-3.525,-0.3,1.85));
#9640=DIRECTION('',(0.0,0.0,1.0));
#9641=DIRECTION('',(1.0,0.0,0.0));
#9642=CARTESIAN_POINT('',(-4.625,-0.3,4.65));
#9643=DIRECTION('',(1.28102656687518E-16,-1.0,-0.0));
#9644=DIRECTION('',(-1.0,-1.28102656687518E-16,0.0));
#9645=CARTESIAN_POINT('',(-3.525,-0.3,4.65));
#9646=DIRECTION('',(0.0,0.0,-1.0));
#9647=DIRECTION('',(-1.0,0.0,0.0));
#9648=CARTESIAN_POINT('',(-2.425,-0.3,4.65));
#9649=DIRECTION('',(1.28102656687518E-16,-1.0,-0.0));
#9650=DIRECTION('',(1.0,1.28102656687518E-16,0.0));
#9651=CARTESIAN_POINT('',(-3.525,-0.3,4.45));
#9652=DIRECTION('',(0.0,0.0,-1.0));
#9653=DIRECTION('',(-1.0,0.0,0.0));
#9654=DIRECTION('',(0.371390676342623,5.15408100008362E-17,0.928476690889852));
#9655=CARTESIAN_POINT('',(-3.525,-0.3,1.35));
#9656=DIRECTION('',(0.0,0.0,1.0));
#9657=DIRECTION('',(1.0,0.0,0.0));
#9658=DIRECTION('',(0.371390676342623,5.15408100008362E-17,-0.928476690889852));
#9659=CARTESIAN_POINT('',(-3.525,-0.3,1.85));
#9660=DIRECTION('',(0.0,0.0,1.0));
#9661=DIRECTION('',(1.0,0.0,0.0));
#9662=DIRECTION('',(-0.0,-0.0,1.0));
#9663=CARTESIAN_POINT('',(-3.525,-0.3,4.65));
#9664=DIRECTION('',(0.0,0.0,-1.0));
#9665=DIRECTION('',(-1.0,0.0,0.0));
#9666=DIRECTION('',(0.0,0.0,-1.0));
#9667=CARTESIAN_POINT('',(-3.525,-0.3,4.85));
#9668=DIRECTION('',(0.0,0.0,-1.0));
#9669=DIRECTION('',(-1.0,0.0,0.0));
#9670=DIRECTION('',(0.0,0.0,-1.0));
#9671=CARTESIAN_POINT('',(-3.525,-0.3,5.35));
#9672=DIRECTION('',(0.0,0.0,-1.0));
#9673=DIRECTION('',(-1.0,0.0,0.0));
#9674=DIRECTION('',(0.0,0.0,-1.0));
#9675=CARTESIAN_POINT('',(-3.525,-0.3,4.85));
#9676=DIRECTION('',(0.0,0.0,-1.0));
#9677=DIRECTION('',(-1.0,0.0,0.0));
#9678=DIRECTION('',(1.0,1.57384186328541E-16,0.0));
#9679=DIRECTION('',(0.0,0.0,-1.0));
#9680=DIRECTION('',(1.0,1.57384186328541E-16,0.0));
#9681=DIRECTION('',(0.0,0.0,-1.0));
#9682=DIRECTION('',(-1.0,-1.22409922699976E-16,0.0));
#9683=DIRECTION('',(-1.0,-1.22409922699976E-16,0.0));
#9684=CARTESIAN_POINT('',(-3.525,-0.3,4.85));
#9685=DIRECTION('',(0.0,0.0,-1.0));
#9686=DIRECTION('',(-1.0,0.0,0.0));
#9687=CARTESIAN_POINT('',(-3.525,-0.3,4.85));
#9688=DIRECTION('',(0.0,0.0,-1.0));
#9689=DIRECTION('',(-1.0,0.0,0.0));
#9690=CARTESIAN_POINT('',(-3.525,-0.3,5.35));
#9691=DIRECTION('',(0.0,0.0,-1.0));
#9692=DIRECTION('',(-1.0,0.0,0.0));
#9693=CARTESIAN_POINT('',(-3.525,-0.3,5.55));
#9694=DIRECTION('',(0.0,0.0,-1.0));
#9695=DIRECTION('',(-1.0,0.0,0.0));
#9696=CARTESIAN_POINT('',(-3.525,-0.3,1.35));
#9697=DIRECTION('',(0.0,0.0,1.0));
#9698=DIRECTION('',(1.0,0.0,0.0));
#9699=CARTESIAN_POINT('',(-3.525,-0.3,4.45));
#9700=DIRECTION('',(0.0,0.0,-1.0));
#9701=DIRECTION('',(-1.0,0.0,0.0));
#9702=CARTESIAN_POINT('',(-3.525,-0.3,4.45));
#9703=DIRECTION('',(0.0,0.0,-1.0));
#9704=DIRECTION('',(-1.0,0.0,0.0));
#9705=CARTESIAN_POINT('',(-3.525,-0.3,5.55));
#9706=DIRECTION('',(0.0,0.0,-1.0));
#9707=DIRECTION('',(-1.0,0.0,0.0));
#9708=DIRECTION('',(-0.0,-0.0,-1.0));
#9709=CARTESIAN_POINT('',(3.475,-0.3,4.45));
#9710=DIRECTION('',(0.0,0.0,-1.0));
#9711=DIRECTION('',(-1.0,0.0,0.0));
#9712=DIRECTION('',(0.0,0.0,1.0));
#9713=CARTESIAN_POINT('',(3.475,-0.3,1.85));
#9714=DIRECTION('',(0.0,0.0,1.0));
#9715=DIRECTION('',(1.0,0.0,0.0));
#9716=CARTESIAN_POINT('',(2.375,-0.3,4.65));
#9717=DIRECTION('',(1.28102656687518E-16,-1.0,-0.0));
#9718=DIRECTION('',(-1.0,-1.28102656687518E-16,0.0));
#9719=CARTESIAN_POINT('',(3.475,-0.3,4.65));
#9720=DIRECTION('',(0.0,0.0,-1.0));
#9721=DIRECTION('',(-1.0,0.0,0.0));
#9722=CARTESIAN_POINT('',(4.575,-0.3,4.65));
#9723=DIRECTION('',(1.28102656687518E-16,-1.0,-0.0));
#9724=DIRECTION('',(1.0,1.28102656687518E-16,0.0));
#9725=CARTESIAN_POINT('',(3.475,-0.3,4.45));
#9726=DIRECTION('',(0.0,0.0,-1.0));
#9727=DIRECTION('',(-1.0,0.0,0.0));
#9728=DIRECTION('',(0.371390676342623,5.15408100008362E-17,0.928476690889852));
#9729=CARTESIAN_POINT('',(3.475,-0.3,1.35));
#9730=DIRECTION('',(0.0,0.0,1.0));
#9731=DIRECTION('',(1.0,0.0,0.0));
#9732=DIRECTION('',(0.371390676342623,5.15408100008362E-17,-0.928476690889852));
#9733=CARTESIAN_POINT('',(3.475,-0.3,1.85));
#9734=DIRECTION('',(0.0,0.0,1.0));
#9735=DIRECTION('',(1.0,0.0,0.0));
#9736=DIRECTION('',(-0.0,-0.0,1.0));
#9737=CARTESIAN_POINT('',(3.475,-0.3,4.65));
#9738=DIRECTION('',(0.0,0.0,-1.0));
#9739=DIRECTION('',(-1.0,0.0,0.0));
#9740=DIRECTION('',(0.0,0.0,-1.0));
#9741=CARTESIAN_POINT('',(3.475,-0.3,4.85));
#9742=DIRECTION('',(0.0,0.0,-1.0));
#9743=DIRECTION('',(-1.0,0.0,0.0));
#9744=DIRECTION('',(0.0,0.0,-1.0));
#9745=CARTESIAN_POINT('',(3.475,-0.3,5.35));
#9746=DIRECTION('',(0.0,0.0,-1.0));
#9747=DIRECTION('',(-1.0,0.0,0.0));
#9748=DIRECTION('',(0.0,0.0,-1.0));
#9749=CARTESIAN_POINT('',(3.475,-0.3,4.85));
#9750=DIRECTION('',(0.0,0.0,-1.0));
#9751=DIRECTION('',(-1.0,0.0,0.0));
#9752=DIRECTION('',(1.0,1.57384186328541E-16,0.0));
#9753=DIRECTION('',(0.0,0.0,-1.0));
#9754=DIRECTION('',(1.0,1.57384186328541E-16,0.0));
#9755=DIRECTION('',(0.0,0.0,-1.0));
#9756=DIRECTION('',(-1.0,-1.22409922699976E-16,0.0));
#9757=DIRECTION('',(-1.0,-1.22409922699976E-16,0.0));
#9758=CARTESIAN_POINT('',(3.475,-0.3,4.85));
#9759=DIRECTION('',(0.0,0.0,-1.0));
#9760=DIRECTION('',(-1.0,0.0,0.0));
#9761=CARTESIAN_POINT('',(3.475,-0.3,4.85));
#9762=DIRECTION('',(0.0,0.0,-1.0));
#9763=DIRECTION('',(-1.0,0.0,0.0));
#9764=CARTESIAN_POINT('',(3.475,-0.3,5.35));
#9765=DIRECTION('',(0.0,0.0,-1.0));
#9766=DIRECTION('',(-1.0,0.0,0.0));
#9767=CARTESIAN_POINT('',(3.475,-0.3,5.55));
#9768=DIRECTION('',(0.0,0.0,-1.0));
#9769=DIRECTION('',(-1.0,0.0,0.0));
#9770=CARTESIAN_POINT('',(3.475,-0.3,1.35));
#9771=DIRECTION('',(0.0,0.0,1.0));
#9772=DIRECTION('',(1.0,0.0,0.0));
#9773=CARTESIAN_POINT('',(3.475,-0.3,4.45));
#9774=DIRECTION('',(0.0,0.0,-1.0));
#9775=DIRECTION('',(-1.0,0.0,0.0));
#9776=CARTESIAN_POINT('',(3.475,-0.3,4.45));
#9777=DIRECTION('',(0.0,0.0,-1.0));
#9778=DIRECTION('',(-1.0,0.0,0.0));
#9779=CARTESIAN_POINT('',(3.475,-0.3,5.55));
#9780=DIRECTION('',(0.0,0.0,-1.0));
#9781=DIRECTION('',(-1.0,0.0,0.0));
#9782=DIRECTION('',(-0.0,0.0,1.0));
#9783=CARTESIAN_POINT('',(-3.525,-0.3,3.75));
#9784=DIRECTION('',(0.0,0.0,1.0));
#9785=DIRECTION('',(1.0,0.0,0.0));
#9786=DIRECTION('',(0.0,0.0,-1.0));
#9787=CARTESIAN_POINT('',(-3.525,-0.3,5.55));
#9788=DIRECTION('',(0.0,0.0,-1.0));
#9789=DIRECTION('',(-1.0,0.0,0.0));
#9790=DIRECTION('',(-0.0,0.0,1.0));
#9791=CARTESIAN_POINT('',(-0.024999999999999,-0.3,3.75));
#9792=DIRECTION('',(0.0,0.0,1.0));
#9793=DIRECTION('',(1.0,0.0,0.0));
#9794=DIRECTION('',(0.0,0.0,-1.0));
#9795=CARTESIAN_POINT('',(-0.024999999999999,-0.3,5.55));
#9796=DIRECTION('',(0.0,0.0,-1.0));
#9797=DIRECTION('',(-1.0,0.0,0.0));
#9798=DIRECTION('',(-0.0,0.0,1.0));
#9799=CARTESIAN_POINT('',(3.475,-0.3,3.75));
#9800=DIRECTION('',(0.0,0.0,1.0));
#9801=DIRECTION('',(1.0,0.0,0.0));
#9802=DIRECTION('',(0.0,0.0,-1.0));
#9803=CARTESIAN_POINT('',(3.475,-0.3,5.55));
#9804=DIRECTION('',(0.0,0.0,-1.0));
#9805=DIRECTION('',(-1.0,0.0,0.0));
#9806=DIRECTION('',(-0.707106781188352,-7.85046229343891E-17,-0.707106781184743));
#9807=CARTESIAN_POINT('',(3.475,-0.3,3.75));
#9808=DIRECTION('',(0.0,0.0,1.0));
#9809=DIRECTION('',(1.0,0.0,0.0));
#9810=DIRECTION('',(-0.707106781188352,-7.85046229343891E-17,0.707106781184743));
#9811=CARTESIAN_POINT('',(3.475,-0.3,3.55));
#9812=DIRECTION('',(0.0,0.0,1.0));
#9813=DIRECTION('',(1.0,0.0,0.0));
#9814=DIRECTION('',(-0.707106781188352,-7.85046229343891E-17,-0.707106781184743));
#9815=CARTESIAN_POINT('',(-0.024999999999999,-0.3,3.75));
#9816=DIRECTION('',(0.0,0.0,1.0));
#9817=DIRECTION('',(1.0,0.0,0.0));
#9818=DIRECTION('',(-0.707106781188352,-7.85046229343891E-17,0.707106781184743));
#9819=CARTESIAN_POINT('',(-0.024999999999999,-0.3,3.55));
#9820=DIRECTION('',(0.0,0.0,1.0));
#9821=DIRECTION('',(1.0,0.0,0.0));
#9822=DIRECTION('',(-0.707106781188352,-7.85046229343891E-17,-0.707106781184743));
#9823=CARTESIAN_POINT('',(-3.525,-0.3,3.75));
#9824=DIRECTION('',(0.0,0.0,1.0));
#9825=DIRECTION('',(1.0,0.0,0.0));
#9826=DIRECTION('',(-0.707106781188352,-7.85046229343891E-17,0.707106781184743));
#9827=CARTESIAN_POINT('',(-3.525,-0.3,3.55));
#9828=DIRECTION('',(0.0,0.0,1.0));
#9829=DIRECTION('',(1.0,0.0,0.0));
#9830=DIRECTION('',(0.0,1.0,0.0));
#9831=DIRECTION('',(0.0,0.0,-1.0));
#9832=DIRECTION('',(0.0,1.0,0.0));
#9833=DIRECTION('',(0.0,0.0,-1.0));
#9834=DIRECTION('',(0.982872186934322,-0.184288535050184,0.0));
#9835=DIRECTION('',(0.0,0.0,-1.0));
#9836=DIRECTION('',(0.982872186934322,-0.184288535050184,0.0));
#9837=DIRECTION('',(-0.982872186934322,-0.184288535050185,0.0));
#9838=DIRECTION('',(-0.982872186934322,-0.184288535050185,0.0));
#9839=DIRECTION('',(0.0,0.0,-1.0));
#9840=DIRECTION('',(0.0,-1.0,0.0));
#9841=DIRECTION('',(0.0,0.0,-1.0));
#9842=DIRECTION('',(0.0,1.0,0.0));
#9843=DIRECTION('',(0.0,8.67361737988404E-17,-1.0));
#9844=DIRECTION('',(0.0,-1.0,0.0));
#9845=DIRECTION('',(0.0,-0.196116135138184,-0.98058067569092));
#9846=DIRECTION('',(0.0,-1.0,-2.06514699521048E-16));
#9847=DIRECTION('',(0.0,-0.358979079308869,0.93334560620306));
#9848=DIRECTION('',(0.0,-1.0,4.81867632215781E-16));
#9849=DIRECTION('',(0.0,-1.47010464065831E-16,1.0));
#9850=DIRECTION('',(0.0,1.0,0.0));
#9851=DIRECTION('',(0.0,0.0,-1.0));
#9852=DIRECTION('',(0.0,-1.0,0.0));
#9853=DIRECTION('',(0.0,0.0,-1.0));
#9854=DIRECTION('',(0.0,1.0,0.0));
#9855=DIRECTION('',(0.0,0.0,-1.0));
#9856=DIRECTION('',(0.0,1.0,0.0));
#9857=DIRECTION('',(1.0,0.0,0.0));
#9858=DIRECTION('',(0.0,-1.0,0.0));
#9859=DIRECTION('',(-1.0,0.0,0.0));
#9860=CARTESIAN_POINT('',(3.475,-0.3,3.55));
#9861=DIRECTION('',(0.0,0.0,1.0));
#9862=DIRECTION('',(1.0,0.0,0.0));
#9863=DIRECTION('',(-1.0,0.0,0.0));
#9864=DIRECTION('',(0.0,-0.196116135138184,-0.98058067569092));
#9865=DIRECTION('',(-1.0,0.0,0.0));
#9866=DIRECTION('',(0.0,-1.0,-2.06514699521048E-16));
#9867=DIRECTION('',(-1.0,0.0,0.0));
#9868=CARTESIAN_POINT('',(-0.024999999999999,-0.3,5.55));
#9869=DIRECTION('',(0.0,0.0,-1.0));
#9870=DIRECTION('',(-1.0,0.0,0.0));
#9871=CARTESIAN_POINT('',(-3.525,-0.3,5.55));
#9872=DIRECTION('',(0.0,0.0,-1.0));
#9873=DIRECTION('',(-1.0,0.0,0.0));
#9874=CARTESIAN_POINT('',(3.475,-0.3,5.55));
#9875=DIRECTION('',(0.0,0.0,-1.0));
#9876=DIRECTION('',(-1.0,0.0,0.0));
#9877=DIRECTION('',(0.0,-0.358979079308869,0.93334560620306));
#9878=DIRECTION('',(-1.0,0.0,0.0));
#9879=DIRECTION('',(1.0,0.0,0.0));
#9880=DIRECTION('',(-1.0,0.0,0.0));
#9881=DIRECTION('',(1.0,0.0,0.0));
#9882=DIRECTION('',(-1.0,0.0,0.0));
#9883=DIRECTION('',(1.0,0.0,0.0));
#9884=DIRECTION('',(-1.0,0.0,0.0));
#9885=DIRECTION('',(-1.0,0.0,0.0));
#9886=DIRECTION('',(-0.5,0.866025403784439,-4.17309610760323E-16));
#9887=DIRECTION('',(0.0,-1.0,4.81867632215781E-16));
#9888=DIRECTION('',(-1.0,0.0,0.0));
#9889=DIRECTION('',(0.0,4.81867632215781E-16,1.0));
#9890=DIRECTION('',(-1.0,0.0,0.0));
#9891=DIRECTION('',(0.0,4.81867632215781E-16,1.0));
#9892=DIRECTION('',(0.0,-1.47010464065831E-16,1.0));
#9893=DIRECTION('',(-1.0,0.0,0.0));
#9894=DIRECTION('',(-1.0,0.0,0.0));
#9895=DIRECTION('',(0.0,4.81867632215781E-16,1.0));
#9896=DIRECTION('',(-1.0,0.0,0.0));
#9897=DIRECTION('',(0.0,4.81867632215781E-16,1.0));
#9898=DIRECTION('',(-1.0,0.0,0.0));
#9899=DIRECTION('',(0.0,4.81867632215781E-16,1.0));
#9900=DIRECTION('',(-1.0,0.0,0.0));
#9901=DIRECTION('',(0.0,4.81867632215781E-16,1.0));
#9902=DIRECTION('',(0.0,1.0,0.0));
#9903=DIRECTION('',(0.982872186934322,-0.184288535050184,0.0));
#9904=DIRECTION('',(0.0,1.0,0.0));
#9905=DIRECTION('',(-0.982872186934322,-0.184288535050184,0.0));
#9906=DIRECTION('',(0.0,1.0,0.0));
#9907=DIRECTION('',(-1.0,0.0,0.0));
#9908=DIRECTION('',(0.0,1.0,0.0));
#9909=DIRECTION('',(-1.0,0.0,0.0));
#9910=DIRECTION('',(0.0,-1.0,0.0));
#9911=DIRECTION('',(-1.0,9.07574367144948E-17,0.0));
#9912=DIRECTION('',(0.0,-1.0,0.0));
#9913=DIRECTION('',(1.0,0.0,0.0));
#9914=DIRECTION('',(0.0,1.0,0.0));
#9915=DIRECTION('',(-1.0,9.07574367144948E-17,0.0));
#9916=DIRECTION('',(0.0,1.0,0.0));
#9917=DIRECTION('',(-1.0,0.0,0.0));
#9918=DIRECTION('',(0.0,-1.0,0.0));
#9919=DIRECTION('',(-1.0,0.0,0.0));
#9920=DIRECTION('',(0.0,1.0,0.0));
#9921=DIRECTION('',(-1.0,0.0,0.0));
#9922=DIRECTION('',(0.0,-1.0,0.0));
#9923=DIRECTION('',(-1.0,9.07574367144948E-17,0.0));
#9924=DIRECTION('',(0.0,-1.0,0.0));
#9925=DIRECTION('',(1.0,0.0,0.0));
#9926=DIRECTION('',(0.0,1.0,0.0));
#9927=DIRECTION('',(-1.0,9.07574367144948E-17,0.0));
#9928=DIRECTION('',(0.0,1.0,0.0));
#9929=DIRECTION('',(-1.0,0.0,0.0));
#9930=DIRECTION('',(0.0,-1.0,0.0));
#9931=DIRECTION('',(-1.0,0.0,0.0));
#9932=DIRECTION('',(0.0,1.0,0.0));
#9933=DIRECTION('',(-1.0,0.0,0.0));
#9934=DIRECTION('',(0.0,-1.0,0.0));
#9935=DIRECTION('',(-1.0,9.07574367144948E-17,0.0));
#9936=DIRECTION('',(0.0,-1.0,0.0));
#9937=DIRECTION('',(1.0,0.0,0.0));
#9938=DIRECTION('',(0.0,1.0,0.0));
#9939=DIRECTION('',(-1.0,9.07574367144948E-17,0.0));
#9940=DIRECTION('',(0.0,1.0,0.0));
#9941=DIRECTION('',(-1.0,0.0,0.0));
#9942=DIRECTION('',(0.0,-1.0,0.0));
#9943=DIRECTION('',(-1.0,0.0,0.0));
#9944=DIRECTION('',(-0.982872186934322,-0.184288535050185,0.0));
#9945=DIRECTION('',(0.0,1.0,0.0));
#9946=DIRECTION('',(0.982872186934322,-0.184288535050185,0.0));
#9947=DIRECTION('',(-0.982872186934322,-0.184288535050186,0.0));
#9948=DIRECTION('',(0.0,1.0,0.0));
#9949=DIRECTION('',(0.982872186934322,-0.184288535050185,0.0));
#9950=DIRECTION('',(0.0,1.0,0.0));
#9951=DIRECTION('',(-1.0,0.0,0.0));
#9952=DIRECTION('',(-1.0,0.0,0.0));
#9953=DIRECTION('',(-1.0,0.0,0.0));
#9954=DIRECTION('',(0.0,8.67361737988404E-17,-1.0));
#9955=DIRECTION('',(-1.0,0.0,0.0));
#9956=DIRECTION('',(1.0,0.0,0.0));
#9957=DIRECTION('',(0.0,8.67361737988404E-17,-1.0));
#9958=DIRECTION('',(-1.0,1.39317848986345E-32,-1.60622544071926E-16));
#9959=DIRECTION('',(0.0,-8.67361737988404E-17,1.0));
#9960=DIRECTION('',(1.0,0.0,0.0));
#9961=DIRECTION('',(0.0,8.67361737988404E-17,-1.0));
#9962=DIRECTION('',(-1.0,1.39317848986345E-32,-1.60622544071926E-16));
#9963=DIRECTION('',(0.0,-8.67361737988404E-17,1.0));
#9964=DIRECTION('',(1.0,0.0,0.0));
#9965=DIRECTION('',(0.0,8.67361737988404E-17,-1.0));
#9966=DIRECTION('',(-1.0,1.39317848986345E-32,-1.60622544071926E-16));
#9967=DIRECTION('',(0.0,-8.67361737988404E-17,1.0));
#9968=DIRECTION('',(0.0,-1.0,0.0));
#9969=DIRECTION('',(-0.276818266179133,0.719727492065747,-0.636682012212006));
#9970=DIRECTION('',(0.0,0.0,1.0));
#9971=DIRECTION('',(0.276818266179134,-0.719727492065746,-0.636682012212006));
#9972=DIRECTION('',(0.276818266179134,0.719727492065746,0.636682012212006));
#9973=DIRECTION('',(0.0,0.0,-1.0));
#9974=DIRECTION('',(-0.276818266179134,-0.719727492065746,0.636682012212006));
#9975=DIRECTION('',(-1.0,0.0,0.0));
#9976=DIRECTION('',(1.0,0.0,1.60622544071926E-16));
#9977=CARTESIAN_POINT('',(-3.525,-0.3,3.55));
#9978=DIRECTION('',(0.0,0.0,1.0));
#9979=DIRECTION('',(1.0,0.0,0.0));
#9980=DIRECTION('',(0.0,-0.7926239891046,-0.609710760849693));
#9981=DIRECTION('',(-1.0,0.0,0.0));
#9982=DIRECTION('',(0.0,0.7926239891046,0.609710760849693));
#9983=DIRECTION('',(-0.276818266179133,0.719727492065747,-0.636682012212006));
#9984=DIRECTION('',(0.0,0.0,1.0));
#9985=DIRECTION('',(0.276818266179133,-0.719727492065746,-0.636682012212007));
#9986=DIRECTION('',(0.276818266179133,0.719727492065746,0.636682012212007));
#9987=DIRECTION('',(0.0,0.0,-1.0));
#9988=DIRECTION('',(-0.276818266179133,-0.719727492065747,0.636682012212006));
#9989=DIRECTION('',(-1.0,0.0,0.0));
#9990=DIRECTION('',(1.0,0.0,1.60622544071926E-16));
#9991=CARTESIAN_POINT('',(-0.024999999999999,-0.3,3.55));
#9992=DIRECTION('',(0.0,0.0,1.0));
#9993=DIRECTION('',(1.0,0.0,0.0));
#9994=DIRECTION('',(0.0,-0.7926239891046,-0.609710760849693));
#9995=DIRECTION('',(-1.0,0.0,0.0));
#9996=DIRECTION('',(0.0,0.7926239891046,0.609710760849693));
#9997=DIRECTION('',(-0.276818266179133,0.719727492065747,-0.636682012212006));
#9998=DIRECTION('',(0.0,0.0,1.0));
#9999=DIRECTION('',(0.276818266179133,-0.719727492065746,-0.636682012212006));
#10000=DIRECTION('',(0.276818266179133,0.719727492065746,0.636682012212007));
#10001=DIRECTION('',(0.0,0.0,-1.0));
#10002=DIRECTION('',(-0.276818266179133,-0.719727492065747,0.636682012212006));
#10003=DIRECTION('',(-1.0,0.0,0.0));
#10004=DIRECTION('',(1.0,0.0,1.60622544071926E-16));
#10005=DIRECTION('',(0.0,-0.7926239891046,-0.609710760849693));
#10006=DIRECTION('',(-1.0,0.0,0.0));
#10007=DIRECTION('',(0.0,0.7926239891046,0.609710760849693));
#10008=DIRECTION('',(-1.0,9.07574367144948E-17,0.0));
#10009=DIRECTION('',(0.0,1.0,0.0));
#10010=DIRECTION('',(1.0,0.0,0.0));
#10011=DIRECTION('',(0.0,-1.0,0.0));
#10012=DIRECTION('',(0.0,0.0,-1.0));
#10013=DIRECTION('',(0.0,4.81867632215781E-16,1.0));
#10014=DIRECTION('',(0.0,0.0,-1.0));
#10015=DIRECTION('',(1.0,0.0,0.0));
#10016=DIRECTION('',(0.0,0.0,-1.0));
#10017=DIRECTION('',(0.0,4.81867632215781E-16,1.0));
#10018=DIRECTION('',(0.0,0.0,-1.0));
#10019=DIRECTION('',(0.0,0.0,-1.0));
#10020=DIRECTION('',(1.0,0.0,0.0));
#10021=DIRECTION('',(0.0,0.0,-1.0));
#10022=DIRECTION('',(-1.0,0.0,0.0));
#10023=DIRECTION('',(0.0,1.0,0.0));
#10024=DIRECTION('',(0.0,-1.0,0.0));
#10025=DIRECTION('',(0.0,0.0,-1.0));
#10026=DIRECTION('',(0.0,0.0,-1.0));
#10027=DIRECTION('',(-0.5,0.866025403784439,-4.17309610760323E-16));
#10028=DIRECTION('',(-0.5,-0.866025403784439,4.17309610760323E-16));
#10029=DIRECTION('',(0.0,4.81867632215781E-16,1.0));
#10030=DIRECTION('',(0.0,4.81867632215781E-16,1.0));
#10031=DIRECTION('',(-0.5,-0.866025403784439,4.17309610760323E-16));
#10032=DIRECTION('',(0.0,0.0,-1.0));
#10033=DIRECTION('',(0.0,0.0,-1.0));
#10034=DIRECTION('',(0.0,0.0,-1.0));
#10035=DIRECTION('',(0.0,0.0,-1.0));
#10036=DIRECTION('',(-1.0,9.07574367144948E-17,0.0));
#10037=DIRECTION('',(0.0,1.0,0.0));
#10038=DIRECTION('',(1.0,0.0,0.0));
#10039=DIRECTION('',(0.0,-1.0,0.0));
#10040=DIRECTION('',(0.0,0.0,-1.0));
#10041=DIRECTION('',(0.0,4.81867632215781E-16,1.0));
#10042=DIRECTION('',(0.0,0.0,-1.0));
#10043=DIRECTION('',(1.0,0.0,0.0));
#10044=DIRECTION('',(0.0,0.0,-1.0));
#10045=DIRECTION('',(0.0,4.81867632215781E-16,1.0));
#10046=DIRECTION('',(0.0,0.0,-1.0));
#10047=DIRECTION('',(0.0,0.0,-1.0));
#10048=DIRECTION('',(1.0,0.0,0.0));
#10049=DIRECTION('',(0.0,0.0,-1.0));
#10050=DIRECTION('',(-1.0,0.0,0.0));
#10051=DIRECTION('',(0.0,1.0,0.0));
#10052=DIRECTION('',(0.0,-1.0,0.0));
#10053=DIRECTION('',(0.0,0.0,-1.0));
#10054=DIRECTION('',(0.0,0.0,-1.0));
#10055=DIRECTION('',(-0.5,0.866025403784439,-4.17309610760323E-16));
#10056=DIRECTION('',(-0.5,-0.866025403784439,4.17309610760323E-16));
#10057=DIRECTION('',(-0.5,0.866025403784439,-4.17309610760323E-16));
#10058=DIRECTION('',(0.0,4.81867632215781E-16,1.0));
#10059=DIRECTION('',(0.0,4.81867632215781E-16,1.0));
#10060=DIRECTION('',(-0.5,-0.866025403784439,4.17309610760323E-16));
#10061=DIRECTION('',(0.0,1.0,0.0));
#10062=DIRECTION('',(1.0,0.0,0.0));
#10063=DIRECTION('',(0.0,-1.0,0.0));
#10064=DIRECTION('',(-1.0,0.0,0.0));
#10065=DIRECTION('',(0.0,0.0,-1.0));
#10066=DIRECTION('',(0.0,0.0,-1.0));
#10067=DIRECTION('',(0.0,0.0,-1.0));
#10068=DIRECTION('',(0.0,0.0,-1.0));
#10069=DIRECTION('',(-1.0,9.07574367144948E-17,0.0));
#10070=DIRECTION('',(0.0,1.0,0.0));
#10071=DIRECTION('',(1.0,0.0,0.0));
#10072=DIRECTION('',(0.0,-1.0,0.0));
#10073=DIRECTION('',(0.0,0.0,-1.0));
#10074=DIRECTION('',(0.0,4.81867632215781E-16,1.0));
#10075=DIRECTION('',(0.0,0.0,-1.0));
#10076=DIRECTION('',(1.0,0.0,0.0));
#10077=DIRECTION('',(0.0,0.0,-1.0));
#10078=DIRECTION('',(0.0,4.81867632215781E-16,1.0));
#10079=DIRECTION('',(0.0,0.0,-1.0));
#10080=DIRECTION('',(0.0,0.0,-1.0));
#10081=DIRECTION('',(1.0,0.0,0.0));
#10082=DIRECTION('',(0.0,0.0,-1.0));
#10083=DIRECTION('',(-1.0,0.0,0.0));
#10084=DIRECTION('',(0.0,1.0,0.0));
#10085=DIRECTION('',(0.0,-1.0,0.0));
#10086=DIRECTION('',(0.0,0.0,-1.0));
#10087=DIRECTION('',(0.0,0.0,-1.0));
#10088=DIRECTION('',(-0.5,0.866025403784439,-4.17309610760323E-16));
#10089=DIRECTION('',(-0.5,-0.866025403784439,4.17309610760323E-16));
#10090=DIRECTION('',(-0.5,0.866025403784439,-4.17309610760323E-16));
#10091=DIRECTION('',(0.0,4.81867632215781E-16,1.0));
#10092=DIRECTION('',(0.0,4.81867632215781E-16,1.0));
#10093=DIRECTION('',(-0.5,-0.866025403784439,4.17309610760323E-16));
#10094=DIRECTION('',(0.0,1.0,0.0));
#10095=DIRECTION('',(1.0,0.0,0.0));
#10096=DIRECTION('',(0.0,-1.0,0.0));
#10097=DIRECTION('',(-1.0,0.0,0.0));
#10098=DIRECTION('',(0.0,0.0,-1.0));
#10099=DIRECTION('',(0.0,0.0,-1.0));
#10100=DIRECTION('',(0.0,0.0,-1.0));
#10101=DIRECTION('',(0.0,0.0,-1.0));
#10102=DIRECTION('',(0.0,-1.0,0.0));
#10103=DIRECTION('',(0.0,0.0,-1.0));
#10104=DIRECTION('',(0.0,-1.0,0.0));
#10105=DIRECTION('',(0.0,0.0,-1.0));
#10106=DIRECTION('',(0.0,0.0,-1.0));
#10107=DIRECTION('',(0.0,1.0,0.0));
#10108=DIRECTION('',(0.0,0.0,-1.0));
#10109=DIRECTION('',(0.982872186934322,-0.184288535050184,0.0));
#10110=DIRECTION('',(-0.982872186934322,-0.184288535050184,0.0));
#10111=DIRECTION('',(-0.982872186934322,-0.184288535050186,0.0));
#10112=DIRECTION('',(0.0,0.0,-1.0));
#10113=DIRECTION('',(0.0,1.0,0.0));
#10114=DIRECTION('',(0.0,0.0,-1.0));
#10115=DIRECTION('',(0.982872186934322,-0.184288535050185,0.0));
#10116=DIRECTION('',(-0.982872186934322,-0.184288535050185,0.0));
#10117=DIRECTION('',(0.0,0.0,-1.0));
#10118=DIRECTION('',(0.0,1.0,0.0));
#10119=DIRECTION('',(0.0,0.0,-1.0));
#10120=DIRECTION('',(0.982872186934322,-0.184288535050185,0.0));
ENDSEC;
END-ISO-10303-21;
