ISO-10303-21;
HEADER;
FILE_DESCRIPTION (( 'STEP AP214' ),
    '1' );
FILE_NAME ('MLX90376GGO-ABA-600-RE.STEP',
    '2024-07-04T05:47:30',
    ( 'LENOVO' ),
    ( '' ),
    'SwSTEP 2.0',
    'SolidWorks 2021',
    '' );
FILE_SCHEMA (( 'AUTOMOTIVE_DESIGN' ));
ENDSEC;

DATA;
#1 = ORIENTED_EDGE ( 'NONE', *, *, #3552, .T. ) ;
#2 = ADVANCED_FACE ( 'NONE', ( #3221 ), #3556, .F. ) ;
#3 = DIRECTION ( 'NONE',  ( 0.000000000000000000, -0.000000000000000000, 1.000000000000000000 ) ) ;
#4 = DIRECTION ( 'NONE',  ( 0.9975640502598243087, -0.06975647374412477508, 0.000000000000000000 ) ) ;
#5 = VERTEX_POINT ( 'NONE', #3377 ) ;
#6 = LINE ( 'NONE', #467, #5035 ) ;
#7 = ORIENTED_EDGE ( 'NONE', *, *, #3584, .T. ) ;
#8 = DIRECTION ( 'NONE',  ( -0.000000000000000000, -0.000000000000000000, -1.000000000000000000 ) ) ;
#9 = PLANE ( 'NONE',  #3925 ) ;
#10 = DIRECTION ( 'NONE',  ( -0.000000000000000000, -1.000000000000000000, -0.000000000000000000 ) ) ;
#11 = ORIENTED_EDGE ( 'NONE', *, *, #2713, .T. ) ;
#12 = ORIENTED_EDGE ( 'NONE', *, *, #2457, .T. ) ;
#13 = DIRECTION ( 'NONE',  ( 0.2588190451025209060, -0.9659258262890683122, 0.000000000000000000 ) ) ;
#14 = AXIS2_PLACEMENT_3D ( 'NONE', #1154, #7220, #3574 ) ;
#15 = CARTESIAN_POINT ( 'NONE',  ( -2.200000000000000622, 0.6975000000000013411, -2.152500000000000302 ) ) ;
#16 = ORIENTED_EDGE ( 'NONE', *, *, #168, .F. ) ;
#17 = EDGE_CURVE ( 'NONE', #2957, #1375, #660, .T. ) ;
#18 = DIRECTION ( 'NONE',  ( -1.000000000000000000, 0.000000000000000000, 0.000000000000000000 ) ) ;
#19 = FACE_OUTER_BOUND ( 'NONE', #7595, .T. ) ;
#20 = PRESENTATION_LAYER_ASSIGNMENT (  '', '', ( #5405 ) ) ;
#21 = PLANE ( 'NONE',  #152 ) ;
#22 = ORIENTED_EDGE ( 'NONE', *, *, #3805, .F. ) ;
#23 = CARTESIAN_POINT ( 'NONE',  ( -2.200000000000000622, 0.6975000000000013411, 2.500000000000001332 ) ) ;
#24 = DIRECTION ( 'NONE',  ( 0.000000000000000000, -0.000000000000000000, -1.000000000000000000 ) ) ;
#25 = CARTESIAN_POINT ( 'NONE',  ( -3.199999999999999734, 0.1446467872876750493, 1.747499999999999387 ) ) ;
#26 = CARTESIAN_POINT ( 'NONE',  ( -3.199999999999999734, 0.1446467872876750493, -0.4475000000000003975 ) ) ;
#27 = LINE ( 'NONE', #2808, #2505 ) ;
#28 = SURFACE_SIDE_STYLE ('',( #3685 ) ) ;
#29 = ORIENTED_EDGE ( 'NONE', *, *, #6089, .F. ) ;
#30 = DIRECTION ( 'NONE',  ( -0.000000000000000000, -0.000000000000000000, -1.000000000000000000 ) ) ;
#31 = FACE_OUTER_BOUND ( 'NONE', #3423, .T. ) ;
#32 = EDGE_CURVE ( 'NONE', #4119, #1850, #3338, .T. ) ;
#33 = EDGE_CURVE ( 'NONE', #6103, #3457, #3386, .T. ) ;
#34 = DIRECTION ( 'NONE',  ( 0.2588190451025186856, 0.9659258262890688673, -0.000000000000000000 ) ) ;
#35 = ADVANCED_FACE ( 'NONE', ( #620 ), #3351, .F. ) ;
#36 = AXIS2_PLACEMENT_3D ( 'NONE', #624, #1324, #3503 ) ;
#37 = EDGE_LOOP ( 'NONE', ( #6731, #5777, #3817, #6350 ) ) ;
#38 =( NAMED_UNIT ( * ) PLANE_ANGLE_UNIT ( ) SI_UNIT ( $, .RADIAN. ) );
#39 = ORIENTED_EDGE ( 'NONE', *, *, #3597, .F. ) ;
#40 = EDGE_CURVE ( 'NONE', #1426, #1383, #5870, .T. ) ;
#41 = DIRECTION ( 'NONE',  ( -0.000000000000000000, -0.000000000000000000, -1.000000000000000000 ) ) ;
#42 = CARTESIAN_POINT ( 'NONE',  ( -3.199999999999999734, 0.1446467872876750493, -0.2025000000000004297 ) ) ;
#43 =( LENGTH_UNIT ( ) NAMED_UNIT ( * ) SI_UNIT ( .MILLI., .METRE. ) );
#44 = VECTOR ( 'NONE', #5162, 1000.000000000000000 ) ;
#45 = DIRECTION ( 'NONE',  ( 0.06975647374412488610, -0.9975640502598243087, 0.000000000000000000 ) ) ;
#46 = DIRECTION ( 'NONE',  ( -0.000000000000000000, -0.000000000000000000, -1.000000000000000000 ) ) ;
#47 = ORIENTED_EDGE ( 'NONE', *, *, #6554, .T. ) ;
#48 = ADVANCED_FACE ( 'NONE', ( #540 ), #5127, .T. ) ;
#49 = ORIENTED_EDGE ( 'NONE', *, *, #7134, .F. ) ;
#50 = CARTESIAN_POINT ( 'NONE',  ( 2.469350262772739502, 0.4372871566690347822, 2.152499999999999858 ) ) ;
#51 = VECTOR ( 'NONE', #2543, 1000.000000000000000 ) ;
#52 = EDGE_CURVE ( 'NONE', #6780, #3182, #5803, .T. ) ;
#53 = CARTESIAN_POINT ( 'NONE',  ( 2.609409507584654175, 0.4748159182089002894, 0.4474999999999995648 ) ) ;
#54 = CARTESIAN_POINT ( 'NONE',  ( -2.200000000000000622, 0.5525000000000013234, 2.152499999999999858 ) ) ;
#55 = EDGE_CURVE ( 'NONE', #6017, #7391, #3142, .T. ) ;
#56 = ORIENTED_EDGE ( 'NONE', *, *, #2846, .T. ) ;
#57 = DIRECTION ( 'NONE',  ( -1.000000000000000000, 0.000000000000000000, 0.000000000000000000 ) ) ;
#58 = CARTESIAN_POINT ( 'NONE',  ( 2.200000000000000622, 0.6975000000000013411, -2.397500000000000409 ) ) ;
#59 = VECTOR ( 'NONE', #6256, 1000.000000000000114 ) ;
#60 = ADVANCED_FACE ( 'NONE', ( #3369 ), #638, .T. ) ;
#61 = DIRECTION ( 'NONE',  ( -0.000000000000000000, -0.000000000000000000, -1.000000000000000000 ) ) ;
#62 = LINE ( 'NONE', #6689, #5284 ) ;
#63 = AXIS2_PLACEMENT_3D ( 'NONE', #3596, #5257, #7184 ) ;
#64 = DIRECTION ( 'NONE',  ( 0.000000000000000000, -1.000000000000000000, 0.000000000000000000 ) ) ;
#65 = EDGE_CURVE ( 'NONE', #1375, #4029, #491, .T. ) ;
#66 = ORIENTED_EDGE ( 'NONE', *, *, #6658, .T. ) ;
#67 = VECTOR ( 'NONE', #1471, 1000.000000000000000 ) ;
#68 = PLANE ( 'NONE',  #7525 ) ;
#69 = CARTESIAN_POINT ( 'NONE',  ( -2.200000000000000622, 0.5525000000000013234, 1.747499999999999387 ) ) ;
#70 = AXIS2_PLACEMENT_3D ( 'NONE', #7401, #3903, #1378 ) ;
#71 = DIRECTION ( 'NONE',  ( -0.000000000000000000, -0.000000000000000000, -1.000000000000000000 ) ) ;
#72 = DIRECTION ( 'NONE',  ( -0.9975640502598243087, 0.06975647374412477508, 0.000000000000000000 ) ) ;
#73 = CARTESIAN_POINT ( 'NONE',  ( 2.609409507584654175, 0.4748159182089002894, 0.4474999999999995648 ) ) ;
#74 = LINE ( 'NONE', #3109, #131 ) ;
#75 = VERTEX_POINT ( 'NONE', #4348 ) ;
#76 = EDGE_CURVE ( 'NONE', #5375, #590, #3268, .T. ) ;
#77 = VECTOR ( 'NONE', #6895, 1000.000000000000114 ) ;
#78 = SURFACE_STYLE_FILL_AREA ( #242 ) ;
#79 = PLANE ( 'NONE',  #5644 ) ;
#80 = CARTESIAN_POINT ( 'NONE',  ( -2.319201962066644640, 0.5525000000000012124, -0.8525000000000003686 ) ) ;
#81 = PLANE ( 'NONE',  #1377 ) ;
#82 = VECTOR ( 'NONE', #2410, 1000.000000000000000 ) ;
#83 = DIRECTION ( 'NONE',  ( 0.000000000000000000, 0.000000000000000000, 1.000000000000000000 ) ) ;
#84 = DIRECTION ( 'NONE',  ( 1.000000000000000000, 0.000000000000000000, 0.000000000000000000 ) ) ;
#85 = DIRECTION ( 'NONE',  ( 1.000000000000000000, 0.000000000000000000, 0.000000000000000000 ) ) ;
#86 = ADVANCED_FACE ( 'NONE', ( #5887 ), #7158, .F. ) ;
#87 = AXIS2_PLACEMENT_3D ( 'NONE', #290, #3947, #1976 ) ;
#88 = ORIENTED_EDGE ( 'NONE', *, *, #4754, .F. ) ;
#89 = PLANE ( 'NONE',  #7260 ) ;
#90 = CIRCLE ( 'NONE', #2588, 0.1554449592500702360 ) ;
#91 = PLANE ( 'NONE',  #462 ) ;
#92 = ORIENTED_EDGE ( 'NONE', *, *, #4289, .F. ) ;
#93 = CARTESIAN_POINT ( 'NONE',  ( 2.199999999999998401, 0.6975000000000013411, -2.499999999999995115 ) ) ;
#94 = CARTESIAN_POINT ( 'NONE',  ( -2.319201962066644640, 0.6975000000000013411, -0.2025000000000004297 ) ) ;
#95 = CIRCLE ( 'NONE', #6398, 0.3004449592500699762 ) ;
#96 = AXIS2_PLACEMENT_3D ( 'NONE', #5670, #6265, #1429 ) ;
#97 = PLANE ( 'NONE',  #4233 ) ;
#98 = ORIENTED_EDGE ( 'NONE', *, *, #2824, .T. ) ;
#99 = AXIS2_PLACEMENT_3D ( 'NONE', #7292, #4389, #607 ) ;
#100 = CYLINDRICAL_SURFACE ( 'NONE', #1735, 0.1554449592500702360 ) ;
#101 = DIRECTION ( 'NONE',  ( -0.000000000000000000, -0.000000000000000000, -1.000000000000000000 ) ) ;
#102 = CARTESIAN_POINT ( 'NONE',  ( 2.609409507584654175, 0.4748159182089002894, -1.747500000000000275 ) ) ;
#103 = ADVANCED_FACE ( 'NONE', ( #585 ), #1571, .F. ) ;
#104 = VERTEX_POINT ( 'NONE', #2167 ) ;
#105 = AXIS2_PLACEMENT_3D ( 'NONE', #7470, #846, #6057 ) ;
#106 = DIRECTION ( 'NONE',  ( 0.9975640502598243087, 0.06975647374412477508, -0.000000000000000000 ) ) ;
#107 = DIRECTION ( 'NONE',  ( 0.000000000000000000, 0.000000000000000000, 1.000000000000000000 ) ) ;
#108 = VECTOR ( 'NONE', #2149, 1000.000000000000000 ) ;
#109 = DIRECTION ( 'NONE',  ( -0.9975640502598243087, 0.06975647374412477508, 0.000000000000000000 ) ) ;
#110 = UNCERTAINTY_MEASURE_WITH_UNIT (LENGTH_MEASURE( 1.000000000000000082E-05 ), #6568, 'distance_accuracy_value', 'NONE');
#111 = DIRECTION ( 'NONE',  ( -0.9781476007338055778, -0.2079116908177597867, 8.484078029816613514E-17 ) ) ;
#112 = ORIENTED_EDGE ( 'NONE', *, *, #2607, .F. ) ;
#113 = CARTESIAN_POINT ( 'NONE',  ( 2.469350262772739057, 0.4372871566690347267, 1.097499999999999476 ) ) ;
#114 = DIRECTION ( 'NONE',  ( -0.2588190451025209060, 0.9659258262890683122, 0.000000000000000000 ) ) ;
#115 = CARTESIAN_POINT ( 'NONE',  ( -2.809741250672937785, 0.3277608774589687579, 2.397499999999999964 ) ) ;
#116 = EDGE_CURVE ( 'NONE', #822, #3959, #3125, .T. ) ;
#117 = ORIENTED_EDGE ( 'NONE', *, *, #5192, .T. ) ;
#118 = ADVANCED_FACE ( 'NONE', ( #5925 ), #3381, .F. ) ;
#119 = DIRECTION ( 'NONE',  ( -0.06975647374412523305, -0.9975640502598241977, 0.000000000000000000 ) ) ;
#120 = AXIS2_PLACEMENT_3D ( 'NONE', #6186, #6126, #2421 ) ;
#121 = LINE ( 'NONE', #1596, #2741 ) ;
#122 = EDGE_CURVE ( 'NONE', #2189, #395, #838, .T. ) ;
#123 = EDGE_CURVE ( 'NONE', #7769, #1210, #1076, .T. ) ;
#124 = ORIENTED_EDGE ( 'NONE', *, *, #4181, .F. ) ;
#125 = FACE_OUTER_BOUND ( 'NONE', #3707, .T. ) ;
#126 = SURFACE_SIDE_STYLE ('',( #7589 ) ) ;
#127 = DIRECTION ( 'NONE',  ( 0.9975640502598243087, 0.06975647374412477508, -0.000000000000000000 ) ) ;
#128 = ORIENTED_EDGE ( 'NONE', *, *, #7185, .T. ) ;
#129 = DIRECTION ( 'NONE',  ( -0.2079116908177597867, -0.9781476007338055778, 0.000000000000000000 ) ) ;
#130 = CARTESIAN_POINT ( 'NONE',  ( 2.319201962066644640, 0.3970550407499311429, -0.2025000000000004297 ) ) ;
#131 = VECTOR ( 'NONE', #1956, 1000.000000000000227 ) ;
#132 = DIRECTION ( 'NONE',  ( 0.9975640502598243087, 0.06975647374412488610, 0.000000000000000000 ) ) ;
#133 = EDGE_CURVE ( 'NONE', #4592, #4569, #3625, .T. ) ;
#134 = PLANE ( 'NONE',  #5775 ) ;
#135 = DIRECTION ( 'NONE',  ( -0.000000000000000000, -1.000000000000000000, -0.000000000000000000 ) ) ;
#136 = EDGE_CURVE ( 'NONE', #6968, #3265, #948, .T. ) ;
#137 = VERTEX_POINT ( 'NONE', #1261 ) ;
#138 = DIRECTION ( 'NONE',  ( 1.000000000000000000, 0.000000000000000000, 0.000000000000000000 ) ) ;
#139 = CYLINDRICAL_SURFACE ( 'NONE', #6352, 0.1554449592500702360 ) ;
#140 = DIRECTION ( 'NONE',  ( -0.000000000000000000, -0.000000000000000000, -1.000000000000000000 ) ) ;
#141 = ORIENTED_EDGE ( 'NONE', *, *, #7000, .T. ) ;
#142 = EDGE_CURVE ( 'NONE', #590, #172, #1014, .T. ) ;
#143 = DIRECTION ( 'NONE',  ( 9.095506094768336076E-16, 1.000000000000000000, 0.000000000000000000 ) ) ;
#144 = DIRECTION ( 'NONE',  ( -0.06975647374412523305, -0.9975640502598241977, 0.000000000000000000 ) ) ;
#145 = LINE ( 'NONE', #2795, #5074 ) ;
#146 = ADVANCED_FACE ( 'NONE', ( #6192 ), #2335, .F. ) ;
#147 = CARTESIAN_POINT ( 'NONE',  ( -2.469350262772739057, 0.4372871566690347267, -0.2025000000000004297 ) ) ;
#148 = ORIENTED_EDGE ( 'NONE', *, *, #1706, .T. ) ;
#149 = DIRECTION ( 'NONE',  ( 0.9975640502598243087, -0.06975647374412488610, 0.000000000000000000 ) ) ;
#150 = DIRECTION ( 'NONE',  ( 0.000000000000000000, -0.000000000000000000, -1.000000000000000000 ) ) ;
#151 = VECTOR ( 'NONE', #7293, 1000.000000000000000 ) ;
#152 = AXIS2_PLACEMENT_3D ( 'NONE', #7796, #1910, #4364 ) ;
#153 = ORIENTED_EDGE ( 'NONE', *, *, #1155, .F. ) ;
#154 = EDGE_CURVE ( 'NONE', #1345, #4040, #3549, .T. ) ;
#155 = CARTESIAN_POINT ( 'NONE',  ( 3.199999999999999734, 0.1446467872876750493, -2.152500000000000302 ) ) ;
#156 = LINE ( 'NONE', #3022, #5147 ) ;
#157 = DIRECTION ( 'NONE',  ( -0.000000000000000000, 1.000000000000000000, -0.000000000000000000 ) ) ;
#158 = DIRECTION ( 'NONE',  ( -1.000000000000000000, 0.000000000000000000, 0.000000000000000000 ) ) ;
#159 = ORIENTED_EDGE ( 'NONE', *, *, #5412, .T. ) ;
#160 = FACE_OUTER_BOUND ( 'NONE', #4392, .T. ) ;
#161 = ADVANCED_FACE ( 'NONE', ( #823 ), #6737, .T. ) ;
#162 = CARTESIAN_POINT ( 'NONE',  ( 2.200000000000000622, 0.5525000000000013234, 2.397499999999999964 ) ) ;
#163 = DIRECTION ( 'NONE',  ( -0.9975640502598243087, -0.06975647374412488610, 0.000000000000000000 ) ) ;
#164 = DIRECTION ( 'NONE',  ( -0.000000000000000000, -0.000000000000000000, -1.000000000000000000 ) ) ;
#165 = ORIENTED_EDGE ( 'NONE', *, *, #6530, .T. ) ;
#166 = CARTESIAN_POINT ( 'NONE',  ( 2.200000000000000622, 0.5525000000000013234, 0.2024999999999995692 ) ) ;
#167 = ORIENTED_EDGE ( 'NONE', *, *, #6687, .F. ) ;
#168 = EDGE_CURVE ( 'NONE', #6471, #6736, #974, .T. ) ;
#169 = ORIENTED_EDGE ( 'NONE', *, *, #335, .T. ) ;
#170 = DIRECTION ( 'NONE',  ( 0.000000000000000000, 0.000000000000000000, 1.000000000000000000 ) ) ;
#171 = DIRECTION ( 'NONE',  ( -0.9975640502598243087, 0.06975647374412488610, 0.000000000000000000 ) ) ;
#172 = VERTEX_POINT ( 'NONE', #5462 ) ;
#173 = CARTESIAN_POINT ( 'NONE',  ( 2.798897958454353851, 0.1726945743169953640, 1.747499999999999387 ) ) ;
#174 =( GEOMETRIC_REPRESENTATION_CONTEXT ( 3 ) GLOBAL_UNCERTAINTY_ASSIGNED_CONTEXT ( ( #7088 ) ) GLOBAL_UNIT_ASSIGNED_CONTEXT ( ( #5136, #2780, #987 ) ) REPRESENTATION_CONTEXT ( 'NONE', 'WORKASPACE' ) );
#175 = VERTEX_POINT ( 'NONE', #5891 ) ;
#176 = FILL_AREA_STYLE ('',( #1417 ) ) ;
#177 = DIRECTION ( 'NONE',  ( -1.000000000000000000, 0.000000000000000000, 0.000000000000000000 ) ) ;
#178 = CARTESIAN_POINT ( 'NONE',  ( 2.809741250672937785, 0.3277608774589687579, 0.2024999999999995692 ) ) ;
#179 = ORIENTED_EDGE ( 'NONE', *, *, #4063, .F. ) ;
#180 = CARTESIAN_POINT ( 'NONE',  ( 1.499999999999999556, 0.1500000000000006606, 1.499999999999997780 ) ) ;
#181 = CARTESIAN_POINT ( 'NONE',  ( -2.519533705154928249, 0.2499999999999996669, -0.2025000000000004297 ) ) ;
#182 = CARTESIAN_POINT ( 'NONE',  ( 2.319201962066644640, 0.3970550407499311429, 0.8524999999999994804 ) ) ;
#183 = PLANE ( 'NONE',  #4770 ) ;
#184 = PRESENTATION_STYLE_ASSIGNMENT (( #3076 ) ) ;
#185 = VERTEX_POINT ( 'NONE', #7348 ) ;
#186 = CARTESIAN_POINT ( 'NONE',  ( 2.319201962066644640, 0.3970550407499311429, 1.502499999999999503 ) ) ;
#187 = CARTESIAN_POINT ( 'NONE',  ( 3.199999999999999734, 0.1446467872876750493, -0.8525000000000003686 ) ) ;
#188 = EDGE_LOOP ( 'NONE', ( #5988, #1506, #1481, #4036 ) ) ;
#189 = AXIS2_PLACEMENT_3D ( 'NONE', #3108, #6703, #7224 ) ;
#190 = EDGE_CURVE ( 'NONE', #4462, #5457, #3500, .T. ) ;
#191 = DIRECTION ( 'NONE',  ( -1.000000000000000000, 0.000000000000000000, 0.000000000000000000 ) ) ;
#192 = MECHANICAL_DESIGN_GEOMETRIC_PRESENTATION_REPRESENTATION (  '', ( #2594 ), #4869 ) ;
#193 = ORIENTED_EDGE ( 'NONE', *, *, #6288, .T. ) ;
#194 = VECTOR ( 'NONE', #6773, 1000.000000000000000 ) ;
#195 = CARTESIAN_POINT ( 'NONE',  ( -2.788783269761455852, 0.02804778702932090445, -1.502500000000000391 ) ) ;
#196 = EDGE_CURVE ( 'NONE', #7310, #6064, #959, .T. ) ;
#197 = COLOUR_RGB ( '',0.8000000000000000444, 0.8196078431372548767, 0.9333333333333333481 ) ;
#198 = ORIENTED_EDGE ( 'NONE', *, *, #3712, .F. ) ;
#199 = ADVANCED_FACE ( 'NONE', ( #6133 ), #6028, .F. ) ;
#200 = DIRECTION ( 'NONE',  ( -0.2588190451025209060, -0.9659258262890683122, 0.000000000000000000 ) ) ;
#201 = ORIENTED_EDGE ( 'NONE', *, *, #2875, .F. ) ;
#202 = CARTESIAN_POINT ( 'NONE',  ( -2.788783269761455852, 0.02804778702932084894, 0.2024999999999995692 ) ) ;
#203 = ADVANCED_FACE ( 'NONE', ( #3472 ), #2294, .F. ) ;
#204 = CARTESIAN_POINT ( 'NONE',  ( -2.469350262772739502, 0.4372871566690347822, 0.4474999999999995648 ) ) ;
#205 = EDGE_CURVE ( 'NONE', #6124, #4551, #871, .T. ) ;
#206 = CARTESIAN_POINT ( 'NONE',  ( -3.189885311307101734, 6.428775942946129489E-16, 0.2024999999999995692 ) ) ;
#207 = ORIENTED_EDGE ( 'NONE', *, *, #1364, .F. ) ;
#208 = AXIS2_PLACEMENT_3D ( 'NONE', #7235, #1168, #1792 ) ;
#209 = CARTESIAN_POINT ( 'NONE',  ( 2.609409507584654175, 0.4748159182089002894, -0.8525000000000003686 ) ) ;
#210 = LINE ( 'NONE', #2161, #1501 ) ;
#211 = CARTESIAN_POINT ( 'NONE',  ( 2.519533705154928249, 0.2499999999999996669, 1.747499999999999387 ) ) ;
#212 = LINE ( 'NONE', #2606, #5535 ) ;
#213 = CARTESIAN_POINT ( 'NONE',  ( 2.519533705154928249, 0.2499999999999996669, 1.747499999999999387 ) ) ;
#214 = EDGE_CURVE ( 'NONE', #7822, #2533, #3590, .T. ) ;
#215 = EDGE_LOOP ( 'NONE', ( #4992, #1159, #1204, #3859 ) ) ;
#216 = PLANE ( 'NONE',  #1806 ) ;
#217 = ORIENTED_EDGE ( 'NONE', *, *, #3453, .T. ) ;
#218 = ORIENTED_EDGE ( 'NONE', *, *, #214, .F. ) ;
#219 = EDGE_CURVE ( 'NONE', #5739, #7216, #3575, .T. ) ;
#220 = ORIENTED_EDGE ( 'NONE', *, *, #7565, .T. ) ;
#221 = VECTOR ( 'NONE', #803, 1000.000000000000000 ) ;
#222 = ADVANCED_FACE ( 'NONE', ( #779 ), #3497, .F. ) ;
#223 = DIRECTION ( 'NONE',  ( 0.000000000000000000, 0.000000000000000000, 1.000000000000000000 ) ) ;
#224 = AXIS2_PLACEMENT_3D ( 'NONE', #4703, #282, #7110 ) ;
#225 = VECTOR ( 'NONE', #6840, 1000.000000000000000 ) ;
#226 = DIRECTION ( 'NONE',  ( 0.000000000000000000, -0.000000000000000000, -1.000000000000000000 ) ) ;
#227 = VERTEX_POINT ( 'NONE', #4624 ) ;
#228 = CARTESIAN_POINT ( 'NONE',  ( 3.199999999999999734, 0.1446467872876750493, 1.097499999999999476 ) ) ;
#229 = ORIENTED_EDGE ( 'NONE', *, *, #7537, .T. ) ;
#230 = EDGE_CURVE ( 'NONE', #4569, #5674, #3534, .T. ) ;
#231 = DIRECTION ( 'NONE',  ( -1.000000000000000000, 0.000000000000000000, 0.000000000000000000 ) ) ;
#232 = VERTEX_POINT ( 'NONE', #6952 ) ;
#233 = DIRECTION ( 'NONE',  ( 1.000000000000000000, 0.000000000000000000, 0.000000000000000000 ) ) ;
#234 = EDGE_LOOP ( 'NONE', ( #562, #7300, #6693, #771 ) ) ;
#235 = AXIS2_PLACEMENT_3D ( 'NONE', #4049, #6483, #7074 ) ;
#236 = CARTESIAN_POINT ( 'NONE',  ( 2.519533705154928249, 0.2499999999999996669, -0.4475000000000003975 ) ) ;
#237 = CARTESIAN_POINT ( 'NONE',  ( 2.469350262772739057, 0.4372871566690347267, 0.2024999999999995692 ) ) ;
#238 = DIRECTION ( 'NONE',  ( 0.2588190451025186856, -0.9659258262890688673, 0.000000000000000000 ) ) ;
#239 = EDGE_LOOP ( 'NONE', ( #271, #1235, #359, #1172 ) ) ;
#240 = CARTESIAN_POINT ( 'NONE',  ( -3.189885311307101734, 6.428775942946129489E-16, 0.8524999999999994804 ) ) ;
#241 = VECTOR ( 'NONE', #3895, 1000.000000000000000 ) ;
#242 = FILL_AREA_STYLE ('',( #295 ) ) ;
#243 = PRESENTATION_LAYER_ASSIGNMENT (  '', '', ( #1405 ) ) ;
#244 = ORIENTED_EDGE ( 'NONE', *, *, #1989, .F. ) ;
#245 = ORIENTED_EDGE ( 'NONE', *, *, #2089, .F. ) ;
#246 = CARTESIAN_POINT ( 'NONE',  ( -2.319201962066644640, 0.3970550407499311429, -0.2025000000000004297 ) ) ;
#247 = VERTEX_POINT ( 'NONE', #3339 ) ;
#248 = VERTEX_POINT ( 'NONE', #756 ) ;
#249 = AXIS2_PLACEMENT_3D ( 'NONE', #2355, #3289, #636 ) ;
#250 = DIRECTION ( 'NONE',  ( 0.000000000000000000, -0.000000000000000000, -1.000000000000000000 ) ) ;
#251 = CLOSED_SHELL ( 'NONE', ( #5664, #6325, #6129, #778, #5973, #4835, #5262, #7685, #2720, #7201, #4394, #6976, #3056, #693 ) ) ;
#252 = EDGE_CURVE ( 'NONE', #6454, #4081, #901, .T. ) ;
#253 = LINE ( 'NONE', #80, #3028 ) ;
#254 = COLOUR_RGB ( '',1.000000000000000000, 1.000000000000000000, 1.000000000000000000 ) ;
#255 = EDGE_LOOP ( 'NONE', ( #762, #2353, #7727, #3247 ) ) ;
#256 = AXIS2_PLACEMENT_3D ( 'NONE', #1778, #2303, #5726 ) ;
#257 = ORIENTED_EDGE ( 'NONE', *, *, #6203, .T. ) ;
#258 = CARTESIAN_POINT ( 'NONE',  ( 2.319201962066644640, 0.6975000000000013411, 0.2024999999999995692 ) ) ;
#259 = ORIENTED_EDGE ( 'NONE', *, *, #6066, .F. ) ;
#260 = EDGE_LOOP ( 'NONE', ( #3752, #661, #5952, #1230 ) ) ;
#261 = DIRECTION ( 'NONE',  ( -0.9659258262890683122, -0.2588190451025209060, 0.000000000000000000 ) ) ;
#262 = DIRECTION ( 'NONE',  ( 0.000000000000000000, -0.000000000000000000, -1.000000000000000000 ) ) ;
#263 = DIRECTION ( 'NONE',  ( -0.000000000000000000, 0.000000000000000000, 1.000000000000000000 ) ) ;
#264 = ORIENTED_EDGE ( 'NONE', *, *, #7456, .F. ) ;
#265 = VECTOR ( 'NONE', #1523, 1000.000000000000000 ) ;
#266 = CARTESIAN_POINT ( 'NONE',  ( -2.319201962066644640, 0.6975000000000013411, 0.4474999999999995648 ) ) ;
#267 = EDGE_CURVE ( 'NONE', #6695, #5536, #811, .T. ) ;
#268 = CARTESIAN_POINT ( 'NONE',  ( 2.798897958454353851, 0.1726945743169953640, -1.502500000000000391 ) ) ;
#269 = CIRCLE ( 'NONE', #4006, 0.1554449592500702360 ) ;
#270 = DIRECTION ( 'NONE',  ( 0.000000000000000000, -0.000000000000000000, -1.000000000000000000 ) ) ;
#271 = ORIENTED_EDGE ( 'NONE', *, *, #6499, .T. ) ;
#272 = CARTESIAN_POINT ( 'NONE',  ( -2.519533705154928249, 0.2499999999999996669, -0.4475000000000003975 ) ) ;
#273 = ADVANCED_FACE ( 'NONE', ( #6294 ), #4573, .F. ) ;
#274 = CLOSED_SHELL ( 'NONE', ( #2868, #6798, #5048, #7156, #1876, #6261, #7085, #2605, #4271, #3706, #1407, #7509, #6419, #3881 ) ) ;
#275 = ORIENTED_EDGE ( 'NONE', *, *, #1130, .F. ) ;
#276 = ORIENTED_EDGE ( 'NONE', *, *, #3942, .F. ) ;
#277 = DIRECTION ( 'NONE',  ( 0.9975640502598243087, 0.06975647374412488610, 0.000000000000000000 ) ) ;
#278 = ADVANCED_FACE ( 'NONE', ( #6242 ), #3269, .F. ) ;
#279 = ORIENTED_EDGE ( 'NONE', *, *, #6894, .T. ) ;
#280 = AXIS2_PLACEMENT_3D ( 'NONE', #5117, #2727, #6410 ) ;
#281 = LINE ( 'NONE', #2552, #77 ) ;
#282 = DIRECTION ( 'NONE',  ( 0.9659258262890688673, 0.2588190451025186856, 0.000000000000000000 ) ) ;
#283 = VECTOR ( 'NONE', #7247, 1000.000000000000000 ) ;
#284 = VERTEX_POINT ( 'NONE', #818 ) ;
#285 = DIRECTION ( 'NONE',  ( 0.000000000000000000, -0.000000000000000000, -1.000000000000000000 ) ) ;
#286 = ORIENTED_EDGE ( 'NONE', *, *, #2089, .T. ) ;
#287 = DIRECTION ( 'NONE',  ( -0.000000000000000000, -0.000000000000000000, -1.000000000000000000 ) ) ;
#288 = ORIENTED_EDGE ( 'NONE', *, *, #3030, .F. ) ;
#289 = VERTEX_POINT ( 'NONE', #7041 ) ;
#290 = CARTESIAN_POINT ( 'NONE',  ( 2.809741250672937785, 0.3277608774589687579, -2.152500000000000302 ) ) ;
#291 = DIRECTION ( 'NONE',  ( 0.2588190451025209060, 0.9659258262890683122, 0.000000000000000000 ) ) ;
#292 = ORIENTED_EDGE ( 'NONE', *, *, #2783, .T. ) ;
#293 = VECTOR ( 'NONE', #4046, 1000.000000000000000 ) ;
#294 = ADVANCED_FACE ( 'NONE', ( #3428 ), #3660, .T. ) ;
#295 = FILL_AREA_STYLE_COLOUR ( '', #254 ) ;
#296 = AXIS2_PLACEMENT_3D ( 'NONE', #3684, #1458, #2416 ) ;
#297 = CIRCLE ( 'NONE', #6852, 0.1554449592500702360 ) ;
#298 = EDGE_CURVE ( 'NONE', #6317, #5404, #3403, .T. ) ;
#299 = EDGE_LOOP ( 'NONE', ( #2629, #3716, #5686, #5843 ) ) ;
#300 = ORIENTED_EDGE ( 'NONE', *, *, #4477, .T. ) ;
#301 = CARTESIAN_POINT ( 'NONE',  ( 2.200000000000000622, 0.5525000000000013234, 1.747499999999999387 ) ) ;
#302 = AXIS2_PLACEMENT_3D ( 'NONE', #182, #3998, #880 ) ;
#303 = ORIENTED_EDGE ( 'NONE', *, *, #1263, .F. ) ;
#304 = ORIENTED_EDGE ( 'NONE', *, *, #600, .F. ) ;
#305 = EDGE_CURVE ( 'NONE', #1869, #3475, #3489, .T. ) ;
#306 = CARTESIAN_POINT ( 'NONE',  ( 2.798897958454353851, 0.1726945743169953640, 2.152499999999999858 ) ) ;
#307 = UNCERTAINTY_MEASURE_WITH_UNIT (LENGTH_MEASURE( 1.000000000000000082E-05 ), #5027, 'distance_accuracy_value', 'NONE');
#308 = ORIENTED_EDGE ( 'NONE', *, *, #7275, .T. ) ;
#309 = LINE ( 'NONE', #4509, #67 ) ;
#310 = FACE_OUTER_BOUND ( 'NONE', #835, .T. ) ;
#311 = VERTEX_POINT ( 'NONE', #6902 ) ;
#312 = ORIENTED_EDGE ( 'NONE', *, *, #3276, .F. ) ;
#313 = DIRECTION ( 'NONE',  ( -0.000000000000000000, -0.000000000000000000, -1.000000000000000000 ) ) ;
#314 = ORIENTED_EDGE ( 'NONE', *, *, #326, .T. ) ;
#315 = VERTEX_POINT ( 'NONE', #4521 ) ;
#316 = CARTESIAN_POINT ( 'NONE',  ( 2.319201962066644640, 0.3970550407499311429, -2.397500000000000409 ) ) ;
#317 = CARTESIAN_POINT ( 'NONE',  ( 2.200000000000000622, 0.6975000000000013411, -1.502500000000000391 ) ) ;
#318 = PLANE ( 'NONE',  #4696 ) ;
#319 = EDGE_CURVE ( 'NONE', #641, #1119, #6266, .T. ) ;
#320 = EDGE_LOOP ( 'NONE', ( #5496, #3318, #794, #681 ) ) ;
#321 = DIRECTION ( 'NONE',  ( 9.095506094768336076E-16, 1.000000000000000000, 0.000000000000000000 ) ) ;
#322 = CARTESIAN_POINT ( 'NONE',  ( -1.600000000000001199, 0.2928932188134524828, -1.649999999999995470 ) ) ;
#323 = LINE ( 'NONE', #7395, #151 ) ;
#324 = CARTESIAN_POINT ( 'NONE',  ( -2.659592949966843367, 0.2875287615398652852, -0.2025000000000004297 ) ) ;
#325 = ORIENTED_EDGE ( 'NONE', *, *, #4791, .F. ) ;
#326 = EDGE_CURVE ( 'NONE', #7368, #4164, #3637, .T. ) ;
#327 = DIRECTION ( 'NONE',  ( 1.000000000000000000, 0.000000000000000000, -0.000000000000000000 ) ) ;
#328 = EDGE_LOOP ( 'NONE', ( #2202, #3894, #2926, #3191 ) ) ;
#329 = VERTEX_POINT ( 'NONE', #1487 ) ;
#330 = ORIENTED_EDGE ( 'NONE', *, *, #1663, .T. ) ;
#331 = CARTESIAN_POINT ( 'NONE',  ( -1.500000000000000444, 0.2500000000000006661, -1.500000000000003109 ) ) ;
#332 = ORIENTED_EDGE ( 'NONE', *, *, #6512, .T. ) ;
#333 = CARTESIAN_POINT ( 'NONE',  ( -2.200000000000000622, 0.5525000000000013234, 2.500000000000001332 ) ) ;
#334 = ORIENTED_EDGE ( 'NONE', *, *, #3342, .T. ) ;
#335 = EDGE_CURVE ( 'NONE', #1850, #6427, #1027, .T. ) ;
#336 = ORIENTED_EDGE ( 'NONE', *, *, #5931, .F. ) ;
#337 = CARTESIAN_POINT ( 'NONE',  ( -2.200000000000000622, 0.6975000000000013411, 0.2024999999999995692 ) ) ;
#338 = EDGE_LOOP ( 'NONE', ( #606, #2517, #5642, #2766 ) ) ;
#339 = DIRECTION ( 'NONE',  ( -0.9659258262890683122, -0.2588190451025209060, 0.000000000000000000 ) ) ;
#340 = ORIENTED_EDGE ( 'NONE', *, *, #6306, .T. ) ;
#341 = DIRECTION ( 'NONE',  ( 0.000000000000000000, -0.000000000000000000, -1.000000000000000000 ) ) ;
#342 = DIRECTION ( 'NONE',  ( 0.000000000000000000, -0.000000000000000000, -1.000000000000000000 ) ) ;
#343 = MECHANICAL_DESIGN_GEOMETRIC_PRESENTATION_REPRESENTATION (  '', ( #1405 ), #5003 ) ;
#344 = CARTESIAN_POINT ( 'NONE',  ( -2.319201962066644640, 0.3970550407499311429, 0.2024999999999995692 ) ) ;
#345 = DIRECTION ( 'NONE',  ( 0.000000000000000000, -1.000000000000000000, -0.000000000000000000 ) ) ;
#346 = DIRECTION ( 'NONE',  ( -1.000000000000000000, 0.000000000000000000, 0.000000000000000000 ) ) ;
#347 = VECTOR ( 'NONE', #1734, 1000.000000000000000 ) ;
#348 = VERTEX_POINT ( 'NONE', #5030 ) ;
#349 = VERTEX_POINT ( 'NONE', #6998 ) ;
#350 = CARTESIAN_POINT ( 'NONE',  ( 2.798897958454353851, 0.1726945743169953640, -1.097500000000000364 ) ) ;
#351 = CARTESIAN_POINT ( 'NONE',  ( 2.788783269761455852, 0.02804778702932090445, 0.4474999999999995648 ) ) ;
#352 = EDGE_LOOP ( 'NONE', ( #7532, #1641, #2930, #608 ) ) ;
#353 = EDGE_CURVE ( 'NONE', #6052, #976, #6148, .T. ) ;
#354 = ORIENTED_EDGE ( 'NONE', *, *, #4373, .T. ) ;
#355 = PLANE ( 'NONE',  #2302 ) ;
#356 = DIRECTION ( 'NONE',  ( -0.000000000000000000, 0.000000000000000000, 1.000000000000000000 ) ) ;
#357 = ADVANCED_FACE ( 'NONE', ( #6166 ), #6212, .T. ) ;
#358 = VECTOR ( 'NONE', #5978, 1000.000000000000000 ) ;
#359 = ORIENTED_EDGE ( 'NONE', *, *, #1176, .F. ) ;
#360 = ORIENTED_EDGE ( 'NONE', *, *, #6622, .T. ) ;
#361 = DIRECTION ( 'NONE',  ( 0.06975647374412523305, -0.9975640502598241977, 0.000000000000000000 ) ) ;
#362 = ORIENTED_EDGE ( 'NONE', *, *, #3276, .T. ) ;
#363 = ORIENTED_EDGE ( 'NONE', *, *, #122, .T. ) ;
#364 = CARTESIAN_POINT ( 'NONE',  ( 2.809741250672937785, 0.3277608774589687579, -2.397500000000000409 ) ) ;
#365 = PLANE ( 'NONE',  #7614 ) ;
#366 = DIRECTION ( 'NONE',  ( 0.9975640502598243087, -0.06975647374412477508, 0.000000000000000000 ) ) ;
#367 = LINE ( 'NONE', #3285, #653 ) ;
#368 = DIRECTION ( 'NONE',  ( -0.000000000000000000, -0.000000000000000000, -1.000000000000000000 ) ) ;
#369 = ORIENTED_EDGE ( 'NONE', *, *, #5501, .F. ) ;
#370 = PLANE ( 'NONE',  #2668 ) ;
#371 = CARTESIAN_POINT ( 'NONE',  ( 2.114445983927814243, 0.1500000000000006606, -2.414445983927810957 ) ) ;
#372 = ORIENTED_EDGE ( 'NONE', *, *, #388, .F. ) ;
#373 = ORIENTED_EDGE ( 'NONE', *, *, #3413, .F. ) ;
#374 = AXIS2_PLACEMENT_3D ( 'NONE', #7075, #7531, #7627 ) ;
#375 = ORIENTED_EDGE ( 'NONE', *, *, #1145, .F. ) ;
#376 = CARTESIAN_POINT ( 'NONE',  ( 2.200000000000000622, 0.5525000000000013234, -0.2025000000000004297 ) ) ;
#377 = AXIS2_PLACEMENT_3D ( 'NONE', #5633, #107, #1602 ) ;
#378 = CARTESIAN_POINT ( 'NONE',  ( 2.609409507584654175, 0.4748159182089002894, 2.397499999999999964 ) ) ;
#379 = LINE ( 'NONE', #6961, #2999 ) ;
#380 =( NAMED_UNIT ( * ) SI_UNIT ( $, .STERADIAN. ) SOLID_ANGLE_UNIT ( ) );
#381 = VERTEX_POINT ( 'NONE', #5182 ) ;
#382 = VERTEX_POINT ( 'NONE', #5069 ) ;
#383 = ORIENTED_EDGE ( 'NONE', *, *, #2436, .F. ) ;
#384 = CARTESIAN_POINT ( 'NONE',  ( 2.809741250672937785, 0.3277608774589687579, -0.4475000000000003975 ) ) ;
#385 = VERTEX_POINT ( 'NONE', #2139 ) ;
#386 = FILL_AREA_STYLE_COLOUR ( '', #7530 ) ;
#387 = DIRECTION ( 'NONE',  ( -2.602085213965212614E-16, -0.000000000000000000, -1.000000000000000000 ) ) ;
#388 = EDGE_CURVE ( 'NONE', #479, #382, #3615, .T. ) ;
#389 = DIRECTION ( 'NONE',  ( 1.000000000000000000, 0.000000000000000000, 0.000000000000000000 ) ) ;
#390 = EDGE_CURVE ( 'NONE', #2919, #6774, #6226, .T. ) ;
#391 = AXIS2_PLACEMENT_3D ( 'NONE', #4016, #6914, #6450 ) ;
#392 = DIRECTION ( 'NONE',  ( 0.2588190451025209060, -0.9659258262890683122, 0.000000000000000000 ) ) ;
#393 = VECTOR ( 'NONE', #3727, 1000.000000000000000 ) ;
#394 = EDGE_CURVE ( 'NONE', #3362, #4369, #6025, .T. ) ;
#395 = VERTEX_POINT ( 'NONE', #5570 ) ;
#396 = ORIENTED_EDGE ( 'NONE', *, *, #1433, .T. ) ;
#397 = CARTESIAN_POINT ( 'NONE',  ( -2.319201962066644640, 0.5525000000000012124, -1.502500000000000391 ) ) ;
#398 = DIRECTION ( 'NONE',  ( 0.000000000000000000, -0.000000000000000000, -1.000000000000000000 ) ) ;
#399 = VERTEX_POINT ( 'NONE', #6319 ) ;
#400 = ORIENTED_EDGE ( 'NONE', *, *, #1504, .F. ) ;
#401 = CARTESIAN_POINT ( 'NONE',  ( 2.200000000000000622, 0.6975000000000013411, -0.8525000000000003686 ) ) ;
#402 = DIRECTION ( 'NONE',  ( 0.06975647374412523305, -0.9975640502598241977, 0.000000000000000000 ) ) ;
#403 = DIRECTION ( 'NONE',  ( 0.9975640502598243087, -0.06975647374412477508, 0.000000000000000000 ) ) ;
#404 = LINE ( 'NONE', #7308, #358 ) ;
#405 = ORIENTED_EDGE ( 'NONE', *, *, #2965, .T. ) ;
#406 = VERTEX_POINT ( 'NONE', #2034 ) ;
#407 = DIRECTION ( 'NONE',  ( 1.928199552231046834E-16, -0.2079116908177597867, 0.9781476007338055778 ) ) ;
#408 = EDGE_CURVE ( 'NONE', #6511, #5485, #6251, .T. ) ;
#409 = EDGE_LOOP ( 'NONE', ( #49, #7740, #2689, #1693 ) ) ;
#410 = ORIENTED_EDGE ( 'NONE', *, *, #6306, .F. ) ;
#411 = DIRECTION ( 'NONE',  ( 0.000000000000000000, 0.000000000000000000, 1.000000000000000000 ) ) ;
#412 = EDGE_CURVE ( 'NONE', #539, #5229, #3411, .T. ) ;
#413 = CARTESIAN_POINT ( 'NONE',  ( -2.809741250672937785, 0.3277608774589687579, -1.502500000000000391 ) ) ;
#414 = ADVANCED_FACE ( 'NONE', ( #6448 ), #7264, .T. ) ;
#415 = DIRECTION ( 'NONE',  ( 0.000000000000000000, -0.000000000000000000, -1.000000000000000000 ) ) ;
#416 = CARTESIAN_POINT ( 'NONE',  ( 1.499999999999999556, 0.1500000000000006606, 1.499999999999997780 ) ) ;
#417 = LINE ( 'NONE', #4570, #3260 ) ;
#418 = CARTESIAN_POINT ( 'NONE',  ( -2.200000000000000622, 0.5525000000000013234, 0.2024999999999995692 ) ) ;
#419 = VERTEX_POINT ( 'NONE', #5792 ) ;
#420 = CARTESIAN_POINT ( 'NONE',  ( -2.788783269761455852, 0.02804778702932084894, 0.4474999999999995648 ) ) ;
#421 = ORIENTED_EDGE ( 'NONE', *, *, #2591, .T. ) ;
#422 = EDGE_LOOP ( 'NONE', ( #7742, #1077, #583, #1075 ) ) ;
#423 = VERTEX_POINT ( 'NONE', #7129 ) ;
#424 = DIRECTION ( 'NONE',  ( -1.000000000000000000, 0.000000000000000000, 0.000000000000000000 ) ) ;
#425 = EDGE_CURVE ( 'NONE', #5994, #5241, #6574, .T. ) ;
#426 = DIRECTION ( 'NONE',  ( 0.2588190451025186856, -0.9659258262890688673, 0.000000000000000000 ) ) ;
#427 = FACE_OUTER_BOUND ( 'NONE', #6480, .T. ) ;
#428 = CARTESIAN_POINT ( 'NONE',  ( 3.189885311307101734, 6.428775942946129489E-16, 1.097499999999999476 ) ) ;
#429 = LINE ( 'NONE', #4457, #487 ) ;
#430 = AXIS2_PLACEMENT_3D ( 'NONE', #2322, #6616, #3697 ) ;
#431 = ORIENTED_EDGE ( 'NONE', *, *, #970, .T. ) ;
#432 = ORIENTED_EDGE ( 'NONE', *, *, #515, .T. ) ;
#433 = DIRECTION ( 'NONE',  ( -0.000000000000000000, -1.000000000000000000, -0.000000000000000000 ) ) ;
#434 = VERTEX_POINT ( 'NONE', #350 ) ;
#435 = ORIENTED_EDGE ( 'NONE', *, *, #727, .F. ) ;
#436 = CARTESIAN_POINT ( 'NONE',  ( 2.469350262772739502, 0.4372871566690347822, 2.397499999999999964 ) ) ;
#437 = EDGE_CURVE ( 'NONE', #6052, #2524, #6510, .T. ) ;
#438 = PLANE ( 'NONE',  #1546 ) ;
#439 = DIRECTION ( 'NONE',  ( 0.000000000000000000, -0.000000000000000000, -1.000000000000000000 ) ) ;
#440 = EDGE_CURVE ( 'NONE', #4164, #4592, #1223, .T. ) ;
#441 = VERTEX_POINT ( 'NONE', #3460 ) ;
#442 = LINE ( 'NONE', #1152, #3013 ) ;
#443 = AXIS2_PLACEMENT_3D ( 'NONE', #2214, #2258, #3446 ) ;
#444 = ORIENTED_EDGE ( 'NONE', *, *, #5351, .F. ) ;
#445 = ORIENTED_EDGE ( 'NONE', *, *, #6714, .T. ) ;
#446 = CARTESIAN_POINT ( 'NONE',  ( 2.469350262772739057, 0.4372871566690347267, -1.502500000000000391 ) ) ;
#447 = PLANE ( 'NONE',  #7409 ) ;
#448 = VECTOR ( 'NONE', #6630, 1000.000000000000000 ) ;
#449 = ORIENTED_EDGE ( 'NONE', *, *, #3181, .T. ) ;
#450 = DIRECTION ( 'NONE',  ( 0.000000000000000000, -0.000000000000000000, -1.000000000000000000 ) ) ;
#451 = LINE ( 'NONE', #6099, #3210 ) ;
#452 = DIRECTION ( 'NONE',  ( 0.000000000000000000, -0.000000000000000000, -1.000000000000000000 ) ) ;
#453 = DIRECTION ( 'NONE',  ( 1.000000000000000000, 0.000000000000000000, 0.000000000000000000 ) ) ;
#454 = ORIENTED_EDGE ( 'NONE', *, *, #305, .T. ) ;
#455 = PRESENTATION_LAYER_ASSIGNMENT (  '', '', ( #4432 ) ) ;
#456 = ORIENTED_EDGE ( 'NONE', *, *, #1692, .T. ) ;
#457 = VECTOR ( 'NONE', #4153, 1000.000000000000000 ) ;
#458 = EDGE_LOOP ( 'NONE', ( #601, #2513, #3439, #4018 ) ) ;
#459 = VERTEX_POINT ( 'NONE', #1216 ) ;
#460 = EDGE_LOOP ( 'NONE', ( #3123, #2518, #3410, #4950 ) ) ;
#461 = ORIENTED_EDGE ( 'NONE', *, *, #4002, .T. ) ;
#462 = AXIS2_PLACEMENT_3D ( 'NONE', #4391, #6949, #753 ) ;
#463 = DIRECTION ( 'NONE',  ( -0.000000000000000000, -0.000000000000000000, -1.000000000000000000 ) ) ;
#464 = FACE_OUTER_BOUND ( 'NONE', #5933, .T. ) ;
#465 = ORIENTED_EDGE ( 'NONE', *, *, #6713, .T. ) ;
#466 = FILL_AREA_STYLE_COLOUR ( '', #3664 ) ;
#467 = CARTESIAN_POINT ( 'NONE',  ( 2.319201962066644640, 0.5525000000000012124, -1.502500000000000391 ) ) ;
#468 = AXIS2_PLACEMENT_3D ( 'NONE', #1507, #321, #2577 ) ;
#469 = EDGE_LOOP ( 'NONE', ( #5791, #7875, #340, #5322, #5276, #2222, #5706, #5615, #7694, #5755, #5835, #5601 ) ) ;
#470 = CARTESIAN_POINT ( 'NONE',  ( 2.319201962066644640, 0.6975000000000013411, -2.397500000000000409 ) ) ;
#471 = VECTOR ( 'NONE', #6644, 1000.000000000000000 ) ;
#472 = CARTESIAN_POINT ( 'NONE',  ( -2.200000000000000622, 0.5525000000000013234, -1.502500000000000391 ) ) ;
#473 = SURFACE_STYLE_FILL_AREA ( #577 ) ;
#474 = ORIENTED_EDGE ( 'NONE', *, *, #2402, .T. ) ;
#475 = DIRECTION ( 'NONE',  ( 1.000000000000000000, 0.000000000000000000, 0.000000000000000000 ) ) ;
#476 = ORIENTED_EDGE ( 'NONE', *, *, #7575, .T. ) ;
#477 =( GEOMETRIC_REPRESENTATION_CONTEXT ( 3 ) GLOBAL_UNCERTAINTY_ASSIGNED_CONTEXT ( ( #7007 ) ) GLOBAL_UNIT_ASSIGNED_CONTEXT ( ( #2581, #2059, #3871 ) ) REPRESENTATION_CONTEXT ( 'NONE', 'WORKASPACE' ) );
#478 = ORIENTED_EDGE ( 'NONE', *, *, #7471, .T. ) ;
#479 = VERTEX_POINT ( 'NONE', #397 ) ;
#480 = DIRECTION ( 'NONE',  ( -0.000000000000000000, -0.000000000000000000, -1.000000000000000000 ) ) ;
#481 = VERTEX_POINT ( 'NONE', #2404 ) ;
#482 = ADVANCED_FACE ( 'NONE', ( #3749 ), #7848, .F. ) ;
#483 = DIRECTION ( 'NONE',  ( -0.000000000000000000, -0.000000000000000000, -1.000000000000000000 ) ) ;
#484 = ORIENTED_EDGE ( 'NONE', *, *, #2164, .F. ) ;
#485 = CIRCLE ( 'NONE', #7265, 0.1554449592500702360 ) ;
#486 = DIRECTION ( 'NONE',  ( 1.000000000000000000, 0.000000000000000000, 0.000000000000000000 ) ) ;
#487 = VECTOR ( 'NONE', #7855, 1000.000000000000000 ) ;
#488 = VERTEX_POINT ( 'NONE', #1279 ) ;
#489 = EDGE_CURVE ( 'NONE', #5585, #1899, #6409, .T. ) ;
#490 = EDGE_LOOP ( 'NONE', ( #3238, #3327, #3082, #4842 ) ) ;
#491 = LINE ( 'NONE', #7832, #3206 ) ;
#492 = ORIENTED_EDGE ( 'NONE', *, *, #305, .F. ) ;
#493 = AXIS2_PLACEMENT_3D ( 'NONE', #7861, #4725, #7140 ) ;
#494 = DIRECTION ( 'NONE',  ( 0.000000000000000000, 0.000000000000000000, 1.000000000000000000 ) ) ;
#495 = FACE_OUTER_BOUND ( 'NONE', #5546, .T. ) ;
#496 = EDGE_LOOP ( 'NONE', ( #3309, #6888 ) ) ;
#497 = EDGE_CURVE ( 'NONE', #2807, #3461, #3731, .T. ) ;
#498 = CARTESIAN_POINT ( 'NONE',  ( 2.469350262772739502, 0.4372871566690347822, -2.152500000000000302 ) ) ;
#499 = CARTESIAN_POINT ( 'NONE',  ( 2.798897958454353851, 0.1726945743169953640, 0.4474999999999995648 ) ) ;
#500 = VERTEX_POINT ( 'NONE', #4318 ) ;
#501 = LINE ( 'NONE', #1824, #457 ) ;
#502 = LINE ( 'NONE', #5314, #674 ) ;
#503 = DIRECTION ( 'NONE',  ( 0.000000000000000000, 0.000000000000000000, 1.000000000000000000 ) ) ;
#504 = ORIENTED_EDGE ( 'NONE', *, *, #6039, .T. ) ;
#505 = ORIENTED_EDGE ( 'NONE', *, *, #2238, .T. ) ;
#506 = DIRECTION ( 'NONE',  ( 1.000000000000000000, 0.000000000000000000, -0.000000000000000000 ) ) ;
#507 = DIRECTION ( 'NONE',  ( -1.000000000000000000, -0.000000000000000000, 1.971276677246372012E-16 ) ) ;
#508 = ORIENTED_EDGE ( 'NONE', *, *, #6985, .F. ) ;
#509 = ORIENTED_EDGE ( 'NONE', *, *, #5082, .F. ) ;
#510 = AXIS2_PLACEMENT_3D ( 'NONE', #4927, #6152, #2387 ) ;
#511 = DIRECTION ( 'NONE',  ( 0.9975640502598243087, 0.06975647374412477508, -0.000000000000000000 ) ) ;
#512 = LINE ( 'NONE', #2393, #5833 ) ;
#513 = DIRECTION ( 'NONE',  ( -1.000000000000000000, 9.095506094768336076E-16, 0.000000000000000000 ) ) ;
#514 = EDGE_LOOP ( 'NONE', ( #3311, #2254, #4929, #2388 ) ) ;
#515 = EDGE_CURVE ( 'NONE', #5721, #4966, #3687, .T. ) ;
#516 = CARTESIAN_POINT ( 'NONE',  ( 3.199999999999999734, 0.1446467872876750493, -0.8525000000000003686 ) ) ;
#517 = VERTEX_POINT ( 'NONE', #6501 ) ;
#518 = VECTOR ( 'NONE', #2349, 1000.000000000000000 ) ;
#519 = VECTOR ( 'NONE', #6729, 1000.000000000000000 ) ;
#520 = ORIENTED_EDGE ( 'NONE', *, *, #3294, .T. ) ;
#521 = ORIENTED_EDGE ( 'NONE', *, *, #515, .F. ) ;
#522 = CARTESIAN_POINT ( 'NONE',  ( -2.200000000000000622, 0.6975000000000013411, 0.8524999999999994804 ) ) ;
#523 = EDGE_CURVE ( 'NONE', #918, #3515, #6498, .T. ) ;
#524 = ORIENTED_EDGE ( 'NONE', *, *, #7812, .T. ) ;
#525 = ORIENTED_EDGE ( 'NONE', *, *, #4019, .T. ) ;
#526 =( GEOMETRIC_REPRESENTATION_CONTEXT ( 3 ) GLOBAL_UNCERTAINTY_ASSIGNED_CONTEXT ( ( #1392 ) ) GLOBAL_UNIT_ASSIGNED_CONTEXT ( ( #2481, #38, #2683 ) ) REPRESENTATION_CONTEXT ( 'NONE', 'WORKASPACE' ) );
#527 = CARTESIAN_POINT ( 'NONE',  ( 2.200000000000000622, 0.5525000000000013234, -2.397500000000000409 ) ) ;
#528 = CIRCLE ( 'NONE', #2081, 0.1554449592500702360 ) ;
#529 = ORIENTED_EDGE ( 'NONE', *, *, #2610, .F. ) ;
#530 = CARTESIAN_POINT ( 'NONE',  ( -3.199999999999999734, 0.1446467872876750493, 1.747499999999999387 ) ) ;
#531 = DIRECTION ( 'NONE',  ( -1.000000000000000000, 0.000000000000000000, 0.000000000000000000 ) ) ;
#532 = ORIENTED_EDGE ( 'NONE', *, *, #3486, .F. ) ;
#533 = LINE ( 'NONE', #1044, #471 ) ;
#534 = AXIS2_PLACEMENT_3D ( 'NONE', #4267, #7226, #2989 ) ;
#535 = DIRECTION ( 'NONE',  ( -9.095506094768336076E-16, 1.000000000000000000, 0.000000000000000000 ) ) ;
#536 = LINE ( 'NONE', #2633, #773 ) ;
#537 = VERTEX_POINT ( 'NONE', #5334 ) ;
#538 = CARTESIAN_POINT ( 'NONE',  ( -2.200000000000000622, 0.6975000000000013411, -2.397500000000000409 ) ) ;
#539 = VERTEX_POINT ( 'NONE', #4716 ) ;
#540 = FACE_OUTER_BOUND ( 'NONE', #4469, .T. ) ;
#541 = EDGE_CURVE ( 'NONE', #2705, #2560, #3829, .T. ) ;
#542 = VERTEX_POINT ( 'NONE', #7640 ) ;
#543 = DIRECTION ( 'NONE',  ( 0.000000000000000000, 1.000000000000000000, 0.000000000000000000 ) ) ;
#544 = FACE_OUTER_BOUND ( 'NONE', #6343, .T. ) ;
#545 = ORIENTED_EDGE ( 'NONE', *, *, #4828, .T. ) ;
#546 = CARTESIAN_POINT ( 'NONE',  ( -2.200000000000000622, 0.6975000000000013411, 1.747499999999999387 ) ) ;
#547 = DIRECTION ( 'NONE',  ( 0.9975640502598243087, -0.06975647374412477508, 0.000000000000000000 ) ) ;
#548 = ORIENTED_EDGE ( 'NONE', *, *, #5333, .T. ) ;
#549 = CIRCLE ( 'NONE', #5041, 0.1554449592500702360 ) ;
#550 = CARTESIAN_POINT ( 'NONE',  ( -2.319201962066644640, 0.6975000000000013411, -0.8525000000000003686 ) ) ;
#551 = ORIENTED_EDGE ( 'NONE', *, *, #3294, .F. ) ;
#552 = ORIENTED_EDGE ( 'NONE', *, *, #3719, .F. ) ;
#553 = VERTEX_POINT ( 'NONE', #4212 ) ;
#554 = EDGE_LOOP ( 'NONE', ( #894, #5959, #1260, #5995 ) ) ;
#555 = DIRECTION ( 'NONE',  ( -1.000000000000000000, 0.000000000000000000, 0.000000000000000000 ) ) ;
#556 = EDGE_CURVE ( 'NONE', #6690, #745, #3877, .T. ) ;
#557 = CARTESIAN_POINT ( 'NONE',  ( 3.199999999999999734, 0.1446467872876750493, -1.097500000000000364 ) ) ;
#558 = VECTOR ( 'NONE', #2688, 1000.000000000000000 ) ;
#559 = ORIENTED_EDGE ( 'NONE', *, *, #3181, .F. ) ;
#560 = ADVANCED_FACE ( 'NONE', ( #6391 ), #5851, .F. ) ;
#561 = CARTESIAN_POINT ( 'NONE',  ( -2.609409507584654175, 0.4748159182089002894, -2.152500000000000302 ) ) ;
#562 = ORIENTED_EDGE ( 'NONE', *, *, #4754, .T. ) ;
#563 = LINE ( 'NONE', #6752, #3218 ) ;
#564 = ORIENTED_EDGE ( 'NONE', *, *, #6770, .T. ) ;
#565 = ORIENTED_EDGE ( 'NONE', *, *, #4583, .F. ) ;
#566 = DIRECTION ( 'NONE',  ( -0.000000000000000000, -0.000000000000000000, -1.000000000000000000 ) ) ;
#567 = DIRECTION ( 'NONE',  ( 0.000000000000000000, -0.000000000000000000, -1.000000000000000000 ) ) ;
#568 = ORIENTED_EDGE ( 'NONE', *, *, #4816, .T. ) ;
#569 = CARTESIAN_POINT ( 'NONE',  ( 2.319201962066644640, 0.3970550407499311429, -0.2025000000000004297 ) ) ;
#570 = AXIS2_PLACEMENT_3D ( 'NONE', #5019, #6890, #808 ) ;
#571 = ORIENTED_EDGE ( 'NONE', *, *, #1169, .F. ) ;
#572 = CARTESIAN_POINT ( 'NONE',  ( 2.319201962066644640, 0.3970550407499311429, 1.747499999999999387 ) ) ;
#573 = CYLINDRICAL_SURFACE ( 'NONE', #2418, 0.2500000000000000000 ) ;
#574 = DIRECTION ( 'NONE',  ( -0.000000000000000000, 0.000000000000000000, 1.000000000000000000 ) ) ;
#575 = ORIENTED_EDGE ( 'NONE', *, *, #2182, .F. ) ;
#576 = PLANE ( 'NONE',  #7582 ) ;
#577 = FILL_AREA_STYLE ('',( #5489 ) ) ;
#578 = CARTESIAN_POINT ( 'NONE',  ( 0.000000000000000000, 0.2500000000000006661, 0.000000000000000000 ) ) ;
#579 = VERTEX_POINT ( 'NONE', #5913 ) ;
#580 = LINE ( 'NONE', #4313, #393 ) ;
#581 = LINE ( 'NONE', #6816, #5718 ) ;
#582 = VERTEX_POINT ( 'NONE', #3576 ) ;
#583 = ORIENTED_EDGE ( 'NONE', *, *, #440, .T. ) ;
#584 = CARTESIAN_POINT ( 'NONE',  ( -2.798897958454353851, 0.1726945743169953640, -2.397500000000000409 ) ) ;
#585 = FACE_OUTER_BOUND ( 'NONE', #1278, .T. ) ;
#586 = VERTEX_POINT ( 'NONE', #4757 ) ;
#587 = PRESENTATION_LAYER_ASSIGNMENT (  '', '', ( #2759 ) ) ;
#588 = DIRECTION ( 'NONE',  ( 0.9975640502598243087, 0.06975647374412477508, -0.000000000000000000 ) ) ;
#589 = VECTOR ( 'NONE', #3724, 1000.000000000000000 ) ;
#591 = EDGE_CURVE ( 'NONE', #5390, #7266, #1162, .T. ) ;
#590 = VERTEX_POINT ( 'NONE', #6600 ) ;
#592 = CARTESIAN_POINT ( 'NONE',  ( 2.199999999999999734, 0.6975000000000013411, 2.500000000000000444 ) ) ;
#593 = DIRECTION ( 'NONE',  ( -1.000000000000000000, 0.000000000000000000, 0.000000000000000000 ) ) ;
#594 = AXIS2_PLACEMENT_3D ( 'NONE', #6260, #1478, #5356 ) ;
#595 = DIRECTION ( 'NONE',  ( 0.000000000000000000, -1.000000000000000000, 0.000000000000000000 ) ) ;
#596 = EDGE_LOOP ( 'NONE', ( #4025, #7197, #4126, #4798 ) ) ;
#597 = CARTESIAN_POINT ( 'NONE',  ( -2.798897958454353851, 0.1726945743169953640, 0.2024999999999995692 ) ) ;
#598 = DIRECTION ( 'NONE',  ( 0.000000000000000000, -0.000000000000000000, -1.000000000000000000 ) ) ;
#599 = VECTOR ( 'NONE', #72, 1000.000000000000000 ) ;
#600 = EDGE_CURVE ( 'NONE', #1345, #423, #3844, .T. ) ;
#601 = ORIENTED_EDGE ( 'NONE', *, *, #2607, .T. ) ;
#602 = DIRECTION ( 'NONE',  ( -0.2588190451025209060, -0.9659258262890683122, 0.000000000000000000 ) ) ;
#603 = ORIENTED_EDGE ( 'NONE', *, *, #1922, .F. ) ;
#604 = ADVANCED_FACE ( 'NONE', ( #3764 ), #1331, .F. ) ;
#605 = VERTEX_POINT ( 'NONE', #6173 ) ;
#606 = ORIENTED_EDGE ( 'NONE', *, *, #4123, .F. ) ;
#607 = DIRECTION ( 'NONE',  ( -1.000000000000000000, 0.000000000000000000, 0.000000000000000000 ) ) ;
#608 = ORIENTED_EDGE ( 'NONE', *, *, #7154, .T. ) ;
#609 = DIRECTION ( 'NONE',  ( 1.000000000000000000, 0.000000000000000000, 0.000000000000000000 ) ) ;
#610 = EDGE_CURVE ( 'NONE', #5524, #582, #1274, .T. ) ;
#611 = DIRECTION ( 'NONE',  ( 0.000000000000000000, -0.000000000000000000, -1.000000000000000000 ) ) ;
#612 = ORIENTED_EDGE ( 'NONE', *, *, #6181, .T. ) ;
#613 = AXIS2_PLACEMENT_3D ( 'NONE', #7148, #1715, #2108 ) ;
#614 = CIRCLE ( 'NONE', #377, 0.3004449592500699762 ) ;
#615 = CARTESIAN_POINT ( 'NONE',  ( 3.199999999999999734, 0.1446467872876750493, 2.397499999999999964 ) ) ;
#616 = FACE_OUTER_BOUND ( 'NONE', #7209, .T. ) ;
#617 = ORIENTED_EDGE ( 'NONE', *, *, #1766, .T. ) ;
#618 = VERTEX_POINT ( 'NONE', #4993 ) ;
#619 = EDGE_CURVE ( 'NONE', #5674, #7719, #1102, .T. ) ;
#620 = FACE_OUTER_BOUND ( 'NONE', #6795, .T. ) ;
#621 = VERTEX_POINT ( 'NONE', #2519 ) ;
#622 =( NAMED_UNIT ( * ) PLANE_ANGLE_UNIT ( ) SI_UNIT ( $, .RADIAN. ) );
#623 = VERTEX_POINT ( 'NONE', #5427 ) ;
#624 = CARTESIAN_POINT ( 'NONE',  ( 2.809741250672937785, 0.3277608774589687579, -1.747500000000000275 ) ) ;
#625 = CARTESIAN_POINT ( 'NONE',  ( 2.200000000000000622, 0.6975000000000013411, 1.747499999999999387 ) ) ;
#626 = ADVANCED_FACE ( 'NONE', ( #3812 ), #2100, .F. ) ;
#627 = FACE_OUTER_BOUND ( 'NONE', #3796, .T. ) ;
#628 = ORIENTED_EDGE ( 'NONE', *, *, #4203, .F. ) ;
#629 = EDGE_CURVE ( 'NONE', #5112, #3520, #3718, .T. ) ;
#630 = DIRECTION ( 'NONE',  ( -0.9659258262890688673, 0.2588190451025186856, 0.000000000000000000 ) ) ;
#631 = CARTESIAN_POINT ( 'NONE',  ( -2.788783269761455852, 0.02804778702932090445, -2.397500000000000409 ) ) ;
#632 = VERTEX_POINT ( 'NONE', #2049 ) ;
#633 = LINE ( 'NONE', #498, #3091 ) ;
#634 = ORIENTED_EDGE ( 'NONE', *, *, #7686, .T. ) ;
#635 = ORIENTED_EDGE ( 'NONE', *, *, #2798, .F. ) ;
#636 = DIRECTION ( 'NONE',  ( 1.000000000000000000, 0.000000000000000000, 0.000000000000000000 ) ) ;
#637 = DIRECTION ( 'NONE',  ( 1.000000000000000000, 0.000000000000000000, 0.000000000000000000 ) ) ;
#638 = CYLINDRICAL_SURFACE ( 'NONE', #4471, 0.3004449592500699762 ) ;
#639 = EDGE_CURVE ( 'NONE', #3071, #1054, #3861, .T. ) ;
#640 = ORIENTED_EDGE ( 'NONE', *, *, #4545, .F. ) ;
#641 = VERTEX_POINT ( 'NONE', #2572 ) ;
#642 = AXIS2_PLACEMENT_3D ( 'NONE', #4871, #2023, #3944 ) ;
#643 = CYLINDRICAL_SURFACE ( 'NONE', #5616, 0.3004449592500699762 ) ;
#644 = CARTESIAN_POINT ( 'NONE',  ( -3.199999999999999734, 0.1446467872876750493, 2.152499999999999858 ) ) ;
#645 = DIRECTION ( 'NONE',  ( -0.000000000000000000, -0.000000000000000000, -1.000000000000000000 ) ) ;
#646 = EDGE_LOOP ( 'NONE', ( #5506, #435, #3464, #159 ) ) ;
#647 = DIRECTION ( 'NONE',  ( -0.000000000000000000, 0.000000000000000000, 1.000000000000000000 ) ) ;
#648 =( NAMED_UNIT ( * ) SI_UNIT ( $, .STERADIAN. ) SOLID_ANGLE_UNIT ( ) );
#649 = EDGE_CURVE ( 'NONE', #1141, #7690, #3779, .T. ) ;
#650 = ADVANCED_FACE ( 'NONE', ( #6438 ), #6422, .T. ) ;
#651 = CARTESIAN_POINT ( 'NONE',  ( 2.319201962066644640, 0.3970550407499311429, -2.152500000000000302 ) ) ;
#652 = ORIENTED_EDGE ( 'NONE', *, *, #2788, .T. ) ;
#653 = VECTOR ( 'NONE', #2569, 1000.000000000000000 ) ;
#654 = MANIFOLD_SOLID_BREP ( 'LPattern1[2]', #3161 ) ;
#655 = VECTOR ( 'NONE', #7421, 1000.000000000000000 ) ;
#656 = AXIS2_PLACEMENT_3D ( 'NONE', #3715, #5571, #7446 ) ;
#657 = VERTEX_POINT ( 'NONE', #6287 ) ;
#658 = VERTEX_POINT ( 'NONE', #5636 ) ;
#659 = CARTESIAN_POINT ( 'NONE',  ( -2.319201962066644640, 0.3970550407499311429, 2.397499999999999964 ) ) ;
#660 = LINE ( 'NONE', #4039, #3062 ) ;
#661 = ORIENTED_EDGE ( 'NONE', *, *, #267, .T. ) ;
#662 = EDGE_LOOP ( 'NONE', ( #4223, #1729, #6470, #4089 ) ) ;
#663 =( NAMED_UNIT ( * ) SI_UNIT ( $, .STERADIAN. ) SOLID_ANGLE_UNIT ( ) );
#664 = FACE_OUTER_BOUND ( 'NONE', #1593, .T. ) ;
#665 = ORIENTED_EDGE ( 'NONE', *, *, #2260, .F. ) ;
#666 = CARTESIAN_POINT ( 'NONE',  ( 2.609409507584654175, 0.4748159182089002894, -0.2025000000000004297 ) ) ;
#667 = VERTEX_POINT ( 'NONE', #202 ) ;
#668 = DIRECTION ( 'NONE',  ( -1.000000000000000000, 0.000000000000000000, 0.000000000000000000 ) ) ;
#669 = DIRECTION ( 'NONE',  ( -0.2035585949527793370, -0.9576678948579724349, -0.2035585949527792815 ) ) ;
#670 = EDGE_CURVE ( 'NONE', #4070, #4008, #6583, .T. ) ;
#671 = VERTEX_POINT ( 'NONE', #4362 ) ;
#672 =( NAMED_UNIT ( * ) PLANE_ANGLE_UNIT ( ) SI_UNIT ( $, .RADIAN. ) );
#673 = FACE_OUTER_BOUND ( 'NONE', #3384, .T. ) ;
#674 = VECTOR ( 'NONE', #1126, 1000.000000000000000 ) ;
#675 = ORIENTED_EDGE ( 'NONE', *, *, #4266, .T. ) ;
#676 = DIRECTION ( 'NONE',  ( -0.9975640502598243087, -0.06975647374412477508, 0.000000000000000000 ) ) ;
#677 = VERTEX_POINT ( 'NONE', #4896 ) ;
#678 = VECTOR ( 'NONE', #1319, 1000.000000000000000 ) ;
#679 = ORIENTED_EDGE ( 'NONE', *, *, #4865, .F. ) ;
#680 = DIRECTION ( 'NONE',  ( -1.000000000000000000, 0.000000000000000000, 0.000000000000000000 ) ) ;
#681 = ORIENTED_EDGE ( 'NONE', *, *, #755, .T. ) ;
#682 = FACE_OUTER_BOUND ( 'NONE', #5031, .T. ) ;
#683 = ORIENTED_EDGE ( 'NONE', *, *, #872, .F. ) ;
#684 = DIRECTION ( 'NONE',  ( 0.000000000000000000, -0.000000000000000000, -1.000000000000000000 ) ) ;
#685 = DIRECTION ( 'NONE',  ( -0.2588190451025186856, 0.9659258262890688673, 0.000000000000000000 ) ) ;
#686 = CARTESIAN_POINT ( 'NONE',  ( 2.798897958454353851, 0.1726945743169953640, -0.2025000000000004297 ) ) ;
#687 = EDGE_LOOP ( 'NONE', ( #2489, #810, #6168, #5665 ) ) ;
#688 = LINE ( 'NONE', #2477, #910 ) ;
#689 = DIRECTION ( 'NONE',  ( 1.000000000000000000, 0.000000000000000000, -0.000000000000000000 ) ) ;
#690 = VECTOR ( 'NONE', #2960, 1000.000000000000227 ) ;
#691 = VERTEX_POINT ( 'NONE', #6915 ) ;
#692 = ORIENTED_EDGE ( 'NONE', *, *, #2501, .F. ) ;
#693 = ADVANCED_FACE ( 'NONE', ( #6331 ), #5106, .F. ) ;
#694 = ORIENTED_EDGE ( 'NONE', *, *, #1372, .F. ) ;
#695 = VERTEX_POINT ( 'NONE', #5748 ) ;
#696 = ORIENTED_EDGE ( 'NONE', *, *, #4715, .T. ) ;
#697 = DIRECTION ( 'NONE',  ( 0.000000000000000000, 0.000000000000000000, -1.000000000000000000 ) ) ;
#698 = DIRECTION ( 'NONE',  ( -1.000000000000000000, 0.000000000000000000, 0.000000000000000000 ) ) ;
#699 = CIRCLE ( 'NONE', #6764, 0.1554449592500702360 ) ;
#700 = VERTEX_POINT ( 'NONE', #6455 ) ;
#701 = DIRECTION ( 'NONE',  ( -0.000000000000000000, -0.000000000000000000, -1.000000000000000000 ) ) ;
#702 = PRESENTATION_LAYER_ASSIGNMENT (  '', '', ( #3239 ) ) ;
#703 = CARTESIAN_POINT ( 'NONE',  ( -1.600000000000001199, 1.100000000000000311, -1.899999999999995470 ) ) ;
#704 = ORIENTED_EDGE ( 'NONE', *, *, #6222, .F. ) ;
#705 = FACE_OUTER_BOUND ( 'NONE', #4851, .T. ) ;
#706 = VECTOR ( 'NONE', #164, 1000.000000000000000 ) ;
#707 = ORIENTED_EDGE ( 'NONE', *, *, #6488, .T. ) ;
#708 = ORIENTED_EDGE ( 'NONE', *, *, #123, .F. ) ;
#709 = DIRECTION ( 'NONE',  ( -0.2588190451025209060, -0.9659258262890683122, 0.000000000000000000 ) ) ;
#710 = ORIENTED_EDGE ( 'NONE', *, *, #4032, .F. ) ;
#711 = ORIENTED_EDGE ( 'NONE', *, *, #7592, .T. ) ;
#712 = ORIENTED_EDGE ( 'NONE', *, *, #6966, .T. ) ;
#713 = ADVANCED_FACE ( 'NONE', ( #3705 ), #3358, .F. ) ;
#714 = DIRECTION ( 'NONE',  ( -0.9975640502598243087, -0.06975647374412488610, 0.000000000000000000 ) ) ;
#715 = CIRCLE ( 'NONE', #5934, 0.3004449592500699762 ) ;
#716 = DIRECTION ( 'NONE',  ( -0.000000000000000000, 0.000000000000000000, 1.000000000000000000 ) ) ;
#717 = DIRECTION ( 'NONE',  ( 1.000000000000000000, 9.095506094768336076E-16, -0.000000000000000000 ) ) ;
#718 = CLOSED_SHELL ( 'NONE', ( #2816, #2538, #2448, #5124, #2706, #3017 ) ) ;
#719 = PLANE ( 'NONE',  #7403 ) ;
#720 = DIRECTION ( 'NONE',  ( 0.9975640502598243087, 0.06975647374412477508, -0.000000000000000000 ) ) ;
#721 = ORIENTED_EDGE ( 'NONE', *, *, #6105, .F. ) ;
#722 = VECTOR ( 'NONE', #5745, 1000.000000000000227 ) ;
#723 = CYLINDRICAL_SURFACE ( 'NONE', #950, 0.3004449592500699762 ) ;
#724 = EDGE_CURVE ( 'NONE', #6547, #5444, #1131, .T. ) ;
#725 = AXIS2_PLACEMENT_3D ( 'NONE', #4083, #7200, #6531 ) ;
#726 = ORIENTED_EDGE ( 'NONE', *, *, #5722, .F. ) ;
#727 = EDGE_CURVE ( 'NONE', #6255, #2044, #6361, .T. ) ;
#728 = VERTEX_POINT ( 'NONE', #4020 ) ;
#729 = ORIENTED_EDGE ( 'NONE', *, *, #3516, .F. ) ;
#730 = ORIENTED_EDGE ( 'NONE', *, *, #1671, .F. ) ;
#731 = AXIS2_PLACEMENT_3D ( 'NONE', #6489, #2825, #238 ) ;
#732 = ORIENTED_EDGE ( 'NONE', *, *, #5844, .F. ) ;
#733 = DIRECTION ( 'NONE',  ( 0.000000000000000000, 1.000000000000000000, 0.000000000000000000 ) ) ;
#734 = FACE_OUTER_BOUND ( 'NONE', #2754, .T. ) ;
#735 = ORIENTED_EDGE ( 'NONE', *, *, #5523, .F. ) ;
#736 = EDGE_CURVE ( 'NONE', #4937, #6086, #5325, .T. ) ;
#737 = ADVANCED_FACE ( 'NONE', ( #31 ), #2339, .F. ) ;
#738 = CARTESIAN_POINT ( 'NONE',  ( -2.319201962066644640, 0.3970550407499311429, 1.097499999999999476 ) ) ;
#739 = VERTEX_POINT ( 'NONE', #2449 ) ;
#740 = DIRECTION ( 'NONE',  ( 0.2588190451025209060, 0.9659258262890683122, 0.000000000000000000 ) ) ;
#741 = LINE ( 'NONE', #2317, #5917 ) ;
#742 = DIRECTION ( 'NONE',  ( -1.000000000000000000, 9.095506094768336076E-16, 0.000000000000000000 ) ) ;
#743 = VERTEX_POINT ( 'NONE', #6157 ) ;
#744 = CARTESIAN_POINT ( 'NONE',  ( 2.788783269761455852, 0.02804778702932090445, -0.8525000000000003686 ) ) ;
#745 = VERTEX_POINT ( 'NONE', #3087 ) ;
#746 = UNCERTAINTY_MEASURE_WITH_UNIT (LENGTH_MEASURE( 1.000000000000000082E-05 ), #2217, 'distance_accuracy_value', 'NONE');
#747 = PLANE ( 'NONE',  #594 ) ;
#748 = VERTEX_POINT ( 'NONE', #2506 ) ;
#749 = ORIENTED_EDGE ( 'NONE', *, *, #5268, .F. ) ;
#750 = VERTEX_POINT ( 'NONE', #4442 ) ;
#751 = ORIENTED_EDGE ( 'NONE', *, *, #1194, .T. ) ;
#752 = DIRECTION ( 'NONE',  ( 1.000000000000000000, 0.000000000000000000, -0.000000000000000000 ) ) ;
#753 = DIRECTION ( 'NONE',  ( 0.000000000000000000, -0.000000000000000000, 1.000000000000000000 ) ) ;
#754 = ORIENTED_EDGE ( 'NONE', *, *, #2022, .F. ) ;
#755 = EDGE_CURVE ( 'NONE', #381, #605, #156, .T. ) ;
#756 = CARTESIAN_POINT ( 'NONE',  ( -2.659592949966843367, 0.2875287615398652852, 2.397499999999999964 ) ) ;
#757 = VERTEX_POINT ( 'NONE', #6850 ) ;
#758 = VECTOR ( 'NONE', #7459, 1000.000000000000000 ) ;
#759 = DIRECTION ( 'NONE',  ( 1.000000000000000000, 0.000000000000000000, 0.000000000000000000 ) ) ;
#760 = LINE ( 'NONE', #1457, #3120 ) ;
#761 = VERTEX_POINT ( 'NONE', #1265 ) ;
#762 = ORIENTED_EDGE ( 'NONE', *, *, #7185, .F. ) ;
#763 = EDGE_CURVE ( 'NONE', #479, #5846, #5296, .T. ) ;
#764 = ORIENTED_EDGE ( 'NONE', *, *, #7047, .T. ) ;
#765 = ORIENTED_EDGE ( 'NONE', *, *, #5471, .T. ) ;
#766 = CARTESIAN_POINT ( 'NONE',  ( -2.609409507584654175, 0.4748159182089002894, -0.8525000000000003686 ) ) ;
#767 = DIRECTION ( 'NONE',  ( -1.000000000000000000, 9.095506094768336076E-16, 0.000000000000000000 ) ) ;
#768 = VECTOR ( 'NONE', #2646, 1000.000000000000000 ) ;
#769 = ORIENTED_EDGE ( 'NONE', *, *, #6187, .T. ) ;
#770 = DIRECTION ( 'NONE',  ( 0.000000000000000000, 0.000000000000000000, -1.000000000000000000 ) ) ;
#771 = ORIENTED_EDGE ( 'NONE', *, *, #3933, .T. ) ;
#772 = CIRCLE ( 'NONE', #4712, 0.1554449592500702360 ) ;
#773 = VECTOR ( 'NONE', #7271, 1000.000000000000000 ) ;
#774 = ORIENTED_EDGE ( 'NONE', *, *, #6267, .T. ) ;
#775 = ORIENTED_EDGE ( 'NONE', *, *, #4558, .F. ) ;
#776 = AXIS2_PLACEMENT_3D ( 'NONE', #6754, #5336, #637 ) ;
#777 = CARTESIAN_POINT ( 'NONE',  ( 2.319201962066644640, 0.3970550407499311429, 0.4474999999999995648 ) ) ;
#778 = ADVANCED_FACE ( 'NONE', ( #5373 ), #97, .F. ) ;
#779 = FACE_OUTER_BOUND ( 'NONE', #3551, .T. ) ;
#780 = EDGE_CURVE ( 'NONE', #1067, #5804, #2491, .T. ) ;
#781 = ORIENTED_EDGE ( 'NONE', *, *, #4865, .T. ) ;
#782 = ORIENTED_EDGE ( 'NONE', *, *, #7055, .T. ) ;
#783 = DIRECTION ( 'NONE',  ( 1.000000000000000000, 0.000000000000000000, 0.000000000000000000 ) ) ;
#784 = VECTOR ( 'NONE', #433, 1000.000000000000000 ) ;
#785 = PLANE ( 'NONE',  #4900 ) ;
#786 = EDGE_LOOP ( 'NONE', ( #1193, #5282, #3702, #7657 ) ) ;
#787 = PRESENTATION_LAYER_ASSIGNMENT (  '', '', ( #1200 ) ) ;
#788 = DIRECTION ( 'NONE',  ( -0.000000000000000000, -0.000000000000000000, -1.000000000000000000 ) ) ;
#789 = CARTESIAN_POINT ( 'NONE',  ( 2.609409507584654175, 0.4748159182089002894, 0.8524999999999994804 ) ) ;
#790 = DIRECTION ( 'NONE',  ( 0.000000000000000000, -0.000000000000000000, -1.000000000000000000 ) ) ;
#791 = CIRCLE ( 'NONE', #5166, 0.1554449592500702360 ) ;
#792 = LINE ( 'NONE', #4368, #1073 ) ;
#793 = ORIENTED_EDGE ( 'NONE', *, *, #5456, .F. ) ;
#794 = ORIENTED_EDGE ( 'NONE', *, *, #2762, .T. ) ;
#795 = VECTOR ( 'NONE', #4261, 1000.000000000000000 ) ;
#796 = ORIENTED_EDGE ( 'NONE', *, *, #4423, .F. ) ;
#797 = EDGE_LOOP ( 'NONE', ( #5600, #2086, #5287, #449 ) ) ;
#798 = EDGE_CURVE ( 'NONE', #4569, #7234, #62, .T. ) ;
#799 = ADVANCED_FACE ( 'NONE', ( #7768 ), #2507, .T. ) ;
#800 = SURFACE_STYLE_FILL_AREA ( #2280 ) ;
#801 = ORIENTED_EDGE ( 'NONE', *, *, #6875, .T. ) ;
#802 = CARTESIAN_POINT ( 'NONE',  ( -3.189885311307101734, 6.428775942946129489E-16, 1.747499999999999387 ) ) ;
#803 = DIRECTION ( 'NONE',  ( -0.000000000000000000, -0.000000000000000000, -1.000000000000000000 ) ) ;
#804 = PLANE ( 'NONE',  #6662 ) ;
#805 = FACE_BOUND ( 'NONE', #3783, .T. ) ;
#806 = VECTOR ( 'NONE', #1022, 1000.000000000000000 ) ;
#807 = ORIENTED_EDGE ( 'NONE', *, *, #7493, .F. ) ;
#808 = DIRECTION ( 'NONE',  ( -0.000000000000000000, 0.000000000000000000, -1.000000000000000000 ) ) ;
#809 = PLANE ( 'NONE',  #1226 ) ;
#810 = ORIENTED_EDGE ( 'NONE', *, *, #4337, .F. ) ;
#811 = LINE ( 'NONE', #7590, #1052 ) ;
#812 = ORIENTED_EDGE ( 'NONE', *, *, #7539, .F. ) ;
#813 = CARTESIAN_POINT ( 'NONE',  ( 2.200000000000000622, 0.6975000000000013411, 1.502499999999999503 ) ) ;
#814 = ORIENTED_EDGE ( 'NONE', *, *, #649, .F. ) ;
#815 = ORIENTED_EDGE ( 'NONE', *, *, #1169, .T. ) ;
#816 = DIRECTION ( 'NONE',  ( 1.000000000000000000, 0.000000000000000000, 0.000000000000000000 ) ) ;
#817 = CARTESIAN_POINT ( 'NONE',  ( 2.199999999999998401, 0.6975000000000013411, -2.499999999999995115 ) ) ;
#818 = CARTESIAN_POINT ( 'NONE',  ( -2.788783269761455852, 0.02804778702932084894, -1.747500000000000275 ) ) ;
#819 = LINE ( 'NONE', #5579, #5986 ) ;
#820 = VECTOR ( 'NONE', #6346, 1000.000000000000114 ) ;
#821 = ORIENTED_EDGE ( 'NONE', *, *, #5717, .T. ) ;
#822 = VERTEX_POINT ( 'NONE', #7453 ) ;
#823 = FACE_OUTER_BOUND ( 'NONE', #5525, .T. ) ;
#824 = ORIENTED_EDGE ( 'NONE', *, *, #33, .T. ) ;
#825 = ORIENTED_EDGE ( 'NONE', *, *, #7121, .T. ) ;
#826 = AXIS2_PLACEMENT_3D ( 'NONE', #7153, #7341, #6625 ) ;
#827 = CARTESIAN_POINT ( 'NONE',  ( -2.469350262772739057, 0.4372871566690347267, -2.152500000000000302 ) ) ;
#828 = DIRECTION ( 'NONE',  ( 0.000000000000000000, -1.000000000000000000, 0.000000000000000000 ) ) ;
#829 = FACE_OUTER_BOUND ( 'NONE', #797, .T. ) ;
#830 = ORIENTED_EDGE ( 'NONE', *, *, #541, .T. ) ;
#831 = EDGE_CURVE ( 'NONE', #6968, #5741, #5131, .T. ) ;
#832 = AXIS2_PLACEMENT_3D ( 'NONE', #3034, #6045, #6595 ) ;
#833 = CARTESIAN_POINT ( 'NONE',  ( -2.809741250672937785, 0.3277608774589687579, -1.097500000000000364 ) ) ;
#834 = VECTOR ( 'NONE', #5389, 1000.000000000000000 ) ;
#835 = EDGE_LOOP ( 'NONE', ( #7058, #5430, #4256, #2829 ) ) ;
#836 = ORIENTED_EDGE ( 'NONE', *, *, #6264, .T. ) ;
#837 = DIRECTION ( 'NONE',  ( -0.000000000000000000, -0.000000000000000000, -1.000000000000000000 ) ) ;
#838 = LINE ( 'NONE', #5410, #6041 ) ;
#839 = VERTEX_POINT ( 'NONE', #2091 ) ;
#840 = ORIENTED_EDGE ( 'NONE', *, *, #4715, .F. ) ;
#841 = CARTESIAN_POINT ( 'NONE',  ( 2.319201962066644640, 0.3970550407499311429, 1.502499999999999503 ) ) ;
#842 = CYLINDRICAL_SURFACE ( 'NONE', #6095, 0.2500000000000000000 ) ;
#843 = EDGE_LOOP ( 'NONE', ( #2071, #4752, #6755, #5575, #5723, #5481, #2893, #7157, #7024, #5943, #217, #2249 ) ) ;
#844 = EDGE_CURVE ( 'NONE', #700, #4270, #2676, .T. ) ;
#845 = CARTESIAN_POINT ( 'NONE',  ( 2.809741250672937785, 0.3277608774589687579, -0.2025000000000004297 ) ) ;
#846 = DIRECTION ( 'NONE',  ( 0.000000000000000000, -0.000000000000000000, -1.000000000000000000 ) ) ;
#847 = EDGE_CURVE ( 'NONE', #590, #2181, #121, .T. ) ;
#848 =( LENGTH_UNIT ( ) NAMED_UNIT ( * ) SI_UNIT ( .MILLI., .METRE. ) );
#849 = AXIS2_PLACEMENT_3D ( 'NONE', #3151, #4309, #1272 ) ;
#850 = FACE_OUTER_BOUND ( 'NONE', #2669, .T. ) ;
#851 = CIRCLE ( 'NONE', #1358, 0.1554449592500702360 ) ;
#852 = ORIENTED_EDGE ( 'NONE', *, *, #7031, .T. ) ;
#853 = ORIENTED_EDGE ( 'NONE', *, *, #3413, .T. ) ;
#854 = EDGE_CURVE ( 'NONE', #5975, #4843, #7671, .T. ) ;
#855 = ADVANCED_FACE ( 'NONE', ( #5337 ), #1005, .F. ) ;
#856 = VECTOR ( 'NONE', #2918, 1000.000000000000000 ) ;
#857 = ORIENTED_EDGE ( 'NONE', *, *, #390, .F. ) ;
#858 = VERTEX_POINT ( 'NONE', #2229 ) ;
#859 = CYLINDRICAL_SURFACE ( 'NONE', #1605, 0.3004449592500699762 ) ;
#860 = ORIENTED_EDGE ( 'NONE', *, *, #4492, .F. ) ;
#861 = DIRECTION ( 'NONE',  ( 1.000000000000000000, 0.000000000000000000, 0.000000000000000000 ) ) ;
#862 = CARTESIAN_POINT ( 'NONE',  ( 2.319201962066644640, 0.3970550407499311429, 0.2024999999999995692 ) ) ;
#863 = UNCERTAINTY_MEASURE_WITH_UNIT (LENGTH_MEASURE( 1.000000000000000082E-05 ), #3168, 'distance_accuracy_value', 'NONE');
#864 = CARTESIAN_POINT ( 'NONE',  ( -2.788783269761455852, 0.02804778702932084894, 0.4474999999999995648 ) ) ;
#865 = DIRECTION ( 'NONE',  ( -0.9659258262890688673, 0.2588190451025186856, 0.000000000000000000 ) ) ;
#866 = FACE_OUTER_BOUND ( 'NONE', #7617, .T. ) ;
#867 = CARTESIAN_POINT ( 'NONE',  ( -2.319201962066644640, 0.3970550407499311429, 1.097499999999999476 ) ) ;
#868 = DIRECTION ( 'NONE',  ( -0.000000000000000000, -0.000000000000000000, -1.000000000000000000 ) ) ;
#869 = ORIENTED_EDGE ( 'NONE', *, *, #6039, .F. ) ;
#870 = DIRECTION ( 'NONE',  ( 0.000000000000000000, 0.000000000000000000, 1.000000000000000000 ) ) ;
#871 = CIRCLE ( 'NONE', #1999, 0.3004449592500699762 ) ;
#872 = EDGE_CURVE ( 'NONE', #4843, #5407, #145, .T. ) ;
#873 = VERTEX_POINT ( 'NONE', #147 ) ;
#874 = DIRECTION ( 'NONE',  ( 0.9975640502598243087, 0.06975647374412488610, 0.000000000000000000 ) ) ;
#875 = ORIENTED_EDGE ( 'NONE', *, *, #3621, .F. ) ;
#876 = ADVANCED_FACE ( 'NONE', ( #2536 ), #5923, .F. ) ;
#877 = DIRECTION ( 'NONE',  ( -1.000000000000000000, 0.000000000000000000, 0.000000000000000000 ) ) ;
#878 = CIRCLE ( 'NONE', #5548, 0.1554449592500702360 ) ;
#879 = ORIENTED_EDGE ( 'NONE', *, *, #7277, .F. ) ;
#880 = DIRECTION ( 'NONE',  ( -1.000000000000000000, 0.000000000000000000, 0.000000000000000000 ) ) ;
#881 = CARTESIAN_POINT ( 'NONE',  ( 2.200000000000000622, 0.6975000000000013411, -0.2025000000000004297 ) ) ;
#882 = EDGE_CURVE ( 'NONE', #3889, #1141, #7712, .T. ) ;
#883 = DIRECTION ( 'NONE',  ( -1.000000000000000000, 0.000000000000000000, 0.000000000000000000 ) ) ;
#884 = VECTOR ( 'NONE', #3638, 1000.000000000000000 ) ;
#885 =( LENGTH_UNIT ( ) NAMED_UNIT ( * ) SI_UNIT ( .MILLI., .METRE. ) );
#886 = CYLINDRICAL_SURFACE ( 'NONE', #5155, 0.1554449592500702360 ) ;
#887 = ORIENTED_EDGE ( 'NONE', *, *, #2591, .F. ) ;
#888 = DIRECTION ( 'NONE',  ( -1.000000000000000000, -9.095506094768336076E-16, 0.000000000000000000 ) ) ;
#889 = VECTOR ( 'NONE', #6792, 1000.000000000000000 ) ;
#890 = ORIENTED_EDGE ( 'NONE', *, *, #6948, .F. ) ;
#891 = VERTEX_POINT ( 'NONE', #7802 ) ;
#892 = CARTESIAN_POINT ( 'NONE',  ( -2.319201962066644640, 0.5525000000000012124, 0.4474999999999995648 ) ) ;
#893 = CYLINDRICAL_SURFACE ( 'NONE', #6610, 0.1554449592500702360 ) ;
#894 = ORIENTED_EDGE ( 'NONE', *, *, #5239, .F. ) ;
#895 = EDGE_CURVE ( 'NONE', #5, #227, #5160, .T. ) ;
#896 = DIRECTION ( 'NONE',  ( -1.000000000000000000, 0.000000000000000000, 0.000000000000000000 ) ) ;
#897 = LINE ( 'NONE', #584, #6344 ) ;
#898 = VECTOR ( 'NONE', #5173, 1000.000000000000000 ) ;
#899 = ORIENTED_EDGE ( 'NONE', *, *, #7670, .F. ) ;
#900 = CARTESIAN_POINT ( 'NONE',  ( -2.659592949966843367, 0.2875287615398652852, 1.097499999999999476 ) ) ;
#901 = CIRCLE ( 'NONE', #6388, 0.2500000000000000000 ) ;
#902 = EDGE_LOOP ( 'NONE', ( #994, #6042, #332, #3477 ) ) ;
#903 = ORIENTED_EDGE ( 'NONE', *, *, #6592, .F. ) ;
#904 = DIRECTION ( 'NONE',  ( -0.000000000000000000, -0.000000000000000000, -1.000000000000000000 ) ) ;
#905 = LINE ( 'NONE', #5631, #3692 ) ;
#906 = ORIENTED_EDGE ( 'NONE', *, *, #4872, .F. ) ;
#907 = DIRECTION ( 'NONE',  ( 0.000000000000000000, -0.000000000000000000, -1.000000000000000000 ) ) ;
#908 = CARTESIAN_POINT ( 'NONE',  ( 2.319201962066644640, 0.3970550407499311429, -2.152500000000000302 ) ) ;
#909 = CARTESIAN_POINT ( 'NONE',  ( 1.499999999999999556, 4.492640687119285658, -1.500000000000002220 ) ) ;
#910 = VECTOR ( 'NONE', #34, 1000.000000000000114 ) ;
#911 = VECTOR ( 'NONE', #7660, 1000.000000000000000 ) ;
#912 = EDGE_CURVE ( 'NONE', #1314, #3324, #2696, .T. ) ;
#913 = EDGE_CURVE ( 'NONE', #1649, #3140, #2479, .T. ) ;
#914 = VERTEX_POINT ( 'NONE', #7269 ) ;
#915 = AXIS2_PLACEMENT_3D ( 'NONE', #2787, #3455, #4102 ) ;
#916 = VECTOR ( 'NONE', #483, 1000.000000000000000 ) ;
#917 = VERTEX_POINT ( 'NONE', #5991 ) ;
#918 = VERTEX_POINT ( 'NONE', #2359 ) ;
#919 = SURFACE_STYLE_USAGE ( .BOTH. , #126 ) ;
#920 = LINE ( 'NONE', #4489, #6123 ) ;
#921 = EDGE_LOOP ( 'NONE', ( #3391, #492, #5982, #5724 ) ) ;
#922 = DIRECTION ( 'NONE',  ( 1.000000000000000000, 0.000000000000000000, -0.000000000000000000 ) ) ;
#923 = DIRECTION ( 'NONE',  ( -0.000000000000000000, 0.000000000000000000, 1.000000000000000000 ) ) ;
#924 = PLANE ( 'NONE',  #5151 ) ;
#925 = ADVANCED_FACE ( 'NONE', ( #5381 ), #2938, .T. ) ;
#926 = MECHANICAL_DESIGN_GEOMETRIC_PRESENTATION_REPRESENTATION (  '', ( #7433 ), #3580 ) ;
#927 = CARTESIAN_POINT ( 'NONE',  ( 2.798897958454353851, 0.1726945743169953640, 2.397499999999999964 ) ) ;
#928 = LINE ( 'NONE', #4683, #3469 ) ;
#929 = CARTESIAN_POINT ( 'NONE',  ( 2.469350262772739057, 0.4372871566690347267, 1.747499999999999387 ) ) ;
#930 = LINE ( 'NONE', #418, #911 ) ;
#931 = DIRECTION ( 'NONE',  ( 0.000000000000000000, 0.000000000000000000, 1.000000000000000000 ) ) ;
#932 = ORIENTED_EDGE ( 'NONE', *, *, #6142, .T. ) ;
#933 = ADVANCED_FACE ( 'NONE', ( #5349 ), #2758, .T. ) ;
#934 = ORIENTED_EDGE ( 'NONE', *, *, #7329, .F. ) ;
#935 = CARTESIAN_POINT ( 'NONE',  ( 1.499999999999999556, 0.2500000000000006661, -1.500000000000002220 ) ) ;
#936 = ORIENTED_EDGE ( 'NONE', *, *, #6575, .T. ) ;
#937 = ORIENTED_EDGE ( 'NONE', *, *, #4139, .T. ) ;
#938 =( NAMED_UNIT ( * ) PLANE_ANGLE_UNIT ( ) SI_UNIT ( $, .RADIAN. ) );
#939 = DIRECTION ( 'NONE',  ( -0.9975640502598243087, -0.06975647374412477508, 0.000000000000000000 ) ) ;
#940 = DIRECTION ( 'NONE',  ( 1.000000000000000000, -9.095506094768336076E-16, 0.000000000000000000 ) ) ;
#941 = CIRCLE ( 'NONE', #2853, 0.3004449592500699762 ) ;
#942 = CARTESIAN_POINT ( 'NONE',  ( 2.200000000000000622, 0.6975000000000013411, 1.097499999999999476 ) ) ;
#943 = VECTOR ( 'NONE', #5758, 1000.000000000000000 ) ;
#944 = AXIS2_PLACEMENT_3D ( 'NONE', #7644, #191, #5034 ) ;
#945 = ORIENTED_EDGE ( 'NONE', *, *, #2752, .F. ) ;
#946 = CARTESIAN_POINT ( 'NONE',  ( 3.189885311307101734, 6.428775942946129489E-16, -0.4475000000000003975 ) ) ;
#947 = EDGE_CURVE ( 'NONE', #7719, #7733, #5362, .T. ) ;
#948 = LINE ( 'NONE', #1855, #916 ) ;
#949 = ORIENTED_EDGE ( 'NONE', *, *, #7546, .T. ) ;
#950 = AXIS2_PLACEMENT_3D ( 'NONE', #115, #1403, #3112 ) ;
#951 = ORIENTED_EDGE ( 'NONE', *, *, #2564, .F. ) ;
#952 = ADVANCED_FACE ( 'NONE', ( #5315 ), #1872, .F. ) ;
#953 = ORIENTED_EDGE ( 'NONE', *, *, #4009, .T. ) ;
#954 = CARTESIAN_POINT ( 'NONE',  ( -3.199999999999999734, 0.1446467872876750493, 1.747499999999999387 ) ) ;
#955 = VECTOR ( 'NONE', #313, 1000.000000000000000 ) ;
#956 = VECTOR ( 'NONE', #270, 1000.000000000000000 ) ;
#957 = VERTEX_POINT ( 'NONE', #4217 ) ;
#958 = DIRECTION ( 'NONE',  ( -0.2588190451025209060, -0.9659258262890683122, 0.000000000000000000 ) ) ;
#959 = LINE ( 'NONE', #686, #6282 ) ;
#960 = EDGE_CURVE ( 'NONE', #6534, #399, #2423, .T. ) ;
#961 = ORIENTED_EDGE ( 'NONE', *, *, #6948, .T. ) ;
#962 = ORIENTED_EDGE ( 'NONE', *, *, #831, .F. ) ;
#963 = AXIS2_PLACEMENT_3D ( 'NONE', #7344, #6262, #138 ) ;
#964 = DIRECTION ( 'NONE',  ( 0.000000000000000000, 0.000000000000000000, 1.000000000000000000 ) ) ;
#965 = FACE_OUTER_BOUND ( 'NONE', #328, .T. ) ;
#966 = EDGE_CURVE ( 'NONE', #385, #4462, #95, .T. ) ;
#967 = ORIENTED_EDGE ( 'NONE', *, *, #1059, .F. ) ;
#968 = DIRECTION ( 'NONE',  ( -1.000000000000000000, 0.000000000000000000, 0.000000000000000000 ) ) ;
#969 = DIRECTION ( 'NONE',  ( 0.000000000000000000, 0.000000000000000000, 1.000000000000000000 ) ) ;
#970 = EDGE_CURVE ( 'NONE', #5459, #618, #7700, .T. ) ;
#971 = CIRCLE ( 'NONE', #7466, 0.1554449592500702360 ) ;
#972 = LINE ( 'NONE', #3977, #3634 ) ;
#973 = ORIENTED_EDGE ( 'NONE', *, *, #6073, .F. ) ;
#974 = LINE ( 'NONE', #3019, #3459 ) ;
#975 = VERTEX_POINT ( 'NONE', #1341 ) ;
#976 = VERTEX_POINT ( 'NONE', #2470 ) ;
#977 = VECTOR ( 'NONE', #7321, 1000.000000000000000 ) ;
#978 = ORIENTED_EDGE ( 'NONE', *, *, #4609, .F. ) ;
#979 = AXIS2_PLACEMENT_3D ( 'NONE', #4658, #4190, #5316 ) ;
#980 = CARTESIAN_POINT ( 'NONE',  ( -2.609409507584654175, 0.4748159182089002894, -2.397500000000000409 ) ) ;
#981 = CARTESIAN_POINT ( 'NONE',  ( -3.199999999999999734, 0.1446467872876750493, 2.397499999999999964 ) ) ;
#982 =( LENGTH_UNIT ( ) NAMED_UNIT ( * ) SI_UNIT ( .MILLI., .METRE. ) );
#983 = EDGE_CURVE ( 'NONE', #4657, #1404, #2723, .T. ) ;
#984 = CARTESIAN_POINT ( 'NONE',  ( -3.189885311307101734, 6.428775942946129489E-16, 0.4474999999999995648 ) ) ;
#985 = CARTESIAN_POINT ( 'NONE',  ( 2.469350262772739502, 0.4372871566690347822, 0.4474999999999995648 ) ) ;
#986 = LINE ( 'NONE', #2247, #1036 ) ;
#987 =( NAMED_UNIT ( * ) SI_UNIT ( $, .STERADIAN. ) SOLID_ANGLE_UNIT ( ) );
#988 = CARTESIAN_POINT ( 'NONE',  ( -2.609409507584654175, 0.4748159182089002894, 1.747499999999999387 ) ) ;
#989 = ORIENTED_EDGE ( 'NONE', *, *, #5471, .F. ) ;
#990 = CARTESIAN_POINT ( 'NONE',  ( 1.499999999999999556, 0.2500000000000006661, 1.499999999999997780 ) ) ;
#991 = VECTOR ( 'NONE', #2559, 1000.000000000000000 ) ;
#992 = ORIENTED_EDGE ( 'NONE', *, *, #7555, .T. ) ;
#993 = VECTOR ( 'NONE', #7508, 1000.000000000000000 ) ;
#994 = ORIENTED_EDGE ( 'NONE', *, *, #4891, .T. ) ;
#995 = DIRECTION ( 'NONE',  ( -0.000000000000000000, 0.000000000000000000, 1.000000000000000000 ) ) ;
#996 = PLANE ( 'NONE',  #1790 ) ;
#997 = PRESENTATION_LAYER_ASSIGNMENT (  '', '', ( #1509 ) ) ;
#998 = ADVANCED_FACE ( 'NONE', ( #5301 ), #1744, .F. ) ;
#999 = DIRECTION ( 'NONE',  ( -1.000000000000000000, 9.095506094768336076E-16, 0.000000000000000000 ) ) ;
#1000 = FACE_OUTER_BOUND ( 'NONE', #4134, .T. ) ;
#1001 = AXIS2_PLACEMENT_3D ( 'NONE', #5478, #6962, #1950 ) ;
#1002 = VERTEX_POINT ( 'NONE', #3740 ) ;
#1003 = ADVANCED_FACE ( 'NONE', ( #7789 ), #6606, .F. ) ;
#1004 = DIRECTION ( 'NONE',  ( -0.9975640502598243087, 0.06975647374412477508, 0.000000000000000000 ) ) ;
#1005 = PLANE ( 'NONE',  #7065 ) ;
#1006 = AXIS2_PLACEMENT_3D ( 'NONE', #2310, #5380, #7314 ) ;
#1007 = ORIENTED_EDGE ( 'NONE', *, *, #136, .T. ) ;
#1008 = EDGE_CURVE ( 'NONE', #5149, #3152, #2666, .T. ) ;
#1009 = LINE ( 'NONE', #6539, #6335 ) ;
#1010 = ORIENTED_EDGE ( 'NONE', *, *, #1567, .F. ) ;
#1011 = CARTESIAN_POINT ( 'NONE',  ( 2.809741250672937785, 0.3277608774589687579, -1.747500000000000275 ) ) ;
#1012 = ORIENTED_EDGE ( 'NONE', *, *, #4963, .T. ) ;
#1013 = CARTESIAN_POINT ( 'NONE',  ( 1.499999999999999556, 0.1500000000000006606, -1.500000000000002220 ) ) ;
#1014 = LINE ( 'NONE', #1813, #3562 ) ;
#1015 = CARTESIAN_POINT ( 'NONE',  ( 2.319201962066644640, 0.5525000000000012124, 0.4474999999999995648 ) ) ;
#1016 = VERTEX_POINT ( 'NONE', #6869 ) ;
#1017 = ADVANCED_FACE ( 'NONE', ( #5044 ), #785, .F. ) ;
#1018 = CARTESIAN_POINT ( 'NONE',  ( 2.788783269761455852, 0.02804778702932084894, 2.397499999999999964 ) ) ;
#1019 = LINE ( 'NONE', #1799, #3449 ) ;
#1020 = ORIENTED_EDGE ( 'NONE', *, *, #4648, .F. ) ;
#1021 = DIRECTION ( 'NONE',  ( 1.000000000000000000, 9.095506094768336076E-16, -0.000000000000000000 ) ) ;
#1022 = DIRECTION ( 'NONE',  ( 0.000000000000000000, -0.000000000000000000, -1.000000000000000000 ) ) ;
#1023 = CARTESIAN_POINT ( 'NONE',  ( 1.499999999999999556, 0.1500000000000006606, -1.500000000000002220 ) ) ;
#1024 = LINE ( 'NONE', #6408, #956 ) ;
#1025 = DIRECTION ( 'NONE',  ( -1.000000000000000000, 9.095506094768336076E-16, 0.000000000000000000 ) ) ;
#1026 = ORIENTED_EDGE ( 'NONE', *, *, #6608, .T. ) ;
#1027 = LINE ( 'NONE', #5148, #3442 ) ;
#1028 = DIRECTION ( 'NONE',  ( 0.000000000000000000, -0.000000000000000000, -1.000000000000000000 ) ) ;
#1029 = ORIENTED_EDGE ( 'NONE', *, *, #3966, .T. ) ;
#1030 = AXIS2_PLACEMENT_3D ( 'NONE', #5223, #1672, #3978 ) ;
#1031 = CYLINDRICAL_SURFACE ( 'NONE', #1773, 0.1554449592500702360 ) ;
#1032 = ORIENTED_EDGE ( 'NONE', *, *, #52, .F. ) ;
#1033 = DIRECTION ( 'NONE',  ( 0.2588190451025186856, -0.9659258262890688673, 0.000000000000000000 ) ) ;
#1034 = DIRECTION ( 'NONE',  ( -0.2588190451025186856, -0.9659258262890688673, 0.000000000000000000 ) ) ;
#1035 = DIRECTION ( 'NONE',  ( -0.2588190451025209060, 0.9659258262890683122, 0.000000000000000000 ) ) ;
#1036 = VECTOR ( 'NONE', #4500, 999.9999999999998863 ) ;
#1037 = DIRECTION ( 'NONE',  ( -0.000000000000000000, 1.000000000000000000, -0.000000000000000000 ) ) ;
#1038 = EDGE_LOOP ( 'NONE', ( #612, #7426, #1418, #6855 ) ) ;
#1039 = CARTESIAN_POINT ( 'NONE',  ( 2.319201962066644640, 0.3970550407499311429, -1.502500000000000391 ) ) ;
#1040 = VECTOR ( 'NONE', #2701, 1000.000000000000000 ) ;
#1041 = VERTEX_POINT ( 'NONE', #6177 ) ;
#1042 = LINE ( 'NONE', #6871, #977 ) ;
#1043 = ORIENTED_EDGE ( 'NONE', *, *, #6048, .T. ) ;
#1044 = CARTESIAN_POINT ( 'NONE',  ( 1.499999999999999556, 0.2500000000000002220, -1.500000000000002220 ) ) ;
#1045 = PRESENTATION_LAYER_ASSIGNMENT (  '', '', ( #4525 ) ) ;
#1046 = EDGE_CURVE ( 'NONE', #5651, #3152, #5273, .T. ) ;
#1047 = AXIS2_PLACEMENT_3D ( 'NONE', #625, #2511, #3787 ) ;
#1048 = SURFACE_SIDE_STYLE ('',( #4245 ) ) ;
#1049 = LINE ( 'NONE', #213, #943 ) ;
#1050 = ORIENTED_EDGE ( 'NONE', *, *, #629, .T. ) ;
#1051 = EDGE_CURVE ( 'NONE', #5016, #5112, #74, .T. ) ;
#1052 = VECTOR ( 'NONE', #3207, 1000.000000000000000 ) ;
#1053 = DIRECTION ( 'NONE',  ( 0.000000000000000000, -1.000000000000000000, 0.000000000000000000 ) ) ;
#1054 = VERTEX_POINT ( 'NONE', #3802 ) ;
#1055 = CIRCLE ( 'NONE', #2555, 0.3004449592500699762 ) ;
#1056 = ORIENTED_EDGE ( 'NONE', *, *, #7632, .T. ) ;
#1057 = EDGE_CURVE ( 'NONE', #6044, #5149, #2772, .T. ) ;
#1058 = AXIS2_PLACEMENT_3D ( 'NONE', #4048, #2213, #2735 ) ;
#1059 = EDGE_CURVE ( 'NONE', #975, #761, #5061, .T. ) ;
#1060 = EDGE_LOOP ( 'NONE', ( #4730, #4355, #7190, #5541 ) ) ;
#1061 = DIRECTION ( 'NONE',  ( -0.06975647374412521917, 0.9975640502598241977, 0.000000000000000000 ) ) ;
#1062 = VECTOR ( 'NONE', #4789, 1000.000000000000114 ) ;
#1063 = DIRECTION ( 'NONE',  ( 1.000000000000000000, 0.000000000000000000, 0.000000000000000000 ) ) ;
#1064 = EDGE_CURVE ( 'NONE', #1430, #5040, #2466, .T. ) ;
#1065 = VERTEX_POINT ( 'NONE', #1401 ) ;
#1066 = CARTESIAN_POINT ( 'NONE',  ( 2.200000000000000622, 0.6975000000000013411, -1.502500000000000391 ) ) ;
#1067 = VERTEX_POINT ( 'NONE', #2488 ) ;
#1068 = FILL_AREA_STYLE_COLOUR ( '', #5100 ) ;
#1069 = DIRECTION ( 'NONE',  ( -0.000000000000000000, 0.000000000000000000, 1.000000000000000000 ) ) ;
#1070 = CARTESIAN_POINT ( 'NONE',  ( -2.200000000000001066, 0.5525000000000013234, -2.499999999999994227 ) ) ;
#1071 = EDGE_CURVE ( 'NONE', #6420, #4879, #5104, .T. ) ;
#1072 = DIRECTION ( 'NONE',  ( -0.000000000000000000, 0.000000000000000000, 1.000000000000000000 ) ) ;
#1073 = VECTOR ( 'NONE', #4905, 1000.000000000000000 ) ;
#1074 = DIRECTION ( 'NONE',  ( 1.000000000000000000, 0.000000000000000000, 0.000000000000000000 ) ) ;
#1075 = ORIENTED_EDGE ( 'NONE', *, *, #5351, .T. ) ;
#1076 = LINE ( 'NONE', #7782, #3517 ) ;
#1077 = ORIENTED_EDGE ( 'NONE', *, *, #5823, .F. ) ;
#1078 = ADVANCED_FACE ( 'NONE', ( #6858 ), #1974, .F. ) ;
#1079 = CIRCLE ( 'NONE', #4053, 0.1554449592500702360 ) ;
#1080 = ORIENTED_EDGE ( 'NONE', *, *, #4898, .F. ) ;
#1081 = CARTESIAN_POINT ( 'NONE',  ( 3.199999999999999734, 0.1446467872876750493, -1.502500000000000391 ) ) ;
#1082 = DIRECTION ( 'NONE',  ( 0.06975647374412523305, -0.9975640502598241977, 0.000000000000000000 ) ) ;
#1083 = EDGE_CURVE ( 'NONE', #5675, #5542, #1679, .T. ) ;
#1084 = CARTESIAN_POINT ( 'NONE',  ( 2.469350262772739057, 0.4372871566690347267, -1.097500000000000364 ) ) ;
#1085 = LINE ( 'NONE', #7077, #6416 ) ;
#1086 = DIRECTION ( 'NONE',  ( 0.9975640502598243087, -0.06975647374412488610, 0.000000000000000000 ) ) ;
#1087 = DIRECTION ( 'NONE',  ( 0.2588190451025209060, -0.9659258262890683122, 0.000000000000000000 ) ) ;
#1088 = ORIENTED_EDGE ( 'NONE', *, *, #6156, .T. ) ;
#1090 = CYLINDRICAL_SURFACE ( 'NONE', #3505, 0.1554449592500702360 ) ;
#1089 = AXIS2_PLACEMENT_3D ( 'NONE', #2018, #2686, #1357 ) ;
#1091 = DIRECTION ( 'NONE',  ( -0.06975647374412477508, 0.9975640502598243087, 0.000000000000000000 ) ) ;
#1092 = CLOSED_SHELL ( 'NONE', ( #3096, #7864, #4476, #7491, #1285, #2046, #7547, #6683, #6280, #6111, #2586, #4585, #48, #4655 ) ) ;
#1093 = FACE_OUTER_BOUND ( 'NONE', #7639, .T. ) ;
#1094 = VERTEX_POINT ( 'NONE', #6940 ) ;
#1095 = ORIENTED_EDGE ( 'NONE', *, *, #5942, .F. ) ;
#1096 = CARTESIAN_POINT ( 'NONE',  ( 2.788783269761455852, 0.02804778702932090445, 1.502499999999999503 ) ) ;
#1097 = DIRECTION ( 'NONE',  ( -0.000000000000000000, -0.000000000000000000, -1.000000000000000000 ) ) ;
#1098 = PLANE ( 'NONE',  #4907 ) ;
#1099 = EDGE_CURVE ( 'NONE', #677, #2544, #4276, .T. ) ;
#1100 = ORIENTED_EDGE ( 'NONE', *, *, #2490, .F. ) ;
#1101 = DIRECTION ( 'NONE',  ( 0.000000000000000000, -0.000000000000000000, -1.000000000000000000 ) ) ;
#1102 = LINE ( 'NONE', #6806, #6537 ) ;
#1103 = DIRECTION ( 'NONE',  ( 0.000000000000000000, -0.000000000000000000, -1.000000000000000000 ) ) ;
#1104 = CARTESIAN_POINT ( 'NONE',  ( -2.200000000000000622, 0.6975000000000013411, 1.502499999999999503 ) ) ;
#1105 = ORIENTED_EDGE ( 'NONE', *, *, #5281, .T. ) ;
#1106 = CYLINDRICAL_SURFACE ( 'NONE', #2446, 0.1554449592500702360 ) ;
#1107 = ORIENTED_EDGE ( 'NONE', *, *, #1811, .T. ) ;
#1108 = ORIENTED_EDGE ( 'NONE', *, *, #2534, .T. ) ;
#1109 = MANIFOLD_SOLID_BREP ( 'LPattern1[1]', #1092 ) ;
#1110 = DIRECTION ( 'NONE',  ( -1.000000000000000000, 9.095506094768336076E-16, 0.000000000000000000 ) ) ;
#1111 = LINE ( 'NONE', #7630, #3873 ) ;
#1112 = ORIENTED_EDGE ( 'NONE', *, *, #2961, .T. ) ;
#1113 = VECTOR ( 'NONE', #1669, 1000.000000000000000 ) ;
#1114 = VECTOR ( 'NONE', #2883, 1000.000000000000000 ) ;
#1115 = CARTESIAN_POINT ( 'NONE',  ( 3.189885311307101734, 6.428775942946129489E-16, -0.2025000000000004297 ) ) ;
#1116 = ORIENTED_EDGE ( 'NONE', *, *, #2146, .T. ) ;
#1117 = VECTOR ( 'NONE', #226, 1000.000000000000000 ) ;
#1118 = ORIENTED_EDGE ( 'NONE', *, *, #7743, .T. ) ;
#1119 = VERTEX_POINT ( 'NONE', #4385 ) ;
#1120 = CARTESIAN_POINT ( 'NONE',  ( 2.809741250672937785, 0.3277608774589687579, 1.097499999999999476 ) ) ;
#1121 = DIRECTION ( 'NONE',  ( 0.000000000000000000, -0.000000000000000000, -1.000000000000000000 ) ) ;
#1122 = DIRECTION ( 'NONE',  ( 1.000000000000000000, 0.000000000000000000, -0.000000000000000000 ) ) ;
#1123 = ADVANCED_FACE ( 'NONE', ( #1542 ), #3888, .F. ) ;
#1124 = FACE_OUTER_BOUND ( 'NONE', #6298, .T. ) ;
#1125 = AXIS2_PLACEMENT_3D ( 'NONE', #7066, #4698, #424 ) ;
#1126 = DIRECTION ( 'NONE',  ( 1.000000000000000000, 0.000000000000000000, 0.000000000000000000 ) ) ;
#1127 = ORIENTED_EDGE ( 'NONE', *, *, #6875, .F. ) ;
#1128 = LINE ( 'NONE', #268, #1254 ) ;
#1129 = ADVANCED_FACE ( 'NONE', ( #4183 ), #6735, .T. ) ;
#1130 = EDGE_CURVE ( 'NONE', #7785, #2544, #1705, .T. ) ;
#1131 = LINE ( 'NONE', #7603, #6347 ) ;
#1132 = EDGE_LOOP ( 'NONE', ( #7857, #3614, #2976, #3002 ) ) ;
#1133 = LINE ( 'NONE', #2240, #3982 ) ;
#1134 = ORIENTED_EDGE ( 'NONE', *, *, #4298, .F. ) ;
#1135 = ORIENTED_EDGE ( 'NONE', *, *, #1706, .F. ) ;
#1136 = DIRECTION ( 'NONE',  ( 1.000000000000000000, -9.095506094768336076E-16, 0.000000000000000000 ) ) ;
#1137 = CARTESIAN_POINT ( 'NONE',  ( -1.500000000000000444, 0.1500000000000006606, -1.500000000000003109 ) ) ;
#1138 = VECTOR ( 'NONE', #1184, 1000.000000000000000 ) ;
#1139 = VECTOR ( 'NONE', #7621, 1000.000000000000000 ) ;
#1140 = DIRECTION ( 'NONE',  ( -0.000000000000000000, -0.000000000000000000, -1.000000000000000000 ) ) ;
#1141 = VERTEX_POINT ( 'NONE', #1363 ) ;
#1142 = EDGE_CURVE ( 'NONE', #6904, #4070, #6828, .T. ) ;
#1143 = VECTOR ( 'NONE', #2654, 1000.000000000000000 ) ;
#1144 = VECTOR ( 'NONE', #7750, 1000.000000000000000 ) ;
#1145 = EDGE_CURVE ( 'NONE', #2990, #2189, #4080, .T. ) ;
#1146 = ORIENTED_EDGE ( 'NONE', *, *, #5611, .T. ) ;
#1147 = AXIS2_PLACEMENT_3D ( 'NONE', #4077, #3366, #7062 ) ;
#1148 = ADVANCED_FACE ( 'NONE', ( #6925 ), #7486, .T. ) ;
#1149 = VECTOR ( 'NONE', #127, 1000.000000000000000 ) ;
#1150 = VERTEX_POINT ( 'NONE', #5452 ) ;
#1151 = VERTEX_POINT ( 'NONE', #2598 ) ;
#1152 = CARTESIAN_POINT ( 'NONE',  ( -2.469350262772739057, 0.4372871566690347267, 1.747499999999999387 ) ) ;
#1153 = CARTESIAN_POINT ( 'NONE',  ( 2.788783269761455852, 0.02804778702932084894, -2.152500000000000302 ) ) ;
#1154 = CARTESIAN_POINT ( 'NONE',  ( -2.200000000000000622, 0.6975000000000013411, -2.152500000000000302 ) ) ;
#1155 = EDGE_CURVE ( 'NONE', #3846, #7003, #1492, .T. ) ;
#1156 = CARTESIAN_POINT ( 'NONE',  ( 1.499999999999999556, 0.2500000000000006661, 1.499999999999997780 ) ) ;
#1157 = VECTOR ( 'NONE', #3198, 1000.000000000000000 ) ;
#1158 = SURFACE_STYLE_FILL_AREA ( #2250 ) ;
#1159 = ORIENTED_EDGE ( 'NONE', *, *, #7315, .F. ) ;
#1160 = CYLINDRICAL_SURFACE ( 'NONE', #2947, 0.1554449592500702360 ) ;
#1161 = CARTESIAN_POINT ( 'NONE',  ( -3.189885311307101734, 6.428775942946129489E-16, -2.152500000000000302 ) ) ;
#1162 = LINE ( 'NONE', #446, #6477 ) ;
#1163 = DIRECTION ( 'NONE',  ( 0.000000000000000000, -1.000000000000000000, 0.000000000000000000 ) ) ;
#1164 = VERTEX_POINT ( 'NONE', #3129 ) ;
#1165 = LINE ( 'NONE', #7112, #1387 ) ;
#1166 = ORIENTED_EDGE ( 'NONE', *, *, #2943, .T. ) ;
#1167 = ORIENTED_EDGE ( 'NONE', *, *, #2475, .T. ) ;
#1168 = DIRECTION ( 'NONE',  ( 0.9659258262890683122, -0.2588190451025209060, 0.000000000000000000 ) ) ;
#1169 = EDGE_CURVE ( 'NONE', #423, #5449, #4092, .T. ) ;
#1170 = LINE ( 'NONE', #7773, #6401 ) ;
#1171 = LINE ( 'NONE', #6598, #3941 ) ;
#1172 = ORIENTED_EDGE ( 'NONE', *, *, #5501, .T. ) ;
#1173 = CYLINDRICAL_SURFACE ( 'NONE', #6158, 0.1554449592500702360 ) ;
#1174 = CARTESIAN_POINT ( 'NONE',  ( 3.199999999999999734, 0.1446467872876750493, 0.2024999999999995692 ) ) ;
#1175 = PLANE ( 'NONE',  #5228 ) ;
#1176 = EDGE_CURVE ( 'NONE', #1500, #5867, #1610, .T. ) ;
#1177 = PLANE ( 'NONE',  #430 ) ;
#1178 = VERTEX_POINT ( 'NONE', #2778 ) ;
#1179 = DIRECTION ( 'NONE',  ( -0.000000000000000000, -0.000000000000000000, -1.000000000000000000 ) ) ;
#1180 = CIRCLE ( 'NONE', #3084, 0.3004449592500699762 ) ;
#1181 = ORIENTED_EDGE ( 'NONE', *, *, #1588, .F. ) ;
#1182 = ORIENTED_EDGE ( 'NONE', *, *, #7294, .T. ) ;
#1183 = CARTESIAN_POINT ( 'NONE',  ( -1.500000000000000444, 0.2500000000000006661, 1.499999999999997780 ) ) ;
#1184 = DIRECTION ( 'NONE',  ( 0.000000000000000000, -0.000000000000000000, -1.000000000000000000 ) ) ;
#1185 = CARTESIAN_POINT ( 'NONE',  ( -2.200000000000000622, 0.6975000000000013411, -1.747500000000000275 ) ) ;
#1186 = DIRECTION ( 'NONE',  ( -0.000000000000000000, -0.000000000000000000, -1.000000000000000000 ) ) ;
#1187 = FACE_OUTER_BOUND ( 'NONE', #2963, .T. ) ;
#1188 = PRESENTATION_STYLE_ASSIGNMENT (( #7069 ) ) ;
#1189 = CARTESIAN_POINT ( 'NONE',  ( -2.319201962066644640, 0.3970550407499311429, -1.747500000000000275 ) ) ;
#1190 = ORIENTED_EDGE ( 'NONE', *, *, #4289, .T. ) ;
#1191 = LINE ( 'NONE', #3258, #3794 ) ;
#1192 = VECTOR ( 'NONE', #6698, 1000.000000000000000 ) ;
#1193 = ORIENTED_EDGE ( 'NONE', *, *, #4220, .T. ) ;
#1194 = EDGE_CURVE ( 'NONE', #667, #2145, #6681, .T. ) ;
#1195 = LINE ( 'NONE', #6827, #1305 ) ;
#1196 = ORIENTED_EDGE ( 'NONE', *, *, #5436, .T. ) ;
#1197 = VERTEX_POINT ( 'NONE', #2822 ) ;
#1198 = DIRECTION ( 'NONE',  ( 0.000000000000000000, -0.000000000000000000, -1.000000000000000000 ) ) ;
#1199 = DIRECTION ( 'NONE',  ( -0.000000000000000000, 0.000000000000000000, 1.000000000000000000 ) ) ;
#1200 = STYLED_ITEM ( 'NONE', ( #6308 ), #6785 ) ;
#1201 = VECTOR ( 'NONE', #6525, 1000.000000000000000 ) ;
#1202 = PRESENTATION_STYLE_ASSIGNMENT (( #6295 ) ) ;
#1203 = CARTESIAN_POINT ( 'NONE',  ( 2.319201962066644640, 0.3970550407499311429, 0.4474999999999995648 ) ) ;
#1204 = ORIENTED_EDGE ( 'NONE', *, *, #1083, .F. ) ;
#1205 = VECTOR ( 'NONE', #6991, 1000.000000000000000 ) ;
#1206 = PLANE ( 'NONE',  #1047 ) ;
#1207 = VECTOR ( 'NONE', #2983, 1000.000000000000000 ) ;
#1208 = VERTEX_POINT ( 'NONE', #4562 ) ;
#1209 = FACE_OUTER_BOUND ( 'NONE', #5596, .T. ) ;
#1210 = VERTEX_POINT ( 'NONE', #1728 ) ;
#1211 = ORIENTED_EDGE ( 'NONE', *, *, #780, .T. ) ;
#1212 = EDGE_CURVE ( 'NONE', #315, #873, #6772, .T. ) ;
#1213 = CARTESIAN_POINT ( 'NONE',  ( -3.189885311307101734, 6.428775942946129489E-16, 1.747499999999999387 ) ) ;
#1214 = DIRECTION ( 'NONE',  ( -0.000000000000000000, -0.000000000000000000, -1.000000000000000000 ) ) ;
#1215 = DIRECTION ( 'NONE',  ( 1.000000000000000000, 0.000000000000000000, 0.000000000000000000 ) ) ;
#1216 = CARTESIAN_POINT ( 'NONE',  ( -2.788783269761455852, 0.02804778702932084894, -0.2025000000000004297 ) ) ;
#1217 = DIRECTION ( 'NONE',  ( -1.000000000000000000, 0.000000000000000000, 0.000000000000000000 ) ) ;
#1218 = FACE_OUTER_BOUND ( 'NONE', #7672, .T. ) ;
#1219 = SURFACE_STYLE_FILL_AREA ( #3938 ) ;
#1220 = ORIENTED_EDGE ( 'NONE', *, *, #6473, .T. ) ;
#1221 = LINE ( 'NONE', #5693, #1338 ) ;
#1222 = CARTESIAN_POINT ( 'NONE',  ( 2.798897958454353851, 0.1726945743169953640, 1.747499999999999387 ) ) ;
#1223 = LINE ( 'NONE', #4803, #1192 ) ;
#1224 = CARTESIAN_POINT ( 'NONE',  ( 2.199999999999998401, 1.100000000000000311, -2.414445983927811401 ) ) ;
#1225 = ORIENTED_EDGE ( 'NONE', *, *, #4895, .T. ) ;
#1226 = AXIS2_PLACEMENT_3D ( 'NONE', #5660, #7439, #2600 ) ;
#1227 = ADVANCED_FACE ( 'NONE', ( #6910 ), #5135, .F. ) ;
#1228 = CARTESIAN_POINT ( 'NONE',  ( 3.189885311307101734, 6.428775942946129489E-16, -0.8525000000000003686 ) ) ;
#1229 = VECTOR ( 'NONE', #1725, 1000.000000000000000 ) ;
#1230 = ORIENTED_EDGE ( 'NONE', *, *, #2102, .F. ) ;
#1231 = ORIENTED_EDGE ( 'NONE', *, *, #412, .F. ) ;
#1232 = EDGE_CURVE ( 'NONE', #3784, #2329, #6818, .T. ) ;
#1233 = CYLINDRICAL_SURFACE ( 'NONE', #3909, 0.3004449592500699762 ) ;
#1234 = CIRCLE ( 'NONE', #1882, 0.1554449592500702360 ) ;
#1235 = ORIENTED_EDGE ( 'NONE', *, *, #4097, .F. ) ;
#1236 = LINE ( 'NONE', #3854, #3946 ) ;
#1237 = CARTESIAN_POINT ( 'NONE',  ( 2.200000000000000622, 0.5525000000000013234, 0.8524999999999994804 ) ) ;
#1238 = VECTOR ( 'NONE', #1866, 1000.000000000000227 ) ;
#1239 = CARTESIAN_POINT ( 'NONE',  ( -2.200000000000000622, 0.6975000000000013411, -1.502500000000000391 ) ) ;
#1240 = DIRECTION ( 'NONE',  ( 0.000000000000000000, 0.000000000000000000, 1.000000000000000000 ) ) ;
#1241 = EDGE_LOOP ( 'NONE', ( #6893, #4734, #2033, #1793 ) ) ;
#1242 = DIRECTION ( 'NONE',  ( 0.000000000000000000, -1.000000000000000000, -0.000000000000000000 ) ) ;
#1243 = LINE ( 'NONE', #6010, #6381 ) ;
#1244 = ORIENTED_EDGE ( 'NONE', *, *, #7670, .T. ) ;
#1245 = ORIENTED_EDGE ( 'NONE', *, *, #4378, .T. ) ;
#1246 = MECHANICAL_DESIGN_GEOMETRIC_PRESENTATION_REPRESENTATION (  '', ( #4525 ), #5593 ) ;
#1247 = CARTESIAN_POINT ( 'NONE',  ( 2.609409507584654175, 0.4748159182089002894, 0.8524999999999994804 ) ) ;
#1248 = CARTESIAN_POINT ( 'NONE',  ( -2.114445983927816464, 0.1500000000000006606, 2.500000000000001332 ) ) ;
#1249 = CARTESIAN_POINT ( 'NONE',  ( 2.798897958454353851, 0.1726945743169953640, 2.397499999999999964 ) ) ;
#1250 = EDGE_CURVE ( 'NONE', #5235, #858, #6748, .T. ) ;
#1251 = AXIS2_PLACEMENT_3D ( 'NONE', #1716, #7609, #2158 ) ;
#1252 = LINE ( 'NONE', #1847, #6457 ) ;
#1253 = ORIENTED_EDGE ( 'NONE', *, *, #1660, .T. ) ;
#1254 = VECTOR ( 'NONE', #4546, 1000.000000000000000 ) ;
#1255 = VECTOR ( 'NONE', #7083, 1000.000000000000000 ) ;
#1256 = CARTESIAN_POINT ( 'NONE',  ( -3.199999999999999734, 0.1446467872876750493, -0.2025000000000004297 ) ) ;
#1257 = EDGE_LOOP ( 'NONE', ( #4513, #1978, #2927, #1953 ) ) ;
#1258 = CIRCLE ( 'NONE', #7859, 0.1554449592500702360 ) ;
#1259 = ORIENTED_EDGE ( 'NONE', *, *, #2077, .F. ) ;
#1260 = ORIENTED_EDGE ( 'NONE', *, *, #6288, .F. ) ;
#1261 = CARTESIAN_POINT ( 'NONE',  ( 2.200000000000000622, 0.5525000000000013234, -0.8525000000000003686 ) ) ;
#1262 = CARTESIAN_POINT ( 'NONE',  ( -3.199999999999999734, 0.1446467872876750493, 0.4474999999999995648 ) ) ;
#1263 = EDGE_CURVE ( 'NONE', #914, #3281, #4069, .T. ) ;
#1264 = EDGE_CURVE ( 'NONE', #1808, #104, #1531, .T. ) ;
#1265 = CARTESIAN_POINT ( 'NONE',  ( -1.600000000000001199, 1.100000000000000311, -1.649999999999995470 ) ) ;
#1266 = FACE_OUTER_BOUND ( 'NONE', #7808, .T. ) ;
#1267 = LINE ( 'NONE', #1721, #6475 ) ;
#1268 = AXIS2_PLACEMENT_3D ( 'NONE', #5134, #2171, #5561 ) ;
#1269 = DIRECTION ( 'NONE',  ( 2.602085213965212614E-16, -0.000000000000000000, 1.000000000000000000 ) ) ;
#1270 = EDGE_CURVE ( 'NONE', #7702, #6120, #4107, .T. ) ;
#1271 = VERTEX_POINT ( 'NONE', #1137 ) ;
#1272 = DIRECTION ( 'NONE',  ( -1.000000000000000000, 0.000000000000000000, 0.000000000000000000 ) ) ;
#1273 = CARTESIAN_POINT ( 'NONE',  ( -1.500000000000000444, 0.2500000000000002220, -1.500000000000003109 ) ) ;
#1274 = LINE ( 'NONE', #1391, #3971 ) ;
#1275 = EDGE_CURVE ( 'NONE', #2867, #2044, #4145, .T. ) ;
#1276 = EDGE_LOOP ( 'NONE', ( #5856, #3121, #7872, #6621, #2480, #6434, #4050, #1190, #3204, #3349, #3316, #5225 ) ) ;
#1277 = VERTEX_POINT ( 'NONE', #929 ) ;
#1278 = EDGE_LOOP ( 'NONE', ( #4087, #4138, #6920, #7221 ) ) ;
#1279 = CARTESIAN_POINT ( 'NONE',  ( 2.798897958454353851, 0.1726945743169953640, -0.8525000000000003686 ) ) ;
#1280 = PLANE ( 'NONE',  #1006 ) ;
#1281 = FACE_OUTER_BOUND ( 'NONE', #6467, .T. ) ;
#1282 = VECTOR ( 'NONE', #7155, 1000.000000000000000 ) ;
#1283 = EDGE_CURVE ( 'NONE', #542, #3539, #1691, .T. ) ;
#1284 = ORIENTED_EDGE ( 'NONE', *, *, #6951, .F. ) ;
#1285 = ADVANCED_FACE ( 'NONE', ( #1553 ), #6790, .F. ) ;
#1286 = PRESENTATION_STYLE_ASSIGNMENT (( #2462 ) ) ;
#1287 = DIRECTION ( 'NONE',  ( 0.9781476007338055778, -0.2079116908177597867, -2.545223408944983685E-16 ) ) ;
#1288 = CARTESIAN_POINT ( 'NONE',  ( 2.319201962066644640, 0.3970550407499311429, 0.4474999999999995648 ) ) ;
#1289 = DIRECTION ( 'NONE',  ( -0.000000000000000000, -0.000000000000000000, -1.000000000000000000 ) ) ;
#1290 = EDGE_CURVE ( 'NONE', #5797, #5705, #1569, .T. ) ;
#1291 = CARTESIAN_POINT ( 'NONE',  ( 2.319201962066644640, 0.3970550407499311429, 0.8524999999999994804 ) ) ;
#1292 = LINE ( 'NONE', #6935, #3910 ) ;
#1293 = ORIENTED_EDGE ( 'NONE', *, *, #4504, .F. ) ;
#1294 = ORIENTED_EDGE ( 'NONE', *, *, #1784, .T. ) ;
#1295 = PLANE ( 'NONE',  #208 ) ;
#1296 = EDGE_CURVE ( 'NONE', #2978, #6017, #1653, .T. ) ;
#1297 = FACE_OUTER_BOUND ( 'NONE', #5629, .T. ) ;
#1298 = ORIENTED_EDGE ( 'NONE', *, *, #5011, .T. ) ;
#1299 = LINE ( 'NONE', #6407, #6461 ) ;
#1300 = CARTESIAN_POINT ( 'NONE',  ( -2.659592949966843367, 0.2875287615398652852, -1.747500000000000275 ) ) ;
#1301 = DIRECTION ( 'NONE',  ( -0.06975647374412521917, 0.9975640502598241977, 0.000000000000000000 ) ) ;
#1302 =( NAMED_UNIT ( * ) PLANE_ANGLE_UNIT ( ) SI_UNIT ( $, .RADIAN. ) );
#1303 = ADVANCED_FACE ( 'NONE', ( #1452 ), #5848, .F. ) ;
#1304 = DIRECTION ( 'NONE',  ( -1.000000000000000000, 0.000000000000000000, 0.000000000000000000 ) ) ;
#1305 = VECTOR ( 'NONE', #5556, 1000.000000000000227 ) ;
#1306 = ORIENTED_EDGE ( 'NONE', *, *, #2117, .F. ) ;
#1307 = CARTESIAN_POINT ( 'NONE',  ( -2.809741250672937785, 0.3277608774589687579, 1.747499999999999387 ) ) ;
#1308 = CARTESIAN_POINT ( 'NONE',  ( 2.200000000000000622, 0.6975000000000013411, 1.097499999999999476 ) ) ;
#1309 = AXIS2_PLACEMENT_3D ( 'NONE', #6602, #64, #3795 ) ;
#1310 = CIRCLE ( 'NONE', #3600, 0.3004449592500699762 ) ;
#1311 = EDGE_CURVE ( 'NONE', #3020, #329, #6885, .T. ) ;
#1312 = FACE_OUTER_BOUND ( 'NONE', #7146, .T. ) ;
#1313 = DIRECTION ( 'NONE',  ( -0.000000000000000000, -0.000000000000000000, -1.000000000000000000 ) ) ;
#1314 = VERTEX_POINT ( 'NONE', #3399 ) ;
#1315 = VECTOR ( 'NONE', #4584, 1000.000000000000000 ) ;
#1316 = DIRECTION ( 'NONE',  ( -1.000000000000000000, 0.000000000000000000, 1.971276677246371519E-16 ) ) ;
#1317 = LINE ( 'NONE', #3246, #6577 ) ;
#1318 = ORIENTED_EDGE ( 'NONE', *, *, #912, .T. ) ;
#1319 = DIRECTION ( 'NONE',  ( 0.000000000000000000, 1.000000000000000000, 0.000000000000000000 ) ) ;
#1320 = PRESENTATION_STYLE_ASSIGNMENT (( #4670 ) ) ;
#1321 = CARTESIAN_POINT ( 'NONE',  ( -2.319201962066644640, 0.5525000000000012124, 2.152499999999999858 ) ) ;
#1322 = EDGE_LOOP ( 'NONE', ( #5455, #3589, #5271, #2357 ) ) ;
#1323 = EDGE_CURVE ( 'NONE', #488, #5353, #4293, .T. ) ;
#1324 = DIRECTION ( 'NONE',  ( -0.000000000000000000, -0.000000000000000000, -1.000000000000000000 ) ) ;
#1325 = LINE ( 'NONE', #1532, #3876 ) ;
#1326 = DIRECTION ( 'NONE',  ( -0.06975647374412521917, 0.9975640502598241977, 0.000000000000000000 ) ) ;
#1327 = AXIS2_PLACEMENT_3D ( 'NONE', #2690, #1696, #4207 ) ;
#1328 = EDGE_LOOP ( 'NONE', ( #1244, #3550, #6504, #6213 ) ) ;
#1329 = DIRECTION ( 'NONE',  ( 1.000000000000000000, 0.000000000000000000, 0.000000000000000000 ) ) ;
#1330 = CARTESIAN_POINT ( 'NONE',  ( -1.600000000000001199, 1.100000000000000311, -1.899999999999995470 ) ) ;
#1331 = PLANE ( 'NONE',  #1001 ) ;
#1332 = ADVANCED_FACE ( 'NONE', ( #4317 ), #7037, .F. ) ;
#1333 = CARTESIAN_POINT ( 'NONE',  ( -2.609409507584654175, 0.4748159182089002894, 0.4474999999999995648 ) ) ;
#1334 = CIRCLE ( 'NONE', #2509, 0.3004449592500699762 ) ;
#1335 = VECTOR ( 'NONE', #2112, 1000.000000000000000 ) ;
#1336 = AXIS2_PLACEMENT_3D ( 'NONE', #5716, #5508, #177 ) ;
#1337 = EDGE_LOOP ( 'NONE', ( #1578, #5586, #4099, #4600 ) ) ;
#1338 = VECTOR ( 'NONE', #7659, 1000.000000000000000 ) ;
#1339 = DIRECTION ( 'NONE',  ( -0.000000000000000000, -0.000000000000000000, -1.000000000000000000 ) ) ;
#1340 = CARTESIAN_POINT ( 'NONE',  ( 1.499999999999999556, 4.492640687119285658, -1.500000000000002220 ) ) ;
#1341 = CARTESIAN_POINT ( 'NONE',  ( -1.600000000000001199, 1.000000000000000222, -1.649999999999995470 ) ) ;
#1342 = DIRECTION ( 'NONE',  ( -0.2588190451025186856, 0.9659258262890688673, 0.000000000000000000 ) ) ;
#1343 = PLANE ( 'NONE',  #1350 ) ;
#1344 = FACE_OUTER_BOUND ( 'NONE', #6881, .T. ) ;
#1345 = VERTEX_POINT ( 'NONE', #4674 ) ;
#1346 = DIRECTION ( 'NONE',  ( -0.000000000000000000, -0.000000000000000000, -1.000000000000000000 ) ) ;
#1347 = LINE ( 'NONE', #5081, #3967 ) ;
#1348 = LINE ( 'NONE', #7793, #3773 ) ;
#1349 = EDGE_LOOP ( 'NONE', ( #824, #193, #711, #1043 ) ) ;
#1350 = AXIS2_PLACEMENT_3D ( 'NONE', #1291, #3114, #4952 ) ;
#1351 = VECTOR ( 'NONE', #4737, 1000.000000000000000 ) ;
#1352 = ADVANCED_FACE ( 'NONE', ( #7138 ), #6646, .F. ) ;
#1353 =( LENGTH_UNIT ( ) NAMED_UNIT ( * ) SI_UNIT ( .MILLI., .METRE. ) );
#1354 = VECTOR ( 'NONE', #3732, 1000.000000000000000 ) ;
#1355 = EDGE_CURVE ( 'NONE', #7860, #441, #7072, .T. ) ;
#1356 = DIRECTION ( 'NONE',  ( 1.000000000000000000, 0.000000000000000000, 0.000000000000000000 ) ) ;
#1357 = DIRECTION ( 'NONE',  ( -1.000000000000000000, 0.000000000000000000, 0.000000000000000000 ) ) ;
#1358 = AXIS2_PLACEMENT_3D ( 'NONE', #5266, #1069, #4030 ) ;
#1359 = DIRECTION ( 'NONE',  ( 0.000000000000000000, 0.000000000000000000, 1.000000000000000000 ) ) ;
#1360 = VECTOR ( 'NONE', #6030, 1000.000000000000114 ) ;
#1361 = ORIENTED_EDGE ( 'NONE', *, *, #5799, .T. ) ;
#1362 =( NAMED_UNIT ( * ) SI_UNIT ( $, .STERADIAN. ) SOLID_ANGLE_UNIT ( ) );
#1363 = CARTESIAN_POINT ( 'NONE',  ( 3.199999999999999734, 0.1446467872876750493, 0.8524999999999994804 ) ) ;
#1364 = EDGE_CURVE ( 'NONE', #3245, #2978, #1754, .T. ) ;
#1365 = CARTESIAN_POINT ( 'NONE',  ( -2.609409507584654175, 0.4748159182089002894, 0.2024999999999995692 ) ) ;
#1366 = VECTOR ( 'NONE', #6624, 1000.000000000000114 ) ;
#1367 = CARTESIAN_POINT ( 'NONE',  ( -3.189885311307101734, 6.428775942946129489E-16, -0.8525000000000003686 ) ) ;
#1368 = ORIENTED_EDGE ( 'NONE', *, *, #7373, .T. ) ;
#1369 = VECTOR ( 'NONE', #2677, 1000.000000000000000 ) ;
#1370 = DIRECTION ( 'NONE',  ( -0.2079116908177597867, 0.9781476007338055778, 0.000000000000000000 ) ) ;
#1371 = DIRECTION ( 'NONE',  ( 1.000000000000000000, 9.095506094768336076E-16, -0.000000000000000000 ) ) ;
#1372 = EDGE_CURVE ( 'NONE', #1409, #311, #4400, .T. ) ;
#1373 = ADVANCED_FACE ( 'NONE', ( #4528 ), #4622, .F. ) ;
#1374 = LINE ( 'NONE', #981, #6502 ) ;
#1375 = VERTEX_POINT ( 'NONE', #5908 ) ;
#1376 = DIRECTION ( 'NONE',  ( 0.9975640502598243087, -0.06975647374412488610, 0.000000000000000000 ) ) ;
#1377 = AXIS2_PLACEMENT_3D ( 'NONE', #6079, #6724, #740 ) ;
#1378 = DIRECTION ( 'NONE',  ( 1.000000000000000000, 0.000000000000000000, 0.000000000000000000 ) ) ;
#1379 = EDGE_CURVE ( 'NONE', #3187, #7752, #1841, .T. ) ;
#1380 = CARTESIAN_POINT ( 'NONE',  ( -2.319201962066644640, 0.5525000000000012124, -1.502500000000000391 ) ) ;
#1381 = VECTOR ( 'NONE', #7242, 1000.000000000000000 ) ;
#1382 = CIRCLE ( 'NONE', #1125, 0.3004449592500699762 ) ;
#1383 = VERTEX_POINT ( 'NONE', #7168 ) ;
#1384 = DIRECTION ( 'NONE',  ( -0.000000000000000000, -0.000000000000000000, -1.000000000000000000 ) ) ;
#1385 = LINE ( 'NONE', #935, #3843 ) ;
#1386 = DIRECTION ( 'NONE',  ( 0.06975647374412523305, -0.9975640502598241977, 0.000000000000000000 ) ) ;
#1387 = VECTOR ( 'NONE', #2774, 1000.000000000000000 ) ;
#1388 = EDGE_LOOP ( 'NONE', ( #6060, #3080, #7669, #7682 ) ) ;
#1389 = DIRECTION ( 'NONE',  ( -0.000000000000000000, 0.000000000000000000, 1.000000000000000000 ) ) ;
#1390 = DIRECTION ( 'NONE',  ( 0.9975640502598243087, 0.06975647374412477508, -0.000000000000000000 ) ) ;
#1391 = CARTESIAN_POINT ( 'NONE',  ( -2.200000000000000622, 0.6975000000000013411, -1.747500000000000275 ) ) ;
#1392 = UNCERTAINTY_MEASURE_WITH_UNIT (LENGTH_MEASURE( 1.000000000000000082E-05 ), #2481, 'distance_accuracy_value', 'NONE');
#1393 = VECTOR ( 'NONE', #7245, 1000.000000000000000 ) ;
#1394 = DIRECTION ( 'NONE',  ( 0.2588190451025209060, 0.9659258262890683122, 0.000000000000000000 ) ) ;
#1395 = VECTOR ( 'NONE', #2873, 1000.000000000000000 ) ;
#1396 = DIRECTION ( 'NONE',  ( -0.000000000000000000, -0.000000000000000000, -1.000000000000000000 ) ) ;
#1397 = EDGE_CURVE ( 'NONE', #6859, #1543, #1797, .T. ) ;
#1398 = ORIENTED_EDGE ( 'NONE', *, *, #4220, .F. ) ;
#1399 =( GEOMETRIC_REPRESENTATION_CONTEXT ( 3 ) GLOBAL_UNCERTAINTY_ASSIGNED_CONTEXT ( ( #3993 ) ) GLOBAL_UNIT_ASSIGNED_CONTEXT ( ( #7387, #3824, #3701 ) ) REPRESENTATION_CONTEXT ( 'NONE', 'WORKASPACE' ) );
#1400 = CARTESIAN_POINT ( 'NONE',  ( -2.798897958454353851, 0.1726945743169953640, 1.502499999999999503 ) ) ;
#1401 = CARTESIAN_POINT ( 'NONE',  ( 3.199999999999999734, 0.1446467872876750493, -2.397500000000000409 ) ) ;
#1402 = DIRECTION ( 'NONE',  ( -1.000000000000000000, 0.000000000000000000, 0.000000000000000000 ) ) ;
#1403 = DIRECTION ( 'NONE',  ( -0.000000000000000000, -0.000000000000000000, -1.000000000000000000 ) ) ;
#1404 = VERTEX_POINT ( 'NONE', #1153 ) ;
#1405 = STYLED_ITEM ( 'NONE', ( #7144 ), #7298 ) ;
#1406 = LINE ( 'NONE', #7473, #6814 ) ;
#1407 = ADVANCED_FACE ( 'NONE', ( #4352 ), #1936, .F. ) ;
#1408 = VECTOR ( 'NONE', #6946, 1000.000000000000000 ) ;
#1409 = VERTEX_POINT ( 'NONE', #5195 ) ;
#1410 = STYLED_ITEM ( 'NONE', ( #1286 ), #654 ) ;
#1411 = PRODUCT_CONTEXT ( 'NONE', #6299, 'mechanical' ) ;
#1412 = DIRECTION ( 'NONE',  ( -1.000000000000000000, 0.000000000000000000, 0.000000000000000000 ) ) ;
#1413 = FACE_OUTER_BOUND ( 'NONE', #6763, .T. ) ;
#1414 = ORIENTED_EDGE ( 'NONE', *, *, #4638, .T. ) ;
#1415 = EDGE_CURVE ( 'NONE', #172, #914, #1853, .T. ) ;
#1416 = CARTESIAN_POINT ( 'NONE',  ( 2.798897958454353851, 0.1726945743169953640, -2.152500000000000302 ) ) ;
#1417 = FILL_AREA_STYLE_COLOUR ( '', #6721 ) ;
#1418 = ORIENTED_EDGE ( 'NONE', *, *, #2550, .F. ) ;
#1419 = DIRECTION ( 'NONE',  ( -0.000000000000000000, 0.000000000000000000, 1.000000000000000000 ) ) ;
#1420 = LINE ( 'NONE', #166, #4090 ) ;
#1421 = CARTESIAN_POINT ( 'NONE',  ( -2.200000000000001066, 0.6975000000000013411, -2.499999999999994227 ) ) ;
#1422 = AXIS2_PLACEMENT_3D ( 'NONE', #7362, #4845, #2459 ) ;
#1423 = VECTOR ( 'NONE', #4254, 1000.000000000000000 ) ;
#1424 = VECTOR ( 'NONE', #480, 1000.000000000000000 ) ;
#1425 = DIRECTION ( 'NONE',  ( 9.095506094768336076E-16, 1.000000000000000000, 0.000000000000000000 ) ) ;
#1426 = VERTEX_POINT ( 'NONE', #7587 ) ;
#1427 = ADVANCED_FACE ( 'NONE', ( #1776 ), #996, .F. ) ;
#1428 = CARTESIAN_POINT ( 'NONE',  ( -2.200000000000000622, 0.5525000000000013234, 1.747499999999999387 ) ) ;
#1429 = DIRECTION ( 'NONE',  ( 0.000000000000000000, 0.000000000000000000, 1.000000000000000000 ) ) ;
#1430 = VERTEX_POINT ( 'NONE', #3792 ) ;
#1431 = DIRECTION ( 'NONE',  ( -0.000000000000000000, -0.000000000000000000, -1.000000000000000000 ) ) ;
#1432 = CARTESIAN_POINT ( 'NONE',  ( 2.469350262772739502, 0.4372871566690347822, -1.097500000000000364 ) ) ;
#1433 = EDGE_CURVE ( 'NONE', #382, #4173, #4553, .T. ) ;
#1434 = ORIENTED_EDGE ( 'NONE', *, *, #1588, .T. ) ;
#1435 = LINE ( 'NONE', #3828, #6640 ) ;
#1436 = CARTESIAN_POINT ( 'NONE',  ( 2.609409507584654175, 0.4748159182089002894, -2.152500000000000302 ) ) ;
#1437 = LINE ( 'NONE', #2394, #6873 ) ;
#1438 = LINE ( 'NONE', #6472, #1282 ) ;
#1439 = ORIENTED_EDGE ( 'NONE', *, *, #4882, .F. ) ;
#1440 = CARTESIAN_POINT ( 'NONE',  ( -2.200000000000000622, 0.6975000000000013411, -0.2025000000000004297 ) ) ;
#1441 = DIRECTION ( 'NONE',  ( -0.000000000000000000, -0.000000000000000000, -1.000000000000000000 ) ) ;
#1442 = ADVANCED_FACE ( 'NONE', ( #4408 ), #6861, .F. ) ;
#1443 = LINE ( 'NONE', #7350, #7004 ) ;
#1444 = ORIENTED_EDGE ( 'NONE', *, *, #3529, .F. ) ;
#1445 = CARTESIAN_POINT ( 'NONE',  ( 2.798897958454353851, 0.1726945743169953640, 1.097499999999999476 ) ) ;
#1446 = AXIS2_PLACEMENT_3D ( 'NONE', #364, #263, #1063 ) ;
#1447 = EDGE_LOOP ( 'NONE', ( #1100, #2805, #5253, #12 ) ) ;
#1448 = DIRECTION ( 'NONE',  ( 0.000000000000000000, -0.000000000000000000, -1.000000000000000000 ) ) ;
#1449 = LINE ( 'NONE', #3368, #4180 ) ;
#1450 = DIRECTION ( 'NONE',  ( -0.9659258262890688673, 0.2588190451025186856, 0.000000000000000000 ) ) ;
#1451 = LINE ( 'NONE', #2454, #1423 ) ;
#1452 = FACE_OUTER_BOUND ( 'NONE', #1493, .T. ) ;
#1453 = CARTESIAN_POINT ( 'NONE',  ( 2.519533705154928249, 0.2499999999999996669, 0.4474999999999995648 ) ) ;
#1454 = EDGE_LOOP ( 'NONE', ( #3031, #5905, #1116, #5901 ) ) ;
#1455 = DIRECTION ( 'NONE',  ( -0.000000000000000000, -0.000000000000000000, -1.000000000000000000 ) ) ;
#1456 = CARTESIAN_POINT ( 'NONE',  ( -2.319201962066644640, 0.6975000000000013411, 1.747499999999999387 ) ) ;
#1457 = CARTESIAN_POINT ( 'NONE',  ( -2.788783269761455852, 0.02804778702932090445, -0.2025000000000004297 ) ) ;
#1458 = DIRECTION ( 'NONE',  ( 0.000000000000000000, 0.000000000000000000, 1.000000000000000000 ) ) ;
#1459 = ORIENTED_EDGE ( 'NONE', *, *, #2077, .T. ) ;
#1460 = AXIS2_PLACEMENT_3D ( 'NONE', #2971, #6160, #5417 ) ;
#1461 = ORIENTED_EDGE ( 'NONE', *, *, #7836, .T. ) ;
#1462 = EDGE_CURVE ( 'NONE', #481, #7822, #1812, .T. ) ;
#1463 = CYLINDRICAL_SURFACE ( 'NONE', #3670, 0.1554449592500702360 ) ;
#1464 = LINE ( 'NONE', #6797, #6631 ) ;
#1465 = VECTOR ( 'NONE', #7676, 1000.000000000000114 ) ;
#1466 = MECHANICAL_DESIGN_GEOMETRIC_PRESENTATION_REPRESENTATION (  '', ( #5327 ), #477 ) ;
#1467 = ORIENTED_EDGE ( 'NONE', *, *, #1942, .F. ) ;
#1468 =( NAMED_UNIT ( * ) PLANE_ANGLE_UNIT ( ) SI_UNIT ( $, .RADIAN. ) );
#1469 = EDGE_CURVE ( 'NONE', #4369, #4879, #7039, .T. ) ;
#1470 = CARTESIAN_POINT ( 'NONE',  ( 2.469350262772739057, 0.4372871566690347267, -2.152500000000000302 ) ) ;
#1471 = DIRECTION ( 'NONE',  ( -0.000000000000000000, -0.000000000000000000, -1.000000000000000000 ) ) ;
#1472 = LINE ( 'NONE', #6217, #4124 ) ;
#1473 = ORIENTED_EDGE ( 'NONE', *, *, #4885, .T. ) ;
#1474 = CARTESIAN_POINT ( 'NONE',  ( 1.499999999999999556, 0.1500000000000006606, 1.499999999999997780 ) ) ;
#1475 = EDGE_LOOP ( 'NONE', ( #5172, #2749, #7596, #6449 ) ) ;
#1476 = DIRECTION ( 'NONE',  ( 0.000000000000000000, -0.000000000000000000, -1.000000000000000000 ) ) ;
#1477 = VECTOR ( 'NONE', #1929, 1000.000000000000114 ) ;
#1478 = DIRECTION ( 'NONE',  ( 1.928199552231046834E-16, 0.2079116908177597867, 0.9781476007338055778 ) ) ;
#1479 = ADVANCED_FACE ( 'NONE', ( #4497 ), #4940, .T. ) ;
#1480 = DIRECTION ( 'NONE',  ( 1.000000000000000000, 0.000000000000000000, -0.000000000000000000 ) ) ;
#1481 = ORIENTED_EDGE ( 'NONE', *, *, #5680, .F. ) ;
#1482 = CARTESIAN_POINT ( 'NONE',  ( -2.200000000000000622, 0.6975000000000013411, 2.500000000000001332 ) ) ;
#1483 = CARTESIAN_POINT ( 'NONE',  ( -2.788783269761455852, 0.02804778702932084894, 2.397499999999999964 ) ) ;
#1484 = EDGE_CURVE ( 'NONE', #2618, #5770, #4474, .T. ) ;
#1485 = VECTOR ( 'NONE', #6321, 1000.000000000000000 ) ;
#1486 = ORIENTED_EDGE ( 'NONE', *, *, #4839, .T. ) ;
#1487 = CARTESIAN_POINT ( 'NONE',  ( -2.469350262772739057, 0.4372871566690347267, 0.2024999999999995692 ) ) ;
#1488 = DIRECTION ( 'NONE',  ( -0.000000000000000000, 0.000000000000000000, 1.000000000000000000 ) ) ;
#1489 = ORIENTED_EDGE ( 'NONE', *, *, #5813, .T. ) ;
#1490 = LINE ( 'NONE', #2203, #1622 ) ;
#1491 = EDGE_CURVE ( 'NONE', #1002, #761, #4430, .T. ) ;
#1492 = LINE ( 'NONE', #4470, #1505 ) ;
#1493 = EDGE_LOOP ( 'NONE', ( #5193, #2736, #3167, #5787 ) ) ;
#1494 = CARTESIAN_POINT ( 'NONE',  ( 2.199999999999998401, 0.5525000000000013234, -2.499999999999995115 ) ) ;
#1495 = ADVANCED_FACE ( 'NONE', ( #7160 ), #5533, .T. ) ;
#1496 = UNCERTAINTY_MEASURE_WITH_UNIT (LENGTH_MEASURE( 1.000000000000000082E-05 ), #848, 'distance_accuracy_value', 'NONE');
#1497 = LINE ( 'NONE', #351, #6726 ) ;
#1498 = ORIENTED_EDGE ( 'NONE', *, *, #3633, .F. ) ;
#1499 = CARTESIAN_POINT ( 'NONE',  ( -2.659592949966843367, 0.2875287615398652852, 1.097499999999999476 ) ) ;
#1500 = VERTEX_POINT ( 'NONE', #5425 ) ;
#1501 = VECTOR ( 'NONE', #5592, 1000.000000000000000 ) ;
#1502 = PLANE ( 'NONE',  #2190 ) ;
#1503 = VECTOR ( 'NONE', #3026, 1000.000000000000000 ) ;
#1504 = EDGE_CURVE ( 'NONE', #6131, #623, #1947, .T. ) ;
#1505 = VECTOR ( 'NONE', #4514, 1000.000000000000000 ) ;
#1506 = ORIENTED_EDGE ( 'NONE', *, *, #5717, .F. ) ;
#1507 = CARTESIAN_POINT ( 'NONE',  ( 2.200000000000000622, 0.5525000000000013234, -0.2025000000000004297 ) ) ;
#1508 = DIRECTION ( 'NONE',  ( -1.000000000000000000, 0.000000000000000000, 0.000000000000000000 ) ) ;
#1509 = STYLED_ITEM ( 'NONE', ( #1563 ), #7052 ) ;
#1510 = DIRECTION ( 'NONE',  ( -0.000000000000000000, -0.000000000000000000, -1.000000000000000000 ) ) ;
#1511 = DIRECTION ( 'NONE',  ( -1.000000000000000000, 9.095506094768336076E-16, 0.000000000000000000 ) ) ;
#1512 = LINE ( 'NONE', #3083, #4382 ) ;
#1513 = ORIENTED_EDGE ( 'NONE', *, *, #5810, .F. ) ;
#1514 = AXIS2_PLACEMENT_3D ( 'NONE', #2970, #3661, #4307 ) ;
#1515 = ORIENTED_EDGE ( 'NONE', *, *, #4710, .F. ) ;
#1516 = CIRCLE ( 'NONE', #6334, 0.1554449592500702360 ) ;
#1517 = VECTOR ( 'NONE', #5632, 1000.000000000000000 ) ;
#1518 = VECTOR ( 'NONE', #1633, 1000.000000000000114 ) ;
#1519 = ORIENTED_EDGE ( 'NONE', *, *, #2998, .F. ) ;
#1520 = EDGE_CURVE ( 'NONE', #6712, #586, #6960, .T. ) ;
#1521 = DIRECTION ( 'NONE',  ( 0.000000000000000000, -0.000000000000000000, -1.000000000000000000 ) ) ;
#1522 = DIRECTION ( 'NONE',  ( 0.000000000000000000, -0.000000000000000000, -1.000000000000000000 ) ) ;
#1523 = DIRECTION ( 'NONE',  ( -0.000000000000000000, -0.000000000000000000, -1.000000000000000000 ) ) ;
#1524 = ORIENTED_EDGE ( 'NONE', *, *, #4996, .T. ) ;
#1525 = DIRECTION ( 'NONE',  ( -0.000000000000000000, -0.000000000000000000, -1.000000000000000000 ) ) ;
#1526 = DIRECTION ( 'NONE',  ( 0.000000000000000000, -0.000000000000000000, -1.000000000000000000 ) ) ;
#1527 = ORIENTED_EDGE ( 'NONE', *, *, #394, .F. ) ;
#1528 = FACE_OUTER_BOUND ( 'NONE', #5005, .T. ) ;
#1529 = CARTESIAN_POINT ( 'NONE',  ( 2.319201962066644640, 0.6975000000000013411, 1.747499999999999387 ) ) ;
#1530 = FACE_OUTER_BOUND ( 'NONE', #2939, .T. ) ;
#1531 = LINE ( 'NONE', #985, #4226 ) ;
#1532 = CARTESIAN_POINT ( 'NONE',  ( 2.469350262772739057, 0.4372871566690347267, 0.4474999999999995648 ) ) ;
#1533 = ORIENTED_EDGE ( 'NONE', *, *, #4917, .T. ) ;
#1534 = DIRECTION ( 'NONE',  ( -1.000000000000000000, 0.000000000000000000, 0.000000000000000000 ) ) ;
#1535 = DIRECTION ( 'NONE',  ( -0.06975647374412477508, 0.9975640502598243087, 0.000000000000000000 ) ) ;
#1536 = LINE ( 'NONE', #3209, #1485 ) ;
#1537 = ORIENTED_EDGE ( 'NONE', *, *, #3214, .T. ) ;
#1538 = DIRECTION ( 'NONE',  ( -1.000000000000000000, 0.000000000000000000, 0.000000000000000000 ) ) ;
#1539 = CARTESIAN_POINT ( 'NONE',  ( -2.200000000000000622, 0.6975000000000013411, 2.397499999999999964 ) ) ;
#1540 = ORIENTED_EDGE ( 'NONE', *, *, #1601, .F. ) ;
#1541 = ADVANCED_FACE ( 'NONE', ( #1880 ), #7846, .F. ) ;
#1542 = FACE_OUTER_BOUND ( 'NONE', #1475, .T. ) ;
#1543 = VERTEX_POINT ( 'NONE', #7538 ) ;
#1544 = AXIS2_PLACEMENT_3D ( 'NONE', #2882, #503, #1215 ) ;
#1545 = EDGE_CURVE ( 'NONE', #5062, #4645, #7049, .T. ) ;
#1546 = AXIS2_PLACEMENT_3D ( 'NONE', #4206, #6169, #4257 ) ;
#1547 = FACE_OUTER_BOUND ( 'NONE', #5047, .T. ) ;
#1548 = ORIENTED_EDGE ( 'NONE', *, *, #1484, .T. ) ;
#1549 = PLANE ( 'NONE',  #1750 ) ;
#1550 = EDGE_LOOP ( 'NONE', ( #5630, #1681, #3407, #7777 ) ) ;
#1551 = FACE_OUTER_BOUND ( 'NONE', #260, .T. ) ;
#1552 = DIRECTION ( 'NONE',  ( -0.000000000000000000, -0.000000000000000000, -1.000000000000000000 ) ) ;
#1553 = FACE_OUTER_BOUND ( 'NONE', #4246, .T. ) ;
#1554 = DIRECTION ( 'NONE',  ( -0.2588190451025186856, 0.9659258262890688673, 0.000000000000000000 ) ) ;
#1555 = EDGE_LOOP ( 'NONE', ( #7342, #2366, #936, #2212 ) ) ;
#1556 = ADVANCED_FACE ( 'NONE', ( #4506 ), #4977, .F. ) ;
#1557 = CARTESIAN_POINT ( 'NONE',  ( -3.199999999999999734, 0.1446467872876750493, -1.097500000000000364 ) ) ;
#1558 = EDGE_CURVE ( 'NONE', #5614, #6541, #1733, .T. ) ;
#1559 = CARTESIAN_POINT ( 'NONE',  ( -2.200000000000000622, 0.6975000000000013411, -2.152500000000000302 ) ) ;
#1560 = CARTESIAN_POINT ( 'NONE',  ( 2.319201962066644640, 0.3970550407499311429, 1.502499999999999503 ) ) ;
#1561 = EDGE_CURVE ( 'NONE', #6091, #4657, #6972, .T. ) ;
#1562 =( NAMED_UNIT ( * ) SI_UNIT ( $, .STERADIAN. ) SOLID_ANGLE_UNIT ( ) );
#1563 = PRESENTATION_STYLE_ASSIGNMENT (( #4660 ) ) ;
#1564 = ORIENTED_EDGE ( 'NONE', *, *, #3526, .T. ) ;
#1565 = STYLED_ITEM ( 'NONE', ( #2662 ), #6062 ) ;
#1566 = EDGE_LOOP ( 'NONE', ( #5115, #3355, #2265, #5029 ) ) ;
#1567 = EDGE_CURVE ( 'NONE', #4119, #1598, #4449, .T. ) ;
#1568 = LINE ( 'NONE', #3090, #4116 ) ;
#1569 = CIRCLE ( 'NONE', #5877, 0.1554449592500702360 ) ;
#1570 = CLOSED_SHELL ( 'NONE', ( #4819, #952, #799, #1017, #4434, #6975, #6849, #5996, #6400, #199, #6559, #273, #414, #278 ) ) ;
#1571 = PLANE ( 'NONE',  #224 ) ;
#1572 = CARTESIAN_POINT ( 'NONE',  ( -2.319201962066644640, 0.3970550407499311429, -0.8525000000000003686 ) ) ;
#1573 = DIRECTION ( 'NONE',  ( -0.06975647374412477508, 0.9975640502598243087, 0.000000000000000000 ) ) ;
#1574 = LINE ( 'NONE', #1432, #4038 ) ;
#1575 = ORIENTED_EDGE ( 'NONE', *, *, #4795, .F. ) ;
#1576 = DIRECTION ( 'NONE',  ( -1.000000000000000000, 0.000000000000000000, 0.000000000000000000 ) ) ;
#1577 = CARTESIAN_POINT ( 'NONE',  ( -2.798897958454353851, 0.1726945743169953640, -2.152500000000000302 ) ) ;
#1578 = ORIENTED_EDGE ( 'NONE', *, *, #3453, .F. ) ;
#1579 = DIRECTION ( 'NONE',  ( -0.000000000000000000, -0.000000000000000000, -1.000000000000000000 ) ) ;
#1580 = CARTESIAN_POINT ( 'NONE',  ( -2.609409507584654175, 0.4748159182089002894, 1.097499999999999476 ) ) ;
#1581 = VECTOR ( 'NONE', #4202, 1000.000000000000227 ) ;
#1582 = SURFACE_STYLE_FILL_AREA ( #176 ) ;
#1583 = EDGE_CURVE ( 'NONE', #750, #6044, #1833, .T. ) ;
#1584 = CARTESIAN_POINT ( 'NONE',  ( 2.788783269761455852, 0.02804778702932084894, 0.4474999999999995648 ) ) ;
#1585 = ORIENTED_EDGE ( 'NONE', *, *, #489, .T. ) ;
#1586 = PLANE ( 'NONE',  #4701 ) ;
#1587 = DIRECTION ( 'NONE',  ( 0.9975640502598243087, -0.06975647374412488610, 0.000000000000000000 ) ) ;
#1588 = EDGE_CURVE ( 'NONE', #2640, #3382, #4487, .T. ) ;
#1589 = VECTOR ( 'NONE', #4143, 1000.000000000000000 ) ;
#1590 = VERTEX_POINT ( 'NONE', #5087 ) ;
#1591 = DIRECTION ( 'NONE',  ( -0.000000000000000000, -0.000000000000000000, -1.000000000000000000 ) ) ;
#1592 = CARTESIAN_POINT ( 'NONE',  ( -2.788783269761455852, 0.02804778702932084894, 1.097499999999999476 ) ) ;
#1593 = EDGE_LOOP ( 'NONE', ( #4723, #7557, #2895, #7463 ) ) ;
#1594 = CIRCLE ( 'NONE', #5888, 0.1554449592500702360 ) ;
#1595 = CARTESIAN_POINT ( 'NONE',  ( 2.659592949966843367, 0.2875287615398652852, -2.152500000000000302 ) ) ;
#1596 = CARTESIAN_POINT ( 'NONE',  ( 2.200000000000000622, 0.6975000000000013411, 2.397499999999999964 ) ) ;
#1597 = LINE ( 'NONE', #1273, #6669 ) ;
#1598 = VERTEX_POINT ( 'NONE', #6376 ) ;
#1599 = LINE ( 'NONE', #2819, #1589 ) ;
#1600 = ORIENTED_EDGE ( 'NONE', *, *, #844, .T. ) ;
#1601 = EDGE_CURVE ( 'NONE', #542, #3401, #7127, .T. ) ;
#1602 = DIRECTION ( 'NONE',  ( 1.000000000000000000, 0.000000000000000000, 0.000000000000000000 ) ) ;
#1603 = ORIENTED_EDGE ( 'NONE', *, *, #6647, .T. ) ;
#1604 = CARTESIAN_POINT ( 'NONE',  ( 2.519533705154928249, 0.2499999999999996669, -0.2025000000000004297 ) ) ;
#1605 = AXIS2_PLACEMENT_3D ( 'NONE', #4414, #71, #3172 ) ;
#1606 = VECTOR ( 'NONE', #6777, 1000.000000000000000 ) ;
#1607 = ADVANCED_FACE ( 'NONE', ( #1904 ), #5028, .F. ) ;
#1608 = PLANE ( 'NONE',  #2271 ) ;
#1609 = LINE ( 'NONE', #58, #1639 ) ;
#1610 = CIRCLE ( 'NONE', #3532, 0.1554449592500702360 ) ;
#1611 = DIRECTION ( 'NONE',  ( 0.2588190451025186856, 0.9659258262890688673, -0.000000000000000000 ) ) ;
#1612 = ORIENTED_EDGE ( 'NONE', *, *, #7328, .T. ) ;
#1613 = PRODUCT_DEFINITION_SHAPE ( 'NONE', 'NONE',  #5196 ) ;
#1614 = CARTESIAN_POINT ( 'NONE',  ( 2.200000000000000622, 0.6975000000000013411, 0.2024999999999995692 ) ) ;
#1615 = DIRECTION ( 'NONE',  ( -0.000000000000000000, -0.000000000000000000, -1.000000000000000000 ) ) ;
#1616 = DIRECTION ( 'NONE',  ( 1.000000000000000000, 0.000000000000000000, 0.000000000000000000 ) ) ;
#1617 = VECTOR ( 'NONE', #7501, 1000.000000000000000 ) ;
#1618 = VERTEX_POINT ( 'NONE', #7396 ) ;
#1619 = EDGE_CURVE ( 'NONE', #4902, #6551, #4465, .T. ) ;
#1620 = ORIENTED_EDGE ( 'NONE', *, *, #2768, .F. ) ;
#1621 = DIRECTION ( 'NONE',  ( 1.000000000000000000, 0.000000000000000000, 0.000000000000000000 ) ) ;
#1622 = VECTOR ( 'NONE', #6526, 1000.000000000000000 ) ;
#1623 = FACE_OUTER_BOUND ( 'NONE', #4863, .T. ) ;
#1624 = VECTOR ( 'NONE', #1526, 1000.000000000000000 ) ;
#1625 = ORIENTED_EDGE ( 'NONE', *, *, #5861, .T. ) ;
#1626 = ADVANCED_FACE ( 'NONE', ( #4537 ), #91, .F. ) ;
#1627 = DIRECTION ( 'NONE',  ( 0.000000000000000000, -0.000000000000000000, -1.000000000000000000 ) ) ;
#1628 = CARTESIAN_POINT ( 'NONE',  ( 2.809741250672937785, 0.3277608774589687579, 0.8524999999999994804 ) ) ;
#1629 = CARTESIAN_POINT ( 'NONE',  ( -2.788783269761455852, 0.02804778702932090445, 1.097499999999999476 ) ) ;
#1630 = COLOUR_RGB ( '',0.8000000000000000444, 0.8196078431372548767, 0.9333333333333333481 ) ;
#1631 = CLOSED_SHELL ( 'NONE', ( #6340, #1129, #1479, #1626 ) ) ;
#1632 = AXIS2_PLACEMENT_3D ( 'NONE', #1203, #2259, #555 ) ;
#1633 = DIRECTION ( 'NONE',  ( -0.2588190451025209060, -0.9659258262890683122, 0.000000000000000000 ) ) ;
#1634 = CARTESIAN_POINT ( 'NONE',  ( 2.659592949966843367, 0.2875287615398652852, 1.097499999999999476 ) ) ;
#1635 = ORIENTED_EDGE ( 'NONE', *, *, #4795, .T. ) ;
#1636 = CARTESIAN_POINT ( 'NONE',  ( -2.200000000000000622, 0.6975000000000013411, 1.747499999999999387 ) ) ;
#1637 = VECTOR ( 'NONE', #4549, 1000.000000000000000 ) ;
#1638 = DIRECTION ( 'NONE',  ( -0.000000000000000000, -1.000000000000000000, -0.000000000000000000 ) ) ;
#1639 = VECTOR ( 'NONE', #4445, 1000.000000000000000 ) ;
#1640 = VECTOR ( 'NONE', #2126, 1000.000000000000000 ) ;
#1641 = ORIENTED_EDGE ( 'NONE', *, *, #5275, .F. ) ;
#1642 = DIRECTION ( 'NONE',  ( -0.000000000000000000, 0.000000000000000000, -1.000000000000000000 ) ) ;
#1643 = CARTESIAN_POINT ( 'NONE',  ( -2.200000000000000622, 0.6975000000000013411, 1.097499999999999476 ) ) ;
#1644 = AXIS2_PLACEMENT_3D ( 'NONE', #7282, #7331, #4281 ) ;
#1645 = ORIENTED_EDGE ( 'NONE', *, *, #639, .T. ) ;
#1646 = DIRECTION ( 'NONE',  ( 0.000000000000000000, 0.000000000000000000, 1.000000000000000000 ) ) ;
#1647 = CARTESIAN_POINT ( 'NONE',  ( -2.319201962066644640, 0.5525000000000012124, 0.2024999999999995692 ) ) ;
#1648 = AXIS2_PLACEMENT_3D ( 'NONE', #6363, #1573, #7482 ) ;
#1649 = VERTEX_POINT ( 'NONE', #2699 ) ;
#1650 = CIRCLE ( 'NONE', #2834, 0.3004449592500699762 ) ;
#1651 = CARTESIAN_POINT ( 'NONE',  ( 2.788783269761455852, 0.02804778702932084894, -2.152500000000000302 ) ) ;
#1652 = VECTOR ( 'NONE', #698, 1000.000000000000000 ) ;
#1653 = LINE ( 'NONE', #3514, #4251 ) ;
#1654 = AXIS2_PLACEMENT_3D ( 'NONE', #6279, #828, #150 ) ;
#1655 = EDGE_LOOP ( 'NONE', ( #7123, #4205, #1912, #4721, #1498, #7390, #4347, #4248, #2109, #4065, #6185, #5700 ) ) ;
#1656 = VECTOR ( 'NONE', #6954, 1000.000000000000000 ) ;
#1657 = ORIENTED_EDGE ( 'NONE', *, *, #7870, .T. ) ;
#1658 = CARTESIAN_POINT ( 'NONE',  ( 2.469350262772739057, 0.4372871566690347267, -0.2025000000000004297 ) ) ;
#1659 = ORIENTED_EDGE ( 'NONE', *, *, #7114, .F. ) ;
#1660 = EDGE_CURVE ( 'NONE', #4812, #3208, #7092, .T. ) ;
#1661 = VECTOR ( 'NONE', #602, 1000.000000000000114 ) ;
#1662 = PLANE ( 'NONE',  #5859 ) ;
#1663 = EDGE_CURVE ( 'NONE', #1769, #3110, #1863, .T. ) ;
#1664 = VECTOR ( 'NONE', #4714, 1000.000000000000000 ) ;
#1665 = VERTEX_POINT ( 'NONE', #1983 ) ;
#1666 = AXIS2_PLACEMENT_3D ( 'NONE', #2286, #3976, #7061 ) ;
#1667 = CARTESIAN_POINT ( 'NONE',  ( -2.200000000000000622, 0.5525000000000013234, 1.097499999999999476 ) ) ;
#1668 = EDGE_CURVE ( 'NONE', #6571, #4619, #4344, .T. ) ;
#1669 = DIRECTION ( 'NONE',  ( 0.000000000000000000, -0.000000000000000000, -1.000000000000000000 ) ) ;
#1670 = PLANE ( 'NONE',  #1147 ) ;
#1671 = EDGE_CURVE ( 'NONE', #2978, #5565, #7170, .T. ) ;
#1672 = DIRECTION ( 'NONE',  ( -0.06975647374412488610, -0.9975640502598243087, 0.000000000000000000 ) ) ;
#1673 = LINE ( 'NONE', #4007, #1617 ) ;
#1674 = ADVANCED_FACE ( 'NONE', ( #7151 ), #183, .F. ) ;
#1675 = VERTEX_POINT ( 'NONE', #2656 ) ;
#1676 = ORIENTED_EDGE ( 'NONE', *, *, #7001, .F. ) ;
#1677 = CARTESIAN_POINT ( 'NONE',  ( 2.609409507584654175, 0.4748159182089002894, -0.8525000000000003686 ) ) ;
#1678 = VECTOR ( 'NONE', #387, 1000.000000000000000 ) ;
#1679 = LINE ( 'NONE', #3008, #4305 ) ;
#1680 = DIRECTION ( 'NONE',  ( 1.000000000000000000, 0.000000000000000000, 0.000000000000000000 ) ) ;
#1681 = ORIENTED_EDGE ( 'NONE', *, *, #6713, .F. ) ;
#1682 = EDGE_CURVE ( 'NONE', #3810, #5012, #1916, .T. ) ;
#1683 = CARTESIAN_POINT ( 'NONE',  ( -3.199999999999999734, 0.1446467872876750493, -1.747500000000000275 ) ) ;
#1684 = CARTESIAN_POINT ( 'NONE',  ( 2.200000000000000622, 0.5525000000000013234, -0.2025000000000004297 ) ) ;
#1685 = VERTEX_POINT ( 'NONE', #3335 ) ;
#1686 = EDGE_CURVE ( 'NONE', #5609, #6928, #4329, .T. ) ;
#1687 = DIRECTION ( 'NONE',  ( -1.000000000000000000, 0.000000000000000000, 0.000000000000000000 ) ) ;
#1688 = ORIENTED_EDGE ( 'NONE', *, *, #1864, .T. ) ;
#1689 = LINE ( 'NONE', #6637, #7048 ) ;
#1690 = SURFACE_SIDE_STYLE ('',( #6557 ) ) ;
#1691 = LINE ( 'NONE', #1577, #1640 ) ;
#1692 = EDGE_CURVE ( 'NONE', #5241, #4892, #2166, .T. ) ;
#1693 = ORIENTED_EDGE ( 'NONE', *, *, #52, .T. ) ;
#1694 = ADVANCED_FACE ( 'NONE', ( #7425 ), #4773, .F. ) ;
#1695 = DIRECTION ( 'NONE',  ( -0.06975647374412523305, -0.9975640502598241977, 0.000000000000000000 ) ) ;
#1696 = DIRECTION ( 'NONE',  ( -0.000000000000000000, -0.000000000000000000, -1.000000000000000000 ) ) ;
#1697 = PRESENTATION_LAYER_ASSIGNMENT (  '', '', ( #2982 ) ) ;
#1698 = EDGE_LOOP ( 'NONE', ( #5938, #2874, #2587, #7684 ) ) ;
#1699 = CARTESIAN_POINT ( 'NONE',  ( 2.200000000000000622, 0.5525000000000013234, -1.502500000000000391 ) ) ;
#1700 = DIRECTION ( 'NONE',  ( 0.000000000000000000, -0.000000000000000000, -1.000000000000000000 ) ) ;
#1701 = ORIENTED_EDGE ( 'NONE', *, *, #2530, .F. ) ;
#1702 = VECTOR ( 'NONE', #6310, 1000.000000000000000 ) ;
#1703 = PLANE ( 'NONE',  #3595 ) ;
#1704 = DIRECTION ( 'NONE',  ( 0.000000000000000000, -0.000000000000000000, -1.000000000000000000 ) ) ;
#1705 = LINE ( 'NONE', #4340, #4060 ) ;
#1706 = EDGE_CURVE ( 'NONE', #3245, #691, #2188, .T. ) ;
#1707 = ORIENTED_EDGE ( 'NONE', *, *, #6687, .T. ) ;
#1708 = VERTEX_POINT ( 'NONE', #6008 ) ;
#1709 = VECTOR ( 'NONE', #1087, 1000.000000000000114 ) ;
#1710 = CARTESIAN_POINT ( 'NONE',  ( 2.200000000000000622, 0.6975000000000013411, -0.8525000000000003686 ) ) ;
#1711 = VECTOR ( 'NONE', #1736, 1000.000000000000000 ) ;
#1712 = CARTESIAN_POINT ( 'NONE',  ( 2.609409507584654175, 0.4748159182089002894, -1.502500000000000391 ) ) ;
#1713 = CARTESIAN_POINT ( 'NONE',  ( 2.809741250672937785, 0.3277608774589687579, 2.397499999999999964 ) ) ;
#1714 = EDGE_CURVE ( 'NONE', #3382, #2705, #7194, .T. ) ;
#1715 = DIRECTION ( 'NONE',  ( -0.000000000000000000, -0.000000000000000000, -1.000000000000000000 ) ) ;
#1716 = CARTESIAN_POINT ( 'NONE',  ( 2.788783269761455852, 0.02804778702932090445, 0.4474999999999995648 ) ) ;
#1717 = AXIS2_PLACEMENT_3D ( 'NONE', #4664, #7578, #6588 ) ;
#1718 = CARTESIAN_POINT ( 'NONE',  ( -2.200000000000000622, 0.5525000000000013234, -2.397500000000000409 ) ) ;
#1719 = EDGE_LOOP ( 'NONE', ( #5428, #2664, #973, #5624 ) ) ;
#1720 = ORIENTED_EDGE ( 'NONE', *, *, #4540, .T. ) ;
#1721 = CARTESIAN_POINT ( 'NONE',  ( 2.798897958454353851, 0.1726945743169953640, -1.747500000000000275 ) ) ;
#1722 = LINE ( 'NONE', #5839, #1678 ) ;
#1723 = AXIS2_PLACEMENT_3D ( 'NONE', #7198, #2959, #3009 ) ;
#1724 = FILL_AREA_STYLE_COLOUR ( '', #4004 ) ;
#1725 = DIRECTION ( 'NONE',  ( 0.000000000000000000, -0.000000000000000000, -1.000000000000000000 ) ) ;
#1726 = ORIENTED_EDGE ( 'NONE', *, *, #2700, .T. ) ;
#1727 = DIRECTION ( 'NONE',  ( -0.000000000000000000, 0.000000000000000000, 1.000000000000000000 ) ) ;
#1728 = CARTESIAN_POINT ( 'NONE',  ( -2.659592949966843367, 0.2875287615398652852, -1.097500000000000364 ) ) ;
#1729 = ORIENTED_EDGE ( 'NONE', *, *, #2814, .T. ) ;
#1730 = DIRECTION ( 'NONE',  ( 0.000000000000000000, -0.000000000000000000, -1.000000000000000000 ) ) ;
#1731 = FACE_OUTER_BOUND ( 'NONE', #5828, .T. ) ;
#1732 = PLANE ( 'NONE',  #7359 ) ;
#1733 = LINE ( 'NONE', #6787, #1822 ) ;
#1734 = DIRECTION ( 'NONE',  ( -0.000000000000000000, -0.000000000000000000, -1.000000000000000000 ) ) ;
#1735 = AXIS2_PLACEMENT_3D ( 'NONE', #6254, #6304, #2020 ) ;
#1736 = DIRECTION ( 'NONE',  ( 0.9975640502598243087, -0.06975647374412488610, 0.000000000000000000 ) ) ;
#1737 = EDGE_CURVE ( 'NONE', #4879, #5183, #7447, .T. ) ;
#1738 = ORIENTED_EDGE ( 'NONE', *, *, #4644, .F. ) ;
#1739 = DIRECTION ( 'NONE',  ( 9.095506094768336076E-16, 1.000000000000000000, 0.000000000000000000 ) ) ;
#1740 = AXIS2_PLACEMENT_3D ( 'NONE', #4547, #1121, #5057 ) ;
#1741 = ORIENTED_EDGE ( 'NONE', *, *, #6089, .T. ) ;
#1742 = EDGE_CURVE ( 'NONE', #6651, #3520, #7309, .T. ) ;
#1743 = FACE_OUTER_BOUND ( 'NONE', #786, .T. ) ;
#1744 = PLANE ( 'NONE',  #2099 ) ;
#1745 = VECTOR ( 'NONE', #2608, 1000.000000000000000 ) ;
#1746 = ADVANCED_FACE ( 'NONE', ( #4686 ), #6072, .F. ) ;
#1747 = EDGE_CURVE ( 'NONE', #4173, #5524, #2016, .T. ) ;
#1748 = ORIENTED_EDGE ( 'NONE', *, *, #7283, .T. ) ;
#1749 = CARTESIAN_POINT ( 'NONE',  ( 2.200000000000000622, 0.5525000000000013234, -0.8525000000000003686 ) ) ;
#1750 = AXIS2_PLACEMENT_3D ( 'NONE', #6333, #4493, #770 ) ;
#1751 = ORIENTED_EDGE ( 'NONE', *, *, #4839, .F. ) ;
#1752 = PRESENTATION_STYLE_ASSIGNMENT (( #4148 ) ) ;
#1753 = CARTESIAN_POINT ( 'NONE',  ( 2.798897958454353851, 0.1726945743169953640, -1.502500000000000391 ) ) ;
#1754 = LINE ( 'NONE', #1643, #1789 ) ;
#1755 = EDGE_CURVE ( 'NONE', #185, #5178, #7402, .T. ) ;
#1756 = CARTESIAN_POINT ( 'NONE',  ( -2.809741250672937785, 0.3277608774589687579, -0.4475000000000003975 ) ) ;
#1757 = DIRECTION ( 'NONE',  ( 0.9659258262890688673, 0.2588190451025186856, 0.000000000000000000 ) ) ;
#1758 = CARTESIAN_POINT ( 'NONE',  ( 2.199999999999999734, 0.5525000000000013234, 2.500000000000000444 ) ) ;
#1759 = DIRECTION ( 'NONE',  ( -1.000000000000000000, -0.000000000000000000, 1.971276677246372012E-16 ) ) ;
#1760 = DIRECTION ( 'NONE',  ( 0.000000000000000000, 0.000000000000000000, 1.000000000000000000 ) ) ;
#1761 = ORIENTED_EDGE ( 'NONE', *, *, #2875, .T. ) ;
#1762 = ORIENTED_EDGE ( 'NONE', *, *, #6490, .T. ) ;
#1763 = CARTESIAN_POINT ( 'NONE',  ( -2.200000000000000622, 0.6975000000000013411, -1.502500000000000391 ) ) ;
#1764 = AXIS2_PLACEMENT_3D ( 'NONE', #2866, #2498, #426 ) ;
#1765 = VECTOR ( 'NONE', #6995, 1000.000000000000000 ) ;
#1766 = EDGE_CURVE ( 'NONE', #175, #657, #7219, .T. ) ;
#1767 = AXIS2_PLACEMENT_3D ( 'NONE', #7853, #574, #453 ) ;
#1768 = UNCERTAINTY_MEASURE_WITH_UNIT (LENGTH_MEASURE( 1.000000000000000082E-05 ), #885, 'distance_accuracy_value', 'NONE');
#1769 = VERTEX_POINT ( 'NONE', #666 ) ;
#1770 = LINE ( 'NONE', #6382, #6660 ) ;
#1771 = ORIENTED_EDGE ( 'NONE', *, *, #3529, .T. ) ;
#1772 = SURFACE_SIDE_STYLE ('',( #7070 ) ) ;
#1773 = AXIS2_PLACEMENT_3D ( 'NONE', #2039, #5038, #6906 ) ;
#1774 = LINE ( 'NONE', #7076, #7091 ) ;
#1775 = DIRECTION ( 'NONE',  ( -1.000000000000000000, 0.000000000000000000, 0.000000000000000000 ) ) ;
#1776 = FACE_OUTER_BOUND ( 'NONE', #6263, .T. ) ;
#1777 = DIRECTION ( 'NONE',  ( -0.000000000000000000, -0.000000000000000000, -1.000000000000000000 ) ) ;
#1778 = CARTESIAN_POINT ( 'NONE',  ( -2.319201962066644640, 0.3970550407499311429, 2.397499999999999964 ) ) ;
#1779 = AXIS2_PLACEMENT_3D ( 'NONE', #7795, #1097, #5200 ) ;
#1780 = DIRECTION ( 'NONE',  ( 0.000000000000000000, -0.000000000000000000, -1.000000000000000000 ) ) ;
#1781 = ADVANCED_FACE ( 'NONE', ( #4668 ), #1175, .F. ) ;
#1782 = ORIENTED_EDGE ( 'NONE', *, *, #6023, .F. ) ;
#1783 = CARTESIAN_POINT ( 'NONE',  ( 2.319201962066644640, 0.3970550407499311429, -0.4475000000000003975 ) ) ;
#1784 = EDGE_CURVE ( 'NONE', #7707, #1409, #4603, .T. ) ;
#1785 = VERTEX_POINT ( 'NONE', #3040 ) ;
#1786 = VECTOR ( 'NONE', #1269, 1000.000000000000000 ) ;
#1787 = CARTESIAN_POINT ( 'NONE',  ( -2.319201962066644640, 0.3970550407499311429, 0.4474999999999995648 ) ) ;
#1788 = DIRECTION ( 'NONE',  ( 9.095506094768336076E-16, 1.000000000000000000, 0.000000000000000000 ) ) ;
#1789 = VECTOR ( 'NONE', #2929, 1000.000000000000000 ) ;
#1790 = AXIS2_PLACEMENT_3D ( 'NONE', #5789, #6496, #5476 ) ;
#1791 = EDGE_LOOP ( 'NONE', ( #6768, #4763, #2043, #7415 ) ) ;
#1792 = DIRECTION ( 'NONE',  ( 0.2588190451025209060, 0.9659258262890683122, 0.000000000000000000 ) ) ;
#1793 = ORIENTED_EDGE ( 'NONE', *, *, #3030, .T. ) ;
#1794 = EDGE_CURVE ( 'NONE', #1708, #5739, #2198, .T. ) ;
#1795 = VECTOR ( 'NONE', #3067, 1000.000000000000114 ) ;
#1796 = CARTESIAN_POINT ( 'NONE',  ( -2.788783269761455852, 0.02804778702932090445, 1.502499999999999503 ) ) ;
#1797 = LINE ( 'NONE', #499, #7063 ) ;
#1798 = CARTESIAN_POINT ( 'NONE',  ( 2.200000000000000622, 0.6975000000000013411, -1.502500000000000391 ) ) ;
#1799 = CARTESIAN_POINT ( 'NONE',  ( -2.609409507584654175, 0.4748159182089002894, 2.397499999999999964 ) ) ;
#1800 = ADVANCED_FACE ( 'NONE', ( #7324 ), #7437, .F. ) ;
#1801 = CARTESIAN_POINT ( 'NONE',  ( -2.788783269761455852, 0.02804778702932084894, 1.097499999999999476 ) ) ;
#1802 = DIRECTION ( 'NONE',  ( 1.000000000000000000, 0.000000000000000000, 0.000000000000000000 ) ) ;
#1803 = CARTESIAN_POINT ( 'NONE',  ( 2.200000000000000622, 0.5525000000000013234, -2.152500000000000302 ) ) ;
#1804 = DIRECTION ( 'NONE',  ( -0.9975640502598243087, 0.06975647374412477508, 0.000000000000000000 ) ) ;
#1805 = EDGE_LOOP ( 'NONE', ( #903, #3504, #712, #3447 ) ) ;
#1806 = AXIS2_PLACEMENT_3D ( 'NONE', #909, #327, #7566 ) ;
#1807 = VECTOR ( 'NONE', #709, 1000.000000000000114 ) ;
#1808 = VERTEX_POINT ( 'NONE', #1453 ) ;
#1809 = DIRECTION ( 'NONE',  ( -0.000000000000000000, -0.000000000000000000, -1.000000000000000000 ) ) ;
#1810 = LINE ( 'NONE', #4615, #7099 ) ;
#1811 = EDGE_CURVE ( 'NONE', #419, #1067, #4654, .T. ) ;
#1812 = LINE ( 'NONE', #561, #7179 ) ;
#1813 = CARTESIAN_POINT ( 'NONE',  ( 2.200000000000000622, 0.6975000000000013411, 2.397499999999999964 ) ) ;
#1814 = CARTESIAN_POINT ( 'NONE',  ( -2.798897958454353851, 0.1726945743169953640, 1.747499999999999387 ) ) ;
#1815 = VECTOR ( 'NONE', #3272, 1000.000000000000000 ) ;
#1816 = ORIENTED_EDGE ( 'NONE', *, *, #5761, .F. ) ;
#1817 = CARTESIAN_POINT ( 'NONE',  ( -1.500000000000000444, 4.492640687119285658, -1.500000000000003109 ) ) ;
#1818 = AXIS2_PLACEMENT_3D ( 'NONE', #3042, #5487, #6604 ) ;
#1819 = CIRCLE ( 'NONE', #4766, 0.1554449592500702360 ) ;
#1820 = CARTESIAN_POINT ( 'NONE',  ( -3.199999999999999734, 0.1446467872876750493, -2.152500000000000302 ) ) ;
#1821 = EDGE_CURVE ( 'NONE', #5767, #3525, #7338, .T. ) ;
#1822 = VECTOR ( 'NONE', #4925, 1000.000000000000000 ) ;
#1823 = AXIS2_PLACEMENT_3D ( 'NONE', #4346, #4880, #609 ) ;
#1824 = CARTESIAN_POINT ( 'NONE',  ( -2.469350262772739057, 0.4372871566690347267, -0.8525000000000003686 ) ) ;
#1825 = EDGE_CURVE ( 'NONE', #500, #7266, #2106, .T. ) ;
#1826 = DIRECTION ( 'NONE',  ( 0.000000000000000000, -0.000000000000000000, -1.000000000000000000 ) ) ;
#1827 = CARTESIAN_POINT ( 'NONE',  ( -2.319201962066644640, 0.6975000000000013411, 0.8524999999999994804 ) ) ;
#1828 = FACE_OUTER_BOUND ( 'NONE', #3036, .T. ) ;
#1829 = VERTEX_POINT ( 'NONE', #3479 ) ;
#1830 = VECTOR ( 'NONE', #7489, 1000.000000000000114 ) ;
#1831 = CARTESIAN_POINT ( 'NONE',  ( -2.809741250672937785, 0.3277608774589687579, -0.2025000000000004297 ) ) ;
#1832 = CARTESIAN_POINT ( 'NONE',  ( 2.200000000000000622, 0.5525000000000013234, 0.4474999999999995648 ) ) ;
#1833 = LINE ( 'NONE', #2136, #7082 ) ;
#1834 = DIRECTION ( 'NONE',  ( 0.000000000000000000, -0.000000000000000000, -1.000000000000000000 ) ) ;
#1835 = EDGE_CURVE ( 'NONE', #6956, #7805, #4743, .T. ) ;
#1836 = PLANE ( 'NONE',  #4542 ) ;
#1837 = EDGE_CURVE ( 'NONE', #1899, #667, #7299, .T. ) ;
#1838 = EDGE_LOOP ( 'NONE', ( #5056, #5940, #6364, #4964 ) ) ;
#1839 = LINE ( 'NONE', #6542, #4505 ) ;
#1840 = CARTESIAN_POINT ( 'NONE',  ( 2.200000000000000622, 0.5525000000000013234, -1.502500000000000391 ) ) ;
#1841 = CIRCLE ( 'NONE', #3755, 0.3004449592500699762 ) ;
#1842 = CARTESIAN_POINT ( 'NONE',  ( 2.200000000000000622, 0.6975000000000013411, -1.747500000000000275 ) ) ;
#1843 = EDGE_CURVE ( 'NONE', #7440, #3729, #2144, .T. ) ;
#1844 = DIRECTION ( 'NONE',  ( 0.000000000000000000, 0.000000000000000000, 1.000000000000000000 ) ) ;
#1845 = PLANE ( 'NONE',  #4621 ) ;
#1846 =( LENGTH_UNIT ( ) NAMED_UNIT ( * ) SI_UNIT ( .MILLI., .METRE. ) );
#1847 = CARTESIAN_POINT ( 'NONE',  ( -2.609409507584654175, 0.4748159182089002894, 1.097499999999999476 ) ) ;
#1848 = CARTESIAN_POINT ( 'NONE',  ( -2.200000000000001066, 0.5525000000000013234, -2.499999999999994227 ) ) ;
#1849 = VECTOR ( 'NONE', #5672, 1000.000000000000000 ) ;
#1850 = VERTEX_POINT ( 'NONE', #7709 ) ;
#1851 = DIRECTION ( 'NONE',  ( 1.000000000000000000, -9.095506094768336076E-16, 0.000000000000000000 ) ) ;
#1852 = VECTOR ( 'NONE', #1579, 1000.000000000000000 ) ;
#1853 = LINE ( 'NONE', #2879, #1873 ) ;
#1854 = ADVANCED_FACE ( 'NONE', ( #2068 ), #318, .F. ) ;
#1855 = CARTESIAN_POINT ( 'NONE',  ( -3.199999999999999734, 0.1446467872876750493, -0.8525000000000003686 ) ) ;
#1856 = CARTESIAN_POINT ( 'NONE',  ( 2.609409507584654175, 0.4748159182089002894, 2.397499999999999964 ) ) ;
#1857 = AXIS2_PLACEMENT_3D ( 'NONE', #1756, #3643, #6074 ) ;
#1858 = FACE_OUTER_BOUND ( 'NONE', #4970, .T. ) ;
#1859 = ORIENTED_EDGE ( 'NONE', *, *, #5376, .T. ) ;
#1860 = DIRECTION ( 'NONE',  ( -1.000000000000000000, 0.000000000000000000, 0.000000000000000000 ) ) ;
#1861 = DIRECTION ( 'NONE',  ( 1.000000000000000000, 0.000000000000000000, 0.000000000000000000 ) ) ;
#1862 = CARTESIAN_POINT ( 'NONE',  ( 2.798897958454353851, 0.1726945743169953640, -2.152500000000000302 ) ) ;
#1863 = LINE ( 'NONE', #2495, #7113 ) ;
#1864 = EDGE_CURVE ( 'NONE', #1314, #5641, #2029, .T. ) ;
#1865 = DIRECTION ( 'NONE',  ( 0.000000000000000000, 0.000000000000000000, 1.000000000000000000 ) ) ;
#1866 = DIRECTION ( 'NONE',  ( 0.06975647374412523305, -0.9975640502598241977, 0.000000000000000000 ) ) ;
#1867 = CARTESIAN_POINT ( 'NONE',  ( -2.200000000000000622, 0.5525000000000013234, -1.097500000000000364 ) ) ;
#1868 = FACE_OUTER_BOUND ( 'NONE', #1941, .T. ) ;
#1869 = VERTEX_POINT ( 'NONE', #6519 ) ;
#1870 = CARTESIAN_POINT ( 'NONE',  ( -2.200000000000001066, 0.1500000000000006606, -2.414445983927810069 ) ) ;
#1871 = CARTESIAN_POINT ( 'NONE',  ( -2.200000000000000622, 0.5525000000000013234, -1.747500000000000275 ) ) ;
#1872 = PLANE ( 'NONE',  #5962 ) ;
#1873 = VECTOR ( 'NONE', #3572, 1000.000000000000000 ) ;
#1874 = DIRECTION ( 'NONE',  ( -0.000000000000000000, -0.000000000000000000, -1.000000000000000000 ) ) ;
#1875 = CARTESIAN_POINT ( 'NONE',  ( 2.319201962066644640, 0.6975000000000013411, -0.2025000000000004297 ) ) ;
#1876 = ADVANCED_FACE ( 'NONE', ( #2042 ), #1957, .F. ) ;
#1877 = LINE ( 'NONE', #5538, #1923 ) ;
#1878 = EDGE_LOOP ( 'NONE', ( #7325, #1306, #314, #6977 ) ) ;
#1879 = FACE_OUTER_BOUND ( 'NONE', #2058, .T. ) ;
#1880 = FACE_OUTER_BOUND ( 'NONE', #6757, .T. ) ;
#1881 = CARTESIAN_POINT ( 'NONE',  ( -2.809741250672937785, 0.3277608774589687579, -2.397500000000000409 ) ) ;
#1882 = AXIS2_PLACEMENT_3D ( 'NONE', #1189, #1809, #1621 ) ;
#1883 = DIRECTION ( 'NONE',  ( 0.9975640502598243087, 0.06975647374412523305, -0.000000000000000000 ) ) ;
#1884 = DIRECTION ( 'NONE',  ( -1.000000000000000000, 0.000000000000000000, 0.000000000000000000 ) ) ;
#1885 = CARTESIAN_POINT ( 'NONE',  ( -2.200000000000001066, 0.6975000000000013411, -2.499999999999994227 ) ) ;
#1886 = CARTESIAN_POINT ( 'NONE',  ( -2.798897958454353851, 0.1726945743169953640, -1.502500000000000391 ) ) ;
#1887 = MECHANICAL_DESIGN_GEOMETRIC_PRESENTATION_REPRESENTATION (  '', ( #5405 ), #3676 ) ;
#1888 = CIRCLE ( 'NONE', #5557, 0.1554449592500702360 ) ;
#1889 = ORIENTED_EDGE ( 'NONE', *, *, #214, .T. ) ;
#1890 = DIRECTION ( 'NONE',  ( -0.000000000000000000, 0.000000000000000000, 1.000000000000000000 ) ) ;
#1891 = VECTOR ( 'NONE', #2083, 1000.000000000000000 ) ;
#1892 = CARTESIAN_POINT ( 'NONE',  ( -2.200000000000000622, 0.5525000000000013234, 0.2024999999999995692 ) ) ;
#1893 = VECTOR ( 'NONE', #1972, 1000.000000000000000 ) ;
#1894 = CARTESIAN_POINT ( 'NONE',  ( 2.788783269761455852, 0.02804778702932090445, 1.097499999999999476 ) ) ;
#1895 = EDGE_CURVE ( 'NONE', #5485, #1210, #4769, .T. ) ;
#1896 = EDGE_CURVE ( 'NONE', #6843, #7090, #2134, .T. ) ;
#1897 = AXIS2_PLACEMENT_3D ( 'NONE', #6481, #865, #1034 ) ;
#1898 = VECTOR ( 'NONE', #3521, 1000.000000000000000 ) ;
#1899 = VERTEX_POINT ( 'NONE', #206 ) ;
#1900 = CARTESIAN_POINT ( 'NONE',  ( 1.499999999999999556, 0.1500000000000006606, -1.500000000000002220 ) ) ;
#1901 = DIRECTION ( 'NONE',  ( 1.000000000000000000, 0.000000000000000000, -0.000000000000000000 ) ) ;
#1902 = LINE ( 'NONE', #4308, #1993 ) ;
#1903 = CARTESIAN_POINT ( 'NONE',  ( -2.200000000000000622, 0.5525000000000013234, 2.397499999999999964 ) ) ;
#1904 = FACE_OUTER_BOUND ( 'NONE', #7291, .T. ) ;
#1905 = EDGE_CURVE ( 'NONE', #1197, #3573, #7208, .T. ) ;
#1906 = ADVANCED_FACE ( 'NONE', ( #2153 ), #6567, .T. ) ;
#1907 = CARTESIAN_POINT ( 'NONE',  ( 2.809741250672937785, 0.3277608774589687579, -1.097500000000000364 ) ) ;
#1908 = CARTESIAN_POINT ( 'NONE',  ( 1.499999999999999556, 0.1500000000000006606, -1.500000000000002220 ) ) ;
#1909 = SURFACE_SIDE_STYLE ('',( #3920 ) ) ;
#1910 = DIRECTION ( 'NONE',  ( -0.9659258262890683122, -0.2588190451025209060, 0.000000000000000000 ) ) ;
#1911 = VECTOR ( 'NONE', #398, 1000.000000000000000 ) ;
#1912 = ORIENTED_EDGE ( 'NONE', *, *, #6490, .F. ) ;
#1913 = COLOUR_RGB ( '',0.8000000000000000444, 0.8196078431372548767, 0.9333333333333333481 ) ;
#1914 = DIRECTION ( 'NONE',  ( -0.000000000000000000, 0.000000000000000000, 1.000000000000000000 ) ) ;
#1915 = DIRECTION ( 'NONE',  ( 0.000000000000000000, -0.000000000000000000, -1.000000000000000000 ) ) ;
#1916 = LINE ( 'NONE', #3954, #4567 ) ;
#1917 = CARTESIAN_POINT ( 'NONE',  ( 2.319201962066644640, 0.5525000000000012124, -0.2025000000000004297 ) ) ;
#1918 = CARTESIAN_POINT ( 'NONE',  ( -2.609409507584654175, 0.4748159182089002894, 0.2024999999999995692 ) ) ;
#1919 = EDGE_CURVE ( 'NONE', #329, #7353, #7351, .T. ) ;
#1920 = CARTESIAN_POINT ( 'NONE',  ( -2.798897958454353851, 0.1726945743169953640, -1.502500000000000391 ) ) ;
#1921 = PLANE ( 'NONE',  #2695 ) ;
#1922 = EDGE_CURVE ( 'NONE', #3563, #891, #2119, .T. ) ;
#1923 = VECTOR ( 'NONE', #4897, 1000.000000000000000 ) ;
#1924 = ORIENTED_EDGE ( 'NONE', *, *, #326, .F. ) ;
#1925 = VECTOR ( 'NONE', #4519, 1000.000000000000227 ) ;
#1926 = FILL_AREA_STYLE_COLOUR ( '', #2767 ) ;
#1927 = DIRECTION ( 'NONE',  ( -0.000000000000000000, -0.000000000000000000, -1.000000000000000000 ) ) ;
#1928 = DIRECTION ( 'NONE',  ( -0.000000000000000000, -0.000000000000000000, -1.000000000000000000 ) ) ;
#1929 = DIRECTION ( 'NONE',  ( -0.2588190451025209060, -0.9659258262890683122, 0.000000000000000000 ) ) ;
#1930 = ADVANCED_FACE ( 'NONE', ( #7364 ), #5357, .F. ) ;
#1931 = EDGE_CURVE ( 'NONE', #1151, #5524, #2178, .T. ) ;
#1932 = FACE_OUTER_BOUND ( 'NONE', #7246, .T. ) ;
#1933 = EDGE_LOOP ( 'NONE', ( #5735, #5133, #5188, #334 ) ) ;
#1934 = CARTESIAN_POINT ( 'NONE',  ( -3.199999999999999734, 0.1446467872876750493, -1.747500000000000275 ) ) ;
#1935 = LINE ( 'NONE', #1920, #2003 ) ;
#1936 = CYLINDRICAL_SURFACE ( 'NONE', #256, 0.1554449592500702360 ) ;
#1937 = DIRECTION ( 'NONE',  ( -0.000000000000000000, -0.000000000000000000, -1.000000000000000000 ) ) ;
#1938 = MECHANICAL_DESIGN_GEOMETRIC_PRESENTATION_REPRESENTATION (  '', ( #1509 ), #7141 ) ;
#1939 = DIRECTION ( 'NONE',  ( 0.000000000000000000, -0.000000000000000000, -1.000000000000000000 ) ) ;
#1940 = VECTOR ( 'NONE', #2465, 1000.000000000000000 ) ;
#1941 = EDGE_LOOP ( 'NONE', ( #3033, #4588, #257, #1991 ) ) ;
#1942 = EDGE_CURVE ( 'NONE', #5675, #6709, #1967, .T. ) ;
#1943 = DIRECTION ( 'NONE',  ( -0.000000000000000000, 0.000000000000000000, 1.000000000000000000 ) ) ;
#1944 = FACE_OUTER_BOUND ( 'NONE', #2297, .T. ) ;
#1945 = DIRECTION ( 'NONE',  ( 0.000000000000000000, -0.000000000000000000, -1.000000000000000000 ) ) ;
#1946 = ADVANCED_FACE ( 'NONE', ( #1981 ), #370, .T. ) ;
#1947 = CIRCLE ( 'NONE', #3104, 0.1554449592500702360 ) ;
#1948 = EDGE_LOOP ( 'NONE', ( #2842, #1513, #1294, #6908 ) ) ;
#1949 = PLANE ( 'NONE',  #2230 ) ;
#1950 = DIRECTION ( 'NONE',  ( 0.000000000000000000, 0.000000000000000000, 1.000000000000000000 ) ) ;
#1951 = AXIS2_PLACEMENT_3D ( 'NONE', #5020, #6259, #84 ) ;
#1952 = CYLINDRICAL_SURFACE ( 'NONE', #5970, 0.3004449592500699762 ) ;
#1953 = ORIENTED_EDGE ( 'NONE', *, *, #5810, .T. ) ;
#1954 = CIRCLE ( 'NONE', #7019, 0.3004449592500699762 ) ;
#1955 = CARTESIAN_POINT ( 'NONE',  ( 2.200000000000000622, 0.5525000000000013234, 0.8524999999999994804 ) ) ;
#1956 = DIRECTION ( 'NONE',  ( 0.06975647374412523305, -0.9975640502598241977, 0.000000000000000000 ) ) ;
#1957 = CYLINDRICAL_SURFACE ( 'NONE', #5313, 0.1554449592500702360 ) ;
#1958 = DIRECTION ( 'NONE',  ( 0.9975640502598243087, -0.06975647374412488610, 0.000000000000000000 ) ) ;
#1959 = ORIENTED_EDGE ( 'NONE', *, *, #1264, .F. ) ;
#1960 = CARTESIAN_POINT ( 'NONE',  ( -2.200000000000000622, 0.5525000000000013234, 0.4474999999999995648 ) ) ;
#1961 = ADVANCED_FACE ( 'NONE', ( #4616 ), #7487, .F. ) ;
#1962 = DIRECTION ( 'NONE',  ( 0.000000000000000000, 0.000000000000000000, 1.000000000000000000 ) ) ;
#1963 = VECTOR ( 'NONE', #7223, 1000.000000000000000 ) ;
#1964 = ORIENTED_EDGE ( 'NONE', *, *, #5540, .T. ) ;
#1965 = AXIS2_PLACEMENT_3D ( 'NONE', #6984, #3698, #129 ) ;
#1966 = LINE ( 'NONE', #4221, #4613 ) ;
#1967 = LINE ( 'NONE', #7152, #1996 ) ;
#1968 = ORIENTED_EDGE ( 'NONE', *, *, #4527, .F. ) ;
#1969 = EDGE_CURVE ( 'NONE', #2919, #2826, #2007, .T. ) ;
#1970 = CARTESIAN_POINT ( 'NONE',  ( 2.798897958454353851, 0.1726945743169953640, -1.502500000000000391 ) ) ;
#1971 = AXIS2_PLACEMENT_3D ( 'NONE', #344, #3451, #2738 ) ;
#1972 = DIRECTION ( 'NONE',  ( 0.000000000000000000, -1.000000000000000000, 0.000000000000000000 ) ) ;
#1973 = CARTESIAN_POINT ( 'NONE',  ( -2.469350262772739502, 0.4372871566690347822, 1.097499999999999476 ) ) ;
#1974 = PLANE ( 'NONE',  #7394 ) ;
#1975 = DIRECTION ( 'NONE',  ( 0.000000000000000000, 0.000000000000000000, 1.000000000000000000 ) ) ;
#1976 = DIRECTION ( 'NONE',  ( 1.000000000000000000, 0.000000000000000000, 0.000000000000000000 ) ) ;
#1977 = LINE ( 'NONE', #2226, #4396 ) ;
#1978 = ORIENTED_EDGE ( 'NONE', *, *, #2700, .F. ) ;
#1979 = CARTESIAN_POINT ( 'NONE',  ( -2.659592949966843367, 0.2875287615398652852, 1.502499999999999503 ) ) ;
#1980 = FACE_OUTER_BOUND ( 'NONE', #3533, .T. ) ;
#1981 = FACE_OUTER_BOUND ( 'NONE', #3158, .T. ) ;
#1982 = CARTESIAN_POINT ( 'NONE',  ( -2.200000000000001066, 0.5525000000000013234, -2.499999999999994227 ) ) ;
#1983 = CARTESIAN_POINT ( 'NONE',  ( -2.200000000000000622, 0.6975000000000013411, -1.097500000000000364 ) ) ;
#1984 = ORIENTED_EDGE ( 'NONE', *, *, #2550, .T. ) ;
#1985 = EDGE_CURVE ( 'NONE', #6791, #7785, #4629, .T. ) ;
#1986 = CARTESIAN_POINT ( 'NONE',  ( 2.319201962066644640, 0.5525000000000012124, -0.8525000000000003686 ) ) ;
#1987 = AXIS2_PLACEMENT_3D ( 'NONE', #1445, #3968, #5103 ) ;
#1988 = DIRECTION ( 'NONE',  ( -0.2588190451025186856, 0.9659258262890688673, 0.000000000000000000 ) ) ;
#1989 = EDGE_CURVE ( 'NONE', #1785, #3648, #2386, .T. ) ;
#1990 = ADVANCED_FACE ( 'NONE', ( #2244 ), #2432, .F. ) ;
#1991 = ORIENTED_EDGE ( 'NONE', *, *, #2436, .T. ) ;
#1992 = CARTESIAN_POINT ( 'NONE',  ( -2.788783269761455852, 0.02804778702932084894, -2.152500000000000302 ) ) ;
#1993 = VECTOR ( 'NONE', #4838, 1000.000000000000000 ) ;
#1994 = DIRECTION ( 'NONE',  ( -1.000000000000000000, 0.000000000000000000, 0.000000000000000000 ) ) ;
#1995 = MANIFOLD_SOLID_BREP ( 'Mirror1', #251 ) ;
#1996 = VECTOR ( 'NONE', #2763, 1000.000000000000000 ) ;
#1997 = ORIENTED_EDGE ( 'NONE', *, *, #5625, .T. ) ;
#1998 = DIRECTION ( 'NONE',  ( 0.000000000000000000, -0.000000000000000000, -1.000000000000000000 ) ) ;
#1999 = AXIS2_PLACEMENT_3D ( 'NONE', #4061, #5731, #7499 ) ;
#2000 = FILL_AREA_STYLE_COLOUR ( '', #6377 ) ;
#2001 = DIRECTION ( 'NONE',  ( 0.000000000000000000, -0.000000000000000000, -1.000000000000000000 ) ) ;
#2002 = EDGE_CURVE ( 'NONE', #311, #5152, #7552, .T. ) ;
#2003 = VECTOR ( 'NONE', #5386, 1000.000000000000000 ) ;
#2004 = ADVANCED_FACE ( 'NONE', ( #7475 ), #2398, .F. ) ;
#2005 = DIRECTION ( 'NONE',  ( -1.000000000000000000, 0.000000000000000000, 0.000000000000000000 ) ) ;
#2006 = DIRECTION ( 'NONE',  ( -0.000000000000000000, 1.000000000000000000, -0.000000000000000000 ) ) ;
#2007 = LINE ( 'NONE', #1885, #7243 ) ;
#2008 = CARTESIAN_POINT ( 'NONE',  ( 2.788783269761455852, 0.02804778702932090445, -1.502500000000000391 ) ) ;
#2009 = ORIENTED_EDGE ( 'NONE', *, *, #1283, .F. ) ;
#2010 = SURFACE_SIDE_STYLE ('',( #473 ) ) ;
#2011 = EDGE_CURVE ( 'NONE', #3594, #348, #4922, .T. ) ;
#2012 = ORIENTED_EDGE ( 'NONE', *, *, #5931, .T. ) ;
#2013 = DIRECTION ( 'NONE',  ( 1.000000000000000000, 0.000000000000000000, 0.000000000000000000 ) ) ;
#2014 = VECTOR ( 'NONE', #2369, 1000.000000000000114 ) ;
#2015 = VECTOR ( 'NONE', #6762, 1000.000000000000000 ) ;
#2016 = LINE ( 'NONE', #1239, #4707 ) ;
#2017 = ORIENTED_EDGE ( 'NONE', *, *, #2442, .F. ) ;
#2018 = CARTESIAN_POINT ( 'NONE',  ( 2.319201962066644640, 0.3970550407499311429, -2.152500000000000302 ) ) ;
#2019 = AXIS2_PLACEMENT_3D ( 'NONE', #3119, #223, #7479 ) ;
#2020 = DIRECTION ( 'NONE',  ( 1.000000000000000000, 0.000000000000000000, 0.000000000000000000 ) ) ;
#2021 = ORIENTED_EDGE ( 'NONE', *, *, #523, .T. ) ;
#2022 = EDGE_CURVE ( 'NONE', #5026, #632, #7502, .T. ) ;
#2023 = DIRECTION ( 'NONE',  ( -0.9659258262890688673, 0.2588190451025186856, 0.000000000000000000 ) ) ;
#2024 = CARTESIAN_POINT ( 'NONE',  ( -2.319201962066644640, 0.3970550407499311429, 1.502499999999999503 ) ) ;
#2025 = CARTESIAN_POINT ( 'NONE',  ( 2.200000000000000622, 0.5525000000000013234, -0.8525000000000003686 ) ) ;
#2026 = VECTOR ( 'NONE', #4661, 1000.000000000000000 ) ;
#2027 = CARTESIAN_POINT ( 'NONE',  ( 3.189885311307101734, 6.428775942946129489E-16, -1.747500000000000275 ) ) ;
#2028 = VECTOR ( 'NONE', #30, 1000.000000000000000 ) ;
#2029 = LINE ( 'NONE', #1015, #4807 ) ;
#2030 =( NAMED_UNIT ( * ) PLANE_ANGLE_UNIT ( ) SI_UNIT ( $, .RADIAN. ) );
#2031 = CARTESIAN_POINT ( 'NONE',  ( 3.199999999999999734, 0.1446467872876750493, -2.152500000000000302 ) ) ;
#2032 = ORIENTED_EDGE ( 'NONE', *, *, #4638, .F. ) ;
#2033 = ORIENTED_EDGE ( 'NONE', *, *, #7195, .T. ) ;
#2034 = CARTESIAN_POINT ( 'NONE',  ( -2.798897958454353851, 0.1726945743169953640, -0.8525000000000003686 ) ) ;
#2035 = DIRECTION ( 'NONE',  ( -0.000000000000000000, 0.000000000000000000, 1.000000000000000000 ) ) ;
#2036 = EDGE_CURVE ( 'NONE', #7585, #6292, #2417, .T. ) ;
#2037 = EDGE_CURVE ( 'NONE', #5457, #4914, #7613, .T. ) ;
#2038 = VECTOR ( 'NONE', #6882, 1000.000000000000000 ) ;
#2039 = CARTESIAN_POINT ( 'NONE',  ( 2.319201962066644640, 0.3970550407499311429, 1.747499999999999387 ) ) ;
#2040 = FACE_OUTER_BOUND ( 'NONE', #6396, .T. ) ;
#2041 = CARTESIAN_POINT ( 'NONE',  ( -2.809741250672937785, 0.3277608774589687579, 2.397499999999999964 ) ) ;
#2042 = FACE_OUTER_BOUND ( 'NONE', #3359, .T. ) ;
#2043 = ORIENTED_EDGE ( 'NONE', *, *, #3495, .T. ) ;
#2044 = VERTEX_POINT ( 'NONE', #236 ) ;
#2045 = DIRECTION ( 'NONE',  ( 1.000000000000000000, 9.095506094768336076E-16, -0.000000000000000000 ) ) ;
#2046 = ADVANCED_FACE ( 'NONE', ( #7544 ), #2127, .F. ) ;
#2047 = DIRECTION ( 'NONE',  ( 0.000000000000000000, 0.000000000000000000, 1.000000000000000000 ) ) ;
#2048 = AXIS2_PLACEMENT_3D ( 'NONE', #2409, #5432, #4722 ) ;
#2049 = CARTESIAN_POINT ( 'NONE',  ( -2.200000000000000622, 0.6975000000000013411, 0.2024999999999995692 ) ) ;
#2050 = ADVANCED_FACE ( 'NONE', ( #2293 ), #7132, .F. ) ;
#2051 = DIRECTION ( 'NONE',  ( -0.000000000000000000, -0.000000000000000000, -1.000000000000000000 ) ) ;
#2052 = CARTESIAN_POINT ( 'NONE',  ( -3.199999999999999734, 0.1446467872876750493, -1.502500000000000391 ) ) ;
#2053 = VECTOR ( 'NONE', #3642, 1000.000000000000000 ) ;
#2054 = CARTESIAN_POINT ( 'NONE',  ( 2.319201962066644640, 0.5525000000000012124, -1.097500000000000364 ) ) ;
#2055 = CARTESIAN_POINT ( 'NONE',  ( -2.319201962066644640, 0.3970550407499311429, -1.097500000000000364 ) ) ;
#2056 = VECTOR ( 'NONE', #5393, 1000.000000000000000 ) ;
#2057 = DIRECTION ( 'NONE',  ( -1.000000000000000000, 0.000000000000000000, 0.000000000000000000 ) ) ;
#2058 = EDGE_LOOP ( 'NONE', ( #6024, #3267, #3830, #3565 ) ) ;
#2059 =( NAMED_UNIT ( * ) PLANE_ANGLE_UNIT ( ) SI_UNIT ( $, .RADIAN. ) );
#2060 = ORIENTED_EDGE ( 'NONE', *, *, #1372, .T. ) ;
#2061 = DIRECTION ( 'NONE',  ( 1.000000000000000000, 0.000000000000000000, 0.000000000000000000 ) ) ;
#2062 = AXIS2_PLACEMENT_3D ( 'NONE', #3297, #964, #4453 ) ;
#2063 = EDGE_CURVE ( 'NONE', #2145, #329, #2429, .T. ) ;
#2064 = AXIS2_PLACEMENT_3D ( 'NONE', #7407, #6692, #4354 ) ;
#2065 = LINE ( 'NONE', #1796, #7360 ) ;
#2066 = ADVANCED_FACE ( 'NONE', ( #5036 ), #4861, .F. ) ;
#2067 = FILL_AREA_STYLE ('',( #7429 ) ) ;
#2068 = FACE_OUTER_BOUND ( 'NONE', #299, .T. ) ;
#2069 = DIRECTION ( 'NONE',  ( 0.2588190451025209060, -0.9659258262890683122, 0.000000000000000000 ) ) ;
#2070 = EDGE_CURVE ( 'NONE', #5609, #5012, #7512, .T. ) ;
#2071 = ORIENTED_EDGE ( 'NONE', *, *, #319, .T. ) ;
#2072 = DIRECTION ( 'NONE',  ( 0.000000000000000000, -0.000000000000000000, -1.000000000000000000 ) ) ;
#2073 = ORIENTED_EDGE ( 'NONE', *, *, #2204, .F. ) ;
#2074 = CARTESIAN_POINT ( 'NONE',  ( 2.199999999999998401, 0.6975000000000013411, -2.499999999999995115 ) ) ;
#2075 = CARTESIAN_POINT ( 'NONE',  ( -1.600000000000001199, 0.2928932188134524828, -1.899999999999995470 ) ) ;
#2076 = CARTESIAN_POINT ( 'NONE',  ( -2.609409507584654175, 0.4748159182089002894, -0.8525000000000003686 ) ) ;
#2077 = EDGE_CURVE ( 'NONE', #6990, #3071, #2208, .T. ) ;
#2078 = VECTOR ( 'NONE', #5751, 1000.000000000000000 ) ;
#2079 = DIRECTION ( 'NONE',  ( 0.000000000000000000, -0.000000000000000000, -1.000000000000000000 ) ) ;
#2080 = LINE ( 'NONE', #7304, #7349 ) ;
#2081 = AXIS2_PLACEMENT_3D ( 'NONE', #4840, #3088, #5419 ) ;
#2082 = DIRECTION ( 'NONE',  ( -0.9975640502598243087, 0.06975647374412477508, 0.000000000000000000 ) ) ;
#2083 = DIRECTION ( 'NONE',  ( -0.000000000000000000, -0.000000000000000000, -1.000000000000000000 ) ) ;
#2084 = ORIENTED_EDGE ( 'NONE', *, *, #2037, .F. ) ;
#2085 = EDGE_CURVE ( 'NONE', #4926, #4371, #4910, .T. ) ;
#2086 = ORIENTED_EDGE ( 'NONE', *, *, #3999, .F. ) ;
#2087 = DIRECTION ( 'NONE',  ( -0.000000000000000000, -1.000000000000000000, -0.000000000000000000 ) ) ;
#2088 = CARTESIAN_POINT ( 'NONE',  ( 2.809741250672937785, 0.3277608774589687579, 0.4474999999999995648 ) ) ;
#2089 = EDGE_CURVE ( 'NONE', #5846, #1151, #4888, .T. ) ;
#2090 = CARTESIAN_POINT ( 'NONE',  ( -2.319201962066644640, 0.5525000000000012124, 2.397499999999999964 ) ) ;
#2091 = CARTESIAN_POINT ( 'NONE',  ( 2.114445983927815575, 0.1500000000000006606, 2.414445983927816286 ) ) ;
#2092 = LINE ( 'NONE', #317, #7398 ) ;
#2093 = LINE ( 'NONE', #4856, #4652 ) ;
#2094 = AXIS2_PLACEMENT_3D ( 'NONE', #5365, #1028, #1680 ) ;
#2095 = ORIENTED_EDGE ( 'NONE', *, *, #639, .F. ) ;
#2096 = ORIENTED_EDGE ( 'NONE', *, *, #5170, .F. ) ;
#2097 = DIRECTION ( 'NONE',  ( -0.000000000000000000, -0.000000000000000000, -1.000000000000000000 ) ) ;
#2098 = EDGE_CURVE ( 'NONE', #739, #957, #4876, .T. ) ;
#2099 = AXIS2_PLACEMENT_3D ( 'NONE', #7698, #3586, #6652 ) ;
#2100 = PLANE ( 'NONE',  #4911 ) ;
#2101 = PLANE ( 'NONE',  #5454 ) ;
#2102 = EDGE_CURVE ( 'NONE', #3177, #2321, #4932, .T. ) ;
#2103 = DIRECTION ( 'NONE',  ( 0.000000000000000000, -0.000000000000000000, -1.000000000000000000 ) ) ;
#2104 = LINE ( 'NONE', #1013, #2165 ) ;
#2105 = CARTESIAN_POINT ( 'NONE',  ( 2.798897958454353851, 0.1726945743169953640, -0.4475000000000003975 ) ) ;
#2106 = LINE ( 'NONE', #4997, #7232 ) ;
#2107 = AXIS2_PLACEMENT_3D ( 'NONE', #6738, #7297, #4 ) ;
#2108 = DIRECTION ( 'NONE',  ( 1.000000000000000000, 0.000000000000000000, 0.000000000000000000 ) ) ;
#2109 = ORIENTED_EDGE ( 'NONE', *, *, #844, .F. ) ;
#2110 = CARTESIAN_POINT ( 'NONE',  ( -2.200000000000001066, 0.5525000000000013234, -2.499999999999994227 ) ) ;
#2111 = ORIENTED_EDGE ( 'NONE', *, *, #2475, .F. ) ;
#2112 = DIRECTION ( 'NONE',  ( -0.000000000000000000, -0.000000000000000000, -1.000000000000000000 ) ) ;
#2113 = ADVANCED_FACE ( 'NONE', ( #4831 ), #7225, .T. ) ;
#2114 = AXIS2_PLACEMENT_3D ( 'NONE', #1783, #2225, #2789 ) ;
#2115 = ADVANCED_FACE ( 'NONE', ( #4946 ), #7522, .T. ) ;
#2116 = LINE ( 'NONE', #4071, #4717 ) ;
#2117 = EDGE_CURVE ( 'NONE', #7368, #5484, #2334, .T. ) ;
#2118 = LINE ( 'NONE', #7423, #4728 ) ;
#2119 = LINE ( 'NONE', #4291, #4729 ) ;
#2120 = ORIENTED_EDGE ( 'NONE', *, *, #1864, .F. ) ;
#2121 = DIRECTION ( 'NONE',  ( -1.000000000000000000, 0.000000000000000000, 0.000000000000000000 ) ) ;
#2122 = CARTESIAN_POINT ( 'NONE',  ( 2.798897958454353851, 0.1726945743169953640, 1.502499999999999503 ) ) ;
#2123 = AXIS2_PLACEMENT_3D ( 'NONE', #1330, #6753, #2400 ) ;
#2124 = VERTEX_POINT ( 'NONE', #5113 ) ;
#2125 = CARTESIAN_POINT ( 'NONE',  ( 1.499999999999999556, 0.1500000000000006606, -1.500000000000002220 ) ) ;
#2126 = DIRECTION ( 'NONE',  ( -0.9975640502598243087, -0.06975647374412488610, 0.000000000000000000 ) ) ;
#2127 = PLANE ( 'NONE',  #2048 ) ;
#2128 = DIRECTION ( 'NONE',  ( 1.000000000000000000, 0.000000000000000000, 0.000000000000000000 ) ) ;
#2129 = DIRECTION ( 'NONE',  ( -0.9975640502598243087, 0.06975647374412477508, 0.000000000000000000 ) ) ;
#2130 = FACE_OUTER_BOUND ( 'NONE', #6135, .T. ) ;
#2131 = DIRECTION ( 'NONE',  ( -0.000000000000000000, -1.000000000000000000, -0.000000000000000000 ) ) ;
#2132 = LINE ( 'NONE', #4530, #4515 ) ;
#2133 = ADVANCED_FACE ( 'NONE', ( #7651 ), #68, .F. ) ;
#2134 = LINE ( 'NONE', #5941, #4579 ) ;
#2135 = CARTESIAN_POINT ( 'NONE',  ( -2.519533705154928249, 0.2499999999999996669, -2.397500000000000409 ) ) ;
#2136 = CARTESIAN_POINT ( 'NONE',  ( -2.200000000000000622, 0.5525000000000013234, 1.502499999999999503 ) ) ;
#2137 = ORIENTED_EDGE ( 'NONE', *, *, #4096, .F. ) ;
#2138 = ORIENTED_EDGE ( 'NONE', *, *, #7213, .T. ) ;
#2139 = CARTESIAN_POINT ( 'NONE',  ( 2.319201962066644640, 0.6975000000000013411, 0.4474999999999995648 ) ) ;
#2140 = DIRECTION ( 'NONE',  ( -0.2588190451025186856, 0.9659258262890688673, 0.000000000000000000 ) ) ;
#2141 = VECTOR ( 'NONE', #7516, 1000.000000000000000 ) ;
#2142 = AXIS2_PLACEMENT_3D ( 'NONE', #7143, #4022, #4594 ) ;
#2143 = LINE ( 'NONE', #516, #4741 ) ;
#2144 = LINE ( 'NONE', #4122, #7389 ) ;
#2145 = VERTEX_POINT ( 'NONE', #3364 ) ;
#2146 = EDGE_CURVE ( 'NONE', #2287, #232, #7601, .T. ) ;
#2147 = VERTEX_POINT ( 'NONE', #6342 ) ;
#2148 = CARTESIAN_POINT ( 'NONE',  ( 3.199999999999999734, 0.1446467872876750493, -2.397500000000000409 ) ) ;
#2149 = DIRECTION ( 'NONE',  ( 0.000000000000000000, -0.000000000000000000, -1.000000000000000000 ) ) ;
#2150 = CARTESIAN_POINT ( 'NONE',  ( -2.788783269761455852, 0.02804778702932090445, 0.2024999999999995692 ) ) ;
#2151 = VECTOR ( 'NONE', #7548, 1000.000000000000000 ) ;
#2152 = CARTESIAN_POINT ( 'NONE',  ( -3.189885311307101734, 6.428775942946129489E-16, -0.4475000000000003975 ) ) ;
#2153 = FACE_OUTER_BOUND ( 'NONE', #3747, .T. ) ;
#2154 = EDGE_CURVE ( 'NONE', #2524, #2585, #6655, .T. ) ;
#2155 = AXIS2_PLACEMENT_3D ( 'NONE', #401, #4488, #3345 ) ;
#2156 = CARTESIAN_POINT ( 'NONE',  ( 2.319201962066644640, 0.3970550407499311429, 1.097499999999999476 ) ) ;
#2157 = ORIENTED_EDGE ( 'NONE', *, *, #6105, .T. ) ;
#2158 = DIRECTION ( 'NONE',  ( 0.9975640502598243087, -0.06975647374412477508, 0.000000000000000000 ) ) ;
#2159 = EDGE_CURVE ( 'NONE', #4076, #1208, #3759, .T. ) ;
#2160 = ORIENTED_EDGE ( 'NONE', *, *, #3199, .T. ) ;
#2161 = CARTESIAN_POINT ( 'NONE',  ( -2.659592949966843367, 0.2875287615398652852, -1.502500000000000391 ) ) ;
#2162 = MECHANICAL_DESIGN_GEOMETRIC_PRESENTATION_REPRESENTATION (  '', ( #7022 ), #7454 ) ;
#2163 = CARTESIAN_POINT ( 'NONE',  ( -2.519533705154928249, 0.2499999999999996669, 1.747499999999999387 ) ) ;
#2164 = EDGE_CURVE ( 'NONE', #5229, #6268, #3791, .T. ) ;
#2165 = VECTOR ( 'NONE', #7418, 1000.000000000000000 ) ;
#2166 = LINE ( 'NONE', #50, #7274 ) ;
#2167 = CARTESIAN_POINT ( 'NONE',  ( 2.469350262772739057, 0.4372871566690347267, 0.4474999999999995648 ) ) ;
#2168 = ORIENTED_EDGE ( 'NONE', *, *, #6848, .F. ) ;
#2169 =( NAMED_UNIT ( * ) PLANE_ANGLE_UNIT ( ) SI_UNIT ( $, .RADIAN. ) );
#2170 = VERTEX_POINT ( 'NONE', #6628 ) ;
#2171 = DIRECTION ( 'NONE',  ( 0.000000000000000000, -0.000000000000000000, -1.000000000000000000 ) ) ;
#2172 = CARTESIAN_POINT ( 'NONE',  ( 2.319201962066644640, 0.3970550407499311429, -1.502500000000000391 ) ) ;
#2173 = CARTESIAN_POINT ( 'NONE',  ( 2.200000000000000622, 0.6975000000000013411, 1.097499999999999476 ) ) ;
#2174 = EDGE_CURVE ( 'NONE', #3152, #1375, #6642, .T. ) ;
#2175 = DIRECTION ( 'NONE',  ( -1.000000000000000000, 0.000000000000000000, 0.000000000000000000 ) ) ;
#2176 = EDGE_CURVE ( 'NONE', #6471, #6843, #6618, .T. ) ;
#2177 = FACE_OUTER_BOUND ( 'NONE', #1060, .T. ) ;
#2178 = LINE ( 'NONE', #1185, #4785 ) ;
#2179 = SURFACE_STYLE_USAGE ( .BOTH. , #4480 ) ;
#2180 = CARTESIAN_POINT ( 'NONE',  ( -2.469350262772739057, 0.4372871566690347267, 0.4474999999999995648 ) ) ;
#2181 = VERTEX_POINT ( 'NONE', #4037 ) ;
#2182 = EDGE_CURVE ( 'NONE', #6120, #5335, #1267, .T. ) ;
#2183 = EDGE_LOOP ( 'NONE', ( #6799, #2120, #1318, #7404 ) ) ;
#2184 = CARTESIAN_POINT ( 'NONE',  ( -2.200000000000000622, 0.6975000000000013411, -2.152500000000000302 ) ) ;
#2185 = LINE ( 'NONE', #1174, #4663 ) ;
#2186 = FACE_OUTER_BOUND ( 'NONE', #5469, .T. ) ;
#2187 = ADVANCED_FACE ( 'NONE', ( #3839 ), #2815, .F. ) ;
#2188 = LINE ( 'NONE', #3001, #4590 ) ;
#2189 = VERTEX_POINT ( 'NONE', #4135 ) ;
#2190 = AXIS2_PLACEMENT_3D ( 'NONE', #7558, #5584, #4539 ) ;
#2191 = ORIENTED_EDGE ( 'NONE', *, *, #388, .T. ) ;
#2192 = EDGE_CURVE ( 'NONE', #873, #1829, #1438, .T. ) ;
#2193 = AXIS2_PLACEMENT_3D ( 'NONE', #3317, #923, #2121 ) ;
#2194 = DIRECTION ( 'NONE',  ( -0.2588190451025186856, -0.9659258262890688673, 0.000000000000000000 ) ) ;
#2195 = LINE ( 'NONE', #5110, #7307 ) ;
#2196 = VECTOR ( 'NONE', #3801, 1000.000000000000000 ) ;
#2197 = FILL_AREA_STYLE ('',( #5051 ) ) ;
#2198 = LINE ( 'NONE', #2052, #4699 ) ;
#2199 = LINE ( 'NONE', #5408, #283 ) ;
#2200 = CARTESIAN_POINT ( 'NONE',  ( -2.798897958454353851, 0.1726945743169953640, 0.4474999999999995648 ) ) ;
#2201 = EDGE_LOOP ( 'NONE', ( #1676, #4273, #5985, #3868 ) ) ;
#2202 = ORIENTED_EDGE ( 'NONE', *, *, #3321, .T. ) ;
#2203 = CARTESIAN_POINT ( 'NONE',  ( 2.200000000000000622, 0.6975000000000013411, 2.152499999999999858 ) ) ;
#2204 = EDGE_CURVE ( 'NONE', #247, #5846, #1234, .T. ) ;
#2205 = DIRECTION ( 'NONE',  ( 0.2588190451025209060, -0.9659258262890683122, 0.000000000000000000 ) ) ;
#2206 = FACE_OUTER_BOUND ( 'NONE', #6821, .T. ) ;
#2207 = FACE_OUTER_BOUND ( 'NONE', #6027, .T. ) ;
#2208 = LINE ( 'NONE', #7174, #2348 ) ;
#2209 = DIRECTION ( 'NONE',  ( 0.06975647374412523305, -0.9975640502598241977, 0.000000000000000000 ) ) ;
#2210 = VERTEX_POINT ( 'NONE', #2730 ) ;
#2211 = DIRECTION ( 'NONE',  ( -1.000000000000000000, 9.095506094768336076E-16, 0.000000000000000000 ) ) ;
#2212 = ORIENTED_EDGE ( 'NONE', *, *, #882, .T. ) ;
#2213 = DIRECTION ( 'NONE',  ( 0.000000000000000000, -0.000000000000000000, -1.000000000000000000 ) ) ;
#2214 = CARTESIAN_POINT ( 'NONE',  ( -2.319201962066644640, 0.3970550407499311429, -0.4475000000000003975 ) ) ;
#2215 = DIRECTION ( 'NONE',  ( -1.000000000000000000, 0.000000000000000000, 0.000000000000000000 ) ) ;
#2216 = EDGE_CURVE ( 'NONE', #4070, #6471, #1382, .T. ) ;
#2217 =( LENGTH_UNIT ( ) NAMED_UNIT ( * ) SI_UNIT ( .MILLI., .METRE. ) );
#2218 = CIRCLE ( 'NONE', #3853, 0.1554449592500702360 ) ;
#2219 = LINE ( 'NONE', #1400, #4909 ) ;
#2220 = DIRECTION ( 'NONE',  ( -0.000000000000000000, -0.000000000000000000, -1.000000000000000000 ) ) ;
#2221 = CARTESIAN_POINT ( 'NONE',  ( -2.200000000000001066, 0.6975000000000013411, -2.499999999999994227 ) ) ;
#2222 = ORIENTED_EDGE ( 'NONE', *, *, #4482, .T. ) ;
#2223 = ORIENTED_EDGE ( 'NONE', *, *, #7870, .F. ) ;
#2224 = ADVANCED_FACE ( 'NONE', ( #3885 ), #4784, .F. ) ;
#2225 = DIRECTION ( 'NONE',  ( -0.000000000000000000, 0.000000000000000000, 1.000000000000000000 ) ) ;
#2226 = CARTESIAN_POINT ( 'NONE',  ( -2.200000000000000622, 0.6975000000000013411, 2.397499999999999964 ) ) ;
#2227 = AXIS2_PLACEMENT_3D ( 'NONE', #2055, #2630, #2675 ) ;
#2228 = DIRECTION ( 'NONE',  ( -0.000000000000000000, -1.000000000000000000, -0.000000000000000000 ) ) ;
#2229 = CARTESIAN_POINT ( 'NONE',  ( -2.609409507584654175, 0.4748159182089002894, -0.4475000000000003975 ) ) ;
#2230 = AXIS2_PLACEMENT_3D ( 'NONE', #2458, #2399, #2979 ) ;
#2231 = VECTOR ( 'NONE', #2051, 1000.000000000000000 ) ;
#2232 = FACE_OUTER_BOUND ( 'NONE', #469, .T. ) ;
#2233 = ORIENTED_EDGE ( 'NONE', *, *, #252, .F. ) ;
#2234 = ORIENTED_EDGE ( 'NONE', *, *, #7358, .T. ) ;
#2235 = CARTESIAN_POINT ( 'NONE',  ( 2.809741250672937785, 0.3277608774589687579, -2.152500000000000302 ) ) ;
#2236 = EDGE_CURVE ( 'NONE', #3225, #7785, #3930, .T. ) ;
#2237 = DIRECTION ( 'NONE',  ( -1.000000000000000000, 0.000000000000000000, 0.000000000000000000 ) ) ;
#2238 = EDGE_CURVE ( 'NONE', #5876, #1164, #6433, .T. ) ;
#2239 = LINE ( 'NONE', #6825, #2026 ) ;
#2240 = CARTESIAN_POINT ( 'NONE',  ( 2.609409507584654175, 0.4748159182089002894, -1.502500000000000391 ) ) ;
#2241 = VECTOR ( 'NONE', #450, 1000.000000000000000 ) ;
#2242 = STYLED_ITEM ( 'NONE', ( #7699 ), #6130 ) ;
#2243 = ADVANCED_FACE ( 'NONE', ( #6492 ), #7025, .F. ) ;
#2244 = FACE_OUTER_BOUND ( 'NONE', #6452, .T. ) ;
#2245 = CARTESIAN_POINT ( 'NONE',  ( -2.798897958454353851, 0.1726945743169953640, 1.097499999999999476 ) ) ;
#2246 = ORIENTED_EDGE ( 'NONE', *, *, #960, .T. ) ;
#2247 = CARTESIAN_POINT ( 'NONE',  ( 2.199999999999998401, 0.6975000000000013411, -2.499999999999995115 ) ) ;
#2248 = EDGE_CURVE ( 'NONE', #2728, #7702, #6558, .T. ) ;
#2249 = ORIENTED_EDGE ( 'NONE', *, *, #5602, .T. ) ;
#2250 = FILL_AREA_STYLE ('',( #5647 ) ) ;
#2251 = MANIFOLD_SOLID_BREP ( 'LPattern1[4]', #6864 ) ;
#2252 = FACE_OUTER_BOUND ( 'NONE', #7136, .T. ) ;
#2253 = VECTOR ( 'NONE', #7057, 1000.000000000000000 ) ;
#2254 = ORIENTED_EDGE ( 'NONE', *, *, #4084, .F. ) ;
#2255 = DIRECTION ( 'NONE',  ( 1.000000000000000000, 0.000000000000000000, 0.000000000000000000 ) ) ;
#2256 = ORIENTED_EDGE ( 'NONE', *, *, #5259, .T. ) ;
#2257 = EDGE_CURVE ( 'NONE', #2147, #3281, #6418, .T. ) ;
#2258 = DIRECTION ( 'NONE',  ( 0.000000000000000000, 0.000000000000000000, 1.000000000000000000 ) ) ;
#2259 = DIRECTION ( 'NONE',  ( 0.000000000000000000, 0.000000000000000000, 1.000000000000000000 ) ) ;
#2260 = EDGE_CURVE ( 'NONE', #4867, #2993, #3917, .T. ) ;
#2261 = CIRCLE ( 'NONE', #6983, 0.2500000000000000000 ) ;
#2262 = VECTOR ( 'NONE', #2757, 1000.000000000000114 ) ;
#2263 = CARTESIAN_POINT ( 'NONE',  ( 2.200000000000000622, 0.6975000000000013411, -0.8525000000000003686 ) ) ;
#2264 = ORIENTED_EDGE ( 'NONE', *, *, #7821, .F. ) ;
#2265 = ORIENTED_EDGE ( 'NONE', *, *, #4963, .F. ) ;
#2266 = CARTESIAN_POINT ( 'NONE',  ( 2.319201962066644640, 0.3970550407499311429, 1.747499999999999387 ) ) ;
#2267 = CARTESIAN_POINT ( 'NONE',  ( 2.200000000000000622, 0.6975000000000013411, 2.397499999999999964 ) ) ;
#2268 = CARTESIAN_POINT ( 'NONE',  ( -2.319201962066644640, 0.6975000000000013411, 1.502499999999999503 ) ) ;
#2269 = DIRECTION ( 'NONE',  ( 1.000000000000000000, 0.000000000000000000, 0.000000000000000000 ) ) ;
#2270 = CARTESIAN_POINT ( 'NONE',  ( 3.199999999999999734, 0.1446467872876750493, 1.097499999999999476 ) ) ;
#2271 = AXIS2_PLACEMENT_3D ( 'NONE', #4593, #7054, #2001 ) ;
#2272 = CYLINDRICAL_SURFACE ( 'NONE', #6460, 0.1554449592500702360 ) ;
#2273 = VECTOR ( 'NONE', #6055, 1000.000000000000114 ) ;
#2274 = ORIENTED_EDGE ( 'NONE', *, *, #4455, .F. ) ;
#2275 = AXIS2_PLACEMENT_3D ( 'NONE', #2806, #5352, #5306 ) ;
#2276 = ORIENTED_EDGE ( 'NONE', *, *, #7358, .F. ) ;
#2277 = ADVANCED_FACE ( 'NONE', ( #1312 ), #2305, .F. ) ;
#2278 = DIRECTION ( 'NONE',  ( 1.000000000000000000, 9.095506094768336076E-16, -0.000000000000000000 ) ) ;
#2279 = CARTESIAN_POINT ( 'NONE',  ( 2.200000000000000622, 0.6975000000000013411, -1.747500000000000275 ) ) ;
#2280 = FILL_AREA_STYLE ('',( #466 ) ) ;
#2281 = LINE ( 'NONE', #23, #4829 ) ;
#2282 = CARTESIAN_POINT ( 'NONE',  ( -2.469350262772739502, 0.4372871566690347822, 2.397499999999999964 ) ) ;
#2283 = SURFACE_STYLE_FILL_AREA ( #5778 ) ;
#2284 = EDGE_CURVE ( 'NONE', #5674, #6712, #1348, .T. ) ;
#2285 = EDGE_CURVE ( 'NONE', #3086, #4926, #3808, .T. ) ;
#2286 = CARTESIAN_POINT ( 'NONE',  ( 2.319201962066644640, 0.3970550407499311429, -1.502500000000000391 ) ) ;
#2287 = VERTEX_POINT ( 'NONE', #5912 ) ;
#2288 = CARTESIAN_POINT ( 'NONE',  ( 2.609409507584654175, 0.4748159182089002894, -1.097500000000000364 ) ) ;
#2289 = ORIENTED_EDGE ( 'NONE', *, *, #983, .T. ) ;
#2290 = CARTESIAN_POINT ( 'NONE',  ( 2.114445983927816020, 1.100000000000000311, 2.500000000000000444 ) ) ;
#2291 = CARTESIAN_POINT ( 'NONE',  ( 2.788783269761455852, 0.02804778702932090445, -2.397500000000000409 ) ) ;
#2292 = AXIS2_PLACEMENT_3D ( 'NONE', #4866, #6132, #1356 ) ;
#2293 = FACE_OUTER_BOUND ( 'NONE', #3848, .T. ) ;
#2294 = PLANE ( 'NONE',  #4215 ) ;
#2295 = ORIENTED_EDGE ( 'NONE', *, *, #2849, .F. ) ;
#2296 = PLANE ( 'NONE',  #3636 ) ;
#2297 = EDGE_LOOP ( 'NONE', ( #3628, #6178, #3458, #7607 ) ) ;
#2298 =( LENGTH_UNIT ( ) NAMED_UNIT ( * ) SI_UNIT ( .MILLI., .METRE. ) );
#2299 = CARTESIAN_POINT ( 'NONE',  ( 2.319201962066644640, 0.3970550407499311429, 2.397499999999999964 ) ) ;
#2300 = COLOUR_RGB ( '',0.8000000000000000444, 0.8196078431372548767, 0.9333333333333333481 ) ;
#2301 = DIRECTION ( 'NONE',  ( -0.9975640502598243087, 0.06975647374412477508, 0.000000000000000000 ) ) ;
#2302 = AXIS2_PLACEMENT_3D ( 'NONE', #3527, #2663, #888 ) ;
#2303 = DIRECTION ( 'NONE',  ( -0.000000000000000000, -0.000000000000000000, -1.000000000000000000 ) ) ;
#2304 = EDGE_LOOP ( 'NONE', ( #1635, #4014, #484, #2157 ) ) ;
#2305 = PLANE ( 'NONE',  #14 ) ;
#2306 = ORIENTED_EDGE ( 'NONE', *, *, #6934, .T. ) ;
#2307 = EDGE_CURVE ( 'NONE', #2044, #6690, #1171, .T. ) ;
#2308 = CARTESIAN_POINT ( 'NONE',  ( 2.200000000000000622, 0.6975000000000013411, 0.4474999999999995648 ) ) ;
#2309 =( GEOMETRIC_REPRESENTATION_CONTEXT ( 3 ) GLOBAL_UNCERTAINTY_ASSIGNED_CONTEXT ( ( #5447 ) ) GLOBAL_UNIT_ASSIGNED_CONTEXT ( ( #3046, #4855, #648 ) ) REPRESENTATION_CONTEXT ( 'NONE', 'WORKASPACE' ) );
#2310 = CARTESIAN_POINT ( 'NONE',  ( 2.798897958454353851, 0.1726945743169953640, 2.397499999999999964 ) ) ;
#2311 = DIRECTION ( 'NONE',  ( -0.000000000000000000, -0.000000000000000000, -1.000000000000000000 ) ) ;
#2312 = DIRECTION ( 'NONE',  ( 0.2588190451025186856, 0.9659258262890688673, -0.000000000000000000 ) ) ;
#2313 = CARTESIAN_POINT ( 'NONE',  ( -2.319201962066644640, 0.3970550407499311429, -2.152500000000000302 ) ) ;
#2314 = ORIENTED_EDGE ( 'NONE', *, *, #2422, .F. ) ;
#2315 = ORIENTED_EDGE ( 'NONE', *, *, #736, .T. ) ;
#2316 = EDGE_CURVE ( 'NONE', #315, #2467, #6402, .T. ) ;
#2317 = CARTESIAN_POINT ( 'NONE',  ( 2.200000000000000622, 0.6975000000000013411, -0.2025000000000004297 ) ) ;
#2318 = AXIS2_PLACEMENT_3D ( 'NONE', #3128, #4286, #7819 ) ;
#2319 = DIRECTION ( 'NONE',  ( 0.000000000000000000, 1.000000000000000000, 0.000000000000000000 ) ) ;
#2320 = EDGE_CURVE ( 'NONE', #4711, #542, #6445, .T. ) ;
#2321 = VERTEX_POINT ( 'NONE', #1023 ) ;
#2322 = CARTESIAN_POINT ( 'NONE',  ( -2.200000000000000622, 0.6975000000000013411, 2.397499999999999964 ) ) ;
#2323 = VECTOR ( 'NONE', #7467, 1000.000000000000227 ) ;
#2324 = CARTESIAN_POINT ( 'NONE',  ( -3.189885311307101734, 6.428775942946129489E-16, 0.4474999999999995648 ) ) ;
#2325 = VECTOR ( 'NONE', #1163, 1000.000000000000000 ) ;
#2326 = DIRECTION ( 'NONE',  ( -0.06975647374412521917, 0.9975640502598241977, 0.000000000000000000 ) ) ;
#2327 = ORIENTED_EDGE ( 'NONE', *, *, #6267, .F. ) ;
#2328 = CARTESIAN_POINT ( 'NONE',  ( 2.200000000000000622, 0.6975000000000013411, 1.747499999999999387 ) ) ;
#2329 = VERTEX_POINT ( 'NONE', #7663 ) ;
#2330 = DIRECTION ( 'NONE',  ( 0.000000000000000000, 0.000000000000000000, 1.000000000000000000 ) ) ;
#2331 = ORIENTED_EDGE ( 'NONE', *, *, #1660, .F. ) ;
#2332 = EDGE_CURVE ( 'NONE', #4371, #2170, #4017, .T. ) ;
#2333 = LINE ( 'NONE', #5989, #7551 ) ;
#2334 = LINE ( 'NONE', #7755, #5010 ) ;
#2335 = PLANE ( 'NONE',  #510 ) ;
#2336 = ORIENTED_EDGE ( 'NONE', *, *, #591, .T. ) ;
#2337 = PLANE ( 'NONE',  #4228 ) ;
#2338 = ORIENTED_EDGE ( 'NONE', *, *, #2501, .T. ) ;
#2339 = PLANE ( 'NONE',  #1514 ) ;
#2340 = EDGE_LOOP ( 'NONE', ( #2471, #2540, #5215, #2396 ) ) ;
#2341 = CARTESIAN_POINT ( 'NONE',  ( -2.200000000000000622, 0.6975000000000013411, -0.2025000000000004297 ) ) ;
#2342 = AXIS2_PLACEMENT_3D ( 'NONE', #845, #1874, #3870 ) ;
#2343 = DIRECTION ( 'NONE',  ( 0.000000000000000000, 0.000000000000000000, 1.000000000000000000 ) ) ;
#2344 = MANIFOLD_SOLID_BREP ( 'Cut-Extrude3', #5218 ) ;
#2345 = ORIENTED_EDGE ( 'NONE', *, *, #7067, .T. ) ;
#2346 = CYLINDRICAL_SURFACE ( 'NONE', #3785, 0.1554449592500702360 ) ;
#2347 = ADVANCED_FACE ( 'NONE', ( #2886 ), #3872, .F. ) ;
#2348 = VECTOR ( 'NONE', #2937, 1000.000000000000000 ) ;
#2349 = DIRECTION ( 'NONE',  ( -0.000000000000000000, -0.000000000000000000, -1.000000000000000000 ) ) ;
#2350 = DIRECTION ( 'NONE',  ( 0.000000000000000000, -1.000000000000000000, -0.000000000000000000 ) ) ;
#2351 = AXIS2_PLACEMENT_3D ( 'NONE', #5206, #4582, #5738 ) ;
#2352 = ORIENTED_EDGE ( 'NONE', *, *, #7392, .F. ) ;
#2353 = ORIENTED_EDGE ( 'NONE', *, *, #7380, .F. ) ;
#2354 = AXIS2_PLACEMENT_3D ( 'NONE', #2885, #2985, #1394 ) ;
#2355 = CARTESIAN_POINT ( 'NONE',  ( 2.809741250672937785, 0.3277608774589687579, -0.8525000000000003686 ) ) ;
#2356 = EDGE_CURVE ( 'NONE', #2437, #7778, #210, .T. ) ;
#2357 = ORIENTED_EDGE ( 'NONE', *, *, #2332, .T. ) ;
#2358 = DIRECTION ( 'NONE',  ( -0.000000000000000000, -0.000000000000000000, -1.000000000000000000 ) ) ;
#2359 = CARTESIAN_POINT ( 'NONE',  ( 2.200000000000000622, 0.6975000000000013411, 0.4474999999999995648 ) ) ;
#2360 = ORIENTED_EDGE ( 'NONE', *, *, #5958, .T. ) ;
#2361 = SURFACE_STYLE_FILL_AREA ( #2197 ) ;
#2362 = DIRECTION ( 'NONE',  ( -1.000000000000000000, 0.000000000000000000, 0.000000000000000000 ) ) ;
#2363 = VECTOR ( 'NONE', #2312, 1000.000000000000114 ) ;
#2364 = ORIENTED_EDGE ( 'NONE', *, *, #854, .F. ) ;
#2365 = ORIENTED_EDGE ( 'NONE', *, *, #3511, .T. ) ;
#2366 = ORIENTED_EDGE ( 'NONE', *, *, #755, .F. ) ;
#2367 = DIRECTION ( 'NONE',  ( 1.000000000000000000, 0.000000000000000000, -0.000000000000000000 ) ) ;
#2368 = EDGE_LOOP ( 'NONE', ( #5809, #721, #1231, #6484 ) ) ;
#2369 = DIRECTION ( 'NONE',  ( 0.2588190451025209060, -0.9659258262890683122, 0.000000000000000000 ) ) ;
#2370 = DIRECTION ( 'NONE',  ( 0.000000000000000000, 1.000000000000000000, 0.000000000000000000 ) ) ;
#2371 = ORIENTED_EDGE ( 'NONE', *, *, #7139, .F. ) ;
#2372 = CARTESIAN_POINT ( 'NONE',  ( -2.798897958454353851, 0.1726945743169953640, 1.097499999999999476 ) ) ;
#2373 = VECTOR ( 'NONE', #5922, 1000.000000000000000 ) ;
#2374 = CARTESIAN_POINT ( 'NONE',  ( 2.798897958454353851, 0.1726945743169953640, -1.747500000000000275 ) ) ;
#2375 = VERTEX_POINT ( 'NONE', #371 ) ;
#2376 = CARTESIAN_POINT ( 'NONE',  ( -2.469350262772739502, 0.4372871566690347822, 0.4474999999999995648 ) ) ;
#2377 = ORIENTED_EDGE ( 'NONE', *, *, #882, .F. ) ;
#2378 = CARTESIAN_POINT ( 'NONE',  ( 2.200000000000000622, 0.6975000000000013411, -2.397500000000000409 ) ) ;
#2379 = MECHANICAL_DESIGN_GEOMETRIC_PRESENTATION_REPRESENTATION (  '', ( #3239 ), #4264 ) ;
#2380 = ORIENTED_EDGE ( 'NONE', *, *, #4372, .F. ) ;
#2381 = DIRECTION ( 'NONE',  ( 0.000000000000000000, 0.000000000000000000, 1.000000000000000000 ) ) ;
#2382 = EDGE_CURVE ( 'NONE', #7769, #406, #4260, .T. ) ;
#2383 = DIRECTION ( 'NONE',  ( 0.000000000000000000, 0.000000000000000000, 1.000000000000000000 ) ) ;
#2384 = ORIENTED_EDGE ( 'NONE', *, *, #1290, .T. ) ;
#2385 = LINE ( 'NONE', #162, #4818 ) ;
#2386 = CIRCLE ( 'NONE', #2485, 0.3004449592500699762 ) ;
#2387 = DIRECTION ( 'NONE',  ( -0.9975640502598243087, -0.06975647374412477508, 0.000000000000000000 ) ) ;
#2388 = ORIENTED_EDGE ( 'NONE', *, *, #3831, .T. ) ;
#2389 = EDGE_LOOP ( 'NONE', ( #2096, #383, #2785, #3016 ) ) ;
#2390 = VERTEX_POINT ( 'NONE', #1718 ) ;
#2391 = CARTESIAN_POINT ( 'NONE',  ( -2.200000000000000622, 0.6975000000000013411, -0.8525000000000003686 ) ) ;
#2392 = AXIS2_PLACEMENT_3D ( 'NONE', #572, #1914, #6176 ) ;
#2393 = CARTESIAN_POINT ( 'NONE',  ( -2.788783269761455852, 0.02804778702932090445, -0.8525000000000003686 ) ) ;
#2394 = CARTESIAN_POINT ( 'NONE',  ( 3.199999999999999734, 0.1446467872876750493, 0.4474999999999995648 ) ) ;
#2395 = EDGE_CURVE ( 'NONE', #7805, #728, #1449, .T. ) ;
#2396 = ORIENTED_EDGE ( 'NONE', *, *, #4503, .T. ) ;
#2397 = AXIS2_PLACEMENT_3D ( 'NONE', #7443, #4390, #816 ) ;
#2398 = CYLINDRICAL_SURFACE ( 'NONE', #5037, 0.1554449592500702360 ) ;
#2399 = DIRECTION ( 'NONE',  ( -0.9975640502598243087, 0.06975647374412523305, 0.000000000000000000 ) ) ;
#2400 = DIRECTION ( 'NONE',  ( 0.000000000000000000, -0.000000000000000000, 1.000000000000000000 ) ) ;
#2401 = EDGE_LOOP ( 'NONE', ( #7850, #5950, #3211, #2444 ) ) ;
#2402 = EDGE_CURVE ( 'NONE', #1164, #7003, #1650, .T. ) ;
#2403 = ORIENTED_EDGE ( 'NONE', *, *, #2236, .F. ) ;
#2404 = CARTESIAN_POINT ( 'NONE',  ( -2.609409507584654175, 0.4748159182089002894, -2.152500000000000302 ) ) ;
#2405 = PLANE ( 'NONE',  #2354 ) ;
#2406 = DIRECTION ( 'NONE',  ( 1.000000000000000000, 0.000000000000000000, 0.000000000000000000 ) ) ;
#2407 = ORIENTED_EDGE ( 'NONE', *, *, #7128, .T. ) ;
#2408 = DIRECTION ( 'NONE',  ( -1.000000000000000000, 0.000000000000000000, 0.000000000000000000 ) ) ;
#2409 = CARTESIAN_POINT ( 'NONE',  ( -2.798897958454353851, 0.1726945743169953640, -1.502500000000000391 ) ) ;
#2410 = DIRECTION ( 'NONE',  ( -1.000000000000000000, -0.000000000000000000, 1.971276677246372505E-16 ) ) ;
#2411 = ORIENTED_EDGE ( 'NONE', *, *, #2098, .F. ) ;
#2412 = DIRECTION ( 'NONE',  ( 0.000000000000000000, 0.000000000000000000, 1.000000000000000000 ) ) ;
#2413 = CARTESIAN_POINT ( 'NONE',  ( 2.319201962066644640, 0.5525000000000012124, -1.747500000000000275 ) ) ;
#2414 = EDGE_CURVE ( 'NONE', #2896, #5668, #4209, .T. ) ;
#2415 = VECTOR ( 'NONE', #6458, 1000.000000000000000 ) ;
#2416 = DIRECTION ( 'NONE',  ( 1.000000000000000000, 0.000000000000000000, -0.000000000000000000 ) ) ;
#2417 = CIRCLE ( 'NONE', #374, 0.1554449592500702360 ) ;
#2418 = AXIS2_PLACEMENT_3D ( 'NONE', #2596, #4093, #2972 ) ;
#2419 = VERTEX_POINT ( 'NONE', #4649 ) ;
#2420 = VERTEX_POINT ( 'NONE', #2635 ) ;
#2421 = DIRECTION ( 'NONE',  ( 0.000000000000000000, 0.000000000000000000, 1.000000000000000000 ) ) ;
#2422 = EDGE_CURVE ( 'NONE', #5335, #4057, #1406, .T. ) ;
#2423 = LINE ( 'NONE', #5433, #5090 ) ;
#2424 = ORIENTED_EDGE ( 'NONE', *, *, #5692, .T. ) ;
#2425 = EDGE_LOOP ( 'NONE', ( #836, #5583, #2740, #3487 ) ) ;
#2426 = EDGE_CURVE ( 'NONE', #5641, #3635, #1420, .T. ) ;
#2427 = CARTESIAN_POINT ( 'NONE',  ( -2.200000000000000622, 0.6975000000000013411, 1.097499999999999476 ) ) ;
#2428 = FACE_OUTER_BOUND ( 'NONE', #6880, .T. ) ;
#2429 = LINE ( 'NONE', #4810, #2363 ) ;
#2430 = CARTESIAN_POINT ( 'NONE',  ( -2.319201962066644640, 0.6975000000000013411, 2.152499999999999858 ) ) ;
#2431 = ORIENTED_EDGE ( 'NONE', *, *, #5618, .T. ) ;
#2432 = PLANE ( 'NONE',  #7797 ) ;
#2433 = ORIENTED_EDGE ( 'NONE', *, *, #408, .F. ) ;
#2434 = DIRECTION ( 'NONE',  ( 0.000000000000000000, 0.000000000000000000, 1.000000000000000000 ) ) ;
#2435 = VECTOR ( 'NONE', #7371, 1000.000000000000000 ) ;
#2436 = EDGE_CURVE ( 'NONE', #6442, #5831, #6826, .T. ) ;
#2437 = VERTEX_POINT ( 'NONE', #3928 ) ;
#2438 = DIRECTION ( 'NONE',  ( -1.000000000000000000, 0.000000000000000000, 0.000000000000000000 ) ) ;
#2439 = DIRECTION ( 'NONE',  ( -0.000000000000000000, -0.000000000000000000, -1.000000000000000000 ) ) ;
#2440 = ORIENTED_EDGE ( 'NONE', *, *, #2578, .T. ) ;
#2441 = PRESENTATION_STYLE_ASSIGNMENT (( #919 ) ) ;
#2442 = EDGE_CURVE ( 'NONE', #2657, #5641, #1594, .T. ) ;
#2443 = VECTOR ( 'NONE', #5263, 1000.000000000000000 ) ;
#2444 = ORIENTED_EDGE ( 'NONE', *, *, #7656, .T. ) ;
#2445 = DIRECTION ( 'NONE',  ( 0.2588190451025209060, 0.9659258262890683122, 0.000000000000000000 ) ) ;
#2446 = AXIS2_PLACEMENT_3D ( 'NONE', #1572, #41, #6252 ) ;
#2447 = ORIENTED_EDGE ( 'NONE', *, *, #2382, .T. ) ;
#2448 = ADVANCED_FACE ( 'NONE', ( #1551 ), #216, .T. ) ;
#2449 = CARTESIAN_POINT ( 'NONE',  ( -3.199999999999999734, 0.1446467872876750493, 2.152499999999999858 ) ) ;
#2450 = VECTOR ( 'NONE', #717, 1000.000000000000000 ) ;
#2451 = EDGE_LOOP ( 'NONE', ( #3400, #5971, #3409, #852 ) ) ;
#2452 = DIRECTION ( 'NONE',  ( 1.000000000000000000, -0.000000000000000000, 2.891205793294678326E-16 ) ) ;
#2453 = CARTESIAN_POINT ( 'NONE',  ( -2.798897958454353851, 0.1726945743169953640, 1.747499999999999387 ) ) ;
#2454 = CARTESIAN_POINT ( 'NONE',  ( 2.319201962066644640, 0.6975000000000013411, -1.502500000000000391 ) ) ;
#2455 = ORIENTED_EDGE ( 'NONE', *, *, #7560, .F. ) ;
#2456 = VECTOR ( 'NONE', #4646, 1000.000000000000114 ) ;
#2457 = EDGE_CURVE ( 'NONE', #6928, #671, #4105, .T. ) ;
#2458 = CARTESIAN_POINT ( 'NONE',  ( 3.199999999999999734, 0.1446467872876750493, -2.152500000000000302 ) ) ;
#2459 = DIRECTION ( 'NONE',  ( 0.2588190451025186856, -0.9659258262890688673, 0.000000000000000000 ) ) ;
#2460 = ORIENTED_EDGE ( 'NONE', *, *, #4324, .T. ) ;
#2461 = ORIENTED_EDGE ( 'NONE', *, *, #2634, .T. ) ;
#2462 = SURFACE_STYLE_USAGE ( .BOTH. , #1909 ) ;
#2463 = UNCERTAINTY_MEASURE_WITH_UNIT (LENGTH_MEASURE( 1.000000000000000082E-05 ), #43, 'distance_accuracy_value', 'NONE');
#2464 = LINE ( 'NONE', #2074, #5089 ) ;
#2465 = DIRECTION ( 'NONE',  ( -0.000000000000000000, -0.000000000000000000, -1.000000000000000000 ) ) ;
#2466 = LINE ( 'NONE', #69, #2450 ) ;
#2467 = VERTEX_POINT ( 'NONE', #272 ) ;
#2468 = ADVANCED_FACE ( 'NONE', ( #6733 ), #4237, .T. ) ;
#2469 = CARTESIAN_POINT ( 'NONE',  ( 2.798897958454353851, 0.1726945743169953640, 0.4474999999999995648 ) ) ;
#2470 = CARTESIAN_POINT ( 'NONE',  ( -2.319201962066644640, 0.6975000000000013411, -2.152500000000000302 ) ) ;
#2471 = ORIENTED_EDGE ( 'NONE', *, *, #6921, .T. ) ;
#2472 = DIRECTION ( 'NONE',  ( -0.9975640502598243087, -0.06975647374412488610, 0.000000000000000000 ) ) ;
#2473 = CARTESIAN_POINT ( 'NONE',  ( -2.319201962066644640, 0.5525000000000012124, -0.2025000000000004297 ) ) ;
#2474 = ORIENTED_EDGE ( 'NONE', *, *, #7560, .T. ) ;
#2475 = EDGE_CURVE ( 'NONE', #5871, #172, #1490, .T. ) ;
#2476 = ORIENTED_EDGE ( 'NONE', *, *, #4023, .F. ) ;
#2477 = CARTESIAN_POINT ( 'NONE',  ( -2.469350262772739502, 0.4372871566690347822, 2.397499999999999964 ) ) ;
#2478 = LINE ( 'NONE', #1183, #7744 ) ;
#2479 = CIRCLE ( 'NONE', #534, 0.1554449592500702360 ) ;
#2480 = ORIENTED_EDGE ( 'NONE', *, *, #3419, .T. ) ;
#2481 =( LENGTH_UNIT ( ) NAMED_UNIT ( * ) SI_UNIT ( .MILLI., .METRE. ) );
#2482 = ORIENTED_EDGE ( 'NONE', *, *, #1250, .F. ) ;
#2483 = ADVANCED_FACE ( 'NONE', ( #4250 ), #6679, .F. ) ;
#2484 = CARTESIAN_POINT ( 'NONE',  ( -1.600000000000001199, 1.100000000000000311, -1.899999999999995470 ) ) ;
#2485 = AXIS2_PLACEMENT_3D ( 'NONE', #5659, #1975, #4342 ) ;
#2486 = DIRECTION ( 'NONE',  ( -0.000000000000000000, -1.000000000000000000, -0.000000000000000000 ) ) ;
#2487 = ORIENTED_EDGE ( 'NONE', *, *, #6437, .F. ) ;
#2488 = CARTESIAN_POINT ( 'NONE',  ( -3.199999999999999734, 0.1446467872876750493, 0.8524999999999994804 ) ) ;
#2489 = ORIENTED_EDGE ( 'NONE', *, *, #1905, .F. ) ;
#2490 = EDGE_CURVE ( 'NONE', #5012, #671, #6758, .T. ) ;
#2491 = LINE ( 'NONE', #6276, #5119 ) ;
#2492 = EDGE_LOOP ( 'NONE', ( #7835, #2295, #5929, #6911 ) ) ;
#2493 = CARTESIAN_POINT ( 'NONE',  ( -2.200000000000000622, 0.6975000000000013411, -0.4475000000000003975 ) ) ;
#2494 = PLANE ( 'NONE',  #7105 ) ;
#2495 = CARTESIAN_POINT ( 'NONE',  ( 2.609409507584654175, 0.4748159182089002894, -0.2025000000000004297 ) ) ;
#2496 = VERTEX_POINT ( 'NONE', #4343 ) ;
#2497 = VECTOR ( 'NONE', #7285, 1000.000000000000000 ) ;
#2498 = DIRECTION ( 'NONE',  ( 0.9659258262890688673, 0.2588190451025186856, 0.000000000000000000 ) ) ;
#2499 = ORIENTED_EDGE ( 'NONE', *, *, #6702, .T. ) ;
#2500 = DIRECTION ( 'NONE',  ( -0.2588190451025209060, -0.9659258262890683122, 0.000000000000000000 ) ) ;
#2501 = EDGE_CURVE ( 'NONE', #7690, #5721, #4195, .T. ) ;
#2502 = AXIS2_PLACEMENT_3D ( 'NONE', #5613, #543, #2381 ) ;
#2503 = ORIENTED_EDGE ( 'NONE', *, *, #1561, .F. ) ;
#2504 = EDGE_CURVE ( 'NONE', #4270, #3157, #6870, .T. ) ;
#2505 = VECTOR ( 'NONE', #4596, 1000.000000000000000 ) ;
#2506 = CARTESIAN_POINT ( 'NONE',  ( -2.469350262772739057, 0.4372871566690347267, -1.502500000000000391 ) ) ;
#2507 = CYLINDRICAL_SURFACE ( 'NONE', #5555, 0.3004449592500699762 ) ;
#2508 = ORIENTED_EDGE ( 'NONE', *, *, #1896, .T. ) ;
#2509 = AXIS2_PLACEMENT_3D ( 'NONE', #4178, #5949, #5564 ) ;
#2510 = DIRECTION ( 'NONE',  ( 0.9975640502598243087, 0.06975647374412477508, -0.000000000000000000 ) ) ;
#2511 = DIRECTION ( 'NONE',  ( 1.000000000000000000, 0.000000000000000000, -0.000000000000000000 ) ) ;
#2512 = EDGE_CURVE ( 'NONE', #5640, #5797, #6883, .T. ) ;
#2513 = ORIENTED_EDGE ( 'NONE', *, *, #3511, .F. ) ;
#2514 = LINE ( 'NONE', #7869, #7776 ) ;
#2515 = CARTESIAN_POINT ( 'NONE',  ( 3.199999999999999734, 0.1446467872876750493, -0.8525000000000003686 ) ) ;
#2516 = DIRECTION ( 'NONE',  ( 0.2588190451025209060, -0.9659258262890683122, 0.000000000000000000 ) ) ;
#2517 = ORIENTED_EDGE ( 'NONE', *, *, #3975, .F. ) ;
#2518 = ORIENTED_EDGE ( 'NONE', *, *, #4955, .F. ) ;
#2519 = CARTESIAN_POINT ( 'NONE',  ( 3.199999999999999734, 0.1446467872876750493, -1.097500000000000364 ) ) ;
#2520 = ADVANCED_FACE ( 'NONE', ( #6800 ), #4780, .T. ) ;
#2521 = CIRCLE ( 'NONE', #6373, 0.3004449592500699762 ) ;
#2522 = CARTESIAN_POINT ( 'NONE',  ( -2.809741250672937785, 0.3277608774589687579, -1.097500000000000364 ) ) ;
#2523 = VECTOR ( 'NONE', #1915, 1000.000000000000000 ) ;
#2524 = VERTEX_POINT ( 'NONE', #538 ) ;
#2525 = DIRECTION ( 'NONE',  ( -0.2035585949527792815, -0.9576678948579724349, 0.2035585949527793370 ) ) ;
#2526 = DIRECTION ( 'NONE',  ( -0.9659258262890683122, -0.2588190451025209060, 0.000000000000000000 ) ) ;
#2527 = VERTEX_POINT ( 'NONE', #4238 ) ;
#2528 = CARTESIAN_POINT ( 'NONE',  ( -2.200000000000000622, 0.5525000000000013234, 2.152499999999999858 ) ) ;
#2529 = CARTESIAN_POINT ( 'NONE',  ( -2.200000000000000622, 0.6975000000000013411, 0.4474999999999995648 ) ) ;
#2530 = EDGE_CURVE ( 'NONE', #3461, #7013, #3986, .T. ) ;
#2531 = LINE ( 'NONE', #3544, #7751 ) ;
#2532 = VERTEX_POINT ( 'NONE', #420 ) ;
#2533 = VERTEX_POINT ( 'NONE', #6018 ) ;
#2534 = EDGE_CURVE ( 'NONE', #1016, #5062, #6667, .T. ) ;
#2535 = SURFACE_STYLE_FILL_AREA ( #3485 ) ;
#2536 = FACE_OUTER_BOUND ( 'NONE', #4012, .T. ) ;
#2537 = ORIENTED_EDGE ( 'NONE', *, *, #1008, .F. ) ;
#2538 = ADVANCED_FACE ( 'NONE', ( #4031 ), #6082, .T. ) ;
#2539 = CARTESIAN_POINT ( 'NONE',  ( -2.519533705154928249, 0.2499999999999996669, 2.397499999999999964 ) ) ;
#2540 = ORIENTED_EDGE ( 'NONE', *, *, #1619, .F. ) ;
#2541 = PLANE ( 'NONE',  #6211 ) ;
#2542 = FACE_OUTER_BOUND ( 'NONE', #6031, .T. ) ;
#2543 = DIRECTION ( 'NONE',  ( 0.9975640502598243087, -0.06975647374412488610, 0.000000000000000000 ) ) ;
#2544 = VERTEX_POINT ( 'NONE', #2378 ) ;
#2545 = DIRECTION ( 'NONE',  ( 0.000000000000000000, 0.000000000000000000, 1.000000000000000000 ) ) ;
#2546 = VERTEX_POINT ( 'NONE', #1886 ) ;
#2547 = DIRECTION ( 'NONE',  ( 1.000000000000000000, 0.000000000000000000, 0.000000000000000000 ) ) ;
#2548 = DIRECTION ( 'NONE',  ( 0.000000000000000000, -0.000000000000000000, -1.000000000000000000 ) ) ;
#2549 = COLOUR_RGB ( '',0.8000000000000000444, 0.8196078431372548767, 0.9333333333333333481 ) ;
#2550 = EDGE_CURVE ( 'NONE', #3382, #5, #6615, .T. ) ;
#2551 = ORIENTED_EDGE ( 'NONE', *, *, #670, .F. ) ;
#2552 = CARTESIAN_POINT ( 'NONE',  ( -2.609409507584654175, 0.4748159182089002894, 0.8524999999999994804 ) ) ;
#2553 = CARTESIAN_POINT ( 'NONE',  ( 2.519533705154928249, 0.2499999999999996669, 0.8524999999999994804 ) ) ;
#2554 = CARTESIAN_POINT ( 'NONE',  ( -2.319201962066644640, 0.3970550407499311429, -2.152500000000000302 ) ) ;
#2555 = AXIS2_PLACEMENT_3D ( 'NONE', #2632, #5590, #3926 ) ;
#2556 = ORIENTED_EDGE ( 'NONE', *, *, #2775, .F. ) ;
#2557 = VECTOR ( 'NONE', #5167, 1000.000000000000000 ) ;
#2558 = ADVANCED_FACE ( 'NONE', ( #6788 ), #4739, .F. ) ;
#2559 = DIRECTION ( 'NONE',  ( -0.000000000000000000, -1.000000000000000000, -0.000000000000000000 ) ) ;
#2560 = VERTEX_POINT ( 'NONE', #7873 ) ;
#2561 = DIRECTION ( 'NONE',  ( 1.000000000000000000, 9.095506094768336076E-16, -0.000000000000000000 ) ) ;
#2562 = ORIENTED_EDGE ( 'NONE', *, *, #3263, .T. ) ;
#2563 = ORIENTED_EDGE ( 'NONE', *, *, #2356, .T. ) ;
#2564 = EDGE_CURVE ( 'NONE', #7778, #5916, #4003, .T. ) ;
#2565 = DIRECTION ( 'NONE',  ( 0.000000000000000000, -1.000000000000000000, -0.000000000000000000 ) ) ;
#2566 = DIRECTION ( 'NONE',  ( 9.095506094768336076E-16, 1.000000000000000000, 0.000000000000000000 ) ) ;
#2567 = EDGE_LOOP ( 'NONE', ( #2907, #375, #5318, #5567, #5822, #2942, #665, #5156, #2968, #4890, #7569, #2455 ) ) ;
#2568 = FACE_OUTER_BOUND ( 'NONE', #188, .T. ) ;
#2569 = DIRECTION ( 'NONE',  ( 0.000000000000000000, 1.000000000000000000, 0.000000000000000000 ) ) ;
#2570 = ORIENTED_EDGE ( 'NONE', *, *, #1663, .F. ) ;
#2571 = ORIENTED_EDGE ( 'NONE', *, *, #6966, .F. ) ;
#2572 = CARTESIAN_POINT ( 'NONE',  ( 2.200000000000000622, 0.5525000000000013234, 1.502499999999999503 ) ) ;
#2573 = CARTESIAN_POINT ( 'NONE',  ( -2.200000000000000622, 0.6975000000000013411, -0.4475000000000003975 ) ) ;
#2574 = CARTESIAN_POINT ( 'NONE',  ( -2.798897958454353851, 0.1726945743169953640, 0.8524999999999994804 ) ) ;
#2575 = AXIS2_PLACEMENT_3D ( 'NONE', #2341, #4052, #494 ) ;
#2576 = ORIENTED_EDGE ( 'NONE', *, *, #2284, .T. ) ;
#2577 = DIRECTION ( 'NONE',  ( 1.000000000000000000, -9.095506094768336076E-16, 0.000000000000000000 ) ) ;
#2578 = EDGE_CURVE ( 'NONE', #6069, #2941, #1516, .T. ) ;
#2579 = EDGE_LOOP ( 'NONE', ( #3051, #2790, #5903, #3144, #6081, #3679, #5126, #6154, #2860, #3641, #5068, #5490 ) ) ;
#2580 = DIRECTION ( 'NONE',  ( 0.9975640502598243087, -0.06975647374412477508, 0.000000000000000000 ) ) ;
#2581 =( LENGTH_UNIT ( ) NAMED_UNIT ( * ) SI_UNIT ( .MILLI., .METRE. ) );
#2582 = LINE ( 'NONE', #7334, #5236 ) ;
#2583 = CARTESIAN_POINT ( 'NONE',  ( 2.319201962066644640, 0.5525000000000012124, -1.502500000000000391 ) ) ;
#2584 = EDGE_LOOP ( 'NONE', ( #2424, #6239, #1284, #431 ) ) ;
#2585 = VERTEX_POINT ( 'NONE', #3650 ) ;
#2586 = ADVANCED_FACE ( 'NONE', ( #4058 ), #1463, .F. ) ;
#2587 = ORIENTED_EDGE ( 'NONE', *, *, #2216, .F. ) ;
#2588 = AXIS2_PLACEMENT_3D ( 'NONE', #4921, #1890, #2438 ) ;
#2589 = APPLICATION_PROTOCOL_DEFINITION ( 'draft international standard', 'automotive_design', 1998, #3314 ) ;
#2590 = EDGE_LOOP ( 'NONE', ( #1196, #5966, #2168, #3799 ) ) ;
#2591 = EDGE_CURVE ( 'NONE', #5404, #4076, #4045, .T. ) ;
#2592 = CARTESIAN_POINT ( 'NONE',  ( -3.199999999999999734, 0.1446467872876750493, -0.8525000000000003686 ) ) ;
#2593 = LINE ( 'NONE', #6670, #2443 ) ;
#2594 = STYLED_ITEM ( 'NONE', ( #184 ), #5053 ) ;
#2595 = CARTESIAN_POINT ( 'NONE',  ( -2.200000000000001066, 0.6975000000000013411, -2.499999999999994227 ) ) ;
#2596 = CARTESIAN_POINT ( 'NONE',  ( -1.600000000000001199, 0.2928932188134524828, -1.899999999999995470 ) ) ;
#2597 = ORIENTED_EDGE ( 'NONE', *, *, #2997, .F. ) ;
#2598 = CARTESIAN_POINT ( 'NONE',  ( -2.200000000000000622, 0.5525000000000013234, -1.747500000000000275 ) ) ;
#2599 = ORIENTED_EDGE ( 'NONE', *, *, #4554, .T. ) ;
#2600 = DIRECTION ( 'NONE',  ( 0.000000000000000000, -0.000000000000000000, -1.000000000000000000 ) ) ;
#2601 = DIRECTION ( 'NONE',  ( 1.000000000000000000, 0.000000000000000000, 0.000000000000000000 ) ) ;
#2602 = CYLINDRICAL_SURFACE ( 'NONE', #1666, 0.3004449592500699762 ) ;
#2603 = VERTEX_POINT ( 'NONE', #3607 ) ;
#2604 = DIRECTION ( 'NONE',  ( 1.000000000000000000, 0.000000000000000000, 0.000000000000000000 ) ) ;
#2605 = ADVANCED_FACE ( 'NONE', ( #4144 ), #4826, .F. ) ;
#2606 = CARTESIAN_POINT ( 'NONE',  ( 3.199999999999999734, 0.1446467872876750493, -0.2025000000000004297 ) ) ;
#2607 = EDGE_CURVE ( 'NONE', #4231, #6131, #6694, .T. ) ;
#2608 = DIRECTION ( 'NONE',  ( -0.000000000000000000, -0.000000000000000000, -1.000000000000000000 ) ) ;
#2609 = ORIENTED_EDGE ( 'NONE', *, *, #1057, .F. ) ;
#2610 = EDGE_CURVE ( 'NONE', #3879, #7035, #4131, .T. ) ;
#2611 = CARTESIAN_POINT ( 'NONE',  ( -2.609409507584654175, 0.4748159182089002894, -0.8525000000000003686 ) ) ;
#2612 = AXIS2_PLACEMENT_3D ( 'NONE', #7738, #3025, #6743 ) ;
#2613 = ORIENTED_EDGE ( 'NONE', *, *, #1755, .F. ) ;
#2614 = DIRECTION ( 'NONE',  ( 0.000000000000000000, -0.000000000000000000, -1.000000000000000000 ) ) ;
#2615 = EDGE_CURVE ( 'NONE', #7003, #7628, #6747, .T. ) ;
#2616 = ORIENTED_EDGE ( 'NONE', *, *, #6417, .F. ) ;
#2617 = EDGE_CURVE ( 'NONE', #3287, #7778, #1435, .T. ) ;
#2618 = VERTEX_POINT ( 'NONE', #6430 ) ;
#2619 = DIRECTION ( 'NONE',  ( 1.000000000000000000, 9.095506094768336076E-16, -0.000000000000000000 ) ) ;
#2620 = PLANE ( 'NONE',  #1654 ) ;
#2621 = ORIENTED_EDGE ( 'NONE', *, *, #5174, .F. ) ;
#2622 = VECTOR ( 'NONE', #4776, 1000.000000000000000 ) ;
#2623 = CARTESIAN_POINT ( 'NONE',  ( -2.609409507584654175, 0.4748159182089002894, -1.097500000000000364 ) ) ;
#2624 = ORIENTED_EDGE ( 'NONE', *, *, #4306, .F. ) ;
#2625 = VERTEX_POINT ( 'NONE', #6987 ) ;
#2626 = LINE ( 'NONE', #5114, #5280 ) ;
#2627 = CARTESIAN_POINT ( 'NONE',  ( -3.189885311307101734, 6.428775942946129489E-16, 1.097499999999999476 ) ) ;
#2628 = EDGE_CURVE ( 'NONE', #5390, #2990, #6705, .T. ) ;
#2629 = ORIENTED_EDGE ( 'NONE', *, *, #1742, .T. ) ;
#2630 = DIRECTION ( 'NONE',  ( -0.000000000000000000, -0.000000000000000000, -1.000000000000000000 ) ) ;
#2631 = ORIENTED_EDGE ( 'NONE', *, *, #970, .F. ) ;
#2632 = CARTESIAN_POINT ( 'NONE',  ( -2.809741250672937785, 0.3277608774589687579, -0.8525000000000003686 ) ) ;
#2633 = CARTESIAN_POINT ( 'NONE',  ( -2.200000000000000622, 0.6975000000000013411, -0.4475000000000003975 ) ) ;
#2634 = EDGE_CURVE ( 'NONE', #7253, #6511, #6718, .T. ) ;
#2635 = CARTESIAN_POINT ( 'NONE',  ( -3.189885311307101734, 6.428775942946129489E-16, 2.397499999999999964 ) ) ;
#2636 = ORIENTED_EDGE ( 'NONE', *, *, #7277, .T. ) ;
#2637 = FACE_OUTER_BOUND ( 'NONE', #5180, .T. ) ;
#2638 = VERTEX_POINT ( 'NONE', #7533 ) ;
#2639 = DIRECTION ( 'NONE',  ( 0.9659258262890683122, -0.2588190451025209060, 0.000000000000000000 ) ) ;
#2640 = VERTEX_POINT ( 'NONE', #6369 ) ;
#2641 = AXIS2_PLACEMENT_3D ( 'NONE', #7142, #463, #2237 ) ;
#2642 = VECTOR ( 'NONE', #4595, 1000.000000000000000 ) ;
#2643 = DIRECTION ( 'NONE',  ( 0.000000000000000000, 1.000000000000000000, 0.000000000000000000 ) ) ;
#2644 = ADVANCED_FACE ( 'NONE', ( #1528 ), #4496, .T. ) ;
#2645 = EDGE_CURVE ( 'NONE', #3116, #2941, #6959, .T. ) ;
#2646 = DIRECTION ( 'NONE',  ( -1.000000000000000000, 0.000000000000000000, 0.000000000000000000 ) ) ;
#2647 = ORIENTED_EDGE ( 'NONE', *, *, #6761, .T. ) ;
#2648 = CARTESIAN_POINT ( 'NONE',  ( 2.200000000000000622, 0.5525000000000013234, -1.502500000000000391 ) ) ;
#2649 = CARTESIAN_POINT ( 'NONE',  ( -3.189885311307101734, 6.428775942946129489E-16, 1.097499999999999476 ) ) ;
#2650 = ORIENTED_EDGE ( 'NONE', *, *, #3597, .T. ) ;
#2651 = ADVANCED_FACE ( 'NONE', ( #7137 ), #134, .F. ) ;
#2652 = VECTOR ( 'NONE', #6623, 1000.000000000000000 ) ;
#2653 = ORIENTED_EDGE ( 'NONE', *, *, #7555, .F. ) ;
#2654 = DIRECTION ( 'NONE',  ( 0.000000000000000000, -0.000000000000000000, -1.000000000000000000 ) ) ;
#2655 = VECTOR ( 'NONE', #7175, 1000.000000000000000 ) ;
#2656 = CARTESIAN_POINT ( 'NONE',  ( -2.200000000000000622, 0.5525000000000013234, -0.8525000000000003686 ) ) ;
#2657 = VERTEX_POINT ( 'NONE', #237 ) ;
#2658 = EDGE_LOOP ( 'NONE', ( #1620, #7438, #3240, #6337 ) ) ;
#2659 = CARTESIAN_POINT ( 'NONE',  ( 2.469350262772739057, 0.4372871566690347267, -1.747500000000000275 ) ) ;
#2660 = EDGE_CURVE ( 'NONE', #3020, #6534, #4386, .T. ) ;
#2661 = AXIS2_PLACEMENT_3D ( 'NONE', #2221, #6596, #4154 ) ;
#2662 = PRESENTATION_STYLE_ASSIGNMENT (( #6775 ) ) ;
#2663 = DIRECTION ( 'NONE',  ( -9.095506094768336076E-16, 1.000000000000000000, 0.000000000000000000 ) ) ;
#2664 = ORIENTED_EDGE ( 'NONE', *, *, #17, .F. ) ;
#2665 = ADVANCED_FACE ( 'NONE', ( #4472 ), #4969, .F. ) ;
#2666 = LINE ( 'NONE', #1104, #2655 ) ;
#2667 = CARTESIAN_POINT ( 'NONE',  ( 2.200000000000000622, 0.5525000000000013234, 1.747499999999999387 ) ) ;
#2668 = AXIS2_PLACEMENT_3D ( 'NONE', #1070, #2811, #7720 ) ;
#2669 = EDGE_LOOP ( 'NONE', ( #179, #5889, #6322, #1524 ) ) ;
#2670 = ORIENTED_EDGE ( 'NONE', *, *, #1270, .F. ) ;
#2671 = DIRECTION ( 'NONE',  ( -0.06975647374412523305, -0.9975640502598241977, 0.000000000000000000 ) ) ;
#2672 = VECTOR ( 'NONE', #7563, 1000.000000000000000 ) ;
#2673 = CARTESIAN_POINT ( 'NONE',  ( -3.199999999999999734, 0.1446467872876750493, -1.502500000000000391 ) ) ;
#2674 = DIRECTION ( 'NONE',  ( -1.000000000000000000, 0.000000000000000000, 0.000000000000000000 ) ) ;
#2675 = DIRECTION ( 'NONE',  ( 1.000000000000000000, 0.000000000000000000, 0.000000000000000000 ) ) ;
#2676 = CIRCLE ( 'NONE', #2809, 0.1554449592500702360 ) ;
#2677 = DIRECTION ( 'NONE',  ( -0.000000000000000000, -0.000000000000000000, -1.000000000000000000 ) ) ;
#2678 = DIRECTION ( 'NONE',  ( -0.000000000000000000, -0.000000000000000000, -1.000000000000000000 ) ) ;
#2679 = EDGE_LOOP ( 'NONE', ( #6285, #7724, #5559, #5816 ) ) ;
#2680 = AXIS2_PLACEMENT_3D ( 'NONE', #2484, #2643, #4381 ) ;
#2681 = EDGE_CURVE ( 'NONE', #6511, #7769, #4407, .T. ) ;
#2682 = AXIS2_PLACEMENT_3D ( 'NONE', #472, #5610, #6311 ) ;
#2683 =( NAMED_UNIT ( * ) SI_UNIT ( $, .STERADIAN. ) SOLID_ANGLE_UNIT ( ) );
#2684 = VECTOR ( 'NONE', #4764, 1000.000000000000000 ) ;
#2685 = CARTESIAN_POINT ( 'NONE',  ( 2.609409507584654175, 0.4748159182089002894, -0.4475000000000003975 ) ) ;
#2686 = DIRECTION ( 'NONE',  ( -0.000000000000000000, -0.000000000000000000, -1.000000000000000000 ) ) ;
#2687 = DIRECTION ( 'NONE',  ( -0.2588190451025186856, -0.9659258262890688673, 0.000000000000000000 ) ) ;
#2688 = DIRECTION ( 'NONE',  ( 1.000000000000000000, -0.000000000000000000, 2.891205793294678326E-16 ) ) ;
#2689 = ORIENTED_EDGE ( 'NONE', *, *, #5054, .T. ) ;
#2690 = CARTESIAN_POINT ( 'NONE',  ( -2.809741250672937785, 0.3277608774589687579, -1.502500000000000391 ) ) ;
#2691 = DIRECTION ( 'NONE',  ( -0.000000000000000000, -0.000000000000000000, -1.000000000000000000 ) ) ;
#2692 = ORIENTED_EDGE ( 'NONE', *, *, #4002, .F. ) ;
#2693 = CARTESIAN_POINT ( 'NONE',  ( -2.659592949966843367, 0.2875287615398652852, -2.152500000000000302 ) ) ;
#2694 = EDGE_CURVE ( 'NONE', #3015, #632, #4316, .T. ) ;
#2695 = AXIS2_PLACEMENT_3D ( 'NONE', #3689, #6765, #7326 ) ;
#2696 = LINE ( 'NONE', #1832, #7729 ) ;
#2697 = EDGE_CURVE ( 'NONE', #7588, #5804, #4464, .T. ) ;
#2698 = DIRECTION ( 'NONE',  ( 0.000000000000000000, -0.000000000000000000, -1.000000000000000000 ) ) ;
#2699 = CARTESIAN_POINT ( 'NONE',  ( -2.469350262772739057, 0.4372871566690347267, -2.397500000000000409 ) ) ;
#2700 = EDGE_CURVE ( 'NONE', #7313, #728, #7111, .T. ) ;
#2701 = DIRECTION ( 'NONE',  ( 1.000000000000000000, 9.095506094768336076E-16, -0.000000000000000000 ) ) ;
#2702 = VERTEX_POINT ( 'NONE', #3254 ) ;
#2703 = FILL_AREA_STYLE ('',( #4159 ) ) ;
#2704 = LINE ( 'NONE', #2734, #2729 ) ;
#2705 = VERTEX_POINT ( 'NONE', #3992 ) ;
#2706 = ADVANCED_FACE ( 'NONE', ( #4290 ), #809, .T. ) ;
#2707 = SURFACE_STYLE_FILL_AREA ( #5355 ) ;
#2708 = FILL_AREA_STYLE_COLOUR ( '', #1913 ) ;
#2709 = DIRECTION ( 'NONE',  ( 1.000000000000000000, 0.000000000000000000, 0.000000000000000000 ) ) ;
#2710 = VECTOR ( 'NONE', #3213, 1000.000000000000227 ) ;
#2711 = AXIS2_PLACEMENT_3D ( 'NONE', #7445, #5671, #2743 ) ;
#2712 = CARTESIAN_POINT ( 'NONE',  ( -2.809741250672937785, 0.3277608774589687579, 1.097499999999999476 ) ) ;
#2713 = EDGE_CURVE ( 'NONE', #4867, #5335, #4327, .T. ) ;
#2714 = ORIENTED_EDGE ( 'NONE', *, *, #6834, .F. ) ;
#2715 = VECTOR ( 'NONE', #1313, 1000.000000000000000 ) ;
#2716 = AXIS2_PLACEMENT_3D ( 'NONE', #6555, #7133, #403 ) ;
#2717 = DIRECTION ( 'NONE',  ( 0.000000000000000000, 0.000000000000000000, 1.000000000000000000 ) ) ;
#2718 = PRESENTATION_STYLE_ASSIGNMENT (( #2179 ) ) ;
#2719 = CARTESIAN_POINT ( 'NONE',  ( -2.200000000000000622, 0.5525000000000013234, 2.500000000000001332 ) ) ;
#2720 = ADVANCED_FACE ( 'NONE', ( #1879 ), #7038, .T. ) ;
#2721 = CARTESIAN_POINT ( 'NONE',  ( 2.788783269761455852, 0.02804778702932084894, 2.397499999999999964 ) ) ;
#2722 = CARTESIAN_POINT ( 'NONE',  ( 2.319201962066644640, 0.3970550407499311429, -2.152500000000000302 ) ) ;
#2723 = LINE ( 'NONE', #2890, #2684 ) ;
#2724 = AXIS2_PLACEMENT_3D ( 'NONE', #5150, #6999, #5202 ) ;
#2725 = CARTESIAN_POINT ( 'NONE',  ( 2.788783269761455852, 0.02804778702932090445, 1.747499999999999387 ) ) ;
#2726 = PLANE ( 'NONE',  #1251 ) ;
#2727 = DIRECTION ( 'NONE',  ( -0.000000000000000000, -0.000000000000000000, -1.000000000000000000 ) ) ;
#2728 = VERTEX_POINT ( 'NONE', #7581 ) ;
#2729 = VECTOR ( 'NONE', #7028, 1000.000000000000000 ) ;
#2730 = CARTESIAN_POINT ( 'NONE',  ( 3.189885311307101734, 6.428775942946129489E-16, 2.152499999999999858 ) ) ;
#2731 = ORIENTED_EDGE ( 'NONE', *, *, #2236, .T. ) ;
#2732 = EDGE_CURVE ( 'NONE', #2957, #1500, #4304, .T. ) ;
#2733 = SURFACE_SIDE_STYLE ('',( #3736 ) ) ;
#2734 = CARTESIAN_POINT ( 'NONE',  ( 3.189885311307101734, 6.428775942946129489E-16, -1.502500000000000391 ) ) ;
#2735 = DIRECTION ( 'NONE',  ( 1.000000000000000000, 0.000000000000000000, 0.000000000000000000 ) ) ;
#2736 = ORIENTED_EDGE ( 'NONE', *, *, #4466, .T. ) ;
#2737 = DIRECTION ( 'NONE',  ( 0.000000000000000000, 0.000000000000000000, 1.000000000000000000 ) ) ;
#2738 = DIRECTION ( 'NONE',  ( 1.000000000000000000, 0.000000000000000000, 0.000000000000000000 ) ) ;
#2739 = FACE_OUTER_BOUND ( 'NONE', #554, .T. ) ;
#2740 = ORIENTED_EDGE ( 'NONE', *, *, #4201, .F. ) ;
#2741 = VECTOR ( 'NONE', #2709, 1000.000000000000000 ) ;
#2742 = DIRECTION ( 'NONE',  ( -0.000000000000000000, -0.000000000000000000, -1.000000000000000000 ) ) ;
#2743 = DIRECTION ( 'NONE',  ( 1.000000000000000000, 0.000000000000000000, 0.000000000000000000 ) ) ;
#2744 = ORIENTED_EDGE ( 'NONE', *, *, #5412, .F. ) ;
#2745 = PLANE ( 'NONE',  #6303 ) ;
#2746 = SURFACE_STYLE_FILL_AREA ( #5072 ) ;
#2747 = CARTESIAN_POINT ( 'NONE',  ( -2.319201962066644640, 0.5525000000000012124, -2.397500000000000409 ) ) ;
#2748 = CARTESIAN_POINT ( 'NONE',  ( -3.199999999999999734, 0.1446467872876750493, -0.8525000000000003686 ) ) ;
#2749 = ORIENTED_EDGE ( 'NONE', *, *, #2192, .F. ) ;
#2750 = AXIS2_PLACEMENT_3D ( 'NONE', #7570, #2330, #1074 ) ;
#2751 = VECTOR ( 'NONE', #645, 1000.000000000000000 ) ;
#2752 = EDGE_CURVE ( 'NONE', #5040, #5899, #7060, .T. ) ;
#2753 = CARTESIAN_POINT ( 'NONE',  ( 2.469350262772739502, 0.4372871566690347822, 0.8524999999999994804 ) ) ;
#2754 = EDGE_LOOP ( 'NONE', ( #6901, #5237, #545, #3197 ) ) ;
#2755 = DIRECTION ( 'NONE',  ( -0.000000000000000000, 0.000000000000000000, 1.000000000000000000 ) ) ;
#2756 = ORIENTED_EDGE ( 'NONE', *, *, #5729, .T. ) ;
#2757 = DIRECTION ( 'NONE',  ( -0.2588190451025186856, 0.9659258262890688673, 0.000000000000000000 ) ) ;
#2758 = CYLINDRICAL_SURFACE ( 'NONE', #4330, 0.3004449592500699762 ) ;
#2759 = STYLED_ITEM ( 'NONE', ( #4526 ), #3185 ) ;
#2760 = CARTESIAN_POINT ( 'NONE',  ( 2.809741250672937785, 0.3277608774589687579, -2.152500000000000302 ) ) ;
#2761 = DIRECTION ( 'NONE',  ( 0.000000000000000000, -1.000000000000000000, 0.000000000000000000 ) ) ;
#2762 = EDGE_CURVE ( 'NONE', #311, #381, #1819, .T. ) ;
#2763 = DIRECTION ( 'NONE',  ( -0.000000000000000000, -0.000000000000000000, -1.000000000000000000 ) ) ;
#2764 = DIRECTION ( 'NONE',  ( -1.000000000000000000, 0.000000000000000000, 0.000000000000000000 ) ) ;
#2765 = AXIS2_PLACEMENT_3D ( 'NONE', #6989, #3994, #5286 ) ;
#2766 = ORIENTED_EDGE ( 'NONE', *, *, #3805, .T. ) ;
#2767 = COLOUR_RGB ( '',0.8000000000000000444, 0.8196078431372548767, 0.9333333333333333481 ) ;
#2768 = EDGE_CURVE ( 'NONE', #743, #4914, #7081, .T. ) ;
#2769 = FACE_OUTER_BOUND ( 'NONE', #4535, .T. ) ;
#2770 = ORIENTED_EDGE ( 'NONE', *, *, #2617, .T. ) ;
#2771 = ADVANCED_FACE ( 'NONE', ( #1731 ), #7839, .T. ) ;
#2772 = LINE ( 'NONE', #4949, #5391 ) ;
#2773 = DIRECTION ( 'NONE',  ( -0.9975640502598243087, 0.06975647374412523305, 0.000000000000000000 ) ) ;
#2774 = DIRECTION ( 'NONE',  ( -0.000000000000000000, -0.000000000000000000, -1.000000000000000000 ) ) ;
#2775 = EDGE_CURVE ( 'NONE', #248, #4812, #6933, .T. ) ;
#2776 = CARTESIAN_POINT ( 'NONE',  ( 2.519533705154928249, 0.2499999999999996669, -0.2025000000000004297 ) ) ;
#2777 = ORIENTED_EDGE ( 'NONE', *, *, #7228, .F. ) ;
#2778 = CARTESIAN_POINT ( 'NONE',  ( 2.788783269761455852, 0.02804778702932084894, -0.2025000000000004297 ) ) ;
#2779 = AXIS2_PLACEMENT_3D ( 'NONE', #6425, #1525, #1576 ) ;
#2780 =( NAMED_UNIT ( * ) PLANE_ANGLE_UNIT ( ) SI_UNIT ( $, .RADIAN. ) );
#2781 = DIRECTION ( 'NONE',  ( 0.000000000000000000, 0.000000000000000000, 1.000000000000000000 ) ) ;
#2782 = DIRECTION ( 'NONE',  ( -0.9975640502598243087, -0.06975647374412477508, 0.000000000000000000 ) ) ;
#2783 = EDGE_CURVE ( 'NONE', #745, #1850, #6900, .T. ) ;
#2784 = ORIENTED_EDGE ( 'NONE', *, *, #2356, .F. ) ;
#2785 = ORIENTED_EDGE ( 'NONE', *, *, #7182, .T. ) ;
#2786 = CARTESIAN_POINT ( 'NONE',  ( -3.189885311307101734, 6.428775942946129489E-16, -0.2025000000000004297 ) ) ;
#2787 = CARTESIAN_POINT ( 'NONE',  ( 2.469350262772739502, 0.4372871566690347822, -0.2025000000000004297 ) ) ;
#2788 = EDGE_CURVE ( 'NONE', #5945, #419, #1839, .T. ) ;
#2789 = DIRECTION ( 'NONE',  ( -1.000000000000000000, 0.000000000000000000, 0.000000000000000000 ) ) ;
#2790 = ORIENTED_EDGE ( 'NONE', *, *, #7718, .T. ) ;
#2791 = DIRECTION ( 'NONE',  ( 0.000000000000000000, 0.000000000000000000, 1.000000000000000000 ) ) ;
#2792 = VECTOR ( 'NONE', #3190, 1000.000000000000000 ) ;
#2793 = LINE ( 'NONE', #6209, #225 ) ;
#2794 = DIRECTION ( 'NONE',  ( -0.06975647374412477508, 0.9975640502598243087, 0.000000000000000000 ) ) ;
#2795 = CARTESIAN_POINT ( 'NONE',  ( 2.609409507584654175, 0.4748159182089002894, -1.747500000000000275 ) ) ;
#2796 = VERTEX_POINT ( 'NONE', #7163 ) ;
#2797 = EDGE_LOOP ( 'NONE', ( #3582, #860, #6336, #5517 ) ) ;
#2798 = EDGE_CURVE ( 'NONE', #2903, #1665, #4341, .T. ) ;
#2799 = CARTESIAN_POINT ( 'NONE',  ( -2.200000000000000622, 0.6975000000000013411, -1.747500000000000275 ) ) ;
#2800 = VERTEX_POINT ( 'NONE', #6590 ) ;
#2801 = VECTOR ( 'NONE', #6479, 1000.000000000000000 ) ;
#2802 = AXIS2_PLACEMENT_3D ( 'NONE', #4868, #1240, #593 ) ;
#2803 = SURFACE_STYLE_FILL_AREA ( #4833 ) ;
#2804 = CARTESIAN_POINT ( 'NONE',  ( 2.798897958454353851, 0.1726945743169953640, 1.747499999999999387 ) ) ;
#2805 = ORIENTED_EDGE ( 'NONE', *, *, #2070, .F. ) ;
#2806 = CARTESIAN_POINT ( 'NONE',  ( -2.798897958454353851, 0.1726945743169953640, 0.4474999999999995648 ) ) ;
#2807 = VERTEX_POINT ( 'NONE', #4751 ) ;
#2808 = CARTESIAN_POINT ( 'NONE',  ( -2.319201962066644640, 0.5525000000000012124, 1.747499999999999387 ) ) ;
#2809 = AXIS2_PLACEMENT_3D ( 'NONE', #3963, #356, #5096 ) ;
#2810 = DIRECTION ( 'NONE',  ( 1.000000000000000000, 0.000000000000000000, 0.000000000000000000 ) ) ;
#2811 = DIRECTION ( 'NONE',  ( -1.928199552231047327E-16, -0.2079116908177597867, -0.9781476007338055778 ) ) ;
#2812 = SURFACE_SIDE_STYLE ('',( #1158 ) ) ;
#2813 = VERTEX_POINT ( 'NONE', #4253 ) ;
#2814 = EDGE_CURVE ( 'NONE', #2375, #839, #7014, .T. ) ;
#2815 = PLANE ( 'NONE',  #6728 ) ;
#2816 = ADVANCED_FACE ( 'NONE', ( #6969 ), #6034, .T. ) ;
#2817 = ORIENTED_EDGE ( 'NONE', *, *, #5281, .F. ) ;
#2818 = EDGE_LOOP ( 'NONE', ( #2915, #312, #7428, #2995 ) ) ;
#2819 = CARTESIAN_POINT ( 'NONE',  ( -2.200000000000000622, 0.6975000000000013411, 2.152499999999999858 ) ) ;
#2820 = PLANE ( 'NONE',  #5416 ) ;
#2821 = ORIENTED_EDGE ( 'NONE', *, *, #600, .T. ) ;
#2822 = CARTESIAN_POINT ( 'NONE',  ( 2.659592949966843367, 0.2875287615398652852, -2.397500000000000409 ) ) ;
#2823 = FILL_AREA_STYLE_COLOUR ( '', #4399 ) ;
#2824 = EDGE_CURVE ( 'NONE', #2560, #6774, #1722, .T. ) ;
#2825 = DIRECTION ( 'NONE',  ( 0.9659258262890688673, 0.2588190451025186856, 0.000000000000000000 ) ) ;
#2826 = VERTEX_POINT ( 'NONE', #6691 ) ;
#2827 = ORIENTED_EDGE ( 'NONE', *, *, #4101, .F. ) ;
#2828 = ADVANCED_FACE ( 'NONE', ( #1743 ), #4667, .F. ) ;
#2829 = ORIENTED_EDGE ( 'NONE', *, *, #5522, .T. ) ;
#2830 = CARTESIAN_POINT ( 'NONE',  ( 2.809741250672937785, 0.3277608774589687579, -0.8525000000000003686 ) ) ;
#2831 = DIRECTION ( 'NONE',  ( -1.000000000000000000, 0.000000000000000000, 0.000000000000000000 ) ) ;
#2832 = ORIENTED_EDGE ( 'NONE', *, *, #4609, .T. ) ;
#2833 =( NAMED_UNIT ( * ) PLANE_ANGLE_UNIT ( ) SI_UNIT ( $, .RADIAN. ) );
#2834 = AXIS2_PLACEMENT_3D ( 'NONE', #5698, #6974, #2061 ) ;
#2835 = LINE ( 'NONE', #1629, #293 ) ;
#2836 = CIRCLE ( 'NONE', #302, 0.3004449592500699762 ) ;
#2837 = EDGE_CURVE ( 'NONE', #728, #3235, #1774, .T. ) ;
#2838 = DIRECTION ( 'NONE',  ( 1.000000000000000000, 0.000000000000000000, -0.000000000000000000 ) ) ;
#2839 = ORIENTED_EDGE ( 'NONE', *, *, #6378, .T. ) ;
#2840 = AXIS2_PLACEMENT_3D ( 'NONE', #4844, #701, #5423 ) ;
#2841 = ORIENTED_EDGE ( 'NONE', *, *, #6566, .T. ) ;
#2842 = ORIENTED_EDGE ( 'NONE', *, *, #5102, .F. ) ;
#2843 = DIRECTION ( 'NONE',  ( -0.2588190451025186856, 0.9659258262890688673, 0.000000000000000000 ) ) ;
#2844 = ORIENTED_EDGE ( 'NONE', *, *, #4979, .F. ) ;
#2845 = LINE ( 'NONE', #7574, #5519 ) ;
#2846 = EDGE_CURVE ( 'NONE', #395, #5178, #4274, .T. ) ;
#2847 = FACE_OUTER_BOUND ( 'NONE', #338, .T. ) ;
#2848 = CARTESIAN_POINT ( 'NONE',  ( 2.659592949966843367, 0.2875287615398652852, 1.747499999999999387 ) ) ;
#2849 = EDGE_CURVE ( 'NONE', #1598, #6427, #1810, .T. ) ;
#2850 = ORIENTED_EDGE ( 'NONE', *, *, #780, .F. ) ;
#2851 = DIRECTION ( 'NONE',  ( -0.2588190451025209060, -0.9659258262890683122, 0.000000000000000000 ) ) ;
#2852 = ORIENTED_EDGE ( 'NONE', *, *, #649, .T. ) ;
#2853 = AXIS2_PLACEMENT_3D ( 'NONE', #2235, #7278, #4635 ) ;
#2854 = CARTESIAN_POINT ( 'NONE',  ( -2.200000000000000622, 0.6975000000000013411, -0.2025000000000004297 ) ) ;
#2855 = ORIENTED_EDGE ( 'NONE', *, *, #7632, .F. ) ;
#2856 = ORIENTED_EDGE ( 'NONE', *, *, #556, .F. ) ;
#2857 = CARTESIAN_POINT ( 'NONE',  ( -2.200000000000000622, 0.5525000000000013234, -2.152500000000000302 ) ) ;
#2858 = CARTESIAN_POINT ( 'NONE',  ( 2.519533705154928249, 0.2499999999999996669, -1.502500000000000391 ) ) ;
#2859 = EDGE_CURVE ( 'NONE', #1426, #3094, #1689, .T. ) ;
#2860 = ORIENTED_EDGE ( 'NONE', *, *, #6437, .T. ) ;
#2861 = DIRECTION ( 'NONE',  ( -0.000000000000000000, -0.000000000000000000, -1.000000000000000000 ) ) ;
#2862 = VECTOR ( 'NONE', #7536, 1000.000000000000000 ) ;
#2863 = ORIENTED_EDGE ( 'NONE', *, *, #6465, .F. ) ;
#2864 = VERTEX_POINT ( 'NONE', #5189 ) ;
#2865 = EDGE_LOOP ( 'NONE', ( #1548, #4234, #4142, #1361 ) ) ;
#2866 = CARTESIAN_POINT ( 'NONE',  ( 2.469350262772739502, 0.4372871566690347822, 1.747499999999999387 ) ) ;
#2867 = VERTEX_POINT ( 'NONE', #3618 ) ;
#2868 = ADVANCED_FACE ( 'NONE', ( #4420 ), #4794, .F. ) ;
#2869 = EDGE_CURVE ( 'NONE', #7868, #3935, #4360, .T. ) ;
#2870 = ORIENTED_EDGE ( 'NONE', *, *, #6273, .F. ) ;
#2871 = CYLINDRICAL_SURFACE ( 'NONE', #99, 0.3004449592500699762 ) ;
#2872 = CARTESIAN_POINT ( 'NONE',  ( 2.200000000000000622, 0.5525000000000013234, -0.4475000000000003975 ) ) ;
#2873 = DIRECTION ( 'NONE',  ( 8.673617379884042868E-17, 0.000000000000000000, 1.000000000000000000 ) ) ;
#2874 = ORIENTED_EDGE ( 'NONE', *, *, #2176, .F. ) ;
#2875 = EDGE_CURVE ( 'NONE', #2807, #6047, #6981, .T. ) ;
#2876 = ORIENTED_EDGE ( 'NONE', *, *, #7301, .F. ) ;
#2877 = ORIENTED_EDGE ( 'NONE', *, *, #1794, .T. ) ;
#2878 = DIRECTION ( 'NONE',  ( -0.000000000000000000, -0.000000000000000000, -1.000000000000000000 ) ) ;
#2879 = CARTESIAN_POINT ( 'NONE',  ( 2.200000000000000622, 0.6975000000000013411, 2.152499999999999858 ) ) ;
#2880 = ORIENTED_EDGE ( 'NONE', *, *, #489, .F. ) ;
#2881 = MANIFOLD_SOLID_BREP ( 'LPattern1[5]', #7754 ) ;
#2882 = CARTESIAN_POINT ( 'NONE',  ( -2.319201962066644640, 0.3970550407499311429, -0.2025000000000004297 ) ) ;
#2883 = DIRECTION ( 'NONE',  ( -0.000000000000000000, -0.000000000000000000, -1.000000000000000000 ) ) ;
#2884 = ORIENTED_EDGE ( 'NONE', *, *, #3027, .T. ) ;
#2885 = CARTESIAN_POINT ( 'NONE',  ( -2.609409507584654175, 0.4748159182089002894, -1.502500000000000391 ) ) ;
#2886 = FACE_OUTER_BOUND ( 'NONE', #7476, .T. ) ;
#2887 = CYLINDRICAL_SURFACE ( 'NONE', #6937, 0.1554449592500702360 ) ;
#2888 = DIRECTION ( 'NONE',  ( -1.000000000000000000, 0.000000000000000000, 0.000000000000000000 ) ) ;
#2889 = CARTESIAN_POINT ( 'NONE',  ( 2.200000000000000622, 0.5525000000000013234, 1.097499999999999476 ) ) ;
#2890 = CARTESIAN_POINT ( 'NONE',  ( 2.788783269761455852, 0.02804778702932090445, -2.152500000000000302 ) ) ;
#2891 = AXIS2_PLACEMENT_3D ( 'NONE', #6518, #2901, #4688 ) ;
#2892 = ORIENTED_EDGE ( 'NONE', *, *, #3501, .F. ) ;
#2893 = ORIENTED_EDGE ( 'NONE', *, *, #2490, .T. ) ;
#2894 = ADVANCED_FACE ( 'NONE', ( #7376 ), #4887, .F. ) ;
#2895 = ORIENTED_EDGE ( 'NONE', *, *, #205, .F. ) ;
#2896 = VERTEX_POINT ( 'NONE', #3663 ) ;
#2897 = AXIS2_PLACEMENT_3D ( 'NONE', #4350, #1488, #759 ) ;
#2898 = ORIENTED_EDGE ( 'NONE', *, *, #6275, .T. ) ;
#2899 = LINE ( 'NONE', #2595, #5532 ) ;
#2900 = VECTOR ( 'NONE', #684, 1000.000000000000000 ) ;
#2901 = DIRECTION ( 'NONE',  ( 0.000000000000000000, 0.000000000000000000, 1.000000000000000000 ) ) ;
#2902 = DIRECTION ( 'NONE',  ( 1.000000000000000000, 0.000000000000000000, -0.000000000000000000 ) ) ;
#2903 = VERTEX_POINT ( 'NONE', #2391 ) ;
#2904 = ORIENTED_EDGE ( 'NONE', *, *, #7040, .T. ) ;
#2905 = ORIENTED_EDGE ( 'NONE', *, *, #133, .F. ) ;
#2906 = EDGE_CURVE ( 'NONE', #4657, #5876, #1902, .T. ) ;
#2907 = ORIENTED_EDGE ( 'NONE', *, *, #122, .F. ) ;
#2908 = DIRECTION ( 'NONE',  ( -0.9975640502598243087, -0.06975647374412488610, 0.000000000000000000 ) ) ;
#2909 = PLANE ( 'NONE',  #7187 ) ;
#2910 = CARTESIAN_POINT ( 'NONE',  ( 2.809741250672937785, 0.3277608774589687579, 1.502499999999999503 ) ) ;
#2911 = ORIENTED_EDGE ( 'NONE', *, *, #4885, .F. ) ;
#2912 = FACE_OUTER_BOUND ( 'NONE', #5479, .T. ) ;
#2914 = ORIENTED_EDGE ( 'NONE', *, *, #2732, .T. ) ;
#2913 = UNCERTAINTY_MEASURE_WITH_UNIT (LENGTH_MEASURE( 1.000000000000000082E-05 ), #1846, 'distance_accuracy_value', 'NONE');
#2915 = ORIENTED_EDGE ( 'NONE', *, *, #1737, .T. ) ;
#2916 = AXIS2_PLACEMENT_3D ( 'NONE', #1817, #1860, #2737 ) ;
#2917 = ORIENTED_EDGE ( 'NONE', *, *, #2426, .T. ) ;
#2918 = DIRECTION ( 'NONE',  ( 0.000000000000000000, -0.000000000000000000, -1.000000000000000000 ) ) ;
#2919 = VERTEX_POINT ( 'NONE', #6097 ) ;
#2920 = DIRECTION ( 'NONE',  ( 0.06975647374412488610, -0.9975640502598243087, 0.000000000000000000 ) ) ;
#2921 = VERTEX_POINT ( 'NONE', #6741 ) ;
#2922 = CARTESIAN_POINT ( 'NONE',  ( -2.200000000000000622, 0.6975000000000013411, -0.8525000000000003686 ) ) ;
#2923 = CARTESIAN_POINT ( 'NONE',  ( -2.114445983927816464, 0.1500000000000006606, 2.414445983927817174 ) ) ;
#2924 = LINE ( 'NONE', #3014, #2900 ) ;
#2925 = EDGE_LOOP ( 'NONE', ( #692, #5992, #7492, #445 ) ) ;
#2926 = ORIENTED_EDGE ( 'NONE', *, *, #6566, .F. ) ;
#2927 = ORIENTED_EDGE ( 'NONE', *, *, #7834, .T. ) ;
#2928 = AXIS2_PLACEMENT_3D ( 'NONE', #5217, #5395, #1304 ) ;
#2929 = DIRECTION ( 'NONE',  ( -0.000000000000000000, 1.000000000000000000, -0.000000000000000000 ) ) ;
#2930 = ORIENTED_EDGE ( 'NONE', *, *, #5268, .T. ) ;
#2931 = DIRECTION ( 'NONE',  ( -1.000000000000000000, 0.000000000000000000, 0.000000000000000000 ) ) ;
#2932 = AXIS2_PLACEMENT_3D ( 'NONE', #1580, #3329, #291 ) ;
#2933 = ORIENTED_EDGE ( 'NONE', *, *, #1491, .T. ) ;
#2934 = CARTESIAN_POINT ( 'NONE',  ( 2.200000000000000622, 0.6975000000000013411, -0.8525000000000003686 ) ) ;
#2935 = LINE ( 'NONE', #7036, #2862 ) ;
#2936 = CARTESIAN_POINT ( 'NONE',  ( 2.609409507584654175, 0.4748159182089002894, 2.152499999999999858 ) ) ;
#2937 = DIRECTION ( 'NONE',  ( 0.000000000000000000, -0.000000000000000000, -1.000000000000000000 ) ) ;
#2938 = PLANE ( 'NONE',  #5203 ) ;
#2939 = EDGE_LOOP ( 'NONE', ( #303, #1782, #6809, #6823 ) ) ;
#2940 = ORIENTED_EDGE ( 'NONE', *, *, #763, .F. ) ;
#2941 = VERTEX_POINT ( 'NONE', #1321 ) ;
#2942 = ORIENTED_EDGE ( 'NONE', *, *, #4708, .F. ) ;
#2943 = EDGE_CURVE ( 'NONE', #6292, #5249, #2080, .T. ) ;
#2944 = EDGE_CURVE ( 'NONE', #1271, #2618, #7250, .T. ) ;
#2945 = CARTESIAN_POINT ( 'NONE',  ( -2.798897958454353851, 0.1726945743169953640, -1.097500000000000364 ) ) ;
#2946 = EDGE_LOOP ( 'NONE', ( #1603, #1540, #4681, #4055 ) ) ;
#2947 = AXIS2_PLACEMENT_3D ( 'NONE', #2760, #7015, #5308 ) ;
#2948 = VECTOR ( 'NONE', #1695, 1000.000000000000227 ) ;
#2949 = CARTESIAN_POINT ( 'NONE',  ( 2.200000000000000622, 0.6975000000000013411, -2.152500000000000302 ) ) ;
#2950 = EDGE_CURVE ( 'NONE', #2546, #1708, #1935, .T. ) ;
#2951 = ORIENTED_EDGE ( 'NONE', *, *, #6499, .F. ) ;
#2952 = PLANE ( 'NONE',  #7059 ) ;
#2953 = ORIENTED_EDGE ( 'NONE', *, *, #142, .T. ) ;
#2954 = ADVANCED_FACE ( 'NONE', ( #2040 ), #1343, .F. ) ;
#2955 = DIRECTION ( 'NONE',  ( -0.9659258262890688673, 0.2588190451025186856, 0.000000000000000000 ) ) ;
#2956 = ORIENTED_EDGE ( 'NONE', *, *, #76, .T. ) ;
#2957 = VERTEX_POINT ( 'NONE', #7230 ) ;
#2958 = SURFACE_STYLE_USAGE ( .BOTH. , #3700 ) ;
#2959 = DIRECTION ( 'NONE',  ( -0.000000000000000000, -0.000000000000000000, -1.000000000000000000 ) ) ;
#2960 = DIRECTION ( 'NONE',  ( -0.06975647374412523305, -0.9975640502598241977, 0.000000000000000000 ) ) ;
#2961 = EDGE_CURVE ( 'NONE', #4926, #858, #4697, .T. ) ;
#2962 = CARTESIAN_POINT ( 'NONE',  ( -2.319201962066644640, 0.3970550407499311429, -0.2025000000000004297 ) ) ;
#2963 = EDGE_LOOP ( 'NONE', ( #1010, #3433, #6094, #1134, #5653, #264, #7762, #6218, #749, #2570, #3738, #3509 ) ) ;
#2964 = ORIENTED_EDGE ( 'NONE', *, *, #1737, .F. ) ;
#2965 = EDGE_CURVE ( 'NONE', #7005, #6609, #4563, .T. ) ;
#2966 = ORIENTED_EDGE ( 'NONE', *, *, #497, .T. ) ;
#2967 = CARTESIAN_POINT ( 'NONE',  ( 2.200000000000000622, 0.6975000000000013411, 1.747499999999999387 ) ) ;
#2968 = ORIENTED_EDGE ( 'NONE', *, *, #2248, .F. ) ;
#2969 = EDGE_CURVE ( 'NONE', #873, #7005, #4719, .T. ) ;
#2970 = CARTESIAN_POINT ( 'NONE',  ( -3.199999999999999734, 0.1446467872876750493, -0.8525000000000003686 ) ) ;
#2971 = CARTESIAN_POINT ( 'NONE',  ( -2.200000000000000622, 0.6975000000000013411, -0.8525000000000003686 ) ) ;
#2972 = DIRECTION ( 'NONE',  ( 0.000000000000000000, 0.000000000000000000, 1.000000000000000000 ) ) ;
#2973 = AXIS2_PLACEMENT_3D ( 'NONE', #3184, #6249, #1521 ) ;
#2974 = CARTESIAN_POINT ( 'NONE',  ( 2.469350262772739057, 0.4372871566690347267, 2.152499999999999858 ) ) ;
#2975 = CYLINDRICAL_SURFACE ( 'NONE', #3248, 0.1554449592500702360 ) ;
#2976 = ORIENTED_EDGE ( 'NONE', *, *, #619, .T. ) ;
#2977 = ORIENTED_EDGE ( 'NONE', *, *, #205, .T. ) ;
#2978 = VERTEX_POINT ( 'NONE', #6059 ) ;
#2979 = DIRECTION ( 'NONE',  ( 0.06975647374412521917, 0.9975640502598241977, 0.000000000000000000 ) ) ;
#2980 = DIRECTION ( 'NONE',  ( -1.000000000000000000, 0.000000000000000000, 0.000000000000000000 ) ) ;
#2981 = EDGE_LOOP ( 'NONE', ( #1220, #869, #3904, #7646 ) ) ;
#2982 = STYLED_ITEM ( 'NONE', ( #2441 ), #7553 ) ;
#2983 = DIRECTION ( 'NONE',  ( 0.000000000000000000, -0.000000000000000000, -1.000000000000000000 ) ) ;
#2984 = ADVANCED_FACE ( 'NONE', ( #7231 ), #4417, .T. ) ;
#2985 = DIRECTION ( 'NONE',  ( 0.9659258262890683122, -0.2588190451025209060, 0.000000000000000000 ) ) ;
#2986 = EDGE_CURVE ( 'NONE', #537, #917, #4577, .T. ) ;
#2987 = FACE_OUTER_BOUND ( 'NONE', #2865, .T. ) ;
#2988 = CARTESIAN_POINT ( 'NONE',  ( 2.319201962066644640, 0.6975000000000013411, 0.8524999999999994804 ) ) ;
#2989 = DIRECTION ( 'NONE',  ( 1.000000000000000000, 0.000000000000000000, 0.000000000000000000 ) ) ;
#2990 = VERTEX_POINT ( 'NONE', #2583 ) ;
#2991 = DIRECTION ( 'NONE',  ( 0.2035585949527792815, 0.9576678948579725459, -0.2035585949527793648 ) ) ;
#2992 = CARTESIAN_POINT ( 'NONE',  ( -2.798897958454353851, 0.1726945743169953640, -0.2025000000000004297 ) ) ;
#2993 = VERTEX_POINT ( 'NONE', #3049 ) ;
#2994 = CARTESIAN_POINT ( 'NONE',  ( 2.659592949966843367, 0.2875287615398652852, 2.397499999999999964 ) ) ;
#2995 = ORIENTED_EDGE ( 'NONE', *, *, #1071, .T. ) ;
#2996 = ORIENTED_EDGE ( 'NONE', *, *, #252, .T. ) ;
#2997 = EDGE_CURVE ( 'NONE', #5353, #3006, #2143, .T. ) ;
#2998 = EDGE_CURVE ( 'NONE', #7229, #3770, #1966, .T. ) ;
#2999 = VECTOR ( 'NONE', #7511, 1000.000000000000227 ) ;
#3000 = DIRECTION ( 'NONE',  ( 0.9975640502598243087, -0.06975647374412477508, 0.000000000000000000 ) ) ;
#3001 = CARTESIAN_POINT ( 'NONE',  ( -2.200000000000000622, 0.5525000000000013234, 1.097499999999999476 ) ) ;
#3002 = ORIENTED_EDGE ( 'NONE', *, *, #3098, .T. ) ;
#3003 = PLANE ( 'NONE',  #2275 ) ;
#3004 = ORIENTED_EDGE ( 'NONE', *, *, #1099, .T. ) ;
#3005 = CARTESIAN_POINT ( 'NONE',  ( -1.500000000000000444, 4.492640687119285658, -1.500000000000003109 ) ) ;
#3006 = VERTEX_POINT ( 'NONE', #1228 ) ;
#3007 = EDGE_LOOP ( 'NONE', ( #5438, #812, #6109, #279 ) ) ;
#3008 = CARTESIAN_POINT ( 'NONE',  ( -2.200000000000000622, 0.6975000000000013411, 2.397499999999999964 ) ) ;
#3009 = DIRECTION ( 'NONE',  ( -1.000000000000000000, 0.000000000000000000, 0.000000000000000000 ) ) ;
#3010 = UNCERTAINTY_MEASURE_WITH_UNIT (LENGTH_MEASURE( 1.000000000000000082E-05 ), #982, 'distance_accuracy_value', 'NONE');
#3011 = AXIS2_PLACEMENT_3D ( 'NONE', #530, #3598, #1301 ) ;
#3012 = CARTESIAN_POINT ( 'NONE',  ( 2.200000000000000622, 0.6975000000000013411, 0.2024999999999995692 ) ) ;
#3013 = VECTOR ( 'NONE', #1777, 1000.000000000000000 ) ;
#3014 = CARTESIAN_POINT ( 'NONE',  ( 2.319201962066644640, 0.6975000000000013411, 0.4474999999999995648 ) ) ;
#3015 = VERTEX_POINT ( 'NONE', #5547 ) ;
#3016 = ORIENTED_EDGE ( 'NONE', *, *, #6371, .T. ) ;
#3017 = ADVANCED_FACE ( 'NONE', ( #4678 ), #5342, .F. ) ;
#3018 = ORIENTED_EDGE ( 'NONE', *, *, #5414, .F. ) ;
#3019 = CARTESIAN_POINT ( 'NONE',  ( -2.469350262772739502, 0.4372871566690347822, 1.747499999999999387 ) ) ;
#3020 = VERTEX_POINT ( 'NONE', #6708 ) ;
#3021 = PLANE ( 'NONE',  #656 ) ;
#3022 = CARTESIAN_POINT ( 'NONE',  ( 2.798897958454353851, 0.1726945743169953640, 1.097499999999999476 ) ) ;
#3023 =( NAMED_UNIT ( * ) SI_UNIT ( $, .STERADIAN. ) SOLID_ANGLE_UNIT ( ) );
#3024 = AXIS2_PLACEMENT_3D ( 'NONE', #6386, #2794, #3277 ) ;
#3025 = DIRECTION ( 'NONE',  ( 0.000000000000000000, -0.000000000000000000, -1.000000000000000000 ) ) ;
#3026 = DIRECTION ( 'NONE',  ( 1.000000000000000000, 9.095506094768336076E-16, -0.000000000000000000 ) ) ;
#3027 = EDGE_CURVE ( 'NONE', #3157, #5831, #2118, .T. ) ;
#3028 = VECTOR ( 'NONE', #3249, 1000.000000000000000 ) ;
#3029 = ORIENTED_EDGE ( 'NONE', *, *, #5436, .F. ) ;
#3030 = EDGE_CURVE ( 'NONE', #700, #5002, #4628, .T. ) ;
#3031 = ORIENTED_EDGE ( 'NONE', *, *, #6378, .F. ) ;
#3032 = MECHANICAL_DESIGN_GEOMETRIC_PRESENTATION_REPRESENTATION (  '', ( #4447 ), #2309 ) ;
#3033 = ORIENTED_EDGE ( 'NONE', *, *, #3027, .F. ) ;
#3034 = CARTESIAN_POINT ( 'NONE',  ( 2.809741250672937785, 0.3277608774589687579, -0.2025000000000004297 ) ) ;
#3035 = DIRECTION ( 'NONE',  ( -0.000000000000000000, -0.000000000000000000, -1.000000000000000000 ) ) ;
#3036 = EDGE_LOOP ( 'NONE', ( #3536, #890, #3737, #5794 ) ) ;
#3037 = EDGE_CURVE ( 'NONE', #605, #1141, #2093, .T. ) ;
#3038 = CARTESIAN_POINT ( 'NONE',  ( -2.788783269761455852, 0.02804778702932084894, 1.747499999999999387 ) ) ;
#3039 = DIRECTION ( 'NONE',  ( -0.000000000000000000, -0.000000000000000000, -1.000000000000000000 ) ) ;
#3040 = CARTESIAN_POINT ( 'NONE',  ( -2.319201962066644640, 0.6975000000000013411, -1.502500000000000391 ) ) ;
#3041 = CIRCLE ( 'NONE', #6143, 0.3004449592500699762 ) ;
#3042 = CARTESIAN_POINT ( 'NONE',  ( 2.809741250672937785, 0.3277608774589687579, 2.152499999999999858 ) ) ;
#3043 = LINE ( 'NONE', #1367, #2715 ) ;
#3044 = ORIENTED_EDGE ( 'NONE', *, *, #6142, .F. ) ;
#3045 = DIRECTION ( 'NONE',  ( -1.000000000000000000, 0.000000000000000000, 0.000000000000000000 ) ) ;
#3046 =( LENGTH_UNIT ( ) NAMED_UNIT ( * ) SI_UNIT ( .MILLI., .METRE. ) );
#3047 = EDGE_CURVE ( 'NONE', #4462, #743, #4750, .T. ) ;
#3048 = ORIENTED_EDGE ( 'NONE', *, *, #3942, .T. ) ;
#3049 = CARTESIAN_POINT ( 'NONE',  ( 3.189885311307101734, 6.428775942946129489E-16, -1.502500000000000391 ) ) ;
#3050 = ORIENTED_EDGE ( 'NONE', *, *, #353, .T. ) ;
#3051 = ORIENTED_EDGE ( 'NONE', *, *, #1755, .T. ) ;
#3052 = AXIS2_PLACEMENT_3D ( 'NONE', #5451, #1927, #3603 ) ;
#3053 = EDGE_CURVE ( 'NONE', #3889, #3216, #7385, .T. ) ;
#3054 = DIRECTION ( 'NONE',  ( 1.000000000000000000, 0.000000000000000000, 0.000000000000000000 ) ) ;
#3055 = EDGE_CURVE ( 'NONE', #6420, #1150, #1954, .T. ) ;
#3056 = ADVANCED_FACE ( 'NONE', ( #4536 ), #4272, .T. ) ;
#3057 = VECTOR ( 'NONE', #5435, 1000.000000000000000 ) ;
#3058 = ORIENTED_EDGE ( 'NONE', *, *, #5326, .F. ) ;
#3059 = DIRECTION ( 'NONE',  ( -1.000000000000000000, 0.000000000000000000, 0.000000000000000000 ) ) ;
#3060 = ORIENTED_EDGE ( 'NONE', *, *, #3456, .F. ) ;
#3061 = CARTESIAN_POINT ( 'NONE',  ( -1.600000000000001199, 1.100000000000000311, -2.149999999999995470 ) ) ;
#3062 = VECTOR ( 'NONE', #5227, 1000.000000000000000 ) ;
#3063 = ORIENTED_EDGE ( 'NONE', *, *, #6803, .T. ) ;
#3064 = DIRECTION ( 'NONE',  ( 0.000000000000000000, -0.000000000000000000, -1.000000000000000000 ) ) ;
#3065 = SURFACE_SIDE_STYLE ('',( #1582 ) ) ;
#3066 = AXIS2_PLACEMENT_3D ( 'NONE', #186, #1646, #883 ) ;
#3067 = DIRECTION ( 'NONE',  ( -0.2588190451025209060, -0.9659258262890683122, 0.000000000000000000 ) ) ;
#3068 = LINE ( 'NONE', #1474, #768 ) ;
#3069 = EDGE_CURVE ( 'NONE', #459, #5212, #7178, .T. ) ;
#3070 = PLANE ( 'NONE',  #4100 ) ;
#3071 = VERTEX_POINT ( 'NONE', #6183 ) ;
#3072 = MECHANICAL_DESIGN_GEOMETRIC_PRESENTATION_REPRESENTATION (  '', ( #6783 ), #1399 ) ;
#3073 = ADVANCED_FACE ( 'NONE', ( #4589 ), #7695, .F. ) ;
#3074 = LINE ( 'NONE', #6804, #5701 ) ;
#3075 = VECTOR ( 'NONE', #6021, 1000.000000000000000 ) ;
#3076 = SURFACE_STYLE_USAGE ( .BOTH. , #3711 ) ;
#3077 = DIRECTION ( 'NONE',  ( 2.602085213965212614E-16, 0.000000000000000000, 1.000000000000000000 ) ) ;
#3078 = ORIENTED_EDGE ( 'NONE', *, *, #3342, .F. ) ;
#3079 = ORIENTED_EDGE ( 'NONE', *, *, #5639, .F. ) ;
#3080 = ORIENTED_EDGE ( 'NONE', *, *, #7121, .F. ) ;
#3081 = CARTESIAN_POINT ( 'NONE',  ( 2.319201962066644640, 0.3970550407499311429, -0.8525000000000003686 ) ) ;
#3082 = ORIENTED_EDGE ( 'NONE', *, *, #196, .T. ) ;
#3083 = CARTESIAN_POINT ( 'NONE',  ( 2.798897958454353851, 0.1726945743169953640, -0.2025000000000004297 ) ) ;
#3084 = AXIS2_PLACEMENT_3D ( 'NONE', #5261, #1844, #4690 ) ;
#3085 = CIRCLE ( 'NONE', #5817, 0.1554449592500702360 ) ;
#3086 = VERTEX_POINT ( 'NONE', #7505 ) ;
#3087 = CARTESIAN_POINT ( 'NONE',  ( 2.319201962066644640, 0.5525000000000012124, -0.4475000000000003975 ) ) ;
#3088 = DIRECTION ( 'NONE',  ( -0.000000000000000000, -0.000000000000000000, -1.000000000000000000 ) ) ;
#3089 = EDGE_LOOP ( 'NONE', ( #3834, #6397, #1461, #3346 ) ) ;
#3090 = CARTESIAN_POINT ( 'NONE',  ( -1.500000000000000444, 0.1500000000000006606, -1.500000000000003109 ) ) ;
#3091 = VECTOR ( 'NONE', #4713, 1000.000000000000114 ) ;
#3092 = AXIS2_PLACEMENT_3D ( 'NONE', #3674, #566, #7171 ) ;
#3093 = LINE ( 'NONE', #3653, #5765 ) ;
#3094 = VERTEX_POINT ( 'NONE', #5857 ) ;
#3095 = ORIENTED_EDGE ( 'NONE', *, *, #4047, .F. ) ;
#3096 = ADVANCED_FACE ( 'NONE', ( #1944 ), #5247, .F. ) ;
#3097 = ORIENTED_EDGE ( 'NONE', *, *, #2950, .T. ) ;
#3098 = EDGE_CURVE ( 'NONE', #7719, #586, #7191, .T. ) ;
#3099 = DIRECTION ( 'NONE',  ( -0.000000000000000000, -0.000000000000000000, -1.000000000000000000 ) ) ;
#3100 = DIRECTION ( 'NONE',  ( -1.000000000000000000, 0.000000000000000000, 0.000000000000000000 ) ) ;
#3101 = ORIENTED_EDGE ( 'NONE', *, *, #2512, .F. ) ;
#3102 = LINE ( 'NONE', #337, #3374 ) ;
#3103 = ORIENTED_EDGE ( 'NONE', *, *, #6846, .F. ) ;
#3104 = AXIS2_PLACEMENT_3D ( 'NONE', #3671, #6805, #6230 ) ;
#3105 = DIRECTION ( 'NONE',  ( -0.000000000000000000, 0.000000000000000000, 1.000000000000000000 ) ) ;
#3106 = ORIENTED_EDGE ( 'NONE', *, *, #1296, .T. ) ;
#3107 = FACE_OUTER_BOUND ( 'NONE', #3494, .T. ) ;
#3108 = CARTESIAN_POINT ( 'NONE',  ( 2.319201962066644640, 0.3970550407499311429, -1.097500000000000364 ) ) ;
#3109 = CARTESIAN_POINT ( 'NONE',  ( -3.199999999999999734, 0.1446467872876750493, -0.2025000000000004297 ) ) ;
#3110 = VERTEX_POINT ( 'NONE', #7043 ) ;
#3111 = CARTESIAN_POINT ( 'NONE',  ( -2.319201962066644640, 0.3970550407499311429, -0.4475000000000003975 ) ) ;
#3112 = DIRECTION ( 'NONE',  ( -1.000000000000000000, 0.000000000000000000, 0.000000000000000000 ) ) ;
#3113 = ORIENTED_EDGE ( 'NONE', *, *, #2504, .T. ) ;
#3114 = DIRECTION ( 'NONE',  ( 0.000000000000000000, 0.000000000000000000, 1.000000000000000000 ) ) ;
#3115 = EDGE_LOOP ( 'NONE', ( #6522, #4277, #5811, #2365 ) ) ;
#3116 = VERTEX_POINT ( 'NONE', #2090 ) ;
#3117 = VERTEX_POINT ( 'NONE', #1595 ) ;
#3118 = LINE ( 'NONE', #5377, #3154 ) ;
#3119 = CARTESIAN_POINT ( 'NONE',  ( 0.000000000000000000, 0.000000000000000000, 0.000000000000000000 ) ) ;
#3120 = VECTOR ( 'NONE', #720, 1000.000000000000000 ) ;
#3121 = ORIENTED_EDGE ( 'NONE', *, *, #5344, .T. ) ;
#3122 = DIRECTION ( 'NONE',  ( -0.9659258262890683122, -0.2588190451025209060, 0.000000000000000000 ) ) ;
#3123 = ORIENTED_EDGE ( 'NONE', *, *, #4791, .T. ) ;
#3124 = CARTESIAN_POINT ( 'NONE',  ( 2.659592949966843367, 0.2875287615398652852, -0.4475000000000003975 ) ) ;
#3125 = LINE ( 'NONE', #2685, #3305 ) ;
#3126 = PRESENTATION_LAYER_ASSIGNMENT (  '', '', ( #5397 ) ) ;
#3127 = EDGE_LOOP ( 'NONE', ( #5120, #1298, #5649, #2914, #6022, #707, #6643, #3299, #3826, #5495, #3969, #3336 ) ) ;
#3128 = CARTESIAN_POINT ( 'NONE',  ( -2.469350262772739502, 0.4372871566690347822, -1.502500000000000391 ) ) ;
#3129 = CARTESIAN_POINT ( 'NONE',  ( 2.788783269761455852, 0.02804778702932084894, -2.397500000000000409 ) ) ;
#3130 = CARTESIAN_POINT ( 'NONE',  ( 2.609409507584654175, 0.4748159182089002894, 0.2024999999999995692 ) ) ;
#3131 = ORIENTED_EDGE ( 'NONE', *, *, #3922, .F. ) ;
#3132 = PLANE ( 'NONE',  #4531 ) ;
#3133 = ADVANCED_FACE ( 'NONE', ( #7205 ), #355, .F. ) ;
#3134 = CARTESIAN_POINT ( 'NONE',  ( -2.809741250672937785, 0.3277608774589687579, 1.502499999999999503 ) ) ;
#3135 = ORIENTED_EDGE ( 'NONE', *, *, #4891, .F. ) ;
#3136 = VECTOR ( 'NONE', #3669, 1000.000000000000000 ) ;
#3137 = VECTOR ( 'NONE', #4875, 1000.000000000000000 ) ;
#3138 =( LENGTH_UNIT ( ) NAMED_UNIT ( * ) SI_UNIT ( .MILLI., .METRE. ) );
#3139 = DIRECTION ( 'NONE',  ( -0.000000000000000000, -0.000000000000000000, -1.000000000000000000 ) ) ;
#3140 = VERTEX_POINT ( 'NONE', #2747 ) ;
#3141 = ORIENTED_EDGE ( 'NONE', *, *, #408, .T. ) ;
#3142 = LINE ( 'NONE', #4041, #5815 ) ;
#3143 = CARTESIAN_POINT ( 'NONE',  ( -3.189885311307101734, 6.428775942946129489E-16, -2.152500000000000302 ) ) ;
#3144 = ORIENTED_EDGE ( 'NONE', *, *, #872, .T. ) ;
#3145 = DIRECTION ( 'NONE',  ( -0.000000000000000000, -0.000000000000000000, -1.000000000000000000 ) ) ;
#3146 = AXIS2_PLACEMENT_3D ( 'NONE', #1831, #2358, #4265 ) ;
#3147 = CIRCLE ( 'NONE', #6953, 0.3004449592500699762 ) ;
#3149 = EDGE_CURVE ( 'NONE', #691, #5565, #7159, .T. ) ;
#3148 = ORIENTED_EDGE ( 'NONE', *, *, #6761, .F. ) ;
#3150 = AXIS2_PLACEMENT_3D ( 'NONE', #6163, #7357, #7306 ) ;
#3151 = CARTESIAN_POINT ( 'NONE',  ( -2.809741250672937785, 0.3277608774589687579, -0.2025000000000004297 ) ) ;
#3152 = VERTEX_POINT ( 'NONE', #2268 ) ;
#3153 = ADVANCED_FACE ( 'NONE', ( #1980 ), #6326, .F. ) ;
#3154 = VECTOR ( 'NONE', #6696, 1000.000000000000114 ) ;
#3155 = LINE ( 'NONE', #1875, #3057 ) ;
#3156 = EDGE_CURVE ( 'NONE', #4081, #6454, #7261, .T. ) ;
#3157 = VERTEX_POINT ( 'NONE', #306 ) ;
#3158 = EDGE_LOOP ( 'NONE', ( #4700, #3295, #6149, #1108 ) ) ;
#3159 = ORIENTED_EDGE ( 'NONE', *, *, #4101, .T. ) ;
#3160 = CARTESIAN_POINT ( 'NONE',  ( -2.809741250672937785, 0.3277608774589687579, 0.8524999999999994804 ) ) ;
#3161 = CLOSED_SHELL ( 'NONE', ( #2894, #7620, #6730, #5554, #5486, #1078, #737, #3820, #5303, #3995, #6916, #6599, #2984, #1930 ) ) ;
#3162 = LINE ( 'NONE', #3252, #3255 ) ;
#3163 = ORIENTED_EDGE ( 'NONE', *, *, #591, .F. ) ;
#3164 = FILL_AREA_STYLE ('',( #2000 ) ) ;
#3165 = DIRECTION ( 'NONE',  ( 0.2079116908177597867, -0.9781476007338055778, 0.000000000000000000 ) ) ;
#3166 = DIRECTION ( 'NONE',  ( -0.9975640502598243087, -0.06975647374412488610, 0.000000000000000000 ) ) ;
#3167 = ORIENTED_EDGE ( 'NONE', *, *, #4532, .F. ) ;
#3168 =( LENGTH_UNIT ( ) NAMED_UNIT ( * ) SI_UNIT ( .MILLI., .METRE. ) );
#3169 = EDGE_CURVE ( 'NONE', #3216, #3187, #2132, .T. ) ;
#3170 = VECTOR ( 'NONE', #2604, 1000.000000000000000 ) ;
#3171 = ORIENTED_EDGE ( 'NONE', *, *, #6385, .F. ) ;
#3172 = DIRECTION ( 'NONE',  ( -1.000000000000000000, 0.000000000000000000, 0.000000000000000000 ) ) ;
#3173 = CARTESIAN_POINT ( 'NONE',  ( 2.788783269761455852, 0.02804778702932090445, -0.4475000000000003975 ) ) ;
#3174 = ORIENTED_EDGE ( 'NONE', *, *, #5244, .F. ) ;
#3175 = EDGE_CURVE ( 'NONE', #1404, #1164, #7147, .T. ) ;
#3176 = DIRECTION ( 'NONE',  ( 0.2588190451025186856, 0.9659258262890688673, -0.000000000000000000 ) ) ;
#3177 = VERTEX_POINT ( 'NONE', #5095 ) ;
#3178 = VERTEX_POINT ( 'NONE', #3465 ) ;
#3179 = LINE ( 'NONE', #927, #5849 ) ;
#3180 = ORIENTED_EDGE ( 'NONE', *, *, #1825, .F. ) ;
#3181 = EDGE_CURVE ( 'NONE', #5396, #4294, #7240, .T. ) ;
#3182 = VERTEX_POINT ( 'NONE', #946 ) ;
#3183 = FACE_OUTER_BOUND ( 'NONE', #4325, .T. ) ;
#3184 = CARTESIAN_POINT ( 'NONE',  ( -2.200000000000000622, 0.6975000000000013411, -1.502500000000000391 ) ) ;
#3185 = MANIFOLD_SOLID_BREP ( 'LPattern1[8]', #7831 ) ;
#3186 = COLOUR_RGB ( '',0.8000000000000000444, 0.8196078431372548767, 0.9333333333333333481 ) ;
#3187 = VERTEX_POINT ( 'NONE', #7594 ) ;
#3188 = DIRECTION ( 'NONE',  ( -0.000000000000000000, 1.000000000000000000, -0.000000000000000000 ) ) ;
#3189 = EDGE_LOOP ( 'NONE', ( #7783, #5108, #5094, #5204 ) ) ;
#3190 = DIRECTION ( 'NONE',  ( -0.000000000000000000, -0.000000000000000000, -1.000000000000000000 ) ) ;
#3191 = ORIENTED_EDGE ( 'NONE', *, *, #7301, .T. ) ;
#3192 = ORIENTED_EDGE ( 'NONE', *, *, #7001, .T. ) ;
#3193 = DIRECTION ( 'NONE',  ( 1.000000000000000000, 0.000000000000000000, 0.000000000000000000 ) ) ;
#3194 = DIRECTION ( 'NONE',  ( 1.000000000000000000, 0.000000000000000000, -0.000000000000000000 ) ) ;
#3195 = CARTESIAN_POINT ( 'NONE',  ( -2.200000000000000622, 0.6975000000000013411, 0.4474999999999995648 ) ) ;
#3196 = CYLINDRICAL_SURFACE ( 'NONE', #2779, 0.3004449592500699762 ) ;
#3197 = ORIENTED_EDGE ( 'NONE', *, *, #6834, .T. ) ;
#3198 = DIRECTION ( 'NONE',  ( -1.000000000000000000, 9.095506094768336076E-16, 0.000000000000000000 ) ) ;
#3199 = EDGE_CURVE ( 'NONE', #4173, #1785, #7460, .T. ) ;
#3200 = CARTESIAN_POINT ( 'NONE',  ( 2.200000000000000622, 0.5525000000000013234, 0.4474999999999995648 ) ) ;
#3201 = ORIENTED_EDGE ( 'NONE', *, *, #3831, .F. ) ;
#3202 = DIRECTION ( 'NONE',  ( -1.000000000000000000, 0.000000000000000000, 0.000000000000000000 ) ) ;
#3203 = AXIS2_PLACEMENT_3D ( 'NONE', #5071, #5655, #1136 ) ;
#3204 = ORIENTED_EDGE ( 'NONE', *, *, #6417, .T. ) ;
#3205 = ORIENTED_EDGE ( 'NONE', *, *, #5470, .T. ) ;
#3206 = VECTOR ( 'NONE', #5961, 1000.000000000000114 ) ;
#3207 = DIRECTION ( 'NONE',  ( 0.000000000000000000, -1.000000000000000000, 0.000000000000000000 ) ) ;
#3208 = VERTEX_POINT ( 'NONE', #5798 ) ;
#3209 = CARTESIAN_POINT ( 'NONE',  ( -2.659592949966843367, 0.2875287615398652852, -2.152500000000000302 ) ) ;
#3210 = VECTOR ( 'NONE', #7305, 1000.000000000000000 ) ;
#3211 = ORIENTED_EDGE ( 'NONE', *, *, #1145, .T. ) ;
#3212 = ADVANCED_FACE ( 'NONE', ( #4886 ), #1703, .F. ) ;
#3213 = DIRECTION ( 'NONE',  ( 0.06975647374412523305, -0.9975640502598241977, 0.000000000000000000 ) ) ;
#3214 = EDGE_CURVE ( 'NONE', #2640, #6830, #2281, .T. ) ;
#3215 = CARTESIAN_POINT ( 'NONE',  ( 2.200000000000000622, 0.6975000000000013411, -1.097500000000000364 ) ) ;
#3216 = VERTEX_POINT ( 'NONE', #3680 ) ;
#3217 = DIRECTION ( 'NONE',  ( 0.000000000000000000, 0.000000000000000000, 1.000000000000000000 ) ) ;
#3218 = VECTOR ( 'NONE', #2878, 1000.000000000000000 ) ;
#3219 = EDGE_LOOP ( 'NONE', ( #7788, #1225, #5814, #128, #6439, #2756, #6281, #505, #474, #6348, #2839, #2731 ) ) ;
#3220 = ORIENTED_EDGE ( 'NONE', *, *, #3199, .F. ) ;
#3221 = FACE_OUTER_BOUND ( 'NONE', #7032, .T. ) ;
#3222 = CARTESIAN_POINT ( 'NONE',  ( -2.659592949966843367, 0.2875287615398652852, 1.747499999999999387 ) ) ;
#3223 = ORIENTED_EDGE ( 'NONE', *, *, #2997, .T. ) ;
#3224 = ORIENTED_EDGE ( 'NONE', *, *, #4104, .T. ) ;
#3225 = VERTEX_POINT ( 'NONE', #7267 ) ;
#3226 = ADVANCED_FACE ( 'NONE', ( #4874 ), #7799, .F. ) ;
#3227 = LINE ( 'NONE', #7167, #518 ) ;
#3228 = DIRECTION ( 'NONE',  ( 0.000000000000000000, -0.000000000000000000, -1.000000000000000000 ) ) ;
#3229 = FACE_OUTER_BOUND ( 'NONE', #5415, .T. ) ;
#3230 = EDGE_LOOP ( 'NONE', ( #2095, #1259, #1182, #961 ) ) ;
#3231 = CARTESIAN_POINT ( 'NONE',  ( -2.319201962066644640, 0.5525000000000012124, -0.4475000000000003975 ) ) ;
#3232 = CARTESIAN_POINT ( 'NONE',  ( -2.200000000000000622, 0.6975000000000013411, 0.4474999999999995648 ) ) ;
#3233 = ORIENTED_EDGE ( 'NONE', *, *, #6905, .T. ) ;
#3234 = DIRECTION ( 'NONE',  ( 0.000000000000000000, -0.000000000000000000, -1.000000000000000000 ) ) ;
#3235 = VERTEX_POINT ( 'NONE', #2988 ) ;
#3236 = ORIENTED_EDGE ( 'NONE', *, *, #4401, .T. ) ;
#3237 = CIRCLE ( 'NONE', #3271, 0.1554449592500702360 ) ;
#3238 = ORIENTED_EDGE ( 'NONE', *, *, #2011, .F. ) ;
#3239 = STYLED_ITEM ( 'NONE', ( #1188 ), #2251 ) ;
#3240 = ORIENTED_EDGE ( 'NONE', *, *, #190, .T. ) ;
#3241 = CIRCLE ( 'NONE', #4883, 0.3004449592500699762 ) ;
#3242 = CARTESIAN_POINT ( 'NONE',  ( -2.609409507584654175, 0.4748159182089002894, -2.397500000000000409 ) ) ;
#3243 = LINE ( 'NONE', #7106, #5884 ) ;
#3244 = DIRECTION ( 'NONE',  ( 0.2588190451025209060, 0.9659258262890683122, 0.000000000000000000 ) ) ;
#3245 = VERTEX_POINT ( 'NONE', #4720 ) ;
#3246 = CARTESIAN_POINT ( 'NONE',  ( 2.798897958454353851, 0.1726945743169953640, -0.8525000000000003686 ) ) ;
#3247 = ORIENTED_EDGE ( 'NONE', *, *, #4337, .T. ) ;
#3248 = AXIS2_PLACEMENT_3D ( 'NONE', #7259, #7845, #6860 ) ;
#3249 = DIRECTION ( 'NONE',  ( -0.000000000000000000, -0.000000000000000000, -1.000000000000000000 ) ) ;
#3250 = VECTOR ( 'NONE', #4555, 1000.000000000000000 ) ;
#3251 = ORIENTED_EDGE ( 'NONE', *, *, #727, .T. ) ;
#3252 = CARTESIAN_POINT ( 'NONE',  ( -2.798897958454353851, 0.1726945743169953640, -0.4475000000000003975 ) ) ;
#3253 = ORIENTED_EDGE ( 'NONE', *, *, #2762, .F. ) ;
#3254 = CARTESIAN_POINT ( 'NONE',  ( 2.319201962066644640, 0.6975000000000013411, -0.4475000000000003975 ) ) ;
#3255 = VECTOR ( 'NONE', #3989, 1000.000000000000000 ) ;
#3256 = ORIENTED_EDGE ( 'NONE', *, *, #4446, .T. ) ;
#3257 = CARTESIAN_POINT ( 'NONE',  ( 2.319201962066644640, 0.3970550407499311429, 0.2024999999999995692 ) ) ;
#3258 = CARTESIAN_POINT ( 'NONE',  ( -2.788783269761455852, 0.02804778702932090445, 0.4474999999999995648 ) ) ;
#3259 = EDGE_LOOP ( 'NONE', ( #5957, #3441, #3463, #696 ) ) ;
#3260 = VECTOR ( 'NONE', #2698, 1000.000000000000000 ) ;
#3261 = LINE ( 'NONE', #3173, #599 ) ;
#3262 =( NAMED_UNIT ( * ) SI_UNIT ( $, .STERADIAN. ) SOLID_ANGLE_UNIT ( ) );
#3263 = EDGE_CURVE ( 'NONE', #3849, #7805, #4899, .T. ) ;
#3264 = CARTESIAN_POINT ( 'NONE',  ( -2.788783269761455852, 0.02804778702932090445, 1.097499999999999476 ) ) ;
#3265 = VERTEX_POINT ( 'NONE', #4320 ) ;
#3266 = EDGE_CURVE ( 'NONE', #1016, #2375, #4783, .T. ) ;
#3267 = ORIENTED_EDGE ( 'NONE', *, *, #3175, .F. ) ;
#3268 = LINE ( 'NONE', #6685, #678 ) ;
#3269 = PLANE ( 'NONE',  #3066 ) ;
#3270 = EDGE_LOOP ( 'NONE', ( #259, #4416, #5539, #7046, #2964, #4334, #3095, #7254, #4523, #218, #3018, #4191 ) ) ;
#3271 = AXIS2_PLACEMENT_3D ( 'NONE', #4402, #1727, #1861 ) ;
#3272 = DIRECTION ( 'NONE',  ( -1.000000000000000000, 9.095506094768336076E-16, 0.000000000000000000 ) ) ;
#3273 = CLOSED_SHELL ( 'NONE', ( #1990, #4422, #933, #6150, #2483, #6992, #1746, #4650, #6188, #5246, #3863, #4491, #7272, #2651 ) ) ;
#3274 = CYLINDRICAL_SURFACE ( 'NONE', #1268, 0.3004449592500699762 ) ;
#3275 = ORIENTED_EDGE ( 'NONE', *, *, #1232, .T. ) ;
#3276 = EDGE_CURVE ( 'NONE', #1150, #5183, #4760, .T. ) ;
#3277 = DIRECTION ( 'NONE',  ( -0.9975640502598243087, -0.06975647374412477508, 0.000000000000000000 ) ) ;
#3278 = ORIENTED_EDGE ( 'NONE', *, *, #1264, .T. ) ;
#3279 = LINE ( 'NONE', #6947, #5747 ) ;
#3280 = PRESENTATION_STYLE_ASSIGNMENT (( #6760 ) ) ;
#3281 = VERTEX_POINT ( 'NONE', #2936 ) ;
#3282 = ORIENTED_EDGE ( 'NONE', *, *, #983, .F. ) ;
#3283 = PLANE ( 'NONE',  #4301 ) ;
#3284 = EDGE_LOOP ( 'NONE', ( #6918, #4800, #5676, #7166 ) ) ;
#3285 = CARTESIAN_POINT ( 'NONE',  ( 2.200000000000000622, 0.6975000000000013411, 1.097499999999999476 ) ) ;
#3286 = ORIENTED_EDGE ( 'NONE', *, *, #4482, .F. ) ;
#3287 = VERTEX_POINT ( 'NONE', #6054 ) ;
#3288 = ORIENTED_EDGE ( 'NONE', *, *, #5836, .T. ) ;
#3289 = DIRECTION ( 'NONE',  ( -0.000000000000000000, -0.000000000000000000, -1.000000000000000000 ) ) ;
#3290 = ADVANCED_FACE ( 'NONE', ( #7624 ), #7318, .T. ) ;
#3291 = ORIENTED_EDGE ( 'NONE', *, *, #3156, .F. ) ;
#3292 = CARTESIAN_POINT ( 'NONE',  ( 2.319201962066644640, 0.6975000000000013411, -1.502500000000000391 ) ) ;
#3293 = DIRECTION ( 'NONE',  ( -0.000000000000000000, -0.000000000000000000, -1.000000000000000000 ) ) ;
#3294 = EDGE_CURVE ( 'NONE', #6594, #618, #2219, .T. ) ;
#3295 = ORIENTED_EDGE ( 'NONE', *, *, #6585, .F. ) ;
#3296 = LINE ( 'NONE', #6838, #3313 ) ;
#3297 = CARTESIAN_POINT ( 'NONE',  ( -2.319201962066644640, 0.3970550407499311429, -1.097500000000000364 ) ) ;
#3298 = FACE_OUTER_BOUND ( 'NONE', #5367, .T. ) ;
#3299 = ORIENTED_EDGE ( 'NONE', *, *, #1142, .T. ) ;
#3300 = DIRECTION ( 'NONE',  ( -0.000000000000000000, 0.000000000000000000, 1.000000000000000000 ) ) ;
#3301 = DIRECTION ( 'NONE',  ( 0.9975640502598243087, 0.06975647374412477508, -0.000000000000000000 ) ) ;
#3302 = ORIENTED_EDGE ( 'NONE', *, *, #1985, .T. ) ;
#3303 = EDGE_CURVE ( 'NONE', #5002, #3157, #7474, .T. ) ;
#3304 = CARTESIAN_POINT ( 'NONE',  ( 3.189885311307101734, 6.428775942946129489E-16, 1.747499999999999387 ) ) ;
#3305 = VECTOR ( 'NONE', #2069, 1000.000000000000114 ) ;
#3306 = ORIENTED_EDGE ( 'NONE', *, *, #4393, .F. ) ;
#3307 = EDGE_LOOP ( 'NONE', ( #4632, #934, #5897, #3880 ) ) ;
#3308 = CIRCLE ( 'NONE', #36, 0.3004449592500699762 ) ;
#3309 = ORIENTED_EDGE ( 'NONE', *, *, #7647, .T. ) ;
#3310 = EDGE_LOOP ( 'NONE', ( #2487, #559, #5981, #461 ) ) ;
#3311 = ORIENTED_EDGE ( 'NONE', *, *, #6165, .F. ) ;
#3312 = ADVANCED_FACE ( 'NONE', ( #2232 ), #6756, .F. ) ;
#3313 = VECTOR ( 'NONE', #4433, 1000.000000000000000 ) ;
#3314 = APPLICATION_CONTEXT ( 'automotive_design' ) ;
#3315 = CIRCLE ( 'NONE', #7183, 0.2500000000000000000 ) ;
#3316 = ORIENTED_EDGE ( 'NONE', *, *, #2969, .T. ) ;
#3317 = CARTESIAN_POINT ( 'NONE',  ( 2.319201962066644640, 0.3970550407499311429, -1.097500000000000364 ) ) ;
#3318 = ORIENTED_EDGE ( 'NONE', *, *, #2002, .F. ) ;
#3319 = CARTESIAN_POINT ( 'NONE',  ( -2.469350262772739502, 0.4372871566690347822, -0.8525000000000003686 ) ) ;
#3320 = ORIENTED_EDGE ( 'NONE', *, *, #219, .T. ) ;
#3321 = EDGE_CURVE ( 'NONE', #7216, #284, #2333, .T. ) ;
#3322 = ORIENTED_EDGE ( 'NONE', *, *, #5255, .F. ) ;
#3323 = DIRECTION ( 'NONE',  ( 0.06975647374412488610, -0.9975640502598243087, 0.000000000000000000 ) ) ;
#3324 = VERTEX_POINT ( 'NONE', #3631 ) ;
#3325 = DIRECTION ( 'NONE',  ( -0.000000000000000000, -0.000000000000000000, -1.000000000000000000 ) ) ;
#3326 = FACE_OUTER_BOUND ( 'NONE', #514, .T. ) ;
#3327 = ORIENTED_EDGE ( 'NONE', *, *, #7154, .F. ) ;
#3328 = AXIS2_PLACEMENT_3D ( 'NONE', #1814, #2920, #6635 ) ;
#3329 = DIRECTION ( 'NONE',  ( 0.9659258262890683122, -0.2588190451025209060, 0.000000000000000000 ) ) ;
#3330 = ORIENTED_EDGE ( 'NONE', *, *, #2260, .T. ) ;
#3331 = ORIENTED_EDGE ( 'NONE', *, *, #3303, .T. ) ;
#3332 = LINE ( 'NONE', #7050, #955 ) ;
#3333 = LINE ( 'NONE', #4295, #519 ) ;
#3334 = DIRECTION ( 'NONE',  ( 1.000000000000000000, 0.000000000000000000, 0.000000000000000000 ) ) ;
#3335 = CARTESIAN_POINT ( 'NONE',  ( 2.609409507584654175, 0.4748159182089002894, -2.152500000000000302 ) ) ;
#3336 = ORIENTED_EDGE ( 'NONE', *, *, #1064, .T. ) ;
#3337 = ORIENTED_EDGE ( 'NONE', *, *, #5259, .F. ) ;
#3338 = LINE ( 'NONE', #4605, #5689 ) ;
#3339 = CARTESIAN_POINT ( 'NONE',  ( -2.469350262772739057, 0.4372871566690347267, -1.747500000000000275 ) ) ;
#3340 = ORIENTED_EDGE ( 'NONE', *, *, #1323, .T. ) ;
#3341 = ORIENTED_EDGE ( 'NONE', *, *, #6155, .T. ) ;
#3342 = EDGE_CURVE ( 'NONE', #7733, #3810, #4837, .T. ) ;
#3343 = LINE ( 'NONE', #7161, #5980 ) ;
#3344 = ORIENTED_EDGE ( 'NONE', *, *, #2849, .T. ) ;
#3345 = DIRECTION ( 'NONE',  ( 0.000000000000000000, 0.000000000000000000, 1.000000000000000000 ) ) ;
#3346 = ORIENTED_EDGE ( 'NONE', *, *, #4813, .T. ) ;
#3347 = VECTOR ( 'NONE', #2278, 1000.000000000000000 ) ;
#3348 = LINE ( 'NONE', #3012, #3170 ) ;
#3349 = ORIENTED_EDGE ( 'NONE', *, *, #1212, .T. ) ;
#3350 = ORIENTED_EDGE ( 'NONE', *, *, #7726, .F. ) ;
#3351 = CYLINDRICAL_SURFACE ( 'NONE', #2094, 0.1554449592500702360 ) ;
#3352 = DIRECTION ( 'NONE',  ( -1.000000000000000000, 0.000000000000000000, 0.000000000000000000 ) ) ;
#3353 = AXIS2_PLACEMENT_3D ( 'NONE', #744, #5078, #6891 ) ;
#3354 = EDGE_LOOP ( 'NONE', ( #7730, #5379, #3220, #3499 ) ) ;
#3355 = ORIENTED_EDGE ( 'NONE', *, *, #3948, .F. ) ;
#3356 = CIRCLE ( 'NONE', #849, 0.3004449592500699762 ) ;
#3357 = ORIENTED_EDGE ( 'NONE', *, *, #7650, .T. ) ;
#3358 = PLANE ( 'NONE',  #7149 ) ;
#3359 = EDGE_LOOP ( 'NONE', ( #2384, #4923, #2556, #5033 ) ) ;
#3360 = CARTESIAN_POINT ( 'NONE',  ( 2.200000000000000622, 0.6975000000000013411, -0.4475000000000003975 ) ) ;
#3361 = PRODUCT ( 'MLX90376GGO-ABA-600-RE', 'MLX90376GGO-ABA-600-RE', '', ( #1411 ) ) ;
#3362 = VERTEX_POINT ( 'NONE', #1161 ) ;
#3363 = CARTESIAN_POINT ( 'NONE',  ( -3.199999999999999734, 0.1446467872876750493, 1.097499999999999476 ) ) ;
#3364 = CARTESIAN_POINT ( 'NONE',  ( -2.519533705154928249, 0.2499999999999996669, 0.2024999999999995692 ) ) ;
#3365 = ORIENTED_EDGE ( 'NONE', *, *, #6273, .T. ) ;
#3366 = DIRECTION ( 'NONE',  ( -0.9975640502598243087, 0.06975647374412523305, 0.000000000000000000 ) ) ;
#3367 = ORIENTED_EDGE ( 'NONE', *, *, #5813, .F. ) ;
#3368 = CARTESIAN_POINT ( 'NONE',  ( 2.200000000000000622, 0.6975000000000013411, 0.8524999999999994804 ) ) ;
#3369 = FACE_OUTER_BOUND ( 'NONE', #4110, .T. ) ;
#3370 = ORIENTED_EDGE ( 'NONE', *, *, #2307, .T. ) ;
#3371 = ORIENTED_EDGE ( 'NONE', *, *, #6714, .F. ) ;
#3372 =( GEOMETRIC_REPRESENTATION_CONTEXT ( 3 ) GLOBAL_UNCERTAINTY_ASSIGNED_CONTEXT ( ( #3010 ) ) GLOBAL_UNIT_ASSIGNED_CONTEXT ( ( #982, #2169, #3987 ) ) REPRESENTATION_CONTEXT ( 'NONE', 'WORKASPACE' ) );
#3373 = DIRECTION ( 'NONE',  ( 0.06975647374412488610, -0.9975640502598243087, 0.000000000000000000 ) ) ;
#3374 = VECTOR ( 'NONE', #4512, 1000.000000000000000 ) ;
#3375 = ORIENTED_EDGE ( 'NONE', *, *, #3999, .T. ) ;
#3376 = AXIS2_PLACEMENT_3D ( 'NONE', #4841, #6638, #1326 ) ;
#3377 = CARTESIAN_POINT ( 'NONE',  ( 2.114445983927814687, 1.100000000000000311, -2.414445983927811401 ) ) ;
#3378 = ORIENTED_EDGE ( 'NONE', *, *, #1484, .F. ) ;
#3379 = VECTOR ( 'NONE', #2097, 1000.000000000000000 ) ;
#3380 = CYLINDRICAL_SURFACE ( 'NONE', #4000, 0.1554449592500702360 ) ;
#3381 = PLANE ( 'NONE',  #5274 ) ;
#3382 = VERTEX_POINT ( 'NONE', #3739 ) ;
#3383 = CARTESIAN_POINT ( 'NONE',  ( -2.319201962066644640, 0.3970550407499311429, -0.4475000000000003975 ) ) ;
#3384 = EDGE_LOOP ( 'NONE', ( #275, #4765, #524, #3004 ) ) ;
#3385 = CARTESIAN_POINT ( 'NONE',  ( 2.200000000000000622, 0.6975000000000013411, 0.4474999999999995648 ) ) ;
#3386 = LINE ( 'NONE', #6532, #448 ) ;
#3387 = EDGE_LOOP ( 'NONE', ( #2440, #7794, #6633, #821 ) ) ;
#3388 = VERTEX_POINT ( 'NONE', #7851 ) ;
#3389 = SURFACE_SIDE_STYLE ('',( #2283 ) ) ;
#3390 = VECTOR ( 'NONE', #1384, 1000.000000000000000 ) ;
#3391 = ORIENTED_EDGE ( 'NONE', *, *, #4243, .F. ) ;
#3392 = DIRECTION ( 'NONE',  ( -0.000000000000000000, -0.000000000000000000, -1.000000000000000000 ) ) ;
#3393 = EDGE_CURVE ( 'NONE', #1277, #7368, #7400, .T. ) ;
#3394 = ORIENTED_EDGE ( 'NONE', *, *, #3047, .T. ) ;
#3395 = AXIS2_PLACEMENT_3D ( 'NONE', #3473, #5932, #5300 ) ;
#3396 = ADVANCED_FACE ( 'NONE', ( #7612 ), #2272, .F. ) ;
#3397 = FACE_OUTER_BOUND ( 'NONE', #4682, .T. ) ;
#3398 = VECTOR ( 'NONE', #1342, 1000.000000000000114 ) ;
#3399 = CARTESIAN_POINT ( 'NONE',  ( 2.319201962066644640, 0.5525000000000012124, 0.4474999999999995648 ) ) ;
#3400 = ORIENTED_EDGE ( 'NONE', *, *, #2098, .T. ) ;
#3401 = VERTEX_POINT ( 'NONE', #7753 ) ;
#3402 = EDGE_CURVE ( 'NONE', #2702, #822, #7500, .T. ) ;
#3403 = LINE ( 'NONE', #6380, #6301 ) ;
#3404 = ORIENTED_EDGE ( 'NONE', *, *, #5170, .T. ) ;
#3405 = CARTESIAN_POINT ( 'NONE',  ( 0.000000000000000000, 0.2500000000000006661, 0.000000000000000000 ) ) ;
#3406 = ORIENTED_EDGE ( 'NONE', *, *, #2837, .T. ) ;
#3407 = ORIENTED_EDGE ( 'NONE', *, *, #2660, .F. ) ;
#3408 = FACE_OUTER_BOUND ( 'NONE', #3965, .T. ) ;
#3409 = ORIENTED_EDGE ( 'NONE', *, *, #5443, .F. ) ;
#3410 = ORIENTED_EDGE ( 'NONE', *, *, #6905, .F. ) ;
#3411 = LINE ( 'NONE', #1156, #795 ) ;
#3412 = CARTESIAN_POINT ( 'NONE',  ( -3.199999999999999734, 0.1446467872876750493, 0.2024999999999995692 ) ) ;
#3413 = EDGE_CURVE ( 'NONE', #582, #3287, #4957, .T. ) ;
#3414 = ORIENTED_EDGE ( 'NONE', *, *, #3149, .T. ) ;
#3415 = ORIENTED_EDGE ( 'NONE', *, *, #6125, .T. ) ;
#3416 = CLOSED_SHELL ( 'NONE', ( #3073, #5118, #60, #1227, #2066, #2347, #2243, #2665, #4520, #1442, #35, #3212, #1906, #3312 ) ) ;
#3417 = CARTESIAN_POINT ( 'NONE',  ( 2.788783269761455852, 0.02804778702932084894, -0.2025000000000004297 ) ) ;
#3418 = DIRECTION ( 'NONE',  ( 0.9975640502598243087, 0.06975647374412523305, -0.000000000000000000 ) ) ;
#3419 = EDGE_CURVE ( 'NONE', #4371, #2896, #7424, .T. ) ;
#3420 = LINE ( 'NONE', #4275, #834 ) ;
#3421 = DIRECTION ( 'NONE',  ( -0.2588190451025186856, -0.9659258262890688673, 0.000000000000000000 ) ) ;
#3422 = FACE_OUTER_BOUND ( 'NONE', #3230, .T. ) ;
#3423 = EDGE_LOOP ( 'NONE', ( #5070, #2476, #962, #1007 ) ) ;
#3424 = DIRECTION ( 'NONE',  ( 1.000000000000000000, 0.000000000000000000, 0.000000000000000000 ) ) ;
#3425 = DIRECTION ( 'NONE',  ( -1.000000000000000000, 0.000000000000000000, 0.000000000000000000 ) ) ;
#3426 = EDGE_LOOP ( 'NONE', ( #3306, #3429, #937, #6274 ) ) ;
#3427 = CARTESIAN_POINT ( 'NONE',  ( 3.199999999999999734, 0.1446467872876750493, 1.502499999999999503 ) ) ;
#3428 = FACE_OUTER_BOUND ( 'NONE', #3310, .T. ) ;
#3429 = ORIENTED_EDGE ( 'NONE', *, *, #3584, .F. ) ;
#3430 = ORIENTED_EDGE ( 'NONE', *, *, #5251, .F. ) ;
#3431 = PLANE ( 'NONE',  #725 ) ;
#3432 = LINE ( 'NONE', #1440, #6061 ) ;
#3433 = ORIENTED_EDGE ( 'NONE', *, *, #7047, .F. ) ;
#3434 = AXIS2_PLACEMENT_3D ( 'NONE', #4331, #5304, #5939 ) ;
#3435 = EDGE_CURVE ( 'NONE', #3178, #5375, #4768, .T. ) ;
#3436 = LINE ( 'NONE', #3222, #3379 ) ;
#3437 = VECTOR ( 'NONE', #6872, 1000.000000000000114 ) ;
#3438 = CARTESIAN_POINT ( 'NONE',  ( 2.809741250672937785, 0.3277608774589687579, -1.502500000000000391 ) ) ;
#3439 = ORIENTED_EDGE ( 'NONE', *, *, #1232, .F. ) ;
#3440 = DIRECTION ( 'NONE',  ( 0.000000000000000000, 0.000000000000000000, 1.000000000000000000 ) ) ;
#3441 = ORIENTED_EDGE ( 'NONE', *, *, #136, .F. ) ;
#3442 = VECTOR ( 'NONE', #5091, 1000.000000000000000 ) ;
#3443 = ADVANCED_FACE ( 'NONE', ( #2186 ), #4998, .F. ) ;
#3444 = VERTEX_POINT ( 'NONE', #266 ) ;
#3445 = DIRECTION ( 'NONE',  ( -0.000000000000000000, -0.000000000000000000, -1.000000000000000000 ) ) ;
#3447 = ORIENTED_EDGE ( 'NONE', *, *, #7380, .T. ) ;
#3446 = DIRECTION ( 'NONE',  ( 1.000000000000000000, 0.000000000000000000, 0.000000000000000000 ) ) ;
#3448 = DIRECTION ( 'NONE',  ( 1.000000000000000000, 0.000000000000000000, 0.000000000000000000 ) ) ;
#3449 = VECTOR ( 'NONE', #2851, 1000.000000000000114 ) ;
#3450 = ORIENTED_EDGE ( 'NONE', *, *, #1263, .T. ) ;
#3451 = DIRECTION ( 'NONE',  ( 0.000000000000000000, 0.000000000000000000, 1.000000000000000000 ) ) ;
#3452 = VECTOR ( 'NONE', #361, 1000.000000000000227 ) ;
#3453 = EDGE_CURVE ( 'NONE', #2796, #5484, #7641, .T. ) ;
#3454 = CARTESIAN_POINT ( 'NONE',  ( -2.319201962066644640, 0.3970550407499311429, 0.2024999999999995692 ) ) ;
#3455 = DIRECTION ( 'NONE',  ( 0.9659258262890688673, 0.2588190451025186856, 0.000000000000000000 ) ) ;
#3456 = EDGE_CURVE ( 'NONE', #748, #247, #4931, .T. ) ;
#3457 = VERTEX_POINT ( 'NONE', #6290 ) ;
#3458 = ORIENTED_EDGE ( 'NONE', *, *, #1433, .F. ) ;
#3459 = VECTOR ( 'NONE', #3714, 1000.000000000000114 ) ;
#3460 = CARTESIAN_POINT ( 'NONE',  ( -2.519533705154928249, 0.2499999999999996669, 2.152499999999999858 ) ) ;
#3461 = VERTEX_POINT ( 'NONE', #6919 ) ;
#3462 = DIRECTION ( 'NONE',  ( -0.000000000000000000, -0.000000000000000000, -1.000000000000000000 ) ) ;
#3463 = ORIENTED_EDGE ( 'NONE', *, *, #6666, .F. ) ;
#3464 = ORIENTED_EDGE ( 'NONE', *, *, #4298, .T. ) ;
#3465 = CARTESIAN_POINT ( 'NONE',  ( 2.319201962066644640, 0.5525000000000012124, 2.397499999999999964 ) ) ;
#3466 = DIRECTION ( 'NONE',  ( 0.2588190451025209060, -0.9659258262890683122, 0.000000000000000000 ) ) ;
#3467 = AXIS2_PLACEMENT_3D ( 'NONE', #3585, #5382, #2269 ) ;
#3468 = ADVANCED_FACE ( 'NONE', ( #7600 ), #2346, .F. ) ;
#3469 = VECTOR ( 'NONE', #7704, 1000.000000000000000 ) ;
#3470 = LINE ( 'NONE', #6241, #3437 ) ;
#3471 = EDGE_LOOP ( 'NONE', ( #3490, #6485, #6677, #6194 ) ) ;
#3472 = FACE_OUTER_BOUND ( 'NONE', #2389, .T. ) ;
#3473 = CARTESIAN_POINT ( 'NONE',  ( 0.000000000000000000, 1.100000000000000311, 0.000000000000000000 ) ) ;
#3474 = ORIENTED_EDGE ( 'NONE', *, *, #32, .T. ) ;
#3475 = VERTEX_POINT ( 'NONE', #2054 ) ;
#3476 = VECTOR ( 'NONE', #1510, 1000.000000000000000 ) ;
#3477 = ORIENTED_EDGE ( 'NONE', *, *, #5239, .T. ) ;
#3478 = DIRECTION ( 'NONE',  ( 1.000000000000000000, 0.000000000000000000, 0.000000000000000000 ) ) ;
#3479 = CARTESIAN_POINT ( 'NONE',  ( -2.469350262772739057, 0.4372871566690347267, -0.4475000000000003975 ) ) ;
#3480 = DIRECTION ( 'NONE',  ( 0.2588190451025209060, -0.9659258262890683122, 0.000000000000000000 ) ) ;
#3481 = FACE_OUTER_BOUND ( 'NONE', #2201, .T. ) ;
#3482 = DIRECTION ( 'NONE',  ( 1.000000000000000000, 0.000000000000000000, 0.000000000000000000 ) ) ;
#3483 = FACE_OUTER_BOUND ( 'NONE', #409, .T. ) ;
#3484 = AXIS2_PLACEMENT_3D ( 'NONE', #7818, #1757, #7189 ) ;
#3485 = FILL_AREA_STYLE ('',( #1068 ) ) ;
#3486 = EDGE_CURVE ( 'NONE', #6292, #3245, #7567, .T. ) ;
#3487 = ORIENTED_EDGE ( 'NONE', *, *, #2414, .T. ) ;
#3488 = CARTESIAN_POINT ( 'NONE',  ( -1.600000000000001199, 1.100000000000000311, -1.899999999999995470 ) ) ;
#3489 = LINE ( 'NONE', #1986, #6180 ) ;
#3490 = ORIENTED_EDGE ( 'NONE', *, *, #1545, .F. ) ;
#3491 = PRESENTATION_LAYER_ASSIGNMENT (  '', '', ( #2594 ) ) ;
#3492 = ORIENTED_EDGE ( 'NONE', *, *, #4558, .T. ) ;
#3493 = CARTESIAN_POINT ( 'NONE',  ( 2.809741250672937785, 0.3277608774589687579, -1.502500000000000391 ) ) ;
#3494 = EDGE_LOOP ( 'NONE', ( #754, #7450, #5576, #5863, #7838, #5513, #2880, #3568, #400, #112, #1020, #2870 ) ) ;
#3495 = EDGE_CURVE ( 'NONE', #6047, #1277, #4860, .T. ) ;
#3496 = FACE_OUTER_BOUND ( 'NONE', #7340, .T. ) ;
#3497 = PLANE ( 'NONE',  #6776 ) ;
#3498 = FILL_AREA_STYLE ('',( #5834 ) ) ;
#3499 = ORIENTED_EDGE ( 'NONE', *, *, #1747, .T. ) ;
#3500 = LINE ( 'NONE', #53, #1062 ) ;
#3501 = EDGE_CURVE ( 'NONE', #289, #5485, #7576, .T. ) ;
#3502 = EDGE_LOOP ( 'NONE', ( #2403, #565, #3492, #3302 ) ) ;
#3503 = DIRECTION ( 'NONE',  ( 1.000000000000000000, 0.000000000000000000, 0.000000000000000000 ) ) ;
#3504 = ORIENTED_EDGE ( 'NONE', *, *, #736, .F. ) ;
#3505 = AXIS2_PLACEMENT_3D ( 'NONE', #7550, #3790, #896 ) ;
#3506 = FILL_AREA_STYLE ('',( #2823 ) ) ;
#3507 = LINE ( 'NONE', #195, #3640 ) ;
#3508 = EDGE_CURVE ( 'NONE', #3265, #7580, #7413, .T. ) ;
#3509 = ORIENTED_EDGE ( 'NONE', *, *, #5560, .F. ) ;
#3510 = FILL_AREA_STYLE ('',( #5784 ) ) ;
#3511 = EDGE_CURVE ( 'NONE', #2329, #6131, #7434, .T. ) ;
#3512 = LINE ( 'NONE', #7458, #3588 ) ;
#3513 = PLANE ( 'NONE',  #6556 ) ;
#3514 = CARTESIAN_POINT ( 'NONE',  ( -2.200000000000000622, 0.6975000000000013411, 1.097499999999999476 ) ) ;
#3515 = VERTEX_POINT ( 'NONE', #1614 ) ;
#3516 = EDGE_CURVE ( 'NONE', #5375, #5871, #2385, .T. ) ;
#3517 = VECTOR ( 'NONE', #3774, 1000.000000000000000 ) ;
#3518 = ADVANCED_FACE ( 'NONE', ( #2207 ), #4498, .F. ) ;
#3519 = CARTESIAN_POINT ( 'NONE',  ( -2.319201962066644640, 0.3970550407499311429, 0.8524999999999994804 ) ) ;
#3520 = VERTEX_POINT ( 'NONE', #2152 ) ;
#3521 = DIRECTION ( 'NONE',  ( -0.000000000000000000, -0.000000000000000000, -1.000000000000000000 ) ) ;
#3522 = ORIENTED_EDGE ( 'NONE', *, *, #7468, .T. ) ;
#3523 = FACE_OUTER_BOUND ( 'NONE', #6228, .T. ) ;
#3524 = MANIFOLD_SOLID_BREP ( 'Boss-Extrude5', #718 ) ;
#3525 = VERTEX_POINT ( 'NONE', #2721 ) ;
#3526 = EDGE_CURVE ( 'NONE', #7774, #1067, #5208, .T. ) ;
#3527 = CARTESIAN_POINT ( 'NONE',  ( -2.200000000000000622, 0.5525000000000013234, 0.4474999999999995648 ) ) ;
#3528 = DIRECTION ( 'NONE',  ( -0.000000000000000000, -0.000000000000000000, -1.000000000000000000 ) ) ;
#3529 = EDGE_CURVE ( 'NONE', #3525, #5994, #5154, .T. ) ;
#3530 = CYLINDRICAL_SURFACE ( 'NONE', #7280, 0.2500000000000000000 ) ;
#3531 = FACE_OUTER_BOUND ( 'NONE', #5250, .T. ) ;
#3532 = AXIS2_PLACEMENT_3D ( 'NONE', #1307, #1928, #1884 ) ;
#3533 = EDGE_LOOP ( 'NONE', ( #5190, #276, #6671, #5527 ) ) ;
#3534 = CIRCLE ( 'NONE', #5534, 0.3004449592500699762 ) ;
#3535 = DIRECTION ( 'NONE',  ( 0.000000000000000000, -0.9781476007338055778, -0.2079116908177597867 ) ) ;
#3536 = ORIENTED_EDGE ( 'NONE', *, *, #4540, .F. ) ;
#3537 = ORIENTED_EDGE ( 'NONE', *, *, #3053, .T. ) ;
#3538 = CIRCLE ( 'NONE', #4748, 0.1554449592500702360 ) ;
#3539 = VERTEX_POINT ( 'NONE', #5111 ) ;
#3540 = AXIS2_PLACEMENT_3D ( 'NONE', #7642, #2791, #7543 ) ;
#3541 = CARTESIAN_POINT ( 'NONE',  ( 2.200000000000000622, 0.5525000000000013234, 1.097499999999999476 ) ) ;
#3542 = DIRECTION ( 'NONE',  ( 0.000000000000000000, 0.000000000000000000, 1.000000000000000000 ) ) ;
#3543 = LINE ( 'NONE', #155, #758 ) ;
#3544 = CARTESIAN_POINT ( 'NONE',  ( -2.200000000000000622, 0.5525000000000013234, 1.747499999999999387 ) ) ;
#3545 = CARTESIAN_POINT ( 'NONE',  ( -2.809741250672937785, 0.3277608774589687579, -0.2025000000000004297 ) ) ;
#3546 = AXIS2_PLACEMENT_3D ( 'NONE', #3519, #5293, #506 ) ;
#3547 = PLANE ( 'NONE',  #5329 ) ;
#3548 = VERTEX_POINT ( 'NONE', #5691 ) ;
#3549 = LINE ( 'NONE', #3658, #856 ) ;
#3550 = ORIENTED_EDGE ( 'NONE', *, *, #2943, .F. ) ;
#3551 = EDGE_LOOP ( 'NONE', ( #1889, #1659, #4151, #6896 ) ) ;
#3552 = EDGE_CURVE ( 'NONE', #1785, #582, #7862, .T. ) ;
#3553 = CARTESIAN_POINT ( 'NONE',  ( 2.200000000000000622, 0.5525000000000013234, -2.397500000000000409 ) ) ;
#3554 = VECTOR ( 'NONE', #2991, 999.9999999999998863 ) ;
#3555 = EDGE_LOOP ( 'NONE', ( #39, #3291, #5759, #529 ) ) ;
#3556 = PLANE ( 'NONE',  #979 ) ;
#3557 = FACE_OUTER_BOUND ( 'NONE', #490, .T. ) ;
#3558 = CIRCLE ( 'NONE', #6354, 0.3004449592500699762 ) ;
#3559 = CARTESIAN_POINT ( 'NONE',  ( 3.199999999999999734, 0.1446467872876750493, 2.397499999999999964 ) ) ;
#3560 = CARTESIAN_POINT ( 'NONE',  ( -3.199999999999999734, 0.1446467872876750493, 2.397499999999999964 ) ) ;
#3561 = ORIENTED_EDGE ( 'NONE', *, *, #4372, .T. ) ;
#3562 = VECTOR ( 'NONE', #611, 1000.000000000000000 ) ;
#3563 = VERTEX_POINT ( 'NONE', #113 ) ;
#3565 = ORIENTED_EDGE ( 'NONE', *, *, #1155, .T. ) ;
#3564 = CARTESIAN_POINT ( 'NONE',  ( -2.469350262772739502, 0.4372871566690347822, -0.2025000000000004297 ) ) ;
#3566 = DIRECTION ( 'NONE',  ( 1.000000000000000000, 0.000000000000000000, 0.000000000000000000 ) ) ;
#3567 = CIRCLE ( 'NONE', #6405, 0.3004449592500699762 ) ;
#3568 = ORIENTED_EDGE ( 'NONE', *, *, #6063, .F. ) ;
#3569 = CARTESIAN_POINT ( 'NONE',  ( -2.200000000000000622, 0.6975000000000013411, 2.500000000000001332 ) ) ;
#3570 = VECTOR ( 'NONE', #2843, 1000.000000000000114 ) ;
#3571 = DIRECTION ( 'NONE',  ( -1.000000000000000000, 0.000000000000000000, 0.000000000000000000 ) ) ;
#3572 = DIRECTION ( 'NONE',  ( 1.000000000000000000, 0.000000000000000000, 0.000000000000000000 ) ) ;
#3573 = VERTEX_POINT ( 'NONE', #4026 ) ;
#3574 = DIRECTION ( 'NONE',  ( 0.000000000000000000, -0.000000000000000000, -1.000000000000000000 ) ) ;
#3575 = LINE ( 'NONE', #1683, #6102 ) ;
#3576 = CARTESIAN_POINT ( 'NONE',  ( -2.319201962066644640, 0.6975000000000013411, -1.747500000000000275 ) ) ;
#3577 = EDGE_LOOP ( 'NONE', ( #3522, #3060, #5512, #5574 ) ) ;
#3578 = CARTESIAN_POINT ( 'NONE',  ( -2.609409507584654175, 0.4748159182089002894, -1.502500000000000391 ) ) ;
#3579 = ORIENTED_EDGE ( 'NONE', *, *, #5421, .T. ) ;
#3580 =( GEOMETRIC_REPRESENTATION_CONTEXT ( 3 ) GLOBAL_UNCERTAINTY_ASSIGNED_CONTEXT ( ( #1496 ) ) GLOBAL_UNIT_ASSIGNED_CONTEXT ( ( #848, #5006, #1562 ) ) REPRESENTATION_CONTEXT ( 'NONE', 'WORKASPACE' ) );
#3581 = CIRCLE ( 'NONE', #2342, 0.3004449592500699762 ) ;
#3582 = ORIENTED_EDGE ( 'NONE', *, *, #1558, .F. ) ;
#3583 = CARTESIAN_POINT ( 'NONE',  ( -2.319201962066644640, 0.3970550407499311429, -1.747500000000000275 ) ) ;
#3584 = EDGE_CURVE ( 'NONE', #4834, #2419, #5216, .T. ) ;
#3585 = CARTESIAN_POINT ( 'NONE',  ( 2.809741250672937785, 0.3277608774589687579, -0.8525000000000003686 ) ) ;
#3586 = DIRECTION ( 'NONE',  ( -1.000000000000000000, 0.000000000000000000, 0.000000000000000000 ) ) ;
#3587 = UNCERTAINTY_MEASURE_WITH_UNIT (LENGTH_MEASURE( 1.000000000000000082E-05 ), #2298, 'distance_accuracy_value', 'NONE');
#3588 = VECTOR ( 'NONE', #6144, 1000.000000000000000 ) ;
#3589 = ORIENTED_EDGE ( 'NONE', *, *, #2414, .F. ) ;
#3590 = LINE ( 'NONE', #980, #6088 ) ;
#3591 = PLANE ( 'NONE',  #493 ) ;
#3592 = ORIENTED_EDGE ( 'NONE', *, *, #4118, .T. ) ;
#3593 = ORIENTED_EDGE ( 'NONE', *, *, #3645, .T. ) ;
#3594 = VERTEX_POINT ( 'NONE', #2105 ) ;
#3595 = AXIS2_PLACEMENT_3D ( 'NONE', #6553, #7131, #4901 ) ;
#3596 = CARTESIAN_POINT ( 'NONE',  ( -2.798897958454353851, 0.1726945743169953640, 1.097499999999999476 ) ) ;
#3597 = EDGE_CURVE ( 'NONE', #6454, #3879, #7664, .T. ) ;
#3598 = DIRECTION ( 'NONE',  ( 0.9975640502598243087, 0.06975647374412523305, -0.000000000000000000 ) ) ;
#3599 = DIRECTION ( 'NONE',  ( 0.000000000000000000, 0.000000000000000000, 1.000000000000000000 ) ) ;
#3600 = AXIS2_PLACEMENT_3D ( 'NONE', #1039, #4054, #7681 ) ;
#3601 = PLANE ( 'NONE',  #4862 ) ;
#3602 = CYLINDRICAL_SURFACE ( 'NONE', #1740, 0.1554449592500702360 ) ;
#3603 = DIRECTION ( 'NONE',  ( -1.000000000000000000, 0.000000000000000000, 0.000000000000000000 ) ) ;
#3604 = DIRECTION ( 'NONE',  ( -1.000000000000000000, -9.095506094768336076E-16, 0.000000000000000000 ) ) ;
#3605 = ORIENTED_EDGE ( 'NONE', *, *, #1064, .F. ) ;
#3606 = EDGE_CURVE ( 'NONE', #1208, #7478, #5125, .T. ) ;
#3607 = CARTESIAN_POINT ( 'NONE',  ( -3.199999999999999734, 0.1446467872876750493, -2.397500000000000409 ) ) ;
#3608 = VECTOR ( 'NONE', #4437, 1000.000000000000000 ) ;
#3609 = ORIENTED_EDGE ( 'NONE', *, *, #3754, .T. ) ;
#3610 = CARTESIAN_POINT ( 'NONE',  ( -1.600000000000001199, 1.000000000000000222, -1.899999999999995470 ) ) ;
#3611 = ORIENTED_EDGE ( 'NONE', *, *, #556, .T. ) ;
#3612 = ADVANCED_FACE ( 'NONE', ( #5140 ), #1845, .F. ) ;
#3613 = CARTESIAN_POINT ( 'NONE',  ( 3.189885311307101734, 6.428775942946129489E-16, 0.4474999999999995648 ) ) ;
#3614 = ORIENTED_EDGE ( 'NONE', *, *, #2284, .F. ) ;
#3615 = LINE ( 'NONE', #6844, #1040 ) ;
#3616 = EDGE_CURVE ( 'NONE', #1150, #6571, #5179, .T. ) ;
#3617 = ORIENTED_EDGE ( 'NONE', *, *, #2085, .F. ) ;
#3618 = CARTESIAN_POINT ( 'NONE',  ( 2.788783269761455852, 0.02804778702932084894, -0.4475000000000003975 ) ) ;
#3619 = CIRCLE ( 'NONE', #1857, 0.1554449592500702360 ) ;
#3620 = ORIENTED_EDGE ( 'NONE', *, *, #541, .F. ) ;
#3621 = EDGE_CURVE ( 'NONE', #1590, #3573, #2593, .T. ) ;
#3622 = DIRECTION ( 'NONE',  ( -0.2588190451025186856, -0.9659258262890688673, 0.000000000000000000 ) ) ;
#3623 = CARTESIAN_POINT ( 'NONE',  ( 2.609409507584654175, 0.4748159182089002894, 1.097499999999999476 ) ) ;
#3624 = ORIENTED_EDGE ( 'NONE', *, *, #2316, .F. ) ;
#3625 = LINE ( 'NONE', #2967, #889 ) ;
#3626 = DIRECTION ( 'NONE',  ( -0.000000000000000000, -0.000000000000000000, -1.000000000000000000 ) ) ;
#3627 = CARTESIAN_POINT ( 'NONE',  ( 2.199999999999999734, 0.1500000000000006606, 2.414445983927816286 ) ) ;
#3628 = ORIENTED_EDGE ( 'NONE', *, *, #1931, .T. ) ;
#3629 = FACE_OUTER_BOUND ( 'NONE', #6603, .T. ) ;
#3630 = EDGE_LOOP ( 'NONE', ( #1741, #3816, #6002, #949 ) ) ;
#3631 = CARTESIAN_POINT ( 'NONE',  ( 2.200000000000000622, 0.5525000000000013234, 0.4474999999999995648 ) ) ;
#3632 = CARTESIAN_POINT ( 'NONE',  ( -2.319201962066644640, 0.3970550407499311429, 1.747499999999999387 ) ) ;
#3633 = EDGE_CURVE ( 'NONE', #3525, #7868, #7737, .T. ) ;
#3634 = VECTOR ( 'NONE', #6971, 1000.000000000000000 ) ;
#3635 = VERTEX_POINT ( 'NONE', #7238 ) ;
#3636 = AXIS2_PLACEMENT_3D ( 'NONE', #3560, #4194, #4747 ) ;
#3637 = LINE ( 'NONE', #301, #6119 ) ;
#3638 = DIRECTION ( 'NONE',  ( -0.9975640502598243087, -0.06975647374412488610, 0.000000000000000000 ) ) ;
#3639 = ORIENTED_EDGE ( 'NONE', *, *, #6848, .T. ) ;
#3640 = VECTOR ( 'NONE', #7455, 1000.000000000000000 ) ;
#3641 = ORIENTED_EDGE ( 'NONE', *, *, #1825, .T. ) ;
#3642 = DIRECTION ( 'NONE',  ( 0.000000000000000000, 1.000000000000000000, 0.000000000000000000 ) ) ;
#3643 = DIRECTION ( 'NONE',  ( -0.000000000000000000, -0.000000000000000000, -1.000000000000000000 ) ) ;
#3644 = DIRECTION ( 'NONE',  ( -0.9659258262890688673, 0.2588190451025186856, 0.000000000000000000 ) ) ;
#3645 = EDGE_CURVE ( 'NONE', #5040, #6044, #2531, .T. ) ;
#3646 = CARTESIAN_POINT ( 'NONE',  ( 3.199999999999999734, 0.1446467872876750493, -2.152500000000000302 ) ) ;
#3647 = DIRECTION ( 'NONE',  ( -9.095506094768336076E-16, 1.000000000000000000, 0.000000000000000000 ) ) ;
#3648 = VERTEX_POINT ( 'NONE', #7714 ) ;
#3649 = DIRECTION ( 'NONE',  ( 1.000000000000000000, 0.000000000000000000, 0.000000000000000000 ) ) ;
#3650 = CARTESIAN_POINT ( 'NONE',  ( -2.319201962066644640, 0.6975000000000013411, -2.397500000000000409 ) ) ;
#3651 = VECTOR ( 'NONE', #7399, 1000.000000000000000 ) ;
#3652 = ORIENTED_EDGE ( 'NONE', *, *, #1811, .F. ) ;
#3653 = CARTESIAN_POINT ( 'NONE',  ( -3.199999999999999734, 0.1446467872876750493, -2.397500000000000409 ) ) ;
#3654 = FACE_OUTER_BOUND ( 'NONE', #7461, .T. ) ;
#3655 = ORIENTED_EDGE ( 'NONE', *, *, #7629, .T. ) ;
#3656 = FILL_AREA_STYLE_COLOUR ( '', #197 ) ;
#3657 = LINE ( 'NONE', #7717, #898 ) ;
#3658 = CARTESIAN_POINT ( 'NONE',  ( 2.788783269761455852, 0.02804778702932084894, -0.8525000000000003686 ) ) ;
#3659 = ORIENTED_EDGE ( 'NONE', *, *, #5744, .F. ) ;
#3660 = CYLINDRICAL_SURFACE ( 'NONE', #2711, 0.3004449592500699762 ) ;
#3662 = ORIENTED_EDGE ( 'NONE', *, *, #1895, .T. ) ;
#3661 = DIRECTION ( 'NONE',  ( 0.9975640502598243087, 0.06975647374412523305, -0.000000000000000000 ) ) ;
#3663 = CARTESIAN_POINT ( 'NONE',  ( -2.798897958454353851, 0.1726945743169953640, -0.2025000000000004297 ) ) ;
#3664 = COLOUR_RGB ( '',0.8000000000000000444, 0.8196078431372548767, 0.9333333333333333481 ) ;
#3665 = ORIENTED_EDGE ( 'NONE', *, *, #2011, .T. ) ;
#3666 = CARTESIAN_POINT ( 'NONE',  ( 2.319201962066644640, 0.3970550407499311429, -0.2025000000000004297 ) ) ;
#3667 = ADVANCED_FACE ( 'NONE', ( #5248 ), #7658, .F. ) ;
#3668 = LINE ( 'NONE', #5591, #6313 ) ;
#3669 = DIRECTION ( 'NONE',  ( 0.000000000000000000, -0.000000000000000000, -1.000000000000000000 ) ) ;
#3670 = AXIS2_PLACEMENT_3D ( 'NONE', #4292, #1186, #3704 ) ;
#3671 = CARTESIAN_POINT ( 'NONE',  ( -2.809741250672937785, 0.3277608774589687579, 0.2024999999999995692 ) ) ;
#3672 = ORIENTED_EDGE ( 'NONE', *, *, #5456, .T. ) ;
#3673 = VECTOR ( 'NONE', #7541, 1000.000000000000000 ) ;
#3674 = CARTESIAN_POINT ( 'NONE',  ( 2.809741250672937785, 0.3277608774589687579, 2.152499999999999858 ) ) ;
#3675 = UNCERTAINTY_MEASURE_WITH_UNIT (LENGTH_MEASURE( 1.000000000000000082E-05 ), #5153, 'distance_accuracy_value', 'NONE');
#3676 =( GEOMETRIC_REPRESENTATION_CONTEXT ( 3 ) GLOBAL_UNCERTAINTY_ASSIGNED_CONTEXT ( ( #307 ) ) GLOBAL_UNIT_ASSIGNED_CONTEXT ( ( #5027, #938, #3262 ) ) REPRESENTATION_CONTEXT ( 'NONE', 'WORKASPACE' ) );
#3677 = CLOSED_SHELL ( 'NONE', ( #1556, #5597, #650, #2133, #6207, #3226, #7332, #4363, #7317, #7044, #4335, #4074, #2771, #6930 ) ) ;
#3678 = LINE ( 'NONE', #3742, #6171 ) ;
#3679 = ORIENTED_EDGE ( 'NONE', *, *, #2182, .T. ) ;
#3680 = CARTESIAN_POINT ( 'NONE',  ( 3.189885311307101734, 6.428775942946129489E-16, 1.097499999999999476 ) ) ;
#3681 = DIRECTION ( 'NONE',  ( 0.06975647374412521917, 0.9975640502598241977, 0.000000000000000000 ) ) ;
#3682 = CARTESIAN_POINT ( 'NONE',  ( 2.319201962066644640, 0.3970550407499311429, -2.397500000000000409 ) ) ;
#3683 = CARTESIAN_POINT ( 'NONE',  ( 2.200000000000000622, 0.5525000000000013234, -1.097500000000000364 ) ) ;
#3684 = CARTESIAN_POINT ( 'NONE',  ( -2.319201962066644640, 0.3970550407499311429, -0.8525000000000003686 ) ) ;
#3685 = SURFACE_STYLE_FILL_AREA ( #6118 ) ;
#3686 = ORIENTED_EDGE ( 'NONE', *, *, #3149, .F. ) ;
#3687 = CIRCLE ( 'NONE', #1779, 0.3004449592500699762 ) ;
#3688 = EDGE_CURVE ( 'NONE', #399, #3015, #7692, .T. ) ;
#3689 = CARTESIAN_POINT ( 'NONE',  ( 2.798897958454353851, 0.1726945743169953640, -0.2025000000000004297 ) ) ;
#3690 = ORIENTED_EDGE ( 'NONE', *, *, #5192, .F. ) ;
#3691 = AXIS2_PLACEMENT_3D ( 'NONE', #5948, #3064, #1802 ) ;
#3692 = VECTOR ( 'NONE', #149, 1000.000000000000000 ) ;
#3693 = ORIENTED_EDGE ( 'NONE', *, *, #154, .T. ) ;
#3694 = PLANE ( 'NONE',  #63 ) ;
#3695 = CARTESIAN_POINT ( 'NONE',  ( -3.199999999999999734, 0.1446467872876750493, -0.4475000000000003975 ) ) ;
#3696 = EDGE_CURVE ( 'NONE', #6709, #2921, #7705, .T. ) ;
#3697 = DIRECTION ( 'NONE',  ( 0.000000000000000000, -0.000000000000000000, -1.000000000000000000 ) ) ;
#3698 = DIRECTION ( 'NONE',  ( -0.9781476007338055778, 0.2079116908177597867, 8.484078029816613514E-17 ) ) ;
#3699 = LINE ( 'NONE', #4517, #6444 ) ;
#3700 = SURFACE_SIDE_STYLE ('',( #2707 ) ) ;
#3701 =( NAMED_UNIT ( * ) SI_UNIT ( $, .STERADIAN. ) SOLID_ANGLE_UNIT ( ) );
#3702 = ORIENTED_EDGE ( 'NONE', *, *, #2859, .F. ) ;
#3703 = VECTOR ( 'NONE', #2367, 1000.000000000000000 ) ;
#3704 = DIRECTION ( 'NONE',  ( -1.000000000000000000, 0.000000000000000000, 0.000000000000000000 ) ) ;
#3705 = FACE_OUTER_BOUND ( 'NONE', #6182, .T. ) ;
#3706 = ADVANCED_FACE ( 'NONE', ( #2568 ), #4127, .F. ) ;
#3707 = EDGE_LOOP ( 'NONE', ( #801, #640, #2844, #6058 ) ) ;
#3708 = VECTOR ( 'NONE', #3480, 1000.000000000000114 ) ;
#3709 = ORIENTED_EDGE ( 'NONE', *, *, #2944, .F. ) ;
#3710 = ORIENTED_EDGE ( 'NONE', *, *, #1415, .T. ) ;
#3711 = SURFACE_SIDE_STYLE ('',( #2803 ) ) ;
#3712 = EDGE_CURVE ( 'NONE', #3648, #3287, #5083, .T. ) ;
#3713 = CIRCLE ( 'NONE', #7816, 0.3004449592500699762 ) ;
#3714 = DIRECTION ( 'NONE',  ( 0.2588190451025186856, 0.9659258262890688673, -0.000000000000000000 ) ) ;
#3715 = CARTESIAN_POINT ( 'NONE',  ( 2.469350262772739502, 0.4372871566690347822, -2.152500000000000302 ) ) ;
#3716 = ORIENTED_EDGE ( 'NONE', *, *, #629, .F. ) ;
#3717 = CIRCLE ( 'NONE', #613, 0.3004449592500699762 ) ;
#3718 = LINE ( 'NONE', #6110, #3906 ) ;
#3719 = EDGE_CURVE ( 'NONE', #5510, #2864, #2514, .T. ) ;
#3720 = ORIENTED_EDGE ( 'NONE', *, *, #5295, .F. ) ;
#3721 = LINE ( 'NONE', #6302, #1149 ) ;
#3722 = VERTEX_POINT ( 'NONE', #1801 ) ;
#3723 = VERTEX_POINT ( 'NONE', #7770 ) ;
#3724 = DIRECTION ( 'NONE',  ( -0.9975640502598243087, -0.06975647374412488610, 0.000000000000000000 ) ) ;
#3725 = ADVANCED_FACE ( 'NONE', ( #7784 ), #365, .F. ) ;
#3726 = FACE_OUTER_BOUND ( 'NONE', #5220, .T. ) ;
#3727 = DIRECTION ( 'NONE',  ( 1.000000000000000000, 0.000000000000000000, 0.000000000000000000 ) ) ;
#3728 = DIRECTION ( 'NONE',  ( -0.000000000000000000, 1.000000000000000000, -0.000000000000000000 ) ) ;
#3729 = VERTEX_POINT ( 'NONE', #5946 ) ;
#3730 = FACE_OUTER_BOUND ( 'NONE', #687, .T. ) ;
#3731 = LINE ( 'NONE', #4108, #1207 ) ;
#3732 = DIRECTION ( 'NONE',  ( -0.000000000000000000, -0.000000000000000000, -1.000000000000000000 ) ) ;
#3733 = CARTESIAN_POINT ( 'NONE',  ( 2.519533705154928249, 0.2499999999999996669, 2.397499999999999964 ) ) ;
#3734 = ORIENTED_EDGE ( 'NONE', *, *, #2615, .F. ) ;
#3735 = EDGE_CURVE ( 'NONE', #2990, #4198, #6, .T. ) ;
#3736 = SURFACE_STYLE_FILL_AREA ( #3498 ) ;
#3737 = ORIENTED_EDGE ( 'NONE', *, *, #4527, .T. ) ;
#3738 = ORIENTED_EDGE ( 'NONE', *, *, #4828, .F. ) ;
#3739 = CARTESIAN_POINT ( 'NONE',  ( 2.114445983927816020, 1.100000000000000311, 2.414445983927816730 ) ) ;
#3740 = CARTESIAN_POINT ( 'NONE',  ( -1.600000000000001199, 1.100000000000000311, -2.149999999999995470 ) ) ;
#3741 =( GEOMETRIC_REPRESENTATION_CONTEXT ( 3 ) GLOBAL_UNCERTAINTY_ASSIGNED_CONTEXT ( ( #110 ) ) GLOBAL_UNIT_ASSIGNED_CONTEXT ( ( #6568, #1302, #4735 ) ) REPRESENTATION_CONTEXT ( 'NONE', 'WORKASPACE' ) );
#3742 = CARTESIAN_POINT ( 'NONE',  ( -2.469350262772739502, 0.4372871566690347822, -2.397500000000000409 ) ) ;
#3743 = SURFACE_STYLE_USAGE ( .BOTH. , #28 ) ;
#3744 = ADVANCED_FACE ( 'NONE', ( #2542 ), #5260, .T. ) ;
#3745 = DIRECTION ( 'NONE',  ( 0.000000000000000000, -1.000000000000000000, 0.000000000000000000 ) ) ;
#3746 = LINE ( 'NONE', #6015, #1381 ) ;
#3747 = EDGE_LOOP ( 'NONE', ( #2264, #5894, #3148, #5267, #304, #5951, #2597, #7593, #509, #5142, #4062, #7488 ) ) ;
#3748 = CYLINDRICAL_SURFACE ( 'NONE', #963, 0.3004449592500699762 ) ;
#3749 = FACE_OUTER_BOUND ( 'NONE', #2401, .T. ) ;
#3750 = ORIENTED_EDGE ( 'NONE', *, *, #4955, .T. ) ;
#3751 = CIRCLE ( 'NONE', #5107, 0.1554449592500702360 ) ;
#3752 = ORIENTED_EDGE ( 'NONE', *, *, #6512, .F. ) ;
#3753 = ORIENTED_EDGE ( 'NONE', *, *, #1969, .T. ) ;
#3754 = EDGE_CURVE ( 'NONE', #5945, #7774, #7825, .T. ) ;
#3755 = AXIS2_PLACEMENT_3D ( 'NONE', #7792, #2742, #4802 ) ;
#3756 = DIRECTION ( 'NONE',  ( 1.000000000000000000, 0.000000000000000000, 0.000000000000000000 ) ) ;
#3757 = DIRECTION ( 'NONE',  ( -0.000000000000000000, -0.000000000000000000, -1.000000000000000000 ) ) ;
#3758 = VECTOR ( 'NONE', #135, 1000.000000000000000 ) ;
#3759 = CIRCLE ( 'NONE', #2227, 0.1554449592500702360 ) ;
#3760 = CARTESIAN_POINT ( 'NONE',  ( -2.659592949966843367, 0.2875287615398652852, 0.2024999999999995692 ) ) ;
#3761 = SURFACE_STYLE_USAGE ( .BOTH. , #3065 ) ;
#3762 = ORIENTED_EDGE ( 'NONE', *, *, #7315, .T. ) ;
#3763 = CARTESIAN_POINT ( 'NONE',  ( -2.319201962066644640, 0.3970550407499311429, -0.8525000000000003686 ) ) ;
#3764 = FACE_OUTER_BOUND ( 'NONE', #6404, .T. ) ;
#3765 = ORIENTED_EDGE ( 'NONE', *, *, #4630, .F. ) ;
#3766 = AXIS2_PLACEMENT_3D ( 'NONE', #6487, #1140, #3448 ) ;
#3767 = CARTESIAN_POINT ( 'NONE',  ( -2.319201962066644640, 0.3970550407499311429, -2.397500000000000409 ) ) ;
#3768 = LINE ( 'NONE', #1684, #3964 ) ;
#3769 = EDGE_LOOP ( 'NONE', ( #6663, #3106, #7244, #5214, #3579, #3609, #141, #1029, #3639, #1088, #6191, #7844 ) ) ;
#3770 = VERTEX_POINT ( 'NONE', #2324 ) ;
#3771 = CARTESIAN_POINT ( 'NONE',  ( -2.798897958454353851, 0.1726945743169953640, -2.152500000000000302 ) ) ;
#3772 = LINE ( 'NONE', #6892, #3901 ) ;
#3773 = VECTOR ( 'NONE', #1780, 1000.000000000000000 ) ;
#3774 = DIRECTION ( 'NONE',  ( -0.000000000000000000, -0.000000000000000000, -1.000000000000000000 ) ) ;
#3775 = DIRECTION ( 'NONE',  ( 0.9659258262890683122, -0.2588190451025209060, 0.000000000000000000 ) ) ;
#3776 = ORIENTED_EDGE ( 'NONE', *, *, #3645, .F. ) ;
#3777 = LINE ( 'NONE', #322, #3811 ) ;
#3778 = AXIS2_PLACEMENT_3D ( 'NONE', #817, #7444, #3077 ) ;
#3779 = LINE ( 'NONE', #7514, #6464 ) ;
#3780 = ADVANCED_FACE ( 'NONE', ( #19 ), #3601, .F. ) ;
#3781 = ORIENTED_EDGE ( 'NONE', *, *, #6666, .T. ) ;
#3782 = LINE ( 'NONE', #1712, #3708 ) ;
#3783 = EDGE_LOOP ( 'NONE', ( #3201, #3911 ) ) ;
#3784 = VERTEX_POINT ( 'NONE', #4825 ) ;
#3785 = AXIS2_PLACEMENT_3D ( 'NONE', #7562, #904, #2674 ) ;
#3786 = DIRECTION ( 'NONE',  ( -0.000000000000000000, 0.000000000000000000, -1.000000000000000000 ) ) ;
#3787 = DIRECTION ( 'NONE',  ( 0.000000000000000000, 0.000000000000000000, 1.000000000000000000 ) ) ;
#3788 = AXIS2_PLACEMENT_3D ( 'NONE', #6087, #2439, #6898 ) ;
#3789 = CYLINDRICAL_SURFACE ( 'NONE', #7723, 0.3004449592500699762 ) ;
#3790 = DIRECTION ( 'NONE',  ( -0.000000000000000000, -0.000000000000000000, -1.000000000000000000 ) ) ;
#3791 = LINE ( 'NONE', #331, #3874 ) ;
#3792 = CARTESIAN_POINT ( 'NONE',  ( -2.319201962066644640, 0.5525000000000012124, 1.747499999999999387 ) ) ;
#3793 = VERTEX_POINT ( 'NONE', #6077 ) ;
#3794 = VECTOR ( 'NONE', #3949, 1000.000000000000000 ) ;
#3795 = DIRECTION ( 'NONE',  ( 0.000000000000000000, -0.000000000000000000, -1.000000000000000000 ) ) ;
#3796 = EDGE_LOOP ( 'NONE', ( #5853, #3973, #6351, #548 ) ) ;
#3797 = LINE ( 'NONE', #1470, #1117 ) ;
#3798 = ORIENTED_EDGE ( 'NONE', *, *, #7565, .F. ) ;
#3799 = ORIENTED_EDGE ( 'NONE', *, *, #7329, .T. ) ;
#3800 = ADVANCED_FACE ( 'NONE', ( #7674 ), #3940, .T. ) ;
#3801 = DIRECTION ( 'NONE',  ( -0.000000000000000000, -0.000000000000000000, -1.000000000000000000 ) ) ;
#3802 = CARTESIAN_POINT ( 'NONE',  ( 2.788783269761455852, 0.02804778702932084894, 0.2024999999999995692 ) ) ;
#3803 = CARTESIAN_POINT ( 'NONE',  ( -2.798897958454353851, 0.1726945743169953640, -0.8525000000000003686 ) ) ;
#3804 = CARTESIAN_POINT ( 'NONE',  ( 2.798897958454353851, 0.1726945743169953640, 2.397499999999999964 ) ) ;
#3805 = EDGE_CURVE ( 'NONE', #3729, #757, #2582, .T. ) ;
#3806 = CARTESIAN_POINT ( 'NONE',  ( -2.609409507584654175, 0.4748159182089002894, -0.2025000000000004297 ) ) ;
#3807 = FACE_OUTER_BOUND ( 'NONE', #5013, .T. ) ;
#3808 = CIRCLE ( 'NONE', #1544, 0.3004449592500699762 ) ;
#3809 = AXIS2_PLACEMENT_3D ( 'NONE', #4383, #6197, #4918 ) ;
#3810 = VERTEX_POINT ( 'NONE', #2122 ) ;
#3811 = VECTOR ( 'NONE', #4692, 1000.000000000000000 ) ;
#3812 = FACE_OUTER_BOUND ( 'NONE', #596, .T. ) ;
#3813 = EDGE_CURVE ( 'NONE', #6268, #1041, #7837, .T. ) ;
#3814 = ORIENTED_EDGE ( 'NONE', *, *, #2159, .F. ) ;
#3815 = LINE ( 'NONE', #3985, #6482 ) ;
#3816 = ORIENTED_EDGE ( 'NONE', *, *, #2788, .F. ) ;
#3817 = ORIENTED_EDGE ( 'NONE', *, *, #5209, .T. ) ;
#3818 = DIRECTION ( 'NONE',  ( -0.9975640502598243087, -0.06975647374412488610, 0.000000000000000000 ) ) ;
#3819 = CARTESIAN_POINT ( 'NONE',  ( -2.200000000000000622, 0.6975000000000013411, -0.8525000000000003686 ) ) ;
#3820 = ADVANCED_FACE ( 'NONE', ( #2428 ), #6195, .F. ) ;
#3821 = DIRECTION ( 'NONE',  ( -0.000000000000000000, -0.000000000000000000, -1.000000000000000000 ) ) ;
#3822 = CIRCLE ( 'NONE', #5699, 0.3004449592500699762 ) ;
#3823 = CARTESIAN_POINT ( 'NONE',  ( 3.199999999999999734, 0.1446467872876750493, -0.2025000000000004297 ) ) ;
#3824 =( NAMED_UNIT ( * ) PLANE_ANGLE_UNIT ( ) SI_UNIT ( $, .RADIAN. ) );
#3825 = AXIS2_PLACEMENT_3D ( 'NONE', #4247, #4192, #7249 ) ;
#3826 = ORIENTED_EDGE ( 'NONE', *, *, #2216, .T. ) ;
#3827 = CYLINDRICAL_SURFACE ( 'NONE', #7542, 0.3004449592500699762 ) ;
#3828 = CARTESIAN_POINT ( 'NONE',  ( -2.609409507584654175, 0.4748159182089002894, -1.747500000000000275 ) ) ;
#3829 = LINE ( 'NONE', #5240, #1144 ) ;
#3830 = ORIENTED_EDGE ( 'NONE', *, *, #5595, .T. ) ;
#3831 = EDGE_CURVE ( 'NONE', #761, #1002, #5066, .T. ) ;
#3832 = DIRECTION ( 'NONE',  ( 0.06975647374412523305, -0.9975640502598241977, 0.000000000000000000 ) ) ;
#3833 = LINE ( 'NONE', #6686, #6550 ) ;
#3834 = ORIENTED_EDGE ( 'NONE', *, *, #6682, .F. ) ;
#3835 = ORIENTED_EDGE ( 'NONE', *, *, #5165, .T. ) ;
#3836 = CARTESIAN_POINT ( 'NONE',  ( -2.319201962066644640, 0.3970550407499311429, -0.8525000000000003686 ) ) ;
#3837 = DIRECTION ( 'NONE',  ( 1.000000000000000000, 0.000000000000000000, 0.000000000000000000 ) ) ;
#3838 = CIRCLE ( 'NONE', #6648, 0.3004449592500699762 ) ;
#3839 = FACE_OUTER_BOUND ( 'NONE', #5769, .T. ) ;
#3840 = CARTESIAN_POINT ( 'NONE',  ( -3.189885311307101734, 6.428775942946129489E-16, -1.747500000000000275 ) ) ;
#3841 = ORIENTED_EDGE ( 'NONE', *, *, #1896, .F. ) ;
#3843 = VECTOR ( 'NONE', #2131, 1000.000000000000000 ) ;
#3842 = AXIS2_PLACEMENT_3D ( 'NONE', #3111, #5544, #6240 ) ;
#3844 = CIRCLE ( 'NONE', #249, 0.3004449592500699762 ) ;
#3846 = VERTEX_POINT ( 'NONE', #7527 ) ;
#3845 = DIRECTION ( 'NONE',  ( 0.000000000000000000, -0.000000000000000000, -1.000000000000000000 ) ) ;
#3847 = FACE_OUTER_BOUND ( 'NONE', #1566, .T. ) ;
#3848 = EDGE_LOOP ( 'NONE', ( #5801, #2827, #2234, #5551 ) ) ;
#3849 = VERTEX_POINT ( 'NONE', #4916 ) ;
#3850 = CARTESIAN_POINT ( 'NONE',  ( -1.600000000000001199, 1.000000000000000222, -1.899999999999995470 ) ) ;
#3851 = PLANE ( 'NONE',  #7618 ) ;
#3852 = AXIS2_PLACEMENT_3D ( 'NONE', #6115, #7756, #3681 ) ;
#3853 = AXIS2_PLACEMENT_3D ( 'NONE', #6716, #7708, #3478 ) ;
#3854 = CARTESIAN_POINT ( 'NONE',  ( -2.200000000000000622, 0.5525000000000013234, 0.8524999999999994804 ) ) ;
#3855 = LINE ( 'NONE', #1803, #1157 ) ;
#3856 = EDGE_CURVE ( 'NONE', #7549, #3457, #7722, .T. ) ;
#3857 = DIRECTION ( 'NONE',  ( 0.000000000000000000, 0.000000000000000000, 1.000000000000000000 ) ) ;
#3858 = VECTOR ( 'NONE', #1025, 1000.000000000000000 ) ;
#3859 = ORIENTED_EDGE ( 'NONE', *, *, #1942, .T. ) ;
#3860 = LINE ( 'NONE', #6372, #1143 ) ;
#3861 = LINE ( 'NONE', #7416, #3892 ) ;
#3862 =( LENGTH_UNIT ( ) NAMED_UNIT ( * ) SI_UNIT ( .MILLI., .METRE. ) );
#3863 = ADVANCED_FACE ( 'NONE', ( #4640 ), #139, .F. ) ;
#3864 = CARTESIAN_POINT ( 'NONE',  ( -2.469350262772739502, 0.4372871566690347822, 2.152499999999999858 ) ) ;
#3865 = ORIENTED_EDGE ( 'NONE', *, *, #1008, .T. ) ;
#3866 = CARTESIAN_POINT ( 'NONE',  ( 2.788783269761455852, 0.02804778702932090445, 2.397499999999999964 ) ) ;
#3867 = CIRCLE ( 'NONE', #6517, 0.3004449592500699762 ) ;
#3868 = ORIENTED_EDGE ( 'NONE', *, *, #5942, .T. ) ;
#3869 = VERTEX_POINT ( 'NONE', #5448 ) ;
#3870 = DIRECTION ( 'NONE',  ( 1.000000000000000000, 0.000000000000000000, 0.000000000000000000 ) ) ;
#3871 =( NAMED_UNIT ( * ) SI_UNIT ( $, .STERADIAN. ) SOLID_ANGLE_UNIT ( ) );
#3872 = PLANE ( 'NONE',  #1030 ) ;
#3873 = VECTOR ( 'NONE', #7583, 1000.000000000000000 ) ;
#3874 = VECTOR ( 'NONE', #2861, 1000.000000000000000 ) ;
#3875 = ORIENTED_EDGE ( 'NONE', *, *, #2070, .T. ) ;
#3876 = VECTOR ( 'NONE', #2079, 1000.000000000000000 ) ;
#3877 = CIRCLE ( 'NONE', #2114, 0.1554449592500702360 ) ;
#3878 = ORIENTED_EDGE ( 'NONE', *, *, #6465, .T. ) ;
#3879 = VERTEX_POINT ( 'NONE', #3061 ) ;
#3880 = ORIENTED_EDGE ( 'NONE', *, *, #2697, .T. ) ;
#3881 = ADVANCED_FACE ( 'NONE', ( #5424 ), #924, .F. ) ;
#3882 = CARTESIAN_POINT ( 'NONE',  ( 2.798897958454353851, 0.1726945743169953640, 1.747499999999999387 ) ) ;
#3883 = SURFACE_STYLE_USAGE ( .BOTH. , #5656 ) ;
#3884 = LINE ( 'NONE', #2376, #1366 ) ;
#3885 = FACE_OUTER_BOUND ( 'NONE', #6379, .T. ) ;
#3886 = AXIS2_PLACEMENT_3D ( 'NONE', #2910, #7721, #6725 ) ;
#3887 = DIRECTION ( 'NONE',  ( 0.000000000000000000, -1.000000000000000000, -0.000000000000000000 ) ) ;
#3888 = PLANE ( 'NONE',  #642 ) ;
#3889 = VERTEX_POINT ( 'NONE', #228 ) ;
#3890 = CYLINDRICAL_SURFACE ( 'NONE', #5520, 0.1554449592500702360 ) ;
#3891 = DIRECTION ( 'NONE',  ( 0.000000000000000000, -0.000000000000000000, -1.000000000000000000 ) ) ;
#3892 = VECTOR ( 'NONE', #109, 1000.000000000000000 ) ;
#3893 = DIRECTION ( 'NONE',  ( 1.000000000000000000, 9.095506094768336076E-16, -0.000000000000000000 ) ) ;
#3894 = ORIENTED_EDGE ( 'NONE', *, *, #4197, .F. ) ;
#3895 = DIRECTION ( 'NONE',  ( 0.000000000000000000, 1.000000000000000000, 0.000000000000000000 ) ) ;
#3896 = LINE ( 'NONE', #5014, #6527 ) ;
#3897 = ORIENTED_EDGE ( 'NONE', *, *, #1397, .T. ) ;
#3898 = ORIENTED_EDGE ( 'NONE', *, *, #4996, .F. ) ;
#3899 = CARTESIAN_POINT ( 'NONE',  ( 2.659592949966843367, 0.2875287615398652852, 0.8524999999999994804 ) ) ;
#3900 = CARTESIAN_POINT ( 'NONE',  ( -2.200000000000000622, 1.100000000000000311, 2.414445983927817618 ) ) ;
#3901 = VECTOR ( 'NONE', #4475, 1000.000000000000000 ) ;
#3902 = DIRECTION ( 'NONE',  ( 0.000000000000000000, 0.000000000000000000, 1.000000000000000000 ) ) ;
#3903 = DIRECTION ( 'NONE',  ( -0.000000000000000000, -0.000000000000000000, -1.000000000000000000 ) ) ;
#3904 = ORIENTED_EDGE ( 'NONE', *, *, #7107, .F. ) ;
#3905 = AXIS2_PLACEMENT_3D ( 'NONE', #1713, #1179, #3482 ) ;
#3906 = VECTOR ( 'NONE', #837, 1000.000000000000000 ) ;
#3907 = EDGE_CURVE ( 'NONE', #7733, #5609, #5354, .T. ) ;
#3908 = ORIENTED_EDGE ( 'NONE', *, *, #5376, .F. ) ;
#3909 = AXIS2_PLACEMENT_3D ( 'NONE', #5221, #2678, #5116 ) ;
#3910 = VECTOR ( 'NONE', #1522, 1000.000000000000000 ) ;
#3911 = ORIENTED_EDGE ( 'NONE', *, *, #1491, .F. ) ;
#3912 = CARTESIAN_POINT ( 'NONE',  ( -2.609409507584654175, 0.4748159182089002894, 1.097499999999999476 ) ) ;
#3913 = CARTESIAN_POINT ( 'NONE',  ( 2.319201962066644640, 0.5525000000000012124, -0.2025000000000004297 ) ) ;
#3914 = EDGE_CURVE ( 'NONE', #5016, #6651, #5368, .T. ) ;
#3915 = VECTOR ( 'NONE', #1638, 1000.000000000000000 ) ;
#3916 = CARTESIAN_POINT ( 'NONE',  ( 2.659592949966843367, 0.2875287615398652852, -1.747500000000000275 ) ) ;
#3917 = LINE ( 'NONE', #1081, #6546 ) ;
#3918 = ORIENTED_EDGE ( 'NONE', *, *, #2732, .F. ) ;
#3919 = LINE ( 'NONE', #813, #3932 ) ;
#3920 = SURFACE_STYLE_FILL_AREA ( #3164 ) ;
#3921 = DIRECTION ( 'NONE',  ( -0.06975647374412521917, 0.9975640502598241977, 0.000000000000000000 ) ) ;
#3922 = EDGE_CURVE ( 'NONE', #5307, #2145, #5661, .T. ) ;
#3923 = FACE_OUTER_BOUND ( 'NONE', #5783, .T. ) ;
#3924 = ORIENTED_EDGE ( 'NONE', *, *, #2395, .F. ) ;
#3925 = AXIS2_PLACEMENT_3D ( 'NONE', #5283, #2565, #3786 ) ;
#3926 = DIRECTION ( 'NONE',  ( -1.000000000000000000, 0.000000000000000000, 0.000000000000000000 ) ) ;
#3927 = EDGE_CURVE ( 'NONE', #4812, #5705, #309, .T. ) ;
#3928 = CARTESIAN_POINT ( 'NONE',  ( -2.659592949966843367, 0.2875287615398652852, -1.502500000000000391 ) ) ;
#3929 = ADVANCED_FACE ( 'NONE', ( #160 ), #100, .F. ) ;
#3930 = LINE ( 'NONE', #3553, #3858 ) ;
#3931 = ORIENTED_EDGE ( 'NONE', *, *, #7842, .F. ) ;
#3932 = VECTOR ( 'NONE', #4830, 1000.000000000000000 ) ;
#3933 = EDGE_CURVE ( 'NONE', #227, #2826, #2899, .T. ) ;
#3934 = ADVANCED_FACE ( 'NONE', ( #5387 ), #5343, .F. ) ;
#3935 = VERTEX_POINT ( 'NONE', #7384 ) ;
#3936 = LINE ( 'NONE', #333, #6562 ) ;
#3937 = ORIENTED_EDGE ( 'NONE', *, *, #2824, .F. ) ;
#3938 = FILL_AREA_STYLE ('',( #1724 ) ) ;
#3939 = PLANE ( 'NONE',  #3203 ) ;
#3940 = PLANE ( 'NONE',  #1965 ) ;
#3941 = VECTOR ( 'NONE', #4479, 1000.000000000000114 ) ;
#3942 = EDGE_CURVE ( 'NONE', #2532, #667, #5398, .T. ) ;
#3943 = DIRECTION ( 'NONE',  ( 0.000000000000000000, 0.000000000000000000, 1.000000000000000000 ) ) ;
#3944 = DIRECTION ( 'NONE',  ( -0.2588190451025186856, -0.9659258262890688673, 0.000000000000000000 ) ) ;
#3945 = EDGE_LOOP ( 'NONE', ( #2856, #2744, #2898, #6090 ) ) ;
#3946 = VECTOR ( 'NONE', #2045, 1000.000000000000000 ) ;
#3947 = DIRECTION ( 'NONE',  ( 0.000000000000000000, -0.000000000000000000, -1.000000000000000000 ) ) ;
#3948 = EDGE_CURVE ( 'NONE', #75, #1208, #253, .T. ) ;
#3949 = DIRECTION ( 'NONE',  ( 0.9975640502598243087, 0.06975647374412477508, -0.000000000000000000 ) ) ;
#3950 = FACE_OUTER_BOUND ( 'NONE', #1447, .T. ) ;
#3951 = ORIENTED_EDGE ( 'NONE', *, *, #7638, .F. ) ;
#3952 = ADVANCED_FACE ( 'NONE', ( #125 ), #5450, .T. ) ;
#3953 = DIRECTION ( 'NONE',  ( -1.000000000000000000, 0.000000000000000000, 0.000000000000000000 ) ) ;
#3954 = CARTESIAN_POINT ( 'NONE',  ( 2.798897958454353851, 0.1726945743169953640, 1.502499999999999503 ) ) ;
#3955 = AXIS2_PLACEMENT_3D ( 'NONE', #6272, #3775, #2445 ) ;
#3956 = LINE ( 'NONE', #5191, #6580 ) ;
#3957 = COLOUR_RGB ( '',0.2509803921568627416, 0.2509803921568627416, 0.2509803921568627416 ) ;
#3958 = DIRECTION ( 'NONE',  ( 0.000000000000000000, -0.000000000000000000, -1.000000000000000000 ) ) ;
#3959 = VERTEX_POINT ( 'NONE', #3124 ) ;
#3960 = VECTOR ( 'NONE', #4176, 1000.000000000000000 ) ;
#3961 = MANIFOLD_SOLID_BREP ( 'LPattern1[3]', #5977 ) ;
#3962 = CARTESIAN_POINT ( 'NONE',  ( -1.600000000000001199, 1.000000000000000222, -1.899999999999995470 ) ) ;
#3963 = CARTESIAN_POINT ( 'NONE',  ( 2.809741250672937785, 0.3277608774589687579, 2.397499999999999964 ) ) ;
#3964 = VECTOR ( 'NONE', #2211, 1000.000000000000000 ) ;
#3965 = EDGE_LOOP ( 'NONE', ( #169, #3655, #5168, #7798, #5926, #3665, #5862, #6232, #5461, #3370, #3611, #292 ) ) ;
#3966 = EDGE_CURVE ( 'NONE', #7588, #3722, #2835, .T. ) ;
#3967 = VECTOR ( 'NONE', #2175, 1000.000000000000000 ) ;
#3968 = DIRECTION ( 'NONE',  ( -0.06975647374412488610, -0.9975640502598243087, 0.000000000000000000 ) ) ;
#3969 = ORIENTED_EDGE ( 'NONE', *, *, #7107, .T. ) ;
#3970 = LINE ( 'NONE', #4647, #1113 ) ;
#3971 = VECTOR ( 'NONE', #18, 1000.000000000000000 ) ;
#3972 = DIRECTION ( 'NONE',  ( 0.9975640502598243087, 0.06975647374412523305, -0.000000000000000000 ) ) ;
#3973 = ORIENTED_EDGE ( 'NONE', *, *, #6878, .F. ) ;
#3974 = CARTESIAN_POINT ( 'NONE',  ( -1.600000000000001199, 0.2928932188134524828, -2.149999999999995470 ) ) ;
#3975 = EDGE_CURVE ( 'NONE', #7440, #6541, #5440, .T. ) ;
#3976 = DIRECTION ( 'NONE',  ( 0.000000000000000000, -0.000000000000000000, -1.000000000000000000 ) ) ;
#3977 = CARTESIAN_POINT ( 'NONE',  ( 2.788783269761455852, 0.02804778702932090445, -0.8525000000000003686 ) ) ;
#3978 = DIRECTION ( 'NONE',  ( -0.9975640502598243087, 0.06975647374412488610, 0.000000000000000000 ) ) ;
#3979 = VECTOR ( 'NONE', #389, 1000.000000000000000 ) ;
#3980 = ORIENTED_EDGE ( 'NONE', *, *, #6264, .F. ) ;
#3981 = FACE_OUTER_BOUND ( 'NONE', #2425, .T. ) ;
#3982 = VECTOR ( 'NONE', #7814, 1000.000000000000000 ) ;
#3983 = ORIENTED_EDGE ( 'NONE', *, *, #5954, .F. ) ;
#3984 = AXIS2_PLACEMENT_3D ( 'NONE', #5883, #7725, #7616 ) ;
#3985 = CARTESIAN_POINT ( 'NONE',  ( -2.200000000000000622, 0.6975000000000013411, -2.152500000000000302 ) ) ;
#3986 = CIRCLE ( 'NONE', #3886, 0.3004449592500699762 ) ;
#3987 =( NAMED_UNIT ( * ) SI_UNIT ( $, .STERADIAN. ) SOLID_ANGLE_UNIT ( ) );
#3988 = LINE ( 'NONE', #990, #3915 ) ;
#3989 = DIRECTION ( 'NONE',  ( -0.9975640502598243087, -0.06975647374412488610, 0.000000000000000000 ) ) ;
#3990 = ORIENTED_EDGE ( 'NONE', *, *, #6385, .T. ) ;
#3991 = DIRECTION ( 'NONE',  ( 1.000000000000000000, 0.000000000000000000, 0.000000000000000000 ) ) ;
#3992 = CARTESIAN_POINT ( 'NONE',  ( 2.199999999999999734, 0.6975000000000013411, 2.500000000000000444 ) ) ;
#3993 = UNCERTAINTY_MEASURE_WITH_UNIT (LENGTH_MEASURE( 1.000000000000000082E-05 ), #7387, 'distance_accuracy_value', 'NONE');
#3994 = DIRECTION ( 'NONE',  ( 0.000000000000000000, 0.000000000000000000, 1.000000000000000000 ) ) ;
#3995 = ADVANCED_FACE ( 'NONE', ( #5463 ), #4610, .F. ) ;
#3996 = CIRCLE ( 'NONE', #1089, 0.3004449592500699762 ) ;
#3997 = ORIENTED_EDGE ( 'NONE', *, *, #190, .F. ) ;
#3998 = DIRECTION ( 'NONE',  ( -0.000000000000000000, -0.000000000000000000, -1.000000000000000000 ) ) ;
#3999 = EDGE_CURVE ( 'NONE', #2993, #4057, #2704, .T. ) ;
#4000 = AXIS2_PLACEMENT_3D ( 'NONE', #3493, #5177, #5272 ) ;
#4001 = CARTESIAN_POINT ( 'NONE',  ( 3.199999999999999734, 0.1446467872876750493, 1.747499999999999387 ) ) ;
#4002 = EDGE_CURVE ( 'NONE', #4359, #500, #2845, .T. ) ;
#4003 = CIRCLE ( 'NONE', #1723, 0.1554449592500702360 ) ;
#4004 = COLOUR_RGB ( '',0.8000000000000000444, 0.8196078431372548767, 0.9333333333333333481 ) ;
#4005 = CARTESIAN_POINT ( 'NONE',  ( -1.600000000000001199, 1.000000000000000222, -1.899999999999995470 ) ) ;
#4006 = AXIS2_PLACEMENT_3D ( 'NONE', #2830, #995, #3334 ) ;
#4007 = CARTESIAN_POINT ( 'NONE',  ( 2.200000000000000622, 0.5525000000000013234, 2.152499999999999858 ) ) ;
#4008 = VERTEX_POINT ( 'NONE', #4557 ) ;
#4009 = EDGE_CURVE ( 'NONE', #3324, #918, #5475, .T. ) ;
#4010 = SURFACE_SIDE_STYLE ('',( #4685 ) ) ;
#4011 = DIRECTION ( 'NONE',  ( 1.000000000000000000, 0.000000000000000000, 0.000000000000000000 ) ) ;
#4012 = EDGE_LOOP ( 'NONE', ( #2314, #7545, #3330, #3375 ) ) ;
#4013 = ADVANCED_FACE ( 'NONE', ( #5492 ), #2871, .T. ) ;
#4014 = ORIENTED_EDGE ( 'NONE', *, *, #6359, .F. ) ;
#4015 = LINE ( 'NONE', #6224, #1395 ) ;
#4016 = CARTESIAN_POINT ( 'NONE',  ( 2.319201962066644640, 0.3970550407499311429, -0.4475000000000003975 ) ) ;
#4017 = LINE ( 'NONE', #4459, #1335 ) ;
#4018 = ORIENTED_EDGE ( 'NONE', *, *, #7507, .T. ) ;
#4019 = EDGE_CURVE ( 'NONE', #7554, #517, #281, .T. ) ;
#4020 = CARTESIAN_POINT ( 'NONE',  ( 2.200000000000000622, 0.6975000000000013411, 0.8524999999999994804 ) ) ;
#4021 = DIRECTION ( 'NONE',  ( 1.000000000000000000, 0.000000000000000000, 0.000000000000000000 ) ) ;
#4022 = DIRECTION ( 'NONE',  ( 0.000000000000000000, 0.000000000000000000, 1.000000000000000000 ) ) ;
#4023 = EDGE_CURVE ( 'NONE', #5741, #7580, #3043, .T. ) ;
#4024 = VECTOR ( 'NONE', #4884, 1000.000000000000227 ) ;
#4025 = ORIENTED_EDGE ( 'NONE', *, *, #2944, .T. ) ;
#4026 = CARTESIAN_POINT ( 'NONE',  ( 2.798897958454353851, 0.1726945743169953640, -2.397500000000000409 ) ) ;
#4027 = DIRECTION ( 'NONE',  ( -0.9659258262890683122, -0.2588190451025209060, 0.000000000000000000 ) ) ;
#4028 = CARTESIAN_POINT ( 'NONE',  ( -2.319201962066644640, 0.5525000000000012124, -1.747500000000000275 ) ) ;
#4029 = VERTEX_POINT ( 'NONE', #1979 ) ;
#4030 = DIRECTION ( 'NONE',  ( 1.000000000000000000, 0.000000000000000000, 0.000000000000000000 ) ) ;
#4031 = FACE_OUTER_BOUND ( 'NONE', #7815, .T. ) ;
#4032 = EDGE_CURVE ( 'NONE', #891, #3849, #90, .T. ) ;
#4033 = CARTESIAN_POINT ( 'NONE',  ( -2.798897958454353851, 0.1726945743169953640, -0.2025000000000004297 ) ) ;
#4034 = VECTOR ( 'NONE', #10, 1000.000000000000000 ) ;
#4035 = VECTOR ( 'NONE', #1508, 1000.000000000000000 ) ;
#4036 = ORIENTED_EDGE ( 'NONE', *, *, #1355, .T. ) ;
#4037 = CARTESIAN_POINT ( 'NONE',  ( 2.319201962066644640, 0.6975000000000013411, 2.397499999999999964 ) ) ;
#4038 = VECTOR ( 'NONE', #1988, 1000.000000000000114 ) ;
#4039 = CARTESIAN_POINT ( 'NONE',  ( -2.609409507584654175, 0.4748159182089002894, 1.747499999999999387 ) ) ;
#4040 = VERTEX_POINT ( 'NONE', #5511 ) ;
#4041 = CARTESIAN_POINT ( 'NONE',  ( -2.319201962066644640, 0.6975000000000013411, 1.097499999999999476 ) ) ;
#4042 = ORIENTED_EDGE ( 'NONE', *, *, #2697, .F. ) ;
#4043 = CARTESIAN_POINT ( 'NONE',  ( -2.469350262772739502, 0.4372871566690347822, -1.502500000000000391 ) ) ;
#4044 = AXIS2_PLACEMENT_3D ( 'NONE', #5480, #4410, #6808 ) ;
#4045 = LINE ( 'NONE', #5359, #4067 ) ;
#4046 = DIRECTION ( 'NONE',  ( 0.9975640502598243087, 0.06975647374412477508, -0.000000000000000000 ) ) ;
#4047 = EDGE_CURVE ( 'NONE', #2603, #4369, #3093, .T. ) ;
#4048 = CARTESIAN_POINT ( 'NONE',  ( 2.809741250672937785, 0.3277608774589687579, 0.4474999999999995648 ) ) ;
#4049 = CARTESIAN_POINT ( 'NONE',  ( -2.809741250672937785, 0.3277608774589687579, 0.2024999999999995692 ) ) ;
#4050 = ORIENTED_EDGE ( 'NONE', *, *, #1051, .T. ) ;
#4051 = DIRECTION ( 'NONE',  ( -0.000000000000000000, 1.000000000000000000, -0.000000000000000000 ) ) ;
#4052 = DIRECTION ( 'NONE',  ( -1.000000000000000000, 0.000000000000000000, 0.000000000000000000 ) ) ;
#4053 = AXIS2_PLACEMENT_3D ( 'NONE', #6719, #7767, #5446 ) ;
#4054 = DIRECTION ( 'NONE',  ( -0.000000000000000000, -0.000000000000000000, -1.000000000000000000 ) ) ;
#4055 = ORIENTED_EDGE ( 'NONE', *, *, #7114, .T. ) ;
#4056 = PLANE ( 'NONE',  #4085 ) ;
#4057 = VERTEX_POINT ( 'NONE', #2027 ) ;
#4058 = FACE_OUTER_BOUND ( 'NONE', #7679, .T. ) ;
#4059 = LINE ( 'NONE', #7876, #4225 ) ;
#4060 = VECTOR ( 'NONE', #7436, 1000.000000000000000 ) ;
#4061 = CARTESIAN_POINT ( 'NONE',  ( -2.809741250672937785, 0.3277608774589687579, -1.502500000000000391 ) ) ;
#4062 = ORIENTED_EDGE ( 'NONE', *, *, #7650, .F. ) ;
#4063 = EDGE_CURVE ( 'NONE', #3515, #5499, #3348, .T. ) ;
#4064 = CARTESIAN_POINT ( 'NONE',  ( 2.788783269761455852, 0.02804778702932084894, -1.502500000000000391 ) ) ;
#4065 = ORIENTED_EDGE ( 'NONE', *, *, #7195, .F. ) ;
#4066 = ORIENTED_EDGE ( 'NONE', *, *, #4545, .T. ) ;
#4067 = VECTOR ( 'NONE', #4873, 1000.000000000000114 ) ;
#4068 = FACE_OUTER_BOUND ( 'NONE', #7276, .T. ) ;
#4069 = CIRCLE ( 'NONE', #1717, 0.3004449592500699762 ) ;
#4070 = VERTEX_POINT ( 'NONE', #6205 ) ;
#4071 = CARTESIAN_POINT ( 'NONE',  ( -2.200000000000000622, 0.6975000000000013411, -1.097500000000000364 ) ) ;
#4072 = VECTOR ( 'NONE', #4836, 1000.000000000000114 ) ;
#4073 = EDGE_LOOP ( 'NONE', ( #4242, #7643, #2331, #4956 ) ) ;
#4074 = ADVANCED_FACE ( 'NONE', ( #5702 ), #89, .F. ) ;
#4075 = DIRECTION ( 'NONE',  ( -1.000000000000000000, 0.000000000000000000, 0.000000000000000000 ) ) ;
#4076 = VERTEX_POINT ( 'NONE', #4478 ) ;
#4077 = CARTESIAN_POINT ( 'NONE',  ( 3.199999999999999734, 0.1446467872876750493, -0.2025000000000004297 ) ) ;
#4078 = DIRECTION ( 'NONE',  ( -0.06975647374412523305, -0.9975640502598241977, 0.000000000000000000 ) ) ;
#4079 = VECTOR ( 'NONE', #5529, 1000.000000000000000 ) ;
#4080 = LINE ( 'NONE', #2648, #6936 ) ;
#4081 = VERTEX_POINT ( 'NONE', #5024 ) ;
#4082 = AXIS2_PLACEMENT_3D ( 'NONE', #738, #3757, #1412 ) ;
#4083 = CARTESIAN_POINT ( 'NONE',  ( -2.200000000000000622, 0.5525000000000013234, -0.2025000000000004297 ) ) ;
#4084 = EDGE_CURVE ( 'NONE', #975, #349, #5796, .T. ) ;
#4085 = AXIS2_PLACEMENT_3D ( 'NONE', #3454, #6548, #4620 ) ;
#4086 = CIRCLE ( 'NONE', #2897, 0.1554449592500702360 ) ;
#4087 = ORIENTED_EDGE ( 'NONE', *, *, #1692, .F. ) ;
#4088 = DIRECTION ( 'NONE',  ( -0.000000000000000000, -0.000000000000000000, -1.000000000000000000 ) ) ;
#4089 = ORIENTED_EDGE ( 'NONE', *, *, #4623, .T. ) ;
#4090 = VECTOR ( 'NONE', #7018, 1000.000000000000000 ) ;
#4091 = LINE ( 'NONE', #4934, #1652 ) ;
#4092 = LINE ( 'NONE', #5658, #4211 ) ;
#4093 = DIRECTION ( 'NONE',  ( 0.000000000000000000, 1.000000000000000000, 0.000000000000000000 ) ) ;
#4094 = ORIENTED_EDGE ( 'NONE', *, *, #4648, .T. ) ;
#4095 = SURFACE_STYLE_USAGE ( .BOTH. , #3389 ) ;
#4096 = EDGE_CURVE ( 'NONE', #6374, #6990, #5969, .T. ) ;
#4097 = EDGE_CURVE ( 'NONE', #5867, #6594, #3333, .T. ) ;
#4098 = VECTOR ( 'NONE', #144, 1000.000000000000227 ) ;
#4099 = ORIENTED_EDGE ( 'NONE', *, *, #3393, .T. ) ;
#4100 = AXIS2_PLACEMENT_3D ( 'NONE', #3767, #5406, #1480 ) ;
#4101 = EDGE_CURVE ( 'NONE', #3869, #3849, #5937, .T. ) ;
#4102 = DIRECTION ( 'NONE',  ( 0.2588190451025186856, -0.9659258262890688673, 0.000000000000000000 ) ) ;
#4103 = ORIENTED_EDGE ( 'NONE', *, *, #7000, .F. ) ;
#4104 = EDGE_CURVE ( 'NONE', #349, #975, #3315, .T. ) ;
#4105 = LINE ( 'NONE', #3304, #1637 ) ;
#4106 = LINE ( 'NONE', #7212, #6734 ) ;
#4107 = LINE ( 'NONE', #7162, #4240 ) ;
#4108 = CARTESIAN_POINT ( 'NONE',  ( 2.788783269761455852, 0.02804778702932084894, 1.747499999999999387 ) ) ;
#4109 = DIRECTION ( 'NONE',  ( 0.000000000000000000, -0.000000000000000000, -1.000000000000000000 ) ) ;
#4110 = EDGE_LOOP ( 'NONE', ( #410, #22, #3357, #7 ) ) ;
#4111 = DIRECTION ( 'NONE',  ( 0.000000000000000000, -0.000000000000000000, -1.000000000000000000 ) ) ;
#4112 = VECTOR ( 'NONE', #5464, 1000.000000000000114 ) ;
#4113 = ORIENTED_EDGE ( 'NONE', *, *, #5782, .F. ) ;
#4114 = EDGE_LOOP ( 'NONE', ( #575, #2670, #1625, #11 ) ) ;
#4115 = VECTOR ( 'NONE', #6672, 1000.000000000000000 ) ;
#4116 = VECTOR ( 'NONE', #6038, 1000.000000000000000 ) ;
#4117 = DIRECTION ( 'NONE',  ( 1.000000000000000000, 0.000000000000000000, 0.000000000000000000 ) ) ;
#4118 = EDGE_CURVE ( 'NONE', #3723, #6103, #6004, .T. ) ;
#4119 = VERTEX_POINT ( 'NONE', #376 ) ;
#4120 = ADVANCED_FACE ( 'NONE', ( #616 ), #3380, .F. ) ;
#4121 = DIRECTION ( 'NONE',  ( -0.06975647374412523305, -0.9975640502598241977, 0.000000000000000000 ) ) ;
#4122 = CARTESIAN_POINT ( 'NONE',  ( 2.200000000000000622, 0.6975000000000013411, -0.8525000000000003686 ) ) ;
#4123 = EDGE_CURVE ( 'NONE', #6541, #757, #502, .T. ) ;
#4124 = VECTOR ( 'NONE', #2500, 1000.000000000000114 ) ;
#4125 = CARTESIAN_POINT ( 'NONE',  ( 2.319201962066644640, 0.3970550407499311429, 2.397499999999999964 ) ) ;
#4126 = ORIENTED_EDGE ( 'NONE', *, *, #3813, .F. ) ;
#4127 = PLANE ( 'NONE',  #5907 ) ;
#4128 = SURFACE_SIDE_STYLE ('',( #2535 ) ) ;
#4129 = ORIENTED_EDGE ( 'NONE', *, *, #4458, .T. ) ;
#4130 = CARTESIAN_POINT ( 'NONE',  ( -2.200000000000000622, 0.6975000000000013411, 1.747499999999999387 ) ) ;
#4131 = CIRCLE ( 'NONE', #4510, 0.2500000000000000000 ) ;
#4132 = CARTESIAN_POINT ( 'NONE',  ( -2.319201962066644640, 0.3970550407499311429, 0.2024999999999995692 ) ) ;
#4133 = DIRECTION ( 'NONE',  ( 1.000000000000000000, 0.000000000000000000, -0.000000000000000000 ) ) ;
#4134 = EDGE_LOOP ( 'NONE', ( #853, #198, #244, #1 ) ) ;
#4135 = CARTESIAN_POINT ( 'NONE',  ( 2.200000000000000622, 0.5525000000000013234, -1.502500000000000391 ) ) ;
#4136 = AXIS2_PLACEMENT_3D ( 'NONE', #5812, #7281, #3000 ) ;
#4137 = LINE ( 'NONE', #615, #4024 ) ;
#4138 = ORIENTED_EDGE ( 'NONE', *, *, #7465, .F. ) ;
#4139 = EDGE_CURVE ( 'NONE', #4834, #695, #5855, .T. ) ;
#4140 = ADVANCED_FACE ( 'NONE', ( #3298 ), #3431, .F. ) ;
#4141 = CARTESIAN_POINT ( 'NONE',  ( -2.609409507584654175, 0.4748159182089002894, -2.152500000000000302 ) ) ;
#4142 = ORIENTED_EDGE ( 'NONE', *, *, #5209, .F. ) ;
#4143 = DIRECTION ( 'NONE',  ( -1.000000000000000000, 0.000000000000000000, 0.000000000000000000 ) ) ;
#4144 = FACE_OUTER_BOUND ( 'NONE', #2340, .T. ) ;
#4145 = CIRCLE ( 'NONE', #6324, 0.3004449592500699762 ) ;
#4146 = DIRECTION ( 'NONE',  ( -1.000000000000000000, 0.000000000000000000, 0.000000000000000000 ) ) ;
#4147 = ORIENTED_EDGE ( 'NONE', *, *, #4084, .T. ) ;
#4148 = SURFACE_STYLE_USAGE ( .BOTH. , #1772 ) ;
#4149 =( NAMED_UNIT ( * ) PLANE_ANGLE_UNIT ( ) SI_UNIT ( $, .RADIAN. ) );
#4150 = VECTOR ( 'NONE', #4485, 1000.000000000000000 ) ;
#4151 = ORIENTED_EDGE ( 'NONE', *, *, #7213, .F. ) ;
#4152 = EDGE_CURVE ( 'NONE', #7580, #2864, #3243, .T. ) ;
#4153 = DIRECTION ( 'NONE',  ( -0.000000000000000000, -0.000000000000000000, -1.000000000000000000 ) ) ;
#4154 = DIRECTION ( 'NONE',  ( 1.000000000000000000, 0.000000000000000000, -1.971276677246372012E-16 ) ) ;
#4155 = ORIENTED_EDGE ( 'NONE', *, *, #895, .F. ) ;
#4156 = VECTOR ( 'NONE', #5824, 1000.000000000000000 ) ;
#4157 = LINE ( 'NONE', #5900, #4196 ) ;
#4158 = DIRECTION ( 'NONE',  ( 0.000000000000000000, 0.000000000000000000, 1.000000000000000000 ) ) ;
#4159 = FILL_AREA_STYLE_COLOUR ( '', #1630 ) ;
#4160 = ORIENTED_EDGE ( 'NONE', *, *, #2248, .T. ) ;
#4161 = DIRECTION ( 'NONE',  ( -1.000000000000000000, 0.000000000000000000, 0.000000000000000000 ) ) ;
#4162 = DIRECTION ( 'NONE',  ( 0.000000000000000000, 0.000000000000000000, 1.000000000000000000 ) ) ;
#4163 = LINE ( 'NONE', #428, #4204 ) ;
#4164 = VERTEX_POINT ( 'NONE', #6579 ) ;
#4165 = AXIS2_PLACEMENT_3D ( 'NONE', #5990, #1287, #7268 ) ;
#4166 = ORIENTED_EDGE ( 'NONE', *, *, #4710, .T. ) ;
#4167 = FACE_OUTER_BOUND ( 'NONE', #5075, .T. ) ;
#4168 = CARTESIAN_POINT ( 'NONE',  ( -2.200000000000000622, 0.5525000000000013234, -2.152500000000000302 ) ) ;
#4169 = ORIENTED_EDGE ( 'NONE', *, *, #7210, .T. ) ;
#4170 = AXIS2_PLACEMENT_3D ( 'NONE', #2554, #3139, #3837 ) ;
#4171 = CARTESIAN_POINT ( 'NONE',  ( 2.609409507584654175, 0.4748159182089002894, 2.152499999999999858 ) ) ;
#4172 = CIRCLE ( 'NONE', #5285, 0.1554449592500702360 ) ;
#4173 = VERTEX_POINT ( 'NONE', #1763 ) ;
#4174 = DIRECTION ( 'NONE',  ( -0.2588190451025186856, -0.9659258262890688673, 0.000000000000000000 ) ) ;
#4175 = STYLED_ITEM ( 'NONE', ( #5320 ), #3961 ) ;
#4176 = DIRECTION ( 'NONE',  ( 0.2035585949527793648, 0.9576678948579724349, 0.2035585949527792815 ) ) ;
#4177 = ORIENTED_EDGE ( 'NONE', *, *, #3393, .F. ) ;
#4178 = CARTESIAN_POINT ( 'NONE',  ( 2.809741250672937785, 0.3277608774589687579, 0.4474999999999995648 ) ) ;
#4179 = EDGE_CURVE ( 'NONE', #579, #2702, #3155, .T. ) ;
#4180 = VECTOR ( 'NONE', #6926, 1000.000000000000000 ) ;
#4181 = EDGE_CURVE ( 'NONE', #3182, #2867, #3261, .T. ) ;
#4182 = FACE_OUTER_BOUND ( 'NONE', #6172, .T. ) ;
#4183 = FACE_OUTER_BOUND ( 'NONE', #3555, .T. ) ;
#4184 = AXIS2_PLACEMENT_3D ( 'NONE', #3836, #4244, #5568 ) ;
#4185 = EDGE_LOOP ( 'NONE', ( #4094, #7597, #807, #675 ) ) ;
#4186 = ORIENTED_EDGE ( 'NONE', *, *, #1083, .T. ) ;
#4187 = DIRECTION ( 'NONE',  ( -0.9975640502598243087, 0.06975647374412477508, 0.000000000000000000 ) ) ;
#4188 = UNCERTAINTY_MEASURE_WITH_UNIT (LENGTH_MEASURE( 1.000000000000000082E-05 ), #3138, 'distance_accuracy_value', 'NONE');
#4189 = LINE ( 'NONE', #54, #6836 ) ;
#4190 = DIRECTION ( 'NONE',  ( 0.9659258262890683122, -0.2588190451025209060, 0.000000000000000000 ) ) ;
#4191 = ORIENTED_EDGE ( 'NONE', *, *, #2154, .F. ) ;
#4192 = DIRECTION ( 'NONE',  ( -0.06975647374412477508, 0.9975640502598243087, 0.000000000000000000 ) ) ;
#4193 = VERTEX_POINT ( 'NONE', #6706 ) ;
#4194 = DIRECTION ( 'NONE',  ( 0.9975640502598243087, 0.06975647374412523305, -0.000000000000000000 ) ) ;
#4195 = LINE ( 'NONE', #7824, #6653 ) ;
#4196 = VECTOR ( 'NONE', #767, 1000.000000000000000 ) ;
#4197 = EDGE_CURVE ( 'NONE', #6124, #284, #581, .T. ) ;
#4198 = VERTEX_POINT ( 'NONE', #2413 ) ;
#4199 = MECHANICAL_DESIGN_GEOMETRIC_PRESENTATION_REPRESENTATION (  '', ( #1565 ), #6270 ) ;
#4200 = DIRECTION ( 'NONE',  ( -0.000000000000000000, -0.000000000000000000, -1.000000000000000000 ) ) ;
#4201 = EDGE_CURVE ( 'NONE', #2896, #5016, #5685, .T. ) ;
#4202 = DIRECTION ( 'NONE',  ( -0.06975647374412523305, -0.9975640502598241977, 0.000000000000000000 ) ) ;
#4203 = EDGE_CURVE ( 'NONE', #399, #5026, #5781, .T. ) ;
#4204 = VECTOR ( 'NONE', #6584, 1000.000000000000000 ) ;
#4205 = ORIENTED_EDGE ( 'NONE', *, *, #3435, .F. ) ;
#4206 = CARTESIAN_POINT ( 'NONE',  ( -2.319201962066644640, 0.3970550407499311429, 0.4474999999999995648 ) ) ;
#4207 = DIRECTION ( 'NONE',  ( -1.000000000000000000, 0.000000000000000000, 0.000000000000000000 ) ) ;
#4208 = EDGE_LOOP ( 'NONE', ( #7097, #5890, #1816, #4823 ) ) ;
#4209 = LINE ( 'NONE', #4033, #4156 ) ;
#4210 = LINE ( 'NONE', #3913, #1517 ) ;
#4211 = VECTOR ( 'NONE', #598, 1000.000000000000000 ) ;
#4212 = CARTESIAN_POINT ( 'NONE',  ( -3.189885311307101734, 6.428775942946129489E-16, -1.502500000000000391 ) ) ;
#4213 = DIRECTION ( 'NONE',  ( -1.000000000000000000, 0.000000000000000000, 0.000000000000000000 ) ) ;
#4214 = ORIENTED_EDGE ( 'NONE', *, *, #6554, .F. ) ;
#4215 = AXIS2_PLACEMENT_3D ( 'NONE', #3559, #5319, #6634 ) ;
#4216 = DIRECTION ( 'NONE',  ( 0.000000000000000000, 0.000000000000000000, 1.000000000000000000 ) ) ;
#4217 = CARTESIAN_POINT ( 'NONE',  ( -3.189885311307101734, 6.428775942946129489E-16, 2.152499999999999858 ) ) ;
#4218 = LINE ( 'NONE', #187, #1656 ) ;
#4219 = ORIENTED_EDGE ( 'NONE', *, *, #2154, .T. ) ;
#4220 = EDGE_CURVE ( 'NONE', #1383, #5754, #536, .T. ) ;
#4221 = CARTESIAN_POINT ( 'NONE',  ( -3.199999999999999734, 0.1446467872876750493, 0.4474999999999995648 ) ) ;
#4222 = AXIS2_PLACEMENT_3D ( 'NONE', #2075, #4919, #83 ) ;
#4223 = ORIENTED_EDGE ( 'NONE', *, *, #3266, .T. ) ;
#4224 = VECTOR ( 'NONE', #4078, 1000.000000000000227 ) ;
#4225 = VECTOR ( 'NONE', #7829, 1000.000000000000000 ) ;
#4226 = VECTOR ( 'NONE', #6540, 1000.000000000000114 ) ;
#4227 = ORIENTED_EDGE ( 'NONE', *, *, #5697, .T. ) ;
#4228 = AXIS2_PLACEMENT_3D ( 'NONE', #5893, #7622, #1033 ) ;
#4229 = VECTOR ( 'NONE', #4398, 1000.000000000000000 ) ;
#4230 = CARTESIAN_POINT ( 'NONE',  ( 2.200000000000000622, 0.5525000000000013234, -2.152500000000000302 ) ) ;
#4231 = VERTEX_POINT ( 'NONE', #1918 ) ;
#4232 = DIRECTION ( 'NONE',  ( -0.000000000000000000, 0.000000000000000000, -1.000000000000000000 ) ) ;
#4233 = AXIS2_PLACEMENT_3D ( 'NONE', #1436, #7354, #4985 ) ;
#4234 = ORIENTED_EDGE ( 'NONE', *, *, #4726, .F. ) ;
#4235 = CARTESIAN_POINT ( 'NONE',  ( 2.319201962066644640, 0.3970550407499311429, -0.2025000000000004297 ) ) ;
#4236 = MANIFOLD_SOLID_BREP ( 'LPattern1[13]', #1570 ) ;
#4237 = CYLINDRICAL_SURFACE ( 'NONE', #5580, 0.3004449592500699762 ) ;
#4238 = CARTESIAN_POINT ( 'NONE',  ( -1.500000000000000444, 0.1500000000000006606, 1.499999999999997780 ) ) ;
#4239 = CYLINDRICAL_SURFACE ( 'NONE', #2397, 0.3004449592500699762 ) ;
#4240 = VECTOR ( 'NONE', #7116, 1000.000000000000000 ) ;
#4241 = AXIS2_PLACEMENT_3D ( 'NONE', #2719, #111, #3165 ) ;
#4242 = ORIENTED_EDGE ( 'NONE', *, *, #4306, .T. ) ;
#4243 = EDGE_CURVE ( 'NONE', #3475, #5614, #5955, .T. ) ;
#4244 = DIRECTION ( 'NONE',  ( -0.000000000000000000, -0.000000000000000000, -1.000000000000000000 ) ) ;
#4245 = SURFACE_STYLE_FILL_AREA ( #2703 ) ;
#4246 = EDGE_LOOP ( 'NONE', ( #6357, #5348, #5750, #2563 ) ) ;
#4247 = CARTESIAN_POINT ( 'NONE',  ( -2.788783269761455852, 0.02804778702932090445, -2.152500000000000302 ) ) ;
#4248 = ORIENTED_EDGE ( 'NONE', *, *, #6203, .F. ) ;
#4249 = PLANE ( 'NONE',  #6899 ) ;
#4250 = FACE_OUTER_BOUND ( 'NONE', #239, .T. ) ;
#4251 = VECTOR ( 'NONE', #346, 1000.000000000000000 ) ;
#4252 = ORIENTED_EDGE ( 'NONE', *, *, #1355, .F. ) ;
#4253 = CARTESIAN_POINT ( 'NONE',  ( 2.659592949966843367, 0.2875287615398652852, -1.097500000000000364 ) ) ;
#4254 = DIRECTION ( 'NONE',  ( 0.000000000000000000, -0.000000000000000000, -1.000000000000000000 ) ) ;
#4255 = CIRCLE ( 'NONE', #70, 0.1554449592500702360 ) ;
#4256 = ORIENTED_EDGE ( 'NONE', *, *, #1668, .F. ) ;
#4257 = DIRECTION ( 'NONE',  ( 1.000000000000000000, 0.000000000000000000, -0.000000000000000000 ) ) ;
#4258 = DIRECTION ( 'NONE',  ( -0.000000000000000000, 0.000000000000000000, -1.000000000000000000 ) ) ;
#4259 = EDGE_LOOP ( 'NONE', ( #1473, #5566, #4166, #4384, #4604, #4484, #5552, #1645, #1720, #1748, #4283, #2917 ) ) ;
#4260 = CIRCLE ( 'NONE', #280, 0.1554449592500702360 ) ;
#4261 = DIRECTION ( 'NONE',  ( -1.000000000000000000, 0.000000000000000000, 0.000000000000000000 ) ) ;
#4262 = CARTESIAN_POINT ( 'NONE',  ( 2.788783269761455852, 0.02804778702932090445, -0.2025000000000004297 ) ) ;
#4263 = ORIENTED_EDGE ( 'NONE', *, *, #1311, .F. ) ;
#4264 =( GEOMETRIC_REPRESENTATION_CONTEXT ( 3 ) GLOBAL_UNCERTAINTY_ASSIGNED_CONTEXT ( ( #4538 ) ) GLOBAL_UNIT_ASSIGNED_CONTEXT ( ( #6358, #7572, #6980 ) ) REPRESENTATION_CONTEXT ( 'NONE', 'WORKASPACE' ) );
#4265 = DIRECTION ( 'NONE',  ( -1.000000000000000000, 0.000000000000000000, 0.000000000000000000 ) ) ;
#4266 = EDGE_CURVE ( 'NONE', #3444, #4809, #429, .T. ) ;
#4267 = CARTESIAN_POINT ( 'NONE',  ( -2.319201962066644640, 0.3970550407499311429, -2.397500000000000409 ) ) ;
#4268 = FILL_AREA_STYLE_COLOUR ( '', #6128 ) ;
#4269 = FACE_OUTER_BOUND ( 'NONE', #2451, .T. ) ;
#4270 = VERTEX_POINT ( 'NONE', #3804 ) ;
#4271 = ADVANCED_FACE ( 'NONE', ( #3229 ), #723, .T. ) ;
#4272 = PLANE ( 'NONE',  #6036 ) ;
#4273 = ORIENTED_EDGE ( 'NONE', *, *, #5936, .F. ) ;
#4274 = LINE ( 'NONE', #5324, #4351 ) ;
#4275 = CARTESIAN_POINT ( 'NONE',  ( 2.609409507584654175, 0.4748159182089002894, 1.097499999999999476 ) ) ;
#4276 = LINE ( 'NONE', #4968, #1624 ) ;
#4277 = ORIENTED_EDGE ( 'NONE', *, *, #5958, .F. ) ;
#4278 = MECHANICAL_DESIGN_GEOMETRIC_PRESENTATION_REPRESENTATION (  '', ( #2759 ), #5238 ) ;
#4279 = CARTESIAN_POINT ( 'NONE',  ( 2.319201962066644640, 0.6975000000000013411, 1.097499999999999476 ) ) ;
#4280 = EDGE_CURVE ( 'NONE', #3015, #3444, #5918, .T. ) ;
#4281 = DIRECTION ( 'NONE',  ( 0.2588190451025209060, 0.9659258262890683122, 0.000000000000000000 ) ) ;
#4282 = CARTESIAN_POINT ( 'NONE',  ( 3.199999999999999734, 0.1446467872876750493, 1.747499999999999387 ) ) ;
#4283 = ORIENTED_EDGE ( 'NONE', *, *, #2442, .T. ) ;
#4284 = PRESENTATION_LAYER_ASSIGNMENT (  '', '', ( #5327 ) ) ;
#4285 = CARTESIAN_POINT ( 'NONE',  ( -2.200000000000000622, 0.6975000000000013411, 2.152499999999999858 ) ) ;
#4286 = DIRECTION ( 'NONE',  ( -0.9659258262890688673, 0.2588190451025186856, 0.000000000000000000 ) ) ;
#4287 = ORIENTED_EDGE ( 'NONE', *, *, #1821, .T. ) ;
#4288 = CARTESIAN_POINT ( 'NONE',  ( -2.200000000000000622, 0.5525000000000013234, 1.747499999999999387 ) ) ;
#4289 = EDGE_CURVE ( 'NONE', #5112, #459, #760, .T. ) ;
#4290 = FACE_OUTER_BOUND ( 'NONE', #1349, .T. ) ;
#4291 = CARTESIAN_POINT ( 'NONE',  ( 2.469350262772739057, 0.4372871566690347267, 1.097499999999999476 ) ) ;
#4292 = CARTESIAN_POINT ( 'NONE',  ( -2.319201962066644640, 0.3970550407499311429, -1.502500000000000391 ) ) ;
#4293 = LINE ( 'NONE', #4756, #1711 ) ;
#4294 = VERTEX_POINT ( 'NONE', #7322 ) ;
#4295 = CARTESIAN_POINT ( 'NONE',  ( -2.798897958454353851, 0.1726945743169953640, 1.747499999999999387 ) ) ;
#4296 = MANIFOLD_SOLID_BREP ( 'LPattern1[9]', #3416 ) ;
#4297 = CARTESIAN_POINT ( 'NONE',  ( 2.659592949966843367, 0.2875287615398652852, 2.152499999999999858 ) ) ;
#4298 = EDGE_CURVE ( 'NONE', #6255, #2496, #6098, .T. ) ;
#4299 = ORIENTED_EDGE ( 'NONE', *, *, #3616, .T. ) ;
#4300 = CARTESIAN_POINT ( 'NONE',  ( -1.600000000000001199, 1.000000000000000222, -1.899999999999995470 ) ) ;
#4301 = AXIS2_PLACEMENT_3D ( 'NONE', #5101, #5681, #874 ) ;
#4302 = ORIENTED_EDGE ( 'NONE', *, *, #1601, .T. ) ;
#4303 = PLANE ( 'NONE',  #2107 ) ;
#4304 = LINE ( 'NONE', #988, #1830 ) ;
#4305 = VECTOR ( 'NONE', #5018, 1000.000000000000000 ) ;
#4306 = EDGE_CURVE ( 'NONE', #5705, #739, #3668, .T. ) ;
#4307 = DIRECTION ( 'NONE',  ( -0.06975647374412521917, 0.9975640502598241977, 0.000000000000000000 ) ) ;
#4308 = CARTESIAN_POINT ( 'NONE',  ( 3.189885311307101734, 6.428775942946129489E-16, -2.152500000000000302 ) ) ;
#4309 = DIRECTION ( 'NONE',  ( 0.000000000000000000, 0.000000000000000000, 1.000000000000000000 ) ) ;
#4310 = CARTESIAN_POINT ( 'NONE',  ( 2.609409507584654175, 0.4748159182089002894, -0.8525000000000003686 ) ) ;
#4311 = EDGE_CURVE ( 'NONE', #2800, #4040, #792, .T. ) ;
#4312 = ORIENTED_EDGE ( 'NONE', *, *, #3516, .T. ) ;
#4313 = CARTESIAN_POINT ( 'NONE',  ( 2.200000000000000622, 0.6975000000000013411, -2.152500000000000302 ) ) ;
#4314 = CARTESIAN_POINT ( 'NONE',  ( -2.200000000000000622, 0.6975000000000013411, -1.502500000000000391 ) ) ;
#4315 = VERTEX_POINT ( 'NONE', #789 ) ;
#4316 = LINE ( 'NONE', #3195, #7006 ) ;
#4317 = FACE_OUTER_BOUND ( 'NONE', #646, .T. ) ;
#4318 = CARTESIAN_POINT ( 'NONE',  ( 2.519533705154928249, 0.2499999999999996669, -1.747500000000000275 ) ) ;
#4319 = ADVANCED_FACE ( 'NONE', ( #6206 ), #6924, .F. ) ;
#4320 = CARTESIAN_POINT ( 'NONE',  ( -3.199999999999999734, 0.1446467872876750493, -1.097500000000000364 ) ) ;
#4321 = CARTESIAN_POINT ( 'NONE',  ( 2.200000000000000622, 0.6975000000000013411, 1.747499999999999387 ) ) ;
#4322 = DIRECTION ( 'NONE',  ( -1.000000000000000000, 0.000000000000000000, 0.000000000000000000 ) ) ;
#4323 = EDGE_LOOP ( 'NONE', ( #1575, #704, #3378, #3709 ) ) ;
#4324 = EDGE_CURVE ( 'NONE', #423, #2625, #3470, .T. ) ;
#4325 = EDGE_LOOP ( 'NONE', ( #2508, #3058, #16, #7746 ) ) ;
#4326 = AXIS2_PLACEMENT_3D ( 'NONE', #1970, #6362, #4556 ) ;
#4327 = LINE ( 'NONE', #5608, #6922 ) ;
#4328 = PLANE ( 'NONE',  #120 ) ;
#4329 = LINE ( 'NONE', #4001, #7288 ) ;
#4330 = AXIS2_PLACEMENT_3D ( 'NONE', #3632, #4811, #5383 ) ;
#4331 = CARTESIAN_POINT ( 'NONE',  ( 2.809741250672937785, 0.3277608774589687579, 2.397499999999999964 ) ) ;
#4332 = DIRECTION ( 'NONE',  ( -0.000000000000000000, -0.000000000000000000, -1.000000000000000000 ) ) ;
#4333 = PLANE ( 'NONE',  #7233 ) ;
#4334 = ORIENTED_EDGE ( 'NONE', *, *, #1469, .F. ) ;
#4335 = ADVANCED_FACE ( 'NONE', ( #3531 ), #6221, .F. ) ;
#4336 = DIRECTION ( 'NONE',  ( -1.000000000000000000, 0.000000000000000000, 0.000000000000000000 ) ) ;
#4337 = EDGE_CURVE ( 'NONE', #3117, #1197, #6035, .T. ) ;
#4338 = DIRECTION ( 'NONE',  ( 0.2588190451025209060, -0.9659258262890683122, 0.000000000000000000 ) ) ;
#4339 = ORIENTED_EDGE ( 'NONE', *, *, #2457, .F. ) ;
#4340 = CARTESIAN_POINT ( 'NONE',  ( 2.200000000000000622, 0.6975000000000013411, -2.397500000000000409 ) ) ;
#4341 = LINE ( 'NONE', #2922, #6909 ) ;
#4342 = DIRECTION ( 'NONE',  ( 1.000000000000000000, 0.000000000000000000, 0.000000000000000000 ) ) ;
#4343 = CARTESIAN_POINT ( 'NONE',  ( 2.469350262772739057, 0.4372871566690347267, -0.2025000000000004297 ) ) ;
#4344 = CIRCLE ( 'NONE', #4170, 0.1554449592500702360 ) ;
#4345 = CARTESIAN_POINT ( 'NONE',  ( 2.319201962066644640, 0.5525000000000012124, 1.097499999999999476 ) ) ;
#4346 = CARTESIAN_POINT ( 'NONE',  ( -2.319201962066644640, 0.3970550407499311429, 1.097499999999999476 ) ) ;
#4347 = ORIENTED_EDGE ( 'NONE', *, *, #7182, .F. ) ;
#4348 = CARTESIAN_POINT ( 'NONE',  ( -2.319201962066644640, 0.5525000000000012124, -0.8525000000000003686 ) ) ;
#4349 = ORIENTED_EDGE ( 'NONE', *, *, #7275, .F. ) ;
#4350 = CARTESIAN_POINT ( 'NONE',  ( 2.809741250672937785, 0.3277608774589687579, 1.502499999999999503 ) ) ;
#4351 = VECTOR ( 'NONE', #342, 1000.000000000000000 ) ;
#4352 = FACE_OUTER_BOUND ( 'NONE', #3387, .T. ) ;
#4353 = CARTESIAN_POINT ( 'NONE',  ( -1.600000000000001199, 1.000000000000000222, -2.149999999999995470 ) ) ;
#4354 = DIRECTION ( 'NONE',  ( -1.000000000000000000, 0.000000000000000000, 0.000000000000000000 ) ) ;
#4355 = ORIENTED_EDGE ( 'NONE', *, *, #1462, .F. ) ;
#4356 = CARTESIAN_POINT ( 'NONE',  ( -2.519533705154928249, 0.2499999999999996669, 0.4474999999999995648 ) ) ;
#4357 = AXIS2_PLACEMENT_3D ( 'NONE', #7662, #7196, #1122 ) ;
#4358 = DIRECTION ( 'NONE',  ( 0.000000000000000000, 0.000000000000000000, 1.000000000000000000 ) ) ;
#4359 = VERTEX_POINT ( 'NONE', #2858 ) ;
#4360 = LINE ( 'NONE', #436, #4441 ) ;
#4361 = VECTOR ( 'NONE', #7346, 1000.000000000000000 ) ;
#4362 = CARTESIAN_POINT ( 'NONE',  ( 3.189885311307101734, 6.428775942946129489E-16, 1.502499999999999503 ) ) ;
#4363 = ADVANCED_FACE ( 'NONE', ( #3422 ), #2726, .F. ) ;
#4364 = DIRECTION ( 'NONE',  ( -0.2588190451025209060, 0.9659258262890683122, 0.000000000000000000 ) ) ;
#4365 = DIRECTION ( 'NONE',  ( -0.06975647374412488610, -0.9975640502598243087, 0.000000000000000000 ) ) ;
#4366 = DIRECTION ( 'NONE',  ( -1.000000000000000000, 0.000000000000000000, 0.000000000000000000 ) ) ;
#4367 = DIRECTION ( 'NONE',  ( -1.000000000000000000, 0.000000000000000000, 0.000000000000000000 ) ) ;
#4368 = CARTESIAN_POINT ( 'NONE',  ( 2.788783269761455852, 0.02804778702932090445, -1.097500000000000364 ) ) ;
#4369 = VERTEX_POINT ( 'NONE', #7101 ) ;
#4370 = DIRECTION ( 'NONE',  ( -1.000000000000000000, 0.000000000000000000, 0.000000000000000000 ) ) ;
#4371 = VERTEX_POINT ( 'NONE', #324 ) ;
#4372 = EDGE_CURVE ( 'NONE', #3520, #5212, #6289, .T. ) ;
#4373 = EDGE_CURVE ( 'NONE', #3006, #1345, #972, .T. ) ;
#4374 = CARTESIAN_POINT ( 'NONE',  ( -2.200000000000000622, 0.5525000000000013234, 2.397499999999999964 ) ) ;
#4375 = VECTOR ( 'NONE', #4358, 1000.000000000000000 ) ;
#4376 = AXIS2_PLACEMENT_3D ( 'NONE', #2156, #3300, #968 ) ;
#4377 = ADVANCED_FACE ( 'NONE', ( #3483 ), #1670, .F. ) ;
#4378 = EDGE_CURVE ( 'NONE', #5, #2919, #986, .T. ) ;
#4379 = CARTESIAN_POINT ( 'NONE',  ( -2.319201962066644640, 0.3970550407499311429, 0.8524999999999994804 ) ) ;
#4380 = ORIENTED_EDGE ( 'NONE', *, *, #6973, .T. ) ;
#4381 = DIRECTION ( 'NONE',  ( 0.000000000000000000, 0.000000000000000000, 1.000000000000000000 ) ) ;
#4382 = VECTOR ( 'NONE', #2614, 1000.000000000000000 ) ;
#4383 = CARTESIAN_POINT ( 'NONE',  ( -2.809741250672937785, 0.3277608774589687579, -0.4475000000000003975 ) ) ;
#4384 = ORIENTED_EDGE ( 'NONE', *, *, #2768, .T. ) ;
#4385 = CARTESIAN_POINT ( 'NONE',  ( 2.200000000000000622, 0.6975000000000013411, 1.502499999999999503 ) ) ;
#4386 = CIRCLE ( 'NONE', #6632, 0.1554449592500702360 ) ;
#4387 = CARTESIAN_POINT ( 'NONE',  ( 2.809741250672937785, 0.3277608774589687579, 1.097499999999999476 ) ) ;
#4388 = VECTOR ( 'NONE', #7688, 1000.000000000000000 ) ;
#4389 = DIRECTION ( 'NONE',  ( -0.000000000000000000, -0.000000000000000000, -1.000000000000000000 ) ) ;
#4390 = DIRECTION ( 'NONE',  ( 0.000000000000000000, -0.000000000000000000, -1.000000000000000000 ) ) ;
#4391 = CARTESIAN_POINT ( 'NONE',  ( -1.600000000000001199, 1.000000000000000222, -1.899999999999995470 ) ) ;
#4392 = EDGE_LOOP ( 'NONE', ( #710, #603, #2012, #3159 ) ) ;
#4393 = EDGE_CURVE ( 'NONE', #2419, #2813, #6113, .T. ) ;
#4394 = ADVANCED_FACE ( 'NONE', ( #6068 ), #886, .F. ) ;
#4395 = DIRECTION ( 'NONE',  ( 1.000000000000000000, 0.000000000000000000, 0.000000000000000000 ) ) ;
#4396 = VECTOR ( 'NONE', #7130, 1000.000000000000000 ) ;
#4397 = EDGE_LOOP ( 'NONE', ( #5052, #2996 ) ) ;
#4398 = DIRECTION ( 'NONE',  ( 0.000000000000000000, -0.000000000000000000, -1.000000000000000000 ) ) ;
#4399 = COLOUR_RGB ( '',0.8000000000000000444, 0.8196078431372548767, 0.9333333333333333481 ) ;
#4400 = LINE ( 'NONE', #3623, #7027 ) ;
#4401 = EDGE_CURVE ( 'NONE', #3006, #2800, #1024, .T. ) ;
#4402 = CARTESIAN_POINT ( 'NONE',  ( 2.809741250672937785, 0.3277608774589687579, -0.4475000000000003975 ) ) ;
#4403 = DIRECTION ( 'NONE',  ( -0.06975647374412488610, -0.9975640502598243087, 0.000000000000000000 ) ) ;
#4404 = ORIENTED_EDGE ( 'NONE', *, *, #619, .F. ) ;
#4405 = PLANE ( 'NONE',  #1987 ) ;
#4406 = EDGE_LOOP ( 'NONE', ( #2352, #3163, #4961, #5895 ) ) ;
#4407 = LINE ( 'NONE', #2076, #1795 ) ;
#4408 = FACE_OUTER_BOUND ( 'NONE', #5418, .T. ) ;
#4409 = CARTESIAN_POINT ( 'NONE',  ( 1.499999999999999556, 0.2500000000000006661, -1.500000000000002220 ) ) ;
#4410 = DIRECTION ( 'NONE',  ( 1.000000000000000000, 0.000000000000000000, -8.673617379884042868E-17 ) ) ;
#4411 = EDGE_CURVE ( 'NONE', #3117, #1590, #851, .T. ) ;
#4412 = CARTESIAN_POINT ( 'NONE',  ( 2.609409507584654175, 0.4748159182089002894, 1.747499999999999387 ) ) ;
#4413 = AXIS2_PLACEMENT_3D ( 'NONE', #6845, #3145, #5411 ) ;
#4414 = CARTESIAN_POINT ( 'NONE',  ( -2.319201962066644640, 0.3970550407499311429, -0.8525000000000003686 ) ) ;
#4415 = DIRECTION ( 'NONE',  ( -1.000000000000000000, 0.000000000000000000, 0.000000000000000000 ) ) ;
#4416 = ORIENTED_EDGE ( 'NONE', *, *, #5911, .F. ) ;
#4417 = PLANE ( 'NONE',  #296 ) ;
#4418 = LINE ( 'NONE', #7042, #7034 ) ;
#4419 = ORIENTED_EDGE ( 'NONE', *, *, #7294, .F. ) ;
#4420 = FACE_OUTER_BOUND ( 'NONE', #215, .T. ) ;
#4421 = VECTOR ( 'NONE', #2516, 1000.000000000000114 ) ;
#4422 = ADVANCED_FACE ( 'NONE', ( #3496 ), #4597, .F. ) ;
#4423 = EDGE_CURVE ( 'NONE', #3324, #3635, #3657, .T. ) ;
#4424 = CARTESIAN_POINT ( 'NONE',  ( -2.798897958454353851, 0.1726945743169953640, -1.747500000000000275 ) ) ;
#4425 = DIRECTION ( 'NONE',  ( 0.000000000000000000, 0.000000000000000000, 1.000000000000000000 ) ) ;
#4426 = FACE_OUTER_BOUND ( 'NONE', #1241, .T. ) ;
#4427 = CARTESIAN_POINT ( 'NONE',  ( -2.469350262772739057, 0.4372871566690347267, 2.152499999999999858 ) ) ;
#4428 = EDGE_LOOP ( 'NONE', ( #421, #3430, #3350, #6424 ) ) ;
#4429 = DIRECTION ( 'NONE',  ( -0.000000000000000000, -0.000000000000000000, -1.000000000000000000 ) ) ;
#4430 = CIRCLE ( 'NONE', #5993, 0.2500000000000000000 ) ;
#4431 = CARTESIAN_POINT ( 'NONE',  ( 2.809741250672937785, 0.3277608774589687579, -0.8525000000000003686 ) ) ;
#4432 = STYLED_ITEM ( 'NONE', ( #1752 ), #2881 ) ;
#4433 = DIRECTION ( 'NONE',  ( 0.9975640502598243087, -0.06975647374412488610, 0.000000000000000000 ) ) ;
#4434 = ADVANCED_FACE ( 'NONE', ( #6161 ), #3602, .F. ) ;
#4435 =( NAMED_UNIT ( * ) SI_UNIT ( $, .STERADIAN. ) SOLID_ANGLE_UNIT ( ) );
#4436 = CARTESIAN_POINT ( 'NONE',  ( -2.798897958454353851, 0.1726945743169953640, 2.397499999999999964 ) ) ;
#4437 = DIRECTION ( 'NONE',  ( -0.000000000000000000, -0.000000000000000000, -1.000000000000000000 ) ) ;
#4438 = FACE_BOUND ( 'NONE', #4323, .T. ) ;
#4439 = ORIENTED_EDGE ( 'NONE', *, *, #3616, .F. ) ;
#4440 = CARTESIAN_POINT ( 'NONE',  ( 2.319201962066644640, 0.6975000000000013411, 1.502499999999999503 ) ) ;
#4441 = VECTOR ( 'NONE', #5780, 1000.000000000000114 ) ;
#4442 = CARTESIAN_POINT ( 'NONE',  ( -2.319201962066644640, 0.5525000000000012124, 1.502499999999999503 ) ) ;
#4443 = PRESENTATION_LAYER_ASSIGNMENT (  '', '', ( #4175 ) ) ;
#4444 = CARTESIAN_POINT ( 'NONE',  ( 3.199999999999999734, 0.1446467872876750493, 0.4474999999999995648 ) ) ;
#4445 = DIRECTION ( 'NONE',  ( 1.000000000000000000, 0.000000000000000000, 0.000000000000000000 ) ) ;
#4446 = EDGE_CURVE ( 'NONE', #7353, #5026, #930, .T. ) ;
#4447 = STYLED_ITEM ( 'NONE', ( #6145 ), #4296 ) ;
#4448 = EDGE_LOOP ( 'NONE', ( #3908, #2276, #336, #732, #7279, #5829, #5785, #6137, #3253, #694, #7417, #7631 ) ) ;
#4449 = LINE ( 'NONE', #881, #4361 ) ;
#4450 =( NAMED_UNIT ( * ) SI_UNIT ( $, .STERADIAN. ) SOLID_ANGLE_UNIT ( ) );
#4451 = DIRECTION ( 'NONE',  ( -1.000000000000000000, 0.000000000000000000, 0.000000000000000000 ) ) ;
#4452 = DIRECTION ( 'NONE',  ( -0.9975640502598243087, 0.06975647374412477508, 0.000000000000000000 ) ) ;
#4453 = DIRECTION ( 'NONE',  ( 1.000000000000000000, 0.000000000000000000, 0.000000000000000000 ) ) ;
#4454 = DIRECTION ( 'NONE',  ( -0.2588190451025209060, 0.9659258262890683122, 0.000000000000000000 ) ) ;
#4455 = EDGE_CURVE ( 'NONE', #175, #6101, #6277, .T. ) ;
#4456 = DIRECTION ( 'NONE',  ( -9.095506094768336076E-16, 1.000000000000000000, 0.000000000000000000 ) ) ;
#4457 = CARTESIAN_POINT ( 'NONE',  ( -2.319201962066644640, 0.6975000000000013411, 0.4474999999999995648 ) ) ;
#4458 = EDGE_CURVE ( 'NONE', #6047, #7013, #1049, .T. ) ;
#4459 = CARTESIAN_POINT ( 'NONE',  ( -2.659592949966843367, 0.2875287615398652852, -0.2025000000000004297 ) ) ;
#4460 = PRESENTATION_LAYER_ASSIGNMENT (  '', '', ( #2242 ) ) ;
#4461 = FACE_OUTER_BOUND ( 'NONE', #7749, .T. ) ;
#4462 = VERTEX_POINT ( 'NONE', #7564 ) ;
#4463 = EDGE_CURVE ( 'NONE', #7234, #6712, #3558, .T. ) ;
#4464 = LINE ( 'NONE', #2649, #6950 ) ;
#4465 = LINE ( 'NONE', #1483, #1891 ) ;
#4466 = EDGE_CURVE ( 'NONE', #6774, #5062, #6190, .T. ) ;
#4467 = CARTESIAN_POINT ( 'NONE',  ( 3.189885311307101734, 6.428775942946129489E-16, 1.747499999999999387 ) ) ;
#4468 = CARTESIAN_POINT ( 'NONE',  ( -2.809741250672937785, 0.3277608774589687579, -1.502500000000000391 ) ) ;
#4469 = EDGE_LOOP ( 'NONE', ( #396, #2160, #6009, #478, #5628, #3097, #568, #2841, #2977, #5786, #7764, #2191 ) ) ;
#4470 = CARTESIAN_POINT ( 'NONE',  ( 2.519533705154928249, 0.2499999999999996669, -2.152500000000000302 ) ) ;
#4471 = AXIS2_PLACEMENT_3D ( 'NONE', #3081, #1198, #4395 ) ;
#4472 = FACE_OUTER_BOUND ( 'NONE', #6978, .T. ) ;
#4473 = DIRECTION ( 'NONE',  ( 1.000000000000000000, 0.000000000000000000, 0.000000000000000000 ) ) ;
#4474 = LINE ( 'NONE', #1908, #4375 ) ;
#4475 = DIRECTION ( 'NONE',  ( 0.000000000000000000, -0.000000000000000000, -1.000000000000000000 ) ) ;
#4476 = ADVANCED_FACE ( 'NONE', ( #1000 ), #1233, .T. ) ;
#4477 = EDGE_CURVE ( 'NONE', #976, #481, #3822, .T. ) ;
#4478 = CARTESIAN_POINT ( 'NONE',  ( -2.469350262772739057, 0.4372871566690347267, -1.097500000000000364 ) ) ;
#4479 = DIRECTION ( 'NONE',  ( -0.2588190451025186856, 0.9659258262890688673, 0.000000000000000000 ) ) ;
#4480 = SURFACE_SIDE_STYLE ('',( #78 ) ) ;
#4481 = DIRECTION ( 'NONE',  ( 1.000000000000000000, -0.000000000000000000, -1.971276677246372012E-16 ) ) ;
#4482 = EDGE_CURVE ( 'NONE', #434, #621, #6339, .T. ) ;
#4483 = FACE_OUTER_BOUND ( 'NONE', #3630, .T. ) ;
#4484 = ORIENTED_EDGE ( 'NONE', *, *, #6682, .T. ) ;
#4485 = DIRECTION ( 'NONE',  ( -0.000000000000000000, -0.000000000000000000, -1.000000000000000000 ) ) ;
#4486 = PRODUCT_DEFINITION_FORMATION_WITH_SPECIFIED_SOURCE ( 'ANY', '', #3361, .NOT_KNOWN. ) ;
#4487 = LINE ( 'NONE', #3900, #4516 ) ;
#4488 = DIRECTION ( 'NONE',  ( 1.000000000000000000, 0.000000000000000000, -0.000000000000000000 ) ) ;
#4489 = CARTESIAN_POINT ( 'NONE',  ( -2.200000000000000622, 0.5525000000000013234, -0.2025000000000004297 ) ) ;
#4490 = CARTESIAN_POINT ( 'NONE',  ( -2.609409507584654175, 0.4748159182089002894, -0.2025000000000004297 ) ) ;
#4491 = ADVANCED_FACE ( 'NONE', ( #3807 ), #3547, .F. ) ;
#4492 = EDGE_CURVE ( 'NONE', #137, #5614, #6474, .T. ) ;
#4493 = DIRECTION ( 'NONE',  ( 1.000000000000000000, 0.000000000000000000, 0.000000000000000000 ) ) ;
#4494 = LINE ( 'NONE', #4262, #1963 ) ;
#4495 = ORIENTED_EDGE ( 'NONE', *, *, #425, .F. ) ;
#4496 = CYLINDRICAL_SURFACE ( 'NONE', #1951, 0.3004449592500699762 ) ;
#4497 = FACE_OUTER_BOUND ( 'NONE', #496, .T. ) ;
#4498 = PLANE ( 'NONE',  #468 ) ;
#4499 = CARTESIAN_POINT ( 'NONE',  ( -2.798897958454353851, 0.1726945743169953640, 1.502499999999999503 ) ) ;
#4500 = DIRECTION ( 'NONE',  ( 0.2035585949527792815, -0.9576678948579725459, -0.2035585949527793648 ) ) ;
#4501 = CARTESIAN_POINT ( 'NONE',  ( 3.199999999999999734, 0.1446467872876750493, 2.397499999999999964 ) ) ;
#4502 = ORIENTED_EDGE ( 'NONE', *, *, #437, .F. ) ;
#4503 = EDGE_CURVE ( 'NONE', #2420, #957, #6520, .T. ) ;
#4504 = EDGE_CURVE ( 'NONE', #1808, #3793, #6617, .T. ) ;
#4505 = VECTOR ( 'NONE', #5968, 1000.000000000000000 ) ;
#4506 = FACE_OUTER_BOUND ( 'NONE', #6314, .T. ) ;
#4507 = APPLICATION_PROTOCOL_DEFINITION ( 'draft international standard', 'automotive_design', 1998, #6299 ) ;
#4508 = DIRECTION ( 'NONE',  ( -0.06975647374412488610, -0.9975640502598243087, 0.000000000000000000 ) ) ;
#4509 = CARTESIAN_POINT ( 'NONE',  ( -2.798897958454353851, 0.1726945743169953640, 2.397499999999999964 ) ) ;
#4510 = AXIS2_PLACEMENT_3D ( 'NONE', #3488, #4694, #5270 ) ;
#4511 = LINE ( 'NONE', #1592, #4626 ) ;
#4512 = DIRECTION ( 'NONE',  ( -1.000000000000000000, 0.000000000000000000, 0.000000000000000000 ) ) ;
#4513 = ORIENTED_EDGE ( 'NONE', *, *, #2837, .F. ) ;
#4514 = DIRECTION ( 'NONE',  ( 0.000000000000000000, -0.000000000000000000, -1.000000000000000000 ) ) ;
#4515 = VECTOR ( 'NONE', #1004, 1000.000000000000000 ) ;
#4516 = VECTOR ( 'NONE', #4481, 1000.000000000000000 ) ;
#4517 = CARTESIAN_POINT ( 'NONE',  ( 2.788783269761455852, 0.02804778702932090445, -1.502500000000000391 ) ) ;
#4518 = CARTESIAN_POINT ( 'NONE',  ( 2.469350262772739502, 0.4372871566690347822, 1.097499999999999476 ) ) ;
#4519 = DIRECTION ( 'NONE',  ( -0.06975647374412523305, -0.9975640502598241977, 0.000000000000000000 ) ) ;
#4520 = ADVANCED_FACE ( 'NONE', ( #1281 ), #3789, .T. ) ;
#4521 = CARTESIAN_POINT ( 'NONE',  ( -2.519533705154928249, 0.2499999999999996669, -0.2025000000000004297 ) ) ;
#4522 = VECTOR ( 'NONE', #4805, 1000.000000000000114 ) ;
#4523 = ORIENTED_EDGE ( 'NONE', *, *, #6647, .F. ) ;
#4524 = DIRECTION ( 'NONE',  ( -0.9975640502598243087, 0.06975647374412477508, 0.000000000000000000 ) ) ;
#4525 = STYLED_ITEM ( 'NONE', ( #4806 ), #3524 ) ;
#4526 = PRESENTATION_STYLE_ASSIGNMENT (( #4580 ) ) ;
#4527 = EDGE_CURVE ( 'NONE', #5762, #1808, #1334, .T. ) ;
#4528 = FACE_OUTER_BOUND ( 'NONE', #2579, .T. ) ;
#4529 = ADVANCED_FACE ( 'NONE', ( #1187 ), #3132, .T. ) ;
#4530 = CARTESIAN_POINT ( 'NONE',  ( 2.788783269761455852, 0.02804778702932090445, 1.097499999999999476 ) ) ;
#4531 = AXIS2_PLACEMENT_3D ( 'NONE', #4235, #870, #4738 ) ;
#4532 = EDGE_CURVE ( 'NONE', #2826, #5062, #6593, .T. ) ;
#4533 = PLANE ( 'NONE',  #391 ) ;
#4534 = LINE ( 'NONE', #3733, #4587 ) ;
#4535 = EDGE_LOOP ( 'NONE', ( #781, #3192, #3620, #978 ) ) ;
#4536 = FACE_OUTER_BOUND ( 'NONE', #7109, .T. ) ;
#4537 = FACE_OUTER_BOUND ( 'NONE', #4397, .T. ) ;
#4538 = UNCERTAINTY_MEASURE_WITH_UNIT (LENGTH_MEASURE( 1.000000000000000082E-05 ), #6358, 'distance_accuracy_value', 'NONE');
#4539 = DIRECTION ( 'NONE',  ( -0.2588190451025209060, 0.9659258262890683122, 0.000000000000000000 ) ) ;
#4540 = EDGE_CURVE ( 'NONE', #1054, #3793, #3713, .T. ) ;
#4541 = CARTESIAN_POINT ( 'NONE',  ( -2.609409507584654175, 0.4748159182089002894, -1.097500000000000364 ) ) ;
#4542 = AXIS2_PLACEMENT_3D ( 'NONE', #7181, #407, #3535 ) ;
#4543 = ADVANCED_FACE ( 'NONE', ( #3726 ), #747, .T. ) ;
#4544 = DIRECTION ( 'NONE',  ( -1.000000000000000000, 9.095506094768336076E-16, 0.000000000000000000 ) ) ;
#4545 = EDGE_CURVE ( 'NONE', #6547, #7554, #1252, .T. ) ;
#4546 = DIRECTION ( 'NONE',  ( 0.9975640502598243087, -0.06975647374412488610, 0.000000000000000000 ) ) ;
#4547 = CARTESIAN_POINT ( 'NONE',  ( 2.809741250672937785, 0.3277608774589687579, 1.747499999999999387 ) ) ;
#4548 = EDGE_CURVE ( 'NONE', #5307, #3020, #3884, .T. ) ;
#4549 = DIRECTION ( 'NONE',  ( 0.000000000000000000, -0.000000000000000000, -1.000000000000000000 ) ) ;
#4550 = CIRCLE ( 'NONE', #776, 0.3004449592500699762 ) ;
#4551 = VERTEX_POINT ( 'NONE', #7193 ) ;
#4552 = VECTOR ( 'NONE', #6121, 1000.000000000000227 ) ;
#4553 = LINE ( 'NONE', #4314, #7103 ) ;
#4554 = EDGE_CURVE ( 'NONE', #75, #1675, #1170, .T. ) ;
#4555 = DIRECTION ( 'NONE',  ( -0.000000000000000000, -0.000000000000000000, -1.000000000000000000 ) ) ;
#4556 = DIRECTION ( 'NONE',  ( -0.9975640502598243087, 0.06975647374412488610, 0.000000000000000000 ) ) ;
#4557 = CARTESIAN_POINT ( 'NONE',  ( -2.788783269761455852, 0.02804778702932084894, 1.502499999999999503 ) ) ;
#4558 = EDGE_CURVE ( 'NONE', #232, #6791, #3855, .T. ) ;
#4559 = FACE_OUTER_BOUND ( 'NONE', #7653, .T. ) ;
#4560 = CARTESIAN_POINT ( 'NONE',  ( 2.319201962066644640, 0.3970550407499311429, -1.097500000000000364 ) ) ;
#4561 = ORIENTED_EDGE ( 'NONE', *, *, #2617, .F. ) ;
#4562 = CARTESIAN_POINT ( 'NONE',  ( -2.319201962066644640, 0.5525000000000012124, -1.097500000000000364 ) ) ;
#4563 = LINE ( 'NONE', #2473, #2015 ) ;
#4564 = PRESENTATION_LAYER_ASSIGNMENT (  '', '', ( #6783 ) ) ;
#4565 = CARTESIAN_POINT ( 'NONE',  ( -2.200000000000000622, 0.6975000000000013411, 0.2024999999999995692 ) ) ;
#4566 = DIRECTION ( 'NONE',  ( 0.000000000000000000, 0.000000000000000000, 1.000000000000000000 ) ) ;
#4567 = VECTOR ( 'NONE', #1587, 1000.000000000000000 ) ;
#4568 = DIRECTION ( 'NONE',  ( -8.673617379884044100E-17, -0.000000000000000000, -1.000000000000000000 ) ) ;
#4569 = VERTEX_POINT ( 'NONE', #1529 ) ;
#4570 = CARTESIAN_POINT ( 'NONE',  ( 2.469350262772739057, 0.4372871566690347267, -0.8525000000000003686 ) ) ;
#4571 = DIRECTION ( 'NONE',  ( -0.06975647374412523305, -0.9975640502598241977, 0.000000000000000000 ) ) ;
#4572 = AXIS2_PLACEMENT_3D ( 'NONE', #5521, #6093, #689 ) ;
#4573 = PLANE ( 'NONE',  #6676 ) ;
#4574 = FACE_OUTER_BOUND ( 'NONE', #37, .T. ) ;
#4575 = ORIENTED_EDGE ( 'NONE', *, *, #5121, .F. ) ;
#4576 = PLANE ( 'NONE',  #2724 ) ;
#4577 = LINE ( 'NONE', #7804, #7218 ) ;
#4578 = MECHANICAL_DESIGN_GEOMETRIC_PRESENTATION_REPRESENTATION (  '', ( #1410 ), #7408 ) ;
#4579 = VECTOR ( 'NONE', #1611, 1000.000000000000114 ) ;
#4580 = SURFACE_STYLE_USAGE ( .BOTH. , #4010 ) ;
#4581 = ORIENTED_EDGE ( 'NONE', *, *, #966, .T. ) ;
#4582 = DIRECTION ( 'NONE',  ( -0.000000000000000000, -0.000000000000000000, -1.000000000000000000 ) ) ;
#4583 = EDGE_CURVE ( 'NONE', #232, #3225, #3772, .T. ) ;
#4584 = DIRECTION ( 'NONE',  ( 0.000000000000000000, -0.000000000000000000, -1.000000000000000000 ) ) ;
#4585 = ADVANCED_FACE ( 'NONE', ( #1218 ), #5022, .F. ) ;
#4586 = CARTESIAN_POINT ( 'NONE',  ( 2.200000000000000622, 0.5525000000000013234, 2.397499999999999964 ) ) ;
#4587 = VECTOR ( 'NONE', #567, 1000.000000000000000 ) ;
#4588 = ORIENTED_EDGE ( 'NONE', *, *, #2504, .F. ) ;
#4589 = FACE_OUTER_BOUND ( 'NONE', #2797, .T. ) ;
#4590 = VECTOR ( 'NONE', #4822, 1000.000000000000000 ) ;
#4591 = CARTESIAN_POINT ( 'NONE',  ( 2.319201962066644640, 0.6975000000000013411, -2.152500000000000302 ) ) ;
#4592 = VERTEX_POINT ( 'NONE', #2328 ) ;
#4593 = CARTESIAN_POINT ( 'NONE',  ( -2.200000000000000622, 0.6975000000000013411, -0.8525000000000003686 ) ) ;
#4594 = DIRECTION ( 'NONE',  ( -1.000000000000000000, 0.000000000000000000, 0.000000000000000000 ) ) ;
#4595 = DIRECTION ( 'NONE',  ( 0.000000000000000000, -0.000000000000000000, -1.000000000000000000 ) ) ;
#4596 = DIRECTION ( 'NONE',  ( -0.000000000000000000, -0.000000000000000000, -1.000000000000000000 ) ) ;
#4597 = PLANE ( 'NONE',  #5914 ) ;
#4598 = CARTESIAN_POINT ( 'NONE',  ( -2.319201962066644640, 0.3970550407499311429, 0.4474999999999995648 ) ) ;
#4599 = VECTOR ( 'NONE', #7009, 1000.000000000000114 ) ;
#4600 = ORIENTED_EDGE ( 'NONE', *, *, #2117, .T. ) ;
#4601 = VECTOR ( 'NONE', #250, 1000.000000000000000 ) ;
#4602 = DIRECTION ( 'NONE',  ( 0.000000000000000000, 1.000000000000000000, 0.000000000000000000 ) ) ;
#4603 = CIRCLE ( 'NONE', #6552, 0.3004449592500699762 ) ;
#4604 = ORIENTED_EDGE ( 'NONE', *, *, #7102, .T. ) ;
#4605 = CARTESIAN_POINT ( 'NONE',  ( 2.200000000000000622, 0.5525000000000013234, -0.2025000000000004297 ) ) ;
#4606 = AXIS2_PLACEMENT_3D ( 'NONE', #6535, #2773, #5771 ) ;
#4607 = ADVANCED_FACE ( 'NONE', ( #6533 ), #2909, .F. ) ;
#4608 = DIRECTION ( 'NONE',  ( -0.2588190451025209060, -0.9659258262890683122, 0.000000000000000000 ) ) ;
#4609 = EDGE_CURVE ( 'NONE', #6830, #2705, #3746, .T. ) ;
#4610 = PLANE ( 'NONE',  #5793 ) ;
#4611 = LINE ( 'NONE', #7464, #2141 ) ;
#4612 = CARTESIAN_POINT ( 'NONE',  ( -2.519533705154928249, 0.2499999999999996669, -0.8525000000000003686 ) ) ;
#4613 = VECTOR ( 'NONE', #7858, 1000.000000000000227 ) ;
#4614 = DIRECTION ( 'NONE',  ( 0.000000000000000000, -0.000000000000000000, -1.000000000000000000 ) ) ;
#4615 = CARTESIAN_POINT ( 'NONE',  ( 2.200000000000000622, 0.6975000000000013411, -0.2025000000000004297 ) ) ;
#4616 = FACE_OUTER_BOUND ( 'NONE', #2492, .T. ) ;
#4617 = PLANE ( 'NONE',  #2765 ) ;
#4618 = ORIENTED_EDGE ( 'NONE', *, *, #1686, .F. ) ;
#4619 = VERTEX_POINT ( 'NONE', #7820 ) ;
#4620 = DIRECTION ( 'NONE',  ( 1.000000000000000000, 0.000000000000000000, -0.000000000000000000 ) ) ;
#4621 = AXIS2_PLACEMENT_3D ( 'NONE', #2854, #595, #415 ) ;
#4622 = PLANE ( 'NONE',  #5122 ) ;
#4623 = EDGE_CURVE ( 'NONE', #4820, #1016, #6355, .T. ) ;
#4624 = CARTESIAN_POINT ( 'NONE',  ( -2.114445983927817352, 1.100000000000000311, -2.414445983927810513 ) ) ;
#4625 = AXIS2_PLACEMENT_3D ( 'NONE', #2299, #3392, #1775 ) ;
#4626 = VECTOR ( 'NONE', #3462, 1000.000000000000000 ) ;
#4627 = SURFACE_STYLE_USAGE ( .BOTH. , #1048 ) ;
#4628 = LINE ( 'NONE', #2994, #7363 ) ;
#4629 = LINE ( 'NONE', #7339, #7252 ) ;
#4630 = EDGE_CURVE ( 'NONE', #5565, #7391, #1347, .T. ) ;
#4631 = CARTESIAN_POINT ( 'NONE',  ( -2.200000000000000622, 0.6975000000000013411, -1.502500000000000391 ) ) ;
#4632 = ORIENTED_EDGE ( 'NONE', *, *, #7451, .T. ) ;
#4633 = ORIENTED_EDGE ( 'NONE', *, *, #5540, .F. ) ;
#4634 = CARTESIAN_POINT ( 'NONE',  ( 3.199999999999999734, 0.1446467872876750493, 2.152499999999999858 ) ) ;
#4635 = DIRECTION ( 'NONE',  ( 1.000000000000000000, 0.000000000000000000, 0.000000000000000000 ) ) ;
#4636 = LINE ( 'NONE', #1710, #7258 ) ;
#4637 = VECTOR ( 'NONE', #1101, 1000.000000000000000 ) ;
#4638 = EDGE_CURVE ( 'NONE', #3178, #658, #3956, .T. ) ;
#4639 = VECTOR ( 'NONE', #3166, 1000.000000000000000 ) ;
#4640 = FACE_OUTER_BOUND ( 'NONE', #2981, .T. ) ;
#4641 = ORIENTED_EDGE ( 'NONE', *, *, #353, .F. ) ;
#4642 = DIRECTION ( 'NONE',  ( 1.000000000000000000, 0.000000000000000000, 0.000000000000000000 ) ) ;
#4643 = DIRECTION ( 'NONE',  ( -0.06975647374412521917, 0.9975640502598241977, 0.000000000000000000 ) ) ;
#4644 = EDGE_CURVE ( 'NONE', #918, #385, #6569, .T. ) ;
#4645 = VERTEX_POINT ( 'NONE', #7164 ) ;
#4646 = DIRECTION ( 'NONE',  ( 0.2588190451025186856, 0.9659258262890688673, -0.000000000000000000 ) ) ;
#4647 = CARTESIAN_POINT ( 'NONE',  ( 2.469350262772739057, 0.4372871566690347267, 1.747499999999999387 ) ) ;
#4648 = EDGE_CURVE ( 'NONE', #4809, #4231, #6506, .T. ) ;
#4649 = CARTESIAN_POINT ( 'NONE',  ( 2.609409507584654175, 0.4748159182089002894, -1.097500000000000364 ) ) ;
#4650 = ADVANCED_FACE ( 'NONE', ( #1124 ), #1732, .F. ) ;
#4651 = CYLINDRICAL_SURFACE ( 'NONE', #3434, 0.1554449592500702360 ) ;
#4652 = VECTOR ( 'NONE', #6820, 1000.000000000000000 ) ;
#4653 = DIRECTION ( 'NONE',  ( 0.9975640502598243087, -0.06975647374412488610, 0.000000000000000000 ) ) ;
#4654 = LINE ( 'NONE', #2574, #4639 ) ;
#4655 = ADVANCED_FACE ( 'NONE', ( #1297 ), #4617, .F. ) ;
#4656 = ORIENTED_EDGE ( 'NONE', *, *, #497, .F. ) ;
#4657 = VERTEX_POINT ( 'NONE', #5139 ) ;
#4658 = CARTESIAN_POINT ( 'NONE',  ( -2.609409507584654175, 0.4748159182089002894, -0.2025000000000004297 ) ) ;
#4659 = CARTESIAN_POINT ( 'NONE',  ( -2.319201962066644640, 0.3970550407499311429, -1.502500000000000391 ) ) ;
#4660 = SURFACE_STYLE_USAGE ( .BOTH. , #2733 ) ;
#4661 = DIRECTION ( 'NONE',  ( 1.000000000000000000, 0.000000000000000000, 0.000000000000000000 ) ) ;
#4662 = EDGE_CURVE ( 'NONE', #3935, #4892, #1085, .T. ) ;
#4663 = VECTOR ( 'NONE', #4121, 1000.000000000000227 ) ;
#4664 = CARTESIAN_POINT ( 'NONE',  ( 2.319201962066644640, 0.3970550407499311429, 2.152499999999999858 ) ) ;
#4665 = VECTOR ( 'NONE', #5491, 1000.000000000000000 ) ;
#4666 = CARTESIAN_POINT ( 'NONE',  ( 2.659592949966843367, 0.2875287615398652852, 0.4474999999999995648 ) ) ;
#4667 = PLANE ( 'NONE',  #2575 ) ;
#4668 = FACE_OUTER_BOUND ( 'NONE', #6581, .T. ) ;
#4669 = AXIS2_PLACEMENT_3D ( 'NONE', #862, #4425, #668 ) ;
#4670 = SURFACE_STYLE_USAGE ( .BOTH. , #1690 ) ;
#4671 = ORIENTED_EDGE ( 'NONE', *, *, #6066, .T. ) ;
#4672 = ORIENTED_EDGE ( 'NONE', *, *, #5295, .T. ) ;
#4673 = ADVANCED_FACE ( 'NONE', ( #6432 ), #6431, .F. ) ;
#4674 = CARTESIAN_POINT ( 'NONE',  ( 2.788783269761455852, 0.02804778702932084894, -0.8525000000000003686 ) ) ;
#4675 = LINE ( 'NONE', #5500, #7295 ) ;
#4676 = CARTESIAN_POINT ( 'NONE',  ( 2.200000000000000622, 0.5525000000000013234, 1.097499999999999476 ) ) ;
#4677 = EDGE_CURVE ( 'NONE', #2181, #2147, #6607, .T. ) ;
#4678 = FACE_OUTER_BOUND ( 'NONE', #902, .T. ) ;
#4679 = VECTOR ( 'NONE', #4452, 1000.000000000000000 ) ;
#4680 = FILL_AREA_STYLE ('',( #2708 ) ) ;
#4681 = ORIENTED_EDGE ( 'NONE', *, *, #2320, .F. ) ;
#4682 = EDGE_LOOP ( 'NONE', ( #1434, #1984, #5881, #3835 ) ) ;
#4683 = CARTESIAN_POINT ( 'NONE',  ( 2.200000000000000622, 0.5525000000000013234, 1.502499999999999503 ) ) ;
#4684 = CIRCLE ( 'NONE', #2641, 0.3004449592500699762 ) ;
#4685 = SURFACE_STYLE_FILL_AREA ( #4680 ) ;
#4686 = FACE_OUTER_BOUND ( 'NONE', #2584, .T. ) ;
#4687 = ORIENTED_EDGE ( 'NONE', *, *, #7836, .F. ) ;
#4688 = DIRECTION ( 'NONE',  ( -1.000000000000000000, 0.000000000000000000, 0.000000000000000000 ) ) ;
#4689 = ORIENTED_EDGE ( 'NONE', *, *, #4895, .F. ) ;
#4690 = DIRECTION ( 'NONE',  ( -1.000000000000000000, 0.000000000000000000, 0.000000000000000000 ) ) ;
#4691 = DIRECTION ( 'NONE',  ( -0.000000000000000000, 1.000000000000000000, -0.000000000000000000 ) ) ;
#4692 = DIRECTION ( 'NONE',  ( 0.000000000000000000, 1.000000000000000000, 0.000000000000000000 ) ) ;
#4693 = CARTESIAN_POINT ( 'NONE',  ( 2.659592949966843367, 0.2875287615398652852, -2.152500000000000302 ) ) ;
#4694 = DIRECTION ( 'NONE',  ( 0.000000000000000000, 1.000000000000000000, 0.000000000000000000 ) ) ;
#4695 = VECTOR ( 'NONE', #7866, 1000.000000000000114 ) ;
#4696 = AXIS2_PLACEMENT_3D ( 'NONE', #7559, #3418, #4643 ) ;
#4697 = LINE ( 'NONE', #3806, #2028 ) ;
#4698 = DIRECTION ( 'NONE',  ( 0.000000000000000000, 0.000000000000000000, 1.000000000000000000 ) ) ;
#4699 = VECTOR ( 'NONE', #7316, 1000.000000000000000 ) ;
#4700 = ORIENTED_EDGE ( 'NONE', *, *, #4466, .F. ) ;
#4701 = AXIS2_PLACEMENT_3D ( 'NONE', #6495, #5669, #5086 ) ;
#4702 = EDGE_LOOP ( 'NONE', ( #774, #5123, #6751, #6927 ) ) ;
#4703 = CARTESIAN_POINT ( 'NONE',  ( 2.469350262772739502, 0.4372871566690347822, 2.397499999999999964 ) ) ;
#4704 = CARTESIAN_POINT ( 'NONE',  ( -2.319201962066644640, 0.5525000000000012124, -0.2025000000000004297 ) ) ;
#4705 = LINE ( 'NONE', #900, #7431 ) ;
#4706 = CARTESIAN_POINT ( 'NONE',  ( -1.500000000000000444, 0.2500000000000006661, -1.500000000000003109 ) ) ;
#4707 = VECTOR ( 'NONE', #4332, 1000.000000000000000 ) ;
#4708 = EDGE_CURVE ( 'NONE', #2993, #5396, #3699, .T. ) ;
#4709 = ORIENTED_EDGE ( 'NONE', *, *, #947, .F. ) ;
#4710 = EDGE_CURVE ( 'NONE', #5499, #743, #3838, .T. ) ;
#4711 = VERTEX_POINT ( 'NONE', #2693 ) ;
#4712 = AXIS2_PLACEMENT_3D ( 'NONE', #1011, #6561, #5213 ) ;
#4713 = DIRECTION ( 'NONE',  ( -0.2588190451025186856, 0.9659258262890688673, 0.000000000000000000 ) ) ;
#4714 = DIRECTION ( 'NONE',  ( -0.000000000000000000, -0.000000000000000000, -1.000000000000000000 ) ) ;
#4715 = EDGE_CURVE ( 'NONE', #406, #3388, #1111, .T. ) ;
#4716 = CARTESIAN_POINT ( 'NONE',  ( 1.499999999999999556, 0.2500000000000006661, 1.499999999999997780 ) ) ;
#4717 = VECTOR ( 'NONE', #157, 1000.000000000000000 ) ;
#4718 = CARTESIAN_POINT ( 'NONE',  ( -3.189885311307101734, 6.428775942946129489E-16, -1.502500000000000391 ) ) ;
#4719 = CIRCLE ( 'NONE', #6248, 0.1554449592500702360 ) ;
#4720 = CARTESIAN_POINT ( 'NONE',  ( -2.200000000000000622, 0.5525000000000013234, 1.097499999999999476 ) ) ;
#4721 = ORIENTED_EDGE ( 'NONE', *, *, #2869, .F. ) ;
#4722 = DIRECTION ( 'NONE',  ( 0.9975640502598243087, 0.06975647374412488610, 0.000000000000000000 ) ) ;
#4723 = ORIENTED_EDGE ( 'NONE', *, *, #6781, .T. ) ;
#4724 = ADVANCED_FACE ( 'NONE', ( #1266 ), #6543, .F. ) ;
#4725 = DIRECTION ( 'NONE',  ( 0.000000000000000000, -1.000000000000000000, -0.000000000000000000 ) ) ;
#4726 = EDGE_CURVE ( 'NONE', #539, #5770, #3988, .T. ) ;
#4727 = LINE ( 'NONE', #3417, #7333 ) ;
#4728 = VECTOR ( 'NONE', #6656, 1000.000000000000000 ) ;
#4729 = VECTOR ( 'NONE', #5878, 1000.000000000000000 ) ;
#4730 = ORIENTED_EDGE ( 'NONE', *, *, #5414, .T. ) ;
#4731 = CARTESIAN_POINT ( 'NONE',  ( -2.469350262772739502, 0.4372871566690347822, -0.8525000000000003686 ) ) ;
#4732 = DIRECTION ( 'NONE',  ( 0.000000000000000000, -0.000000000000000000, -1.000000000000000000 ) ) ;
#4733 = EDGE_CURVE ( 'NONE', #7534, #6727, #1310, .T. ) ;
#4734 = ORIENTED_EDGE ( 'NONE', *, *, #2257, .F. ) ;
#4735 =( NAMED_UNIT ( * ) SI_UNIT ( $, .STERADIAN. ) SOLID_ANGLE_UNIT ( ) );
#4736 = DIRECTION ( 'NONE',  ( -0.000000000000000000, -0.000000000000000000, -1.000000000000000000 ) ) ;
#4737 = DIRECTION ( 'NONE',  ( -0.9975640502598243087, 0.06975647374412477508, 0.000000000000000000 ) ) ;
#4738 = DIRECTION ( 'NONE',  ( -1.000000000000000000, 0.000000000000000000, 0.000000000000000000 ) ) ;
#4739 = PLANE ( 'NONE',  #6929 ) ;
#4740 = LINE ( 'NONE', #6863, #2231 ) ;
#4741 = VECTOR ( 'NONE', #119, 1000.000000000000227 ) ;
#4742 = MANIFOLD_SOLID_BREP ( 'LPattern1[10]', #6428 ) ;
#4743 = LINE ( 'NONE', #3541, #7262 ) ;
#4744 = EDGE_LOOP ( 'NONE', ( #3659, #444, #6330, #6300 ) ) ;
#4745 = ORIENTED_EDGE ( 'NONE', *, *, #2950, .F. ) ;
#4746 = EDGE_CURVE ( 'NONE', #4198, #185, #4157, .T. ) ;
#4747 = DIRECTION ( 'NONE',  ( -0.06975647374412521917, 0.9975640502598241977, 0.000000000000000000 ) ) ;
#4748 = AXIS2_PLACEMENT_3D ( 'NONE', #1288, #647, #4367 ) ;
#4749 = LINE ( 'NONE', #1840, #7410 ) ;
#4750 = LINE ( 'NONE', #73, #7169 ) ;
#4751 = CARTESIAN_POINT ( 'NONE',  ( 2.788783269761455852, 0.02804778702932084894, 1.747499999999999387 ) ) ;
#4752 = ORIENTED_EDGE ( 'NONE', *, *, #5744, .T. ) ;
#4753 = ORIENTED_EDGE ( 'NONE', *, *, #5064, .F. ) ;
#4754 = EDGE_CURVE ( 'NONE', #2826, #6830, #4015, .T. ) ;
#4755 = CARTESIAN_POINT ( 'NONE',  ( 2.809741250672937785, 0.3277608774589687579, -1.097500000000000364 ) ) ;
#4756 = CARTESIAN_POINT ( 'NONE',  ( 2.798897958454353851, 0.1726945743169953640, -0.8525000000000003686 ) ) ;
#4757 = CARTESIAN_POINT ( 'NONE',  ( 2.659592949966843367, 0.2875287615398652852, 1.502499999999999503 ) ) ;
#4758 = FACE_OUTER_BOUND ( 'NONE', #460, .T. ) ;
#4759 = CARTESIAN_POINT ( 'NONE',  ( -2.469350262772739502, 0.4372871566690347822, -1.747500000000000275 ) ) ;
#4760 = LINE ( 'NONE', #4850, #4849 ) ;
#4761 = VECTOR ( 'NONE', #5753, 1000.000000000000000 ) ;
#4762 = DIRECTION ( 'NONE',  ( 1.000000000000000000, 0.000000000000000000, 0.000000000000000000 ) ) ;
#4763 = ORIENTED_EDGE ( 'NONE', *, *, #4458, .F. ) ;
#4764 = DIRECTION ( 'NONE',  ( -0.9975640502598243087, 0.06975647374412477508, 0.000000000000000000 ) ) ;
#4765 = ORIENTED_EDGE ( 'NONE', *, *, #1985, .F. ) ;
#4766 = AXIS2_PLACEMENT_3D ( 'NONE', #4387, #1419, #2547 ) ;
#4767 = FACE_OUTER_BOUND ( 'NONE', #3471, .T. ) ;
#4768 = LINE ( 'NONE', #4808, #7521 ) ;
#4769 = LINE ( 'NONE', #4541, #4796 ) ;
#4770 = AXIS2_PLACEMENT_3D ( 'NONE', #3264, #1535, #939 ) ;
#4771 = EDGE_LOOP ( 'NONE', ( #3937, #1095, #6563, #6516 ) ) ;
#4772 = CARTESIAN_POINT ( 'NONE',  ( -2.659592949966843367, 0.2875287615398652852, -0.8525000000000003686 ) ) ;
#4773 = PLANE ( 'NONE',  #1644 ) ;
#4774 = ORIENTED_EDGE ( 'NONE', *, *, #3321, .F. ) ;
#4775 = CARTESIAN_POINT ( 'NONE',  ( -2.200000000000000622, 0.6975000000000013411, 2.500000000000001332 ) ) ;
#4776 = DIRECTION ( 'NONE',  ( -0.9975640502598243087, -0.06975647374412488610, 0.000000000000000000 ) ) ;
#4777 = AXIS2_PLACEMENT_3D ( 'NONE', #5338, #2311, #2888 ) ;
#4778 = FILL_AREA_STYLE_COLOUR ( '', #2549 ) ;
#4779 = DIRECTION ( 'NONE',  ( -0.000000000000000000, -0.000000000000000000, -1.000000000000000000 ) ) ;
#4780 = PLANE ( 'NONE',  #826 ) ;
#4781 = AXIS2_PLACEMENT_3D ( 'NONE', #1862, #4403, #6744 ) ;
#4782 = LINE ( 'NONE', #2279, #7383 ) ;
#4783 = LINE ( 'NONE', #1870, #5009 ) ;
#4784 = PLANE ( 'NONE',  #3984 ) ;
#4785 = VECTOR ( 'NONE', #5401, 1000.000000000000000 ) ;
#4786 = ORIENTED_EDGE ( 'NONE', *, *, #7239, .F. ) ;
#4787 = DIRECTION ( 'NONE',  ( 1.000000000000000000, -9.095506094768336076E-16, 0.000000000000000000 ) ) ;
#4788 = EDGE_LOOP ( 'NONE', ( #6225, #5232, #4953, #2407 ) ) ;
#4789 = DIRECTION ( 'NONE',  ( 0.2588190451025209060, -0.9659258262890683122, 0.000000000000000000 ) ) ;
#4790 = DIRECTION ( 'NONE',  ( -0.000000000000000000, -0.000000000000000000, -1.000000000000000000 ) ) ;
#4791 = EDGE_CURVE ( 'NONE', #1665, #289, #4091, .T. ) ;
#4792 = LINE ( 'NONE', #4171, #2014 ) ;
#4793 = AXIS2_PLACEMENT_3D ( 'NONE', #5219, #6524, #366 ) ;
#4794 = PLANE ( 'NONE',  #7599 ) ;
#4795 = EDGE_CURVE ( 'NONE', #2527, #1271, #1568, .T. ) ;
#4796 = VECTOR ( 'NONE', #5258, 1000.000000000000114 ) ;
#4797 = CARTESIAN_POINT ( 'NONE',  ( -2.798897958454353851, 0.1726945743169953640, 2.397499999999999964 ) ) ;
#4798 = ORIENTED_EDGE ( 'NONE', *, *, #6359, .T. ) ;
#4799 = EDGE_CURVE ( 'NONE', #7534, #5975, #1451, .T. ) ;
#4800 = ORIENTED_EDGE ( 'NONE', *, *, #142, .F. ) ;
#4801 = DIRECTION ( 'NONE',  ( 1.000000000000000000, 0.000000000000000000, 0.000000000000000000 ) ) ;
#4802 = DIRECTION ( 'NONE',  ( 1.000000000000000000, 0.000000000000000000, 0.000000000000000000 ) ) ;
#4803 = CARTESIAN_POINT ( 'NONE',  ( 2.200000000000000622, 0.6975000000000013411, 1.747499999999999387 ) ) ;
#4804 = LINE ( 'NONE', #2573, #7284 ) ;
#4805 = DIRECTION ( 'NONE',  ( 0.2588190451025186856, 0.9659258262890688673, -0.000000000000000000 ) ) ;
#4806 = PRESENTATION_STYLE_ASSIGNMENT (( #6237 ) ) ;
#4807 = VECTOR ( 'NONE', #4732, 1000.000000000000000 ) ;
#4808 = CARTESIAN_POINT ( 'NONE',  ( 2.200000000000000622, 0.5525000000000013234, 2.397499999999999964 ) ) ;
#4809 = VERTEX_POINT ( 'NONE', #6854 ) ;
#4810 = CARTESIAN_POINT ( 'NONE',  ( -2.469350262772739502, 0.4372871566690347822, 0.2024999999999995692 ) ) ;
#4811 = DIRECTION ( 'NONE',  ( -0.000000000000000000, -0.000000000000000000, -1.000000000000000000 ) ) ;
#4812 = VERTEX_POINT ( 'NONE', #4797 ) ;
#4813 = EDGE_CURVE ( 'NONE', #6374, #4193, #1437, .T. ) ;
#4814 = DIRECTION ( 'NONE',  ( 0.000000000000000000, 0.000000000000000000, 1.000000000000000000 ) ) ;
#4815 = CARTESIAN_POINT ( 'NONE',  ( 1.499999999999999556, 0.2500000000000002220, 1.499999999999997780 ) ) ;
#4816 = EDGE_CURVE ( 'NONE', #1708, #553, #1464, .T. ) ;
#4817 = LINE ( 'NONE', #2949, #2053 ) ;
#4818 = VECTOR ( 'NONE', #3228, 1000.000000000000000 ) ;
#4819 = ADVANCED_FACE ( 'NONE', ( #6789 ), #1206, .F. ) ;
#4820 = VERTEX_POINT ( 'NONE', #2923 ) ;
#4821 = CARTESIAN_POINT ( 'NONE',  ( -1.600000000000001199, 1.100000000000000311, -1.899999999999995470 ) ) ;
#4822 = DIRECTION ( 'NONE',  ( -0.000000000000000000, -0.000000000000000000, -1.000000000000000000 ) ) ;
#4823 = ORIENTED_EDGE ( 'NONE', *, *, #394, .T. ) ;
#4824 = CARTESIAN_POINT ( 'NONE',  ( 2.199999999999998401, 0.5525000000000013234, -2.499999999999995115 ) ) ;
#4825 = CARTESIAN_POINT ( 'NONE',  ( -2.609409507584654175, 0.4748159182089002894, 0.4474999999999995648 ) ) ;
#4826 = PLANE ( 'NONE',  #7701 ) ;
#4827 = PRODUCT_RELATED_PRODUCT_CATEGORY ( 'part', '', ( #3361 ) ) ;
#4828 = EDGE_CURVE ( 'NONE', #579, #1769, #6771, .T. ) ;
#4829 = VECTOR ( 'NONE', #2525, 1000.000000000000000 ) ;
#4830 = DIRECTION ( 'NONE',  ( 1.000000000000000000, 0.000000000000000000, 0.000000000000000000 ) ) ;
#4831 = FACE_OUTER_BOUND ( 'NONE', #4771, .T. ) ;
#4832 = ORIENTED_EDGE ( 'NONE', *, *, #5680, .T. ) ;
#4833 = FILL_AREA_STYLE ('',( #3656 ) ) ;
#4834 = VERTEX_POINT ( 'NONE', #4310 ) ;
#4835 = ADVANCED_FACE ( 'NONE', ( #4167 ), #7840, .F. ) ;
#4836 = DIRECTION ( 'NONE',  ( 0.2588190451025209060, -0.9659258262890683122, 0.000000000000000000 ) ) ;
#4837 = LINE ( 'NONE', #1222, #2241 ) ;
#4838 = DIRECTION ( 'NONE',  ( 0.000000000000000000, -0.000000000000000000, -1.000000000000000000 ) ) ;
#4839 = EDGE_CURVE ( 'NONE', #3539, #2603, #6801, .T. ) ;
#4840 = CARTESIAN_POINT ( 'NONE',  ( -2.319201962066644640, 0.3970550407499311429, 1.502499999999999503 ) ) ;
#4841 = CARTESIAN_POINT ( 'NONE',  ( -3.199999999999999734, 0.1446467872876750493, 1.097499999999999476 ) ) ;
#4842 = ORIENTED_EDGE ( 'NONE', *, *, #5058, .T. ) ;
#4843 = VERTEX_POINT ( 'NONE', #102 ) ;
#4844 = CARTESIAN_POINT ( 'NONE',  ( -2.809741250672937785, 0.3277608774589687579, -0.8525000000000003686 ) ) ;
#4845 = DIRECTION ( 'NONE',  ( 0.9659258262890688673, 0.2588190451025186856, 0.000000000000000000 ) ) ;
#4846 = CIRCLE ( 'NONE', #2891, 0.3004449592500699762 ) ;
#4847 = CARTESIAN_POINT ( 'NONE',  ( 2.319201962066644640, 0.3970550407499311429, -1.747500000000000275 ) ) ;
#4848 = AXIS2_PLACEMENT_3D ( 'NONE', #7290, #1760, #4133 ) ;
#4849 = VECTOR ( 'NONE', #1339, 1000.000000000000000 ) ;
#4850 = CARTESIAN_POINT ( 'NONE',  ( -2.519533705154928249, 0.2499999999999996669, -2.152500000000000302 ) ) ;
#4851 = EDGE_LOOP ( 'NONE', ( #6413, #5714, #2933, #967 ) ) ;
#4852 = DIRECTION ( 'NONE',  ( 0.000000000000000000, -1.000000000000000000, -0.000000000000000000 ) ) ;
#4853 = CARTESIAN_POINT ( 'NONE',  ( -2.200000000000000622, 0.5525000000000013234, -0.8525000000000003686 ) ) ;
#4854 = ORIENTED_EDGE ( 'NONE', *, *, #4816, .F. ) ;
#4855 =( NAMED_UNIT ( * ) PLANE_ANGLE_UNIT ( ) SI_UNIT ( $, .RADIAN. ) );
#4856 = CARTESIAN_POINT ( 'NONE',  ( 2.798897958454353851, 0.1726945743169953640, 0.8524999999999994804 ) ) ;
#4857 = CARTESIAN_POINT ( 'NONE',  ( -2.798897958454353851, 0.1726945743169953640, -0.4475000000000003975 ) ) ;
#4858 = LINE ( 'NONE', #4731, #4695 ) ;
#4859 = ADVANCED_FACE ( 'NONE', ( #4068 ), #6720, .T. ) ;
#4860 = LINE ( 'NONE', #7419, #2262 ) ;
#4861 = CYLINDRICAL_SURFACE ( 'NONE', #3467, 0.1554449592500702360 ) ;
#4862 = AXIS2_PLACEMENT_3D ( 'NONE', #1066, #1242, #4232 ) ;
#4863 = EDGE_LOOP ( 'NONE', ( #4349, #2032, #7289, #4312 ) ) ;
#4864 = PLANE ( 'NONE',  #6202 ) ;
#4865 = EDGE_CURVE ( 'NONE', #6830, #4645, #6641, .T. ) ;
#4866 = CARTESIAN_POINT ( 'NONE',  ( -2.319201962066644640, 0.3970550407499311429, 2.397499999999999964 ) ) ;
#4867 = VERTEX_POINT ( 'NONE', #7256 ) ;
#4868 = CARTESIAN_POINT ( 'NONE',  ( -2.809741250672937785, 0.3277608774589687579, -1.747500000000000275 ) ) ;
#4869 =( GEOMETRIC_REPRESENTATION_CONTEXT ( 3 ) GLOBAL_UNCERTAINTY_ASSIGNED_CONTEXT ( ( #4188 ) ) GLOBAL_UNIT_ASSIGNED_CONTEXT ( ( #3138, #2030, #4435 ) ) REPRESENTATION_CONTEXT ( 'NONE', 'WORKASPACE' ) );
#4870 = CARTESIAN_POINT ( 'NONE',  ( -2.200000000000000622, 0.6975000000000013411, -2.397500000000000409 ) ) ;
#4871 = CARTESIAN_POINT ( 'NONE',  ( -2.469350262772739502, 0.4372871566690347822, -0.2025000000000004297 ) ) ;
#4872 = EDGE_CURVE ( 'NONE', #621, #2800, #6654, .T. ) ;
#4873 = DIRECTION ( 'NONE',  ( 0.2588190451025186856, 0.9659258262890688673, -0.000000000000000000 ) ) ;
#4874 = FACE_OUTER_BOUND ( 'NONE', #3089, .T. ) ;
#4875 = DIRECTION ( 'NONE',  ( 0.000000000000000000, -0.000000000000000000, -1.000000000000000000 ) ) ;
#4876 = LINE ( 'NONE', #644, #4999 ) ;
#4877 = FACE_OUTER_BOUND ( 'NONE', #1698, .T. ) ;
#4878 = ADVANCED_FACE ( 'NONE', ( #4182 ), #5972, .F. ) ;
#4879 = VERTEX_POINT ( 'NONE', #5420 ) ;
#4880 = DIRECTION ( 'NONE',  ( 0.000000000000000000, 0.000000000000000000, 1.000000000000000000 ) ) ;
#4881 = ORIENTED_EDGE ( 'NONE', *, *, #5729, .F. ) ;
#4882 = EDGE_CURVE ( 'NONE', #3116, #5675, #6707, .T. ) ;
#4883 = AXIS2_PLACEMENT_3D ( 'NONE', #3160, #3857, #3352 ) ;
#4884 = DIRECTION ( 'NONE',  ( -0.06975647374412523305, -0.9975640502598241977, 0.000000000000000000 ) ) ;
#4885 = EDGE_CURVE ( 'NONE', #3635, #3515, #4106, .T. ) ;
#4886 = FACE_OUTER_BOUND ( 'NONE', #921, .T. ) ;
#4887 = PLANE ( 'NONE',  #1460 ) ;
#4888 = LINE ( 'NONE', #1871, #2373 ) ;
#4889 = CARTESIAN_POINT ( 'NONE',  ( 2.319201962066644640, 0.3970550407499311429, 2.397499999999999964 ) ) ;
#4890 = ORIENTED_EDGE ( 'NONE', *, *, #6803, .F. ) ;
#4891 = EDGE_CURVE ( 'NONE', #7549, #3723, #1597, .T. ) ;
#4892 = VERTEX_POINT ( 'NONE', #2974 ) ;
#4893 = ADVANCED_FACE ( 'NONE', ( #6817 ), #5472, .F. ) ;
#4894 = CARTESIAN_POINT ( 'NONE',  ( -2.469350262772739502, 0.4372871566690347822, 1.747499999999999387 ) ) ;
#4895 = EDGE_CURVE ( 'NONE', #2544, #6086, #1609, .T. ) ;
#4896 = CARTESIAN_POINT ( 'NONE',  ( 2.200000000000000622, 0.6975000000000013411, -2.152500000000000302 ) ) ;
#4897 = DIRECTION ( 'NONE',  ( 0.9975640502598243087, 0.06975647374412477508, -0.000000000000000000 ) ) ;
#4898 = EDGE_CURVE ( 'NONE', #6715, #745, #4210, .T. ) ;
#4899 = LINE ( 'NONE', #1955, #7484 ) ;
#4900 = AXIS2_PLACEMENT_3D ( 'NONE', #4412, #2526, #114 ) ;
#4901 = DIRECTION ( 'NONE',  ( 1.000000000000000000, -9.095506094768336076E-16, 0.000000000000000000 ) ) ;
#4902 = VERTEX_POINT ( 'NONE', #5578 ) ;
#4903 = CARTESIAN_POINT ( 'NONE',  ( 2.609409507584654175, 0.4748159182089002894, -1.502500000000000391 ) ) ;
#4904 = ORIENTED_EDGE ( 'NONE', *, *, #2002, .T. ) ;
#4905 = DIRECTION ( 'NONE',  ( -0.9975640502598243087, 0.06975647374412477508, 0.000000000000000000 ) ) ;
#4906 = CARTESIAN_POINT ( 'NONE',  ( -2.788783269761455852, 0.02804778702932084894, -0.2025000000000004297 ) ) ;
#4907 = AXIS2_PLACEMENT_3D ( 'NONE', #2267, #5852, #5294 ) ;
#4908 = CARTESIAN_POINT ( 'NONE',  ( -3.199999999999999734, 0.1446467872876750493, 1.502499999999999503 ) ) ;
#4909 = VECTOR ( 'NONE', #714, 1000.000000000000000 ) ;
#4910 = LINE ( 'NONE', #7697, #2273 ) ;
#4911 = AXIS2_PLACEMENT_3D ( 'NONE', #4409, #6233, #5046 ) ;
#4912 = ORIENTED_EDGE ( 'NONE', *, *, #6187, .F. ) ;
#4913 = PLANE ( 'NONE',  #2973 ) ;
#4914 = VERTEX_POINT ( 'NONE', #6907 ) ;
#4915 = DIRECTION ( 'NONE',  ( 0.000000000000000000, -0.000000000000000000, -1.000000000000000000 ) ) ;
#4916 = CARTESIAN_POINT ( 'NONE',  ( 2.319201962066644640, 0.5525000000000012124, 0.8524999999999994804 ) ) ;
#4917 = EDGE_CURVE ( 'NONE', #4902, #7860, #6841, .T. ) ;
#4918 = DIRECTION ( 'NONE',  ( -1.000000000000000000, 0.000000000000000000, 0.000000000000000000 ) ) ;
#4919 = DIRECTION ( 'NONE',  ( 0.000000000000000000, 1.000000000000000000, 0.000000000000000000 ) ) ;
#4920 = ADVANCED_FACE ( 'NONE', ( #6680 ), #2620, .F. ) ;
#4921 = CARTESIAN_POINT ( 'NONE',  ( 2.319201962066644640, 0.3970550407499311429, 0.8524999999999994804 ) ) ;
#4922 = LINE ( 'NONE', #7678, #7568 ) ;
#4923 = ORIENTED_EDGE ( 'NONE', *, *, #3927, .F. ) ;
#4924 = PLANE ( 'NONE',  #6749 ) ;
#4925 = DIRECTION ( 'NONE',  ( 0.000000000000000000, 1.000000000000000000, 0.000000000000000000 ) ) ;
#4926 = VERTEX_POINT ( 'NONE', #4490 ) ;
#4927 = CARTESIAN_POINT ( 'NONE',  ( -2.788783269761455852, 0.02804778702932090445, -0.2025000000000004297 ) ) ;
#4928 = CARTESIAN_POINT ( 'NONE',  ( 2.519533705154928249, 0.2499999999999996669, 1.097499999999999476 ) ) ;
#4929 = ORIENTED_EDGE ( 'NONE', *, *, #1059, .T. ) ;
#4930 = FACE_OUTER_BOUND ( 'NONE', #3354, .T. ) ;
#4931 = LINE ( 'NONE', #7012, #4945 ) ;
#4932 = LINE ( 'NONE', #1340, #2325 ) ;
#4933 = DIRECTION ( 'NONE',  ( 0.000000000000000000, 0.000000000000000000, 1.000000000000000000 ) ) ;
#4934 = CARTESIAN_POINT ( 'NONE',  ( -2.200000000000000622, 0.6975000000000013411, -1.097500000000000364 ) ) ;
#4935 = ADVANCED_FACE ( 'NONE', ( #1623 ), #3851, .F. ) ;
#4936 = EDGE_LOOP ( 'NONE', ( #5690, #6000, #7706, #3275, #2431, #47, #5742, #3288, #66, #4942, #7615, #2246 ) ) ;
#4937 = VERTEX_POINT ( 'NONE', #5460 ) ;
#4938 = CARTESIAN_POINT ( 'NONE',  ( 2.659592949966843367, 0.2875287615398652852, 0.4474999999999995648 ) ) ;
#4939 = AXIS2_PLACEMENT_3D ( 'NONE', #4132, #7823, #3649 ) ;
#4940 = PLANE ( 'NONE',  #2123 ) ;
#4941 = EDGE_CURVE ( 'NONE', #1675, #2903, #4059, .T. ) ;
#4942 = ORIENTED_EDGE ( 'NONE', *, *, #4548, .T. ) ;
#4943 = VECTOR ( 'NONE', #6979, 1000.000000000000000 ) ;
#4944 = DIRECTION ( 'NONE',  ( -9.095506094768336076E-16, 1.000000000000000000, 0.000000000000000000 ) ) ;
#4945 = VECTOR ( 'NONE', #1455, 1000.000000000000000 ) ;
#4946 = FACE_OUTER_BOUND ( 'NONE', #6167, .T. ) ;
#4947 = SURFACE_SIDE_STYLE ('',( #2361 ) ) ;
#4948 = EDGE_LOOP ( 'NONE', ( #3924, #6837, #1859, #1726 ) ) ;
#4949 = CARTESIAN_POINT ( 'NONE',  ( -2.200000000000000622, 0.6975000000000013411, 1.502499999999999503 ) ) ;
#4950 = ORIENTED_EDGE ( 'NONE', *, *, #2798, .T. ) ;
#4951 = ADVANCED_FACE ( 'NONE', ( #1530 ), #4239, .T. ) ;
#4952 = DIRECTION ( 'NONE',  ( -1.000000000000000000, 0.000000000000000000, 0.000000000000000000 ) ) ;
#4953 = ORIENTED_EDGE ( 'NONE', *, *, #2285, .F. ) ;
#4954 = AXIS2_PLACEMENT_3D ( 'NONE', #6114, #7173, #2408 ) ;
#4955 = EDGE_CURVE ( 'NONE', #7253, #289, #2199, .T. ) ;
#4956 = ORIENTED_EDGE ( 'NONE', *, *, #3927, .T. ) ;
#4957 = CIRCLE ( 'NONE', #7715, 0.3004449592500699762 ) ;
#4958 = PRESENTATION_LAYER_ASSIGNMENT (  '', '', ( #7022 ) ) ;
#4959 = VECTOR ( 'NONE', #4051, 1000.000000000000000 ) ;
#4960 = ORIENTED_EDGE ( 'NONE', *, *, #1567, .T. ) ;
#4961 = ORIENTED_EDGE ( 'NONE', *, *, #2628, .T. ) ;
#4962 = CARTESIAN_POINT ( 'NONE',  ( 2.519533705154928249, 0.2499999999999996669, 2.397499999999999964 ) ) ;
#4963 = EDGE_CURVE ( 'NONE', #2638, #75, #5465, .T. ) ;
#4964 = ORIENTED_EDGE ( 'NONE', *, *, #2906, .T. ) ;
#4965 = PLANE ( 'NONE',  #4669 ) ;
#4966 = VERTEX_POINT ( 'NONE', #2553 ) ;
#4967 = DIRECTION ( 'NONE',  ( 1.000000000000000000, 0.000000000000000000, 0.000000000000000000 ) ) ;
#4968 = CARTESIAN_POINT ( 'NONE',  ( 2.200000000000000622, 0.6975000000000013411, -2.152500000000000302 ) ) ;
#4969 = PLANE ( 'NONE',  #3353 ) ;
#4970 = EDGE_LOOP ( 'NONE', ( #2111, #729, #2956, #2953 ) ) ;
#4971 = CARTESIAN_POINT ( 'NONE',  ( 2.519533705154928249, 0.2499999999999996669, 0.4474999999999995648 ) ) ;
#4972 = COLOUR_RGB ( '',0.8000000000000000444, 0.8196078431372548767, 0.9333333333333333481 ) ;
#4973 = CARTESIAN_POINT ( 'NONE',  ( -3.189885311307101734, 6.428775942946129489E-16, -0.8525000000000003686 ) ) ;
#4974 = ORIENTED_EDGE ( 'NONE', *, *, #1270, .T. ) ;
#4975 = EDGE_CURVE ( 'NONE', #5885, #2390, #323, .T. ) ;
#4976 = CARTESIAN_POINT ( 'NONE',  ( -2.319201962066644640, 0.3970550407499311429, -1.502500000000000391 ) ) ;
#4977 = PLANE ( 'NONE',  #96 ) ;
#4978 = ORIENTED_EDGE ( 'NONE', *, *, #2146, .F. ) ;
#4979 = EDGE_CURVE ( 'NONE', #6017, #6547, #5413, .T. ) ;
#4980 = DIRECTION ( 'NONE',  ( -0.000000000000000000, -0.000000000000000000, -1.000000000000000000 ) ) ;
#4981 = ORIENTED_EDGE ( 'NONE', *, *, #1142, .F. ) ;
#4982 = CARTESIAN_POINT ( 'NONE',  ( 2.319201962066644640, 0.3970550407499311429, 2.152499999999999858 ) ) ;
#4983 = VECTOR ( 'NONE', #3818, 1000.000000000000000 ) ;
#4984 = ADVANCED_FACE ( 'NONE', ( #5453 ), #5364, .T. ) ;
#4985 = DIRECTION ( 'NONE',  ( -0.2588190451025209060, 0.9659258262890683122, 0.000000000000000000 ) ) ;
#4986 = CARTESIAN_POINT ( 'NONE',  ( -2.788783269761455852, 0.02804778702932084894, 2.152499999999999858 ) ) ;
#4987 = DIRECTION ( 'NONE',  ( -1.000000000000000000, 0.000000000000000000, 0.000000000000000000 ) ) ;
#4988 = ORIENTED_EDGE ( 'NONE', *, *, #5874, .F. ) ;
#4989 = ORIENTED_EDGE ( 'NONE', *, *, #2906, .F. ) ;
#4990 = CARTESIAN_POINT ( 'NONE',  ( -2.788783269761455852, 0.02804778702932090445, 2.397499999999999964 ) ) ;
#4991 = CARTESIAN_POINT ( 'NONE',  ( -2.519533705154928249, 0.2499999999999996669, -1.097500000000000364 ) ) ;
#4992 = ORIENTED_EDGE ( 'NONE', *, *, #3696, .T. ) ;
#4993 = CARTESIAN_POINT ( 'NONE',  ( -3.199999999999999734, 0.1446467872876750493, 1.502499999999999503 ) ) ;
#4994 = VERTEX_POINT ( 'NONE', #6732 ) ;
#4995 = CARTESIAN_POINT ( 'NONE',  ( 2.809741250672937785, 0.3277608774589687579, 0.4474999999999995648 ) ) ;
#4996 = EDGE_CURVE ( 'NONE', #385, #5499, #2924, .T. ) ;
#4997 = CARTESIAN_POINT ( 'NONE',  ( 2.469350262772739502, 0.4372871566690347822, -1.747500000000000275 ) ) ;
#4998 = CYLINDRICAL_SURFACE ( 'NONE', #7809, 0.1554449592500702360 ) ;
#4999 = VECTOR ( 'NONE', #402, 1000.000000000000227 ) ;
#5000 = ADVANCED_FACE ( 'NONE', ( #2769 ), #4924, .F. ) ;
#5001 = DIRECTION ( 'NONE',  ( -0.000000000000000000, 0.000000000000000000, 1.000000000000000000 ) ) ;
#5002 = VERTEX_POINT ( 'NONE', #4297 ) ;
#5003 =( GEOMETRIC_REPRESENTATION_CONTEXT ( 3 ) GLOBAL_UNCERTAINTY_ASSIGNED_CONTEXT ( ( #1768 ) ) GLOBAL_UNIT_ASSIGNED_CONTEXT ( ( #885, #2833, #5093 ) ) REPRESENTATION_CONTEXT ( 'NONE', 'WORKASPACE' ) );
#5004 = DIRECTION ( 'NONE',  ( -1.000000000000000000, -9.095506094768336076E-16, 0.000000000000000000 ) ) ;
#5005 = EDGE_LOOP ( 'NONE', ( #4495, #1444, #7263, #7352 ) ) ;
#5006 =( NAMED_UNIT ( * ) PLANE_ANGLE_UNIT ( ) SI_UNIT ( $, .RADIAN. ) );
#5007 = EDGE_LOOP ( 'NONE', ( #5474, #5976, #679, #88 ) ) ;
#5008 = ORIENTED_EDGE ( 'NONE', *, *, #7635, .F. ) ;
#5009 = VECTOR ( 'NONE', #5431, 1000.000000000000000 ) ;
#5010 = VECTOR ( 'NONE', #452, 1000.000000000000000 ) ;
#5011 = EDGE_CURVE ( 'NONE', #5899, #5651, #5388, .T. ) ;
#5012 = VERTEX_POINT ( 'NONE', #6678 ) ;
#5013 = EDGE_LOOP ( 'NONE', ( #6037, #3776, #3605, #504 ) ) ;
#5014 = CARTESIAN_POINT ( 'NONE',  ( -2.469350262772739057, 0.4372871566690347267, 1.097499999999999476 ) ) ;
#5015 = CARTESIAN_POINT ( 'NONE',  ( 2.809741250672937785, 0.3277608774589687579, 1.097499999999999476 ) ) ;
#5016 = VERTEX_POINT ( 'NONE', #1256 ) ;
#5017 = DIRECTION ( 'NONE',  ( -0.000000000000000000, 1.000000000000000000, -0.000000000000000000 ) ) ;
#5018 = DIRECTION ( 'NONE',  ( -0.000000000000000000, 1.000000000000000000, -0.000000000000000000 ) ) ;
#5019 = CARTESIAN_POINT ( 'NONE',  ( 2.200000000000000622, 0.6975000000000013411, -0.2025000000000004297 ) ) ;
#5020 = CARTESIAN_POINT ( 'NONE',  ( 2.809741250672937785, 0.3277608774589687579, 2.397499999999999964 ) ) ;
#5021 = EDGE_LOOP ( 'NONE', ( #3753, #6639, #4155, #1245 ) ) ;
#5022 = PLANE ( 'NONE',  #2682 ) ;
#5023 = SHAPE_DEFINITION_REPRESENTATION ( #1613, #7553 ) ;
#5024 = CARTESIAN_POINT ( 'NONE',  ( -1.600000000000001199, 1.000000000000000222, -1.649999999999995470 ) ) ;
#5025 = VECTOR ( 'NONE', #6486, 1000.000000000000000 ) ;
#5026 = VERTEX_POINT ( 'NONE', #1892 ) ;
#5027 =( LENGTH_UNIT ( ) NAMED_UNIT ( * ) SI_UNIT ( .MILLI., .METRE. ) );
#5028 = PLANE ( 'NONE',  #3778 ) ;
#5029 = ORIENTED_EDGE ( 'NONE', *, *, #5251, .T. ) ;
#5030 = CARTESIAN_POINT ( 'NONE',  ( 3.199999999999999734, 0.1446467872876750493, -0.4475000000000003975 ) ) ;
#5031 = EDGE_LOOP ( 'NONE', ( #6993, #2084, #5746, #3897 ) ) ;
#5032 = CARTESIAN_POINT ( 'NONE',  ( 3.199999999999999734, 0.1446467872876750493, -0.4475000000000003975 ) ) ;
#5033 = ORIENTED_EDGE ( 'NONE', *, *, #5174, .T. ) ;
#5034 = DIRECTION ( 'NONE',  ( 0.000000000000000000, 0.000000000000000000, 1.000000000000000000 ) ) ;
#5035 = VECTOR ( 'NONE', #5818, 1000.000000000000000 ) ;
#5036 = FACE_OUTER_BOUND ( 'NONE', #3007, .T. ) ;
#5037 = AXIS2_PLACEMENT_3D ( 'NONE', #2172, #4614, #3991 ) ;
#5038 = DIRECTION ( 'NONE',  ( 0.000000000000000000, -0.000000000000000000, -1.000000000000000000 ) ) ;
#5039 = ORIENTED_EDGE ( 'NONE', *, *, #6323, .F. ) ;
#5040 = VERTEX_POINT ( 'NONE', #1428 ) ;
#5041 = AXIS2_PLACEMENT_3D ( 'NONE', #2712, #3099, #5159 ) ;
#5042 = ADVANCED_FACE ( 'NONE', ( #5426 ), #2494, .T. ) ;
#5043 = CARTESIAN_POINT ( 'NONE',  ( 2.519533705154928249, 0.2499999999999996669, -1.097500000000000364 ) ) ;
#5044 = FACE_OUTER_BOUND ( 'NONE', #1132, .T. ) ;
#5045 = ORIENTED_EDGE ( 'NONE', *, *, #3907, .T. ) ;
#5046 = DIRECTION ( 'NONE',  ( -1.000000000000000000, 0.000000000000000000, -2.891205793294678326E-16 ) ) ;
#5047 = EDGE_LOOP ( 'NONE', ( #3734, #153, #2256, #2306 ) ) ;
#5048 = ADVANCED_FACE ( 'NONE', ( #5572 ), #5358, .T. ) ;
#5049 = CARTESIAN_POINT ( 'NONE',  ( -1.500000000000000000, 0.2500000000000002220, -1.500000000000003109 ) ) ;
#5050 = VECTOR ( 'NONE', #6341, 1000.000000000000000 ) ;
#5051 = FILL_AREA_STYLE_COLOUR ( '', #4972 ) ;
#5052 = ORIENTED_EDGE ( 'NONE', *, *, #3156, .T. ) ;
#5053 = MANIFOLD_SOLID_BREP ( 'LPattern1[11]', #3677 ) ;
#5054 = EDGE_CURVE ( 'NONE', #6064, #6780, #212, .T. ) ;
#5055 = PLANE ( 'NONE',  #5749 ) ;
#5056 = ORIENTED_EDGE ( 'NONE', *, *, #5516, .F. ) ;
#5057 = DIRECTION ( 'NONE',  ( 1.000000000000000000, 0.000000000000000000, 0.000000000000000000 ) ) ;
#5058 = EDGE_CURVE ( 'NONE', #6064, #348, #2793, .T. ) ;
#5059 = FACE_OUTER_BOUND ( 'NONE', #3577, .T. ) ;
#5060 = CARTESIAN_POINT ( 'NONE',  ( 2.319201962066644640, 0.3970550407499311429, 0.2024999999999995692 ) ) ;
#5061 = LINE ( 'NONE', #6812, #2435 ) ;
#5062 = VERTEX_POINT ( 'NONE', #1982 ) ;
#5063 = PRESENTATION_LAYER_ASSIGNMENT (  '', '', ( #1565 ) ) ;
#5064 = EDGE_CURVE ( 'NONE', #748, #479, #297, .T. ) ;
#5065 = ORIENTED_EDGE ( 'NONE', *, *, #6846, .T. ) ;
#5066 = CIRCLE ( 'NONE', #2680, 0.2500000000000000000 ) ;
#5067 = ADVANCED_FACE ( 'NONE', ( #2912 ), #5345, .F. ) ;
#5068 = ORIENTED_EDGE ( 'NONE', *, *, #7392, .T. ) ;
#5069 = CARTESIAN_POINT ( 'NONE',  ( -2.200000000000000622, 0.5525000000000013234, -1.502500000000000391 ) ) ;
#5070 = ORIENTED_EDGE ( 'NONE', *, *, #3508, .T. ) ;
#5071 = CARTESIAN_POINT ( 'NONE',  ( 2.200000000000000622, 0.5525000000000013234, -2.152500000000000302 ) ) ;
#5072 = FILL_AREA_STYLE ('',( #1926 ) ) ;
#5073 = LINE ( 'NONE', #5712, #7710 ) ;
#5074 = VECTOR ( 'NONE', #3466, 1000.000000000000114 ) ;
#5075 = EDGE_LOOP ( 'NONE', ( #4881, #875, #3341, #3205 ) ) ;
#5076 = DIRECTION ( 'NONE',  ( -0.000000000000000000, 0.000000000000000000, 1.000000000000000000 ) ) ;
#5077 = DIRECTION ( 'NONE',  ( -1.000000000000000000, -0.000000000000000000, 1.971276677246372012E-16 ) ) ;
#5078 = DIRECTION ( 'NONE',  ( 0.06975647374412477508, 0.9975640502598243087, 0.000000000000000000 ) ) ;
#5079 = UNCERTAINTY_MEASURE_WITH_UNIT (LENGTH_MEASURE( 1.000000000000000082E-05 ), #5231, 'distance_accuracy_value', 'NONE');
#5080 = ORIENTED_EDGE ( 'NONE', *, *, #6063, .T. ) ;
#5081 = CARTESIAN_POINT ( 'NONE',  ( -2.200000000000000622, 0.6975000000000013411, 0.8524999999999994804 ) ) ;
#5082 = EDGE_CURVE ( 'NONE', #695, #488, #269, .T. ) ;
#5083 = LINE ( 'NONE', #7096, #2497 ) ;
#5084 = CARTESIAN_POINT ( 'NONE',  ( -2.659592949966843367, 0.2875287615398652852, 2.152499999999999858 ) ) ;
#5085 = ORIENTED_EDGE ( 'NONE', *, *, #116, .F. ) ;
#5086 = DIRECTION ( 'NONE',  ( -1.000000000000000000, 0.000000000000000000, -2.891205793294678819E-16 ) ) ;
#5087 = CARTESIAN_POINT ( 'NONE',  ( 2.798897958454353851, 0.1726945743169953640, -2.152500000000000302 ) ) ;
#5088 = EDGE_LOOP ( 'NONE', ( #906, #879, #3223, #3236 ) ) ;
#5089 = VECTOR ( 'NONE', #7485, 1000.000000000000000 ) ;
#5090 = VECTOR ( 'NONE', #5297, 1000.000000000000000 ) ;
#5091 = DIRECTION ( 'NONE',  ( 0.000000000000000000, 1.000000000000000000, 0.000000000000000000 ) ) ;
#5092 = ORIENTED_EDGE ( 'NONE', *, *, #4097, .T. ) ;
#5093 =( NAMED_UNIT ( * ) SI_UNIT ( $, .STERADIAN. ) SOLID_ANGLE_UNIT ( ) );
#5094 = ORIENTED_EDGE ( 'NONE', *, *, #3688, .F. ) ;
#5095 = CARTESIAN_POINT ( 'NONE',  ( 1.499999999999999556, 0.2500000000000002220, -1.500000000000002220 ) ) ;
#5096 = DIRECTION ( 'NONE',  ( 1.000000000000000000, 0.000000000000000000, 0.000000000000000000 ) ) ;
#5097 = VECTOR ( 'NONE', #5543, 1000.000000000000000 ) ;
#5098 = EDGE_LOOP ( 'NONE', ( #5910, #4263, #5310, #5774 ) ) ;
#5099 = ORIENTED_EDGE ( 'NONE', *, *, #3606, .T. ) ;
#5100 = COLOUR_RGB ( '',0.8000000000000000444, 0.8196078431372548767, 0.9333333333333333481 ) ;
#5101 = CARTESIAN_POINT ( 'NONE',  ( -2.798897958454353851, 0.1726945743169953640, -0.2025000000000004297 ) ) ;
#5102 = EDGE_CURVE ( 'NONE', #3235, #4315, #2836, .T. ) ;
#5103 = DIRECTION ( 'NONE',  ( -0.9975640502598243087, 0.06975647374412488610, 0.000000000000000000 ) ) ;
#5104 = LINE ( 'NONE', #6832, #5198 ) ;
#5105 = ORIENTED_EDGE ( 'NONE', *, *, #65, .T. ) ;
#5106 = PLANE ( 'NONE',  #5979 ) ;
#5107 = AXIS2_PLACEMENT_3D ( 'NONE', #413, #5502, #5603 ) ;
#5108 = ORIENTED_EDGE ( 'NONE', *, *, #2694, .F. ) ;
#5109 = LINE ( 'NONE', #4424, #4983 ) ;
#5110 = CARTESIAN_POINT ( 'NONE',  ( 2.659592949966843367, 0.2875287615398652852, -0.8525000000000003686 ) ) ;
#5111 = CARTESIAN_POINT ( 'NONE',  ( -3.199999999999999734, 0.1446467872876750493, -2.152500000000000302 ) ) ;
#5112 = VERTEX_POINT ( 'NONE', #2786 ) ;
#5113 = CARTESIAN_POINT ( 'NONE',  ( -3.189885311307101734, 6.428775942946129489E-16, 1.502499999999999503 ) ) ;
#5114 = CARTESIAN_POINT ( 'NONE',  ( 2.319201962066644640, 0.6975000000000013411, 2.397499999999999964 ) ) ;
#5115 = ORIENTED_EDGE ( 'NONE', *, *, #2159, .T. ) ;
#5116 = DIRECTION ( 'NONE',  ( -1.000000000000000000, 0.000000000000000000, 0.000000000000000000 ) ) ;
#5117 = CARTESIAN_POINT ( 'NONE',  ( -2.809741250672937785, 0.3277608774589687579, -0.8525000000000003686 ) ) ;
#5118 = ADVANCED_FACE ( 'NONE', ( #2847 ), #7124, .F. ) ;
#5119 = VECTOR ( 'NONE', #6032, 1000.000000000000227 ) ;
#5120 = ORIENTED_EDGE ( 'NONE', *, *, #2752, .T. ) ;
#5121 = EDGE_CURVE ( 'NONE', #671, #3461, #5477, .T. ) ;
#5122 = AXIS2_PLACEMENT_3D ( 'NONE', #5332, #7217, #2831 ) ;
#5123 = ORIENTED_EDGE ( 'NONE', *, *, #7210, .F. ) ;
#5124 = ADVANCED_FACE ( 'NONE', ( #2739 ), #1586, .T. ) ;
#5125 = LINE ( 'NONE', #5757, #2415 ) ;
#5126 = ORIENTED_EDGE ( 'NONE', *, *, #2422, .T. ) ;
#5127 = PLANE ( 'NONE',  #6286 ) ;
#5128 = ORIENTED_EDGE ( 'NONE', *, *, #7812, .F. ) ;
#5129 = DIRECTION ( 'NONE',  ( -0.000000000000000000, -0.000000000000000000, -1.000000000000000000 ) ) ;
#5130 = LINE ( 'NONE', #4870, #2652 ) ;
#5131 = LINE ( 'NONE', #2748, #2710 ) ;
#5132 = MECHANICAL_DESIGN_GEOMETRIC_PRESENTATION_REPRESENTATION (  '', ( #4432 ), #7098 ) ;
#5133 = ORIENTED_EDGE ( 'NONE', *, *, #3098, .F. ) ;
#5134 = CARTESIAN_POINT ( 'NONE',  ( 2.319201962066644640, 0.3970550407499311429, -0.2025000000000004297 ) ) ;
#5135 = PLANE ( 'NONE',  #7689 ) ;
#5136 =( LENGTH_UNIT ( ) NAMED_UNIT ( * ) SI_UNIT ( .MILLI., .METRE. ) );
#5137 = CARTESIAN_POINT ( 'NONE',  ( -2.319201962066644640, 0.3970550407499311429, 0.4474999999999995648 ) ) ;
#5138 = ORIENTED_EDGE ( 'NONE', *, *, #4266, .F. ) ;
#5139 = CARTESIAN_POINT ( 'NONE',  ( 3.189885311307101734, 6.428775942946129489E-16, -2.152500000000000302 ) ) ;
#5140 = FACE_OUTER_BOUND ( 'NONE', #6704, .T. ) ;
#5141 = ADVANCED_FACE ( 'NONE', ( #310 ), #2887, .F. ) ;
#5142 = ORIENTED_EDGE ( 'NONE', *, *, #4139, .F. ) ;
#5143 = DIRECTION ( 'NONE',  ( 0.000000000000000000, 0.000000000000000000, 1.000000000000000000 ) ) ;
#5144 = DIRECTION ( 'NONE',  ( 0.000000000000000000, 0.000000000000000000, 1.000000000000000000 ) ) ;
#5145 = ORIENTED_EDGE ( 'NONE', *, *, #3606, .F. ) ;
#5146 = FACE_OUTER_BOUND ( 'NONE', #6745, .T. ) ;
#5147 = VECTOR ( 'NONE', #3845, 1000.000000000000000 ) ;
#5148 = CARTESIAN_POINT ( 'NONE',  ( 2.200000000000000622, 0.6975000000000013411, -0.4475000000000003975 ) ) ;
#5149 = VERTEX_POINT ( 'NONE', #6375 ) ;
#5150 = CARTESIAN_POINT ( 'NONE',  ( 3.199999999999999734, 0.1446467872876750493, 0.4474999999999995648 ) ) ;
#5151 = AXIS2_PLACEMENT_3D ( 'NONE', #7432, #1359, #5558 ) ;
#5152 = VERTEX_POINT ( 'NONE', #3899 ) ;
#5153 =( LENGTH_UNIT ( ) NAMED_UNIT ( * ) SI_UNIT ( .MILLI., .METRE. ) );
#5154 = LINE ( 'NONE', #1018, #5226 ) ;
#5155 = AXIS2_PLACEMENT_3D ( 'NONE', #908, #5694, #2810 ) ;
#5156 = ORIENTED_EDGE ( 'NONE', *, *, #5861, .F. ) ;
#5157 = ORIENTED_EDGE ( 'NONE', *, *, #1046, .F. ) ;
#5158 = FACE_OUTER_BOUND ( 'NONE', #1805, .T. ) ;
#5159 = DIRECTION ( 'NONE',  ( -1.000000000000000000, 0.000000000000000000, 0.000000000000000000 ) ) ;
#5160 = LINE ( 'NONE', #1224, #82 ) ;
#5161 = ORIENTED_EDGE ( 'NONE', *, *, #40, .F. ) ;
#5162 = DIRECTION ( 'NONE',  ( 0.000000000000000000, -0.000000000000000000, -1.000000000000000000 ) ) ;
#5163 = ORIENTED_EDGE ( 'NONE', *, *, #6770, .F. ) ;
#5164 = CARTESIAN_POINT ( 'NONE',  ( 2.788783269761455852, 0.02804778702932090445, 2.152499999999999858 ) ) ;
#5165 = EDGE_CURVE ( 'NONE', #227, #2640, #2935, .T. ) ;
#5166 = AXIS2_PLACEMENT_3D ( 'NONE', #5346, #6001, #5808 ) ;
#5167 = DIRECTION ( 'NONE',  ( 0.000000000000000000, 1.000000000000000000, 0.000000000000000000 ) ) ;
#5168 = ORIENTED_EDGE ( 'NONE', *, *, #3402, .T. ) ;
#5169 = CARTESIAN_POINT ( 'NONE',  ( -2.200000000000000622, 0.6975000000000013411, -2.397500000000000409 ) ) ;
#5170 = EDGE_CURVE ( 'NONE', #5831, #2210, #5493, .T. ) ;
#5171 = CARTESIAN_POINT ( 'NONE',  ( 2.200000000000000622, 0.5525000000000013234, 2.152499999999999858 ) ) ;
#5172 = ORIENTED_EDGE ( 'NONE', *, *, #7842, .T. ) ;
#5173 = DIRECTION ( 'NONE',  ( 0.000000000000000000, -0.000000000000000000, -1.000000000000000000 ) ) ;
#5174 = EDGE_CURVE ( 'NONE', #248, #5797, #5581, .T. ) ;
#5175 = DIRECTION ( 'NONE',  ( -0.000000000000000000, -0.000000000000000000, -1.000000000000000000 ) ) ;
#5176 = ORIENTED_EDGE ( 'NONE', *, *, #5302, .T. ) ;
#5177 = DIRECTION ( 'NONE',  ( 0.000000000000000000, -0.000000000000000000, -1.000000000000000000 ) ) ;
#5178 = VERTEX_POINT ( 'NONE', #7586 ) ;
#5179 = LINE ( 'NONE', #6012, #2456 ) ;
#5180 = EDGE_LOOP ( 'NONE', ( #5105, #369, #3918, #5956 ) ) ;
#5181 = AXIS2_PLACEMENT_3D ( 'NONE', #4300, #7296, #3 ) ;
#5182 = CARTESIAN_POINT ( 'NONE',  ( 2.798897958454353851, 0.1726945743169953640, 1.097499999999999476 ) ) ;
#5183 = VERTEX_POINT ( 'NONE', #2135 ) ;
#5184 = PLANE ( 'NONE',  #3328 ) ;
#5185 = MANIFOLD_SOLID_BREP ( 'Boss-Extrude7', #1631 ) ;
#5186 = DIRECTION ( 'NONE',  ( -0.9659258262890688673, 0.2588190451025186856, 0.000000000000000000 ) ) ;
#5187 = EDGE_CURVE ( 'NONE', #2625, #6392, #417, .T. ) ;
#5188 = ORIENTED_EDGE ( 'NONE', *, *, #947, .T. ) ;
#5189 = CARTESIAN_POINT ( 'NONE',  ( -2.788783269761455852, 0.02804778702932084894, -1.097500000000000364 ) ) ;
#5190 = ORIENTED_EDGE ( 'NONE', *, *, #1837, .T. ) ;
#5191 = CARTESIAN_POINT ( 'NONE',  ( 2.319201962066644640, 0.5525000000000012124, 2.397499999999999964 ) ) ;
#5192 = EDGE_CURVE ( 'NONE', #5899, #5149, #5826, .T. ) ;
#5193 = ORIENTED_EDGE ( 'NONE', *, *, #390, .T. ) ;
#5194 = CARTESIAN_POINT ( 'NONE',  ( -2.788783269761455852, 0.02804778702932084894, -0.4475000000000003975 ) ) ;
#5195 = CARTESIAN_POINT ( 'NONE',  ( 2.609409507584654175, 0.4748159182089002894, 1.097499999999999476 ) ) ;
#5196 = PRODUCT_DEFINITION ( 'UNKNOWN', '', #4486, #6453 ) ;
#5197 = ORIENTED_EDGE ( 'NONE', *, *, #7726, .T. ) ;
#5198 = VECTOR ( 'NONE', #4429, 1000.000000000000000 ) ;
#5199 = LINE ( 'NONE', #597, #7728 ) ;
#5200 = DIRECTION ( 'NONE',  ( 1.000000000000000000, 0.000000000000000000, 0.000000000000000000 ) ) ;
#5201 = EDGE_LOOP ( 'NONE', ( #3180, #2692, #1612, #2336 ) ) ;
#5202 = DIRECTION ( 'NONE',  ( 0.06975647374412521917, 0.9975640502598241977, 0.000000000000000000 ) ) ;
#5203 = AXIS2_PLACEMENT_3D ( 'NONE', #2313, #4162, #2838 ) ;
#5204 = ORIENTED_EDGE ( 'NONE', *, *, #4203, .T. ) ;
#5205 = DIRECTION ( 'NONE',  ( -1.000000000000000000, 0.000000000000000000, 0.000000000000000000 ) ) ;
#5206 = CARTESIAN_POINT ( 'NONE',  ( 2.319201962066644640, 0.3970550407499311429, -1.747500000000000275 ) ) ;
#5207 =( GEOMETRIC_REPRESENTATION_CONTEXT ( 3 ) GLOBAL_UNCERTAINTY_ASSIGNED_CONTEXT ( ( #6813 ) ) GLOBAL_UNIT_ASSIGNED_CONTEXT ( ( #1353, #1468, #663 ) ) REPRESENTATION_CONTEXT ( 'NONE', 'WORKASPACE' ) );
#5208 = LINE ( 'NONE', #3363, #5050 ) ;
#5209 = EDGE_CURVE ( 'NONE', #1041, #539, #3279, .T. ) ;
#5210 = ADVANCED_FACE ( 'NONE', ( #3107 ), #4056, .F. ) ;
#5211 = ORIENTED_EDGE ( 'NONE', *, *, #7020, .T. ) ;
#5212 = VERTEX_POINT ( 'NONE', #5194 ) ;
#5213 = DIRECTION ( 'NONE',  ( 1.000000000000000000, 0.000000000000000000, 0.000000000000000000 ) ) ;
#5214 = ORIENTED_EDGE ( 'NONE', *, *, #724, .T. ) ;
#5215 = ORIENTED_EDGE ( 'NONE', *, *, #5703, .F. ) ;
#5216 = LINE ( 'NONE', #209, #2642 ) ;
#5217 = CARTESIAN_POINT ( 'NONE',  ( -2.809741250672937785, 0.3277608774589687579, 0.4474999999999995648 ) ) ;
#5218 = CLOSED_SHELL ( 'NONE', ( #5730, #1607, #1303, #7483, #5000, #4543, #4984, #2520, #3800, #5537, #1946, #2113, #5617, #7604, #7427, #998, #7199, #5437, #626, #7367, #6493, #161 ) ) ;
#5219 = CARTESIAN_POINT ( 'NONE',  ( 2.788783269761455852, 0.02804778702932090445, 1.747499999999999387 ) ) ;
#5220 = EDGE_LOOP ( 'NONE', ( #2832, #6026, #1181, #1537 ) ) ;
#5221 = CARTESIAN_POINT ( 'NONE',  ( -2.319201962066644640, 0.3970550407499311429, -1.502500000000000391 ) ) ;
#5222 = VECTOR ( 'NONE', #4338, 1000.000000000000114 ) ;
#5223 = CARTESIAN_POINT ( 'NONE',  ( 2.798897958454353851, 0.1726945743169953640, -0.8525000000000003686 ) ) ;
#5224 = EDGE_LOOP ( 'NONE', ( #4186, #1368, #617, #564, #6508, #1253, #6913, #6085, #1533, #4832, #4227, #7673 ) ) ;
#5225 = ORIENTED_EDGE ( 'NONE', *, *, #6564, .T. ) ;
#5226 = VECTOR ( 'NONE', #6967, 1000.000000000000000 ) ;
#5227 = DIRECTION ( 'NONE',  ( -0.000000000000000000, -0.000000000000000000, -1.000000000000000000 ) ) ;
#5228 = AXIS2_PLACEMENT_3D ( 'NONE', #1798, #2902, #5482 ) ;
#5229 = VERTEX_POINT ( 'NONE', #5788 ) ;
#5230 = EDGE_LOOP ( 'NONE', ( #1107, #6839, #6383, #652 ) ) ;
#5231 =( LENGTH_UNIT ( ) NAMED_UNIT ( * ) SI_UNIT ( .MILLI., .METRE. ) );
#5232 = ORIENTED_EDGE ( 'NONE', *, *, #2961, .F. ) ;
#5233 = CARTESIAN_POINT ( 'NONE',  ( -2.319201962066644640, 0.3970550407499311429, 2.397499999999999964 ) ) ;
#5234 = CARTESIAN_POINT ( 'NONE',  ( -2.609409507584654175, 0.4748159182089002894, 0.4474999999999995648 ) ) ;
#5235 = VERTEX_POINT ( 'NONE', #7636 ) ;
#5236 = VECTOR ( 'NONE', #2072, 1000.000000000000000 ) ;
#5237 = ORIENTED_EDGE ( 'NONE', *, *, #4179, .F. ) ;
#5238 =( GEOMETRIC_REPRESENTATION_CONTEXT ( 3 ) GLOBAL_UNCERTAINTY_ASSIGNED_CONTEXT ( ( #3675 ) ) GLOBAL_UNIT_ASSIGNED_CONTEXT ( ( #5153, #5737, #6443 ) ) REPRESENTATION_CONTEXT ( 'NONE', 'WORKASPACE' ) );
#5239 = EDGE_CURVE ( 'NONE', #3177, #7549, #533, .T. ) ;
#5240 = CARTESIAN_POINT ( 'NONE',  ( 2.199999999999999734, 0.6975000000000013411, 2.500000000000000444 ) ) ;
#5241 = VERTEX_POINT ( 'NONE', #5331 ) ;
#5242 = AXIS2_PLACEMENT_3D ( 'NONE', #2041, #3217, #4987 ) ;
#5243 = CARTESIAN_POINT ( 'NONE',  ( 2.319201962066644640, 0.5525000000000012124, 1.747499999999999387 ) ) ;
#5244 = EDGE_CURVE ( 'NONE', #1685, #3117, #5623, .T. ) ;
#5245 = EDGE_LOOP ( 'NONE', ( #1515, #3898, #4581, #3394 ) ) ;
#5246 = ADVANCED_FACE ( 'NONE', ( #3183 ), #3513, .F. ) ;
#5247 = PLANE ( 'NONE',  #944 ) ;
#5248 = FACE_OUTER_BOUND ( 'NONE', #5201, .T. ) ;
#5249 = VERTEX_POINT ( 'NONE', #5906 ) ;
#5250 = EDGE_LOOP ( 'NONE', ( #2017, #4113, #1707, #1688 ) ) ;
#5251 = EDGE_CURVE ( 'NONE', #2638, #4076, #501, .T. ) ;
#5252 = CARTESIAN_POINT ( 'NONE',  ( 3.199999999999999734, 0.1446467872876750493, 1.747499999999999387 ) ) ;
#5253 = ORIENTED_EDGE ( 'NONE', *, *, #1686, .T. ) ;
#5254 = AXIS2_PLACEMENT_3D ( 'NONE', #130, #5076, #5657 ) ;
#5255 = EDGE_CURVE ( 'NONE', #4040, #5449, #3041, .T. ) ;
#5256 = ORIENTED_EDGE ( 'NONE', *, *, #6473, .F. ) ;
#5257 = DIRECTION ( 'NONE',  ( 0.06975647374412488610, -0.9975640502598243087, 0.000000000000000000 ) ) ;
#5258 = DIRECTION ( 'NONE',  ( -0.2588190451025209060, -0.9659258262890683122, 0.000000000000000000 ) ) ;
#5259 = EDGE_CURVE ( 'NONE', #3846, #2287, #633, .T. ) ;
#5260 = CYLINDRICAL_SURFACE ( 'NONE', #2928, 0.3004449592500699762 ) ;
#5261 = CARTESIAN_POINT ( 'NONE',  ( -2.809741250672937785, 0.3277608774589687579, 1.097499999999999476 ) ) ;
#5262 = ADVANCED_FACE ( 'NONE', ( #5763 ), #1949, .F. ) ;
#5263 = DIRECTION ( 'NONE',  ( 0.000000000000000000, -0.000000000000000000, -1.000000000000000000 ) ) ;
#5264 = ORIENTED_EDGE ( 'NONE', *, *, #335, .F. ) ;
#5265 = CARTESIAN_POINT ( 'NONE',  ( 3.189885311307101734, 6.428775942946129489E-16, -2.397500000000000409 ) ) ;
#5266 = CARTESIAN_POINT ( 'NONE',  ( 2.809741250672937785, 0.3277608774589687579, -2.152500000000000302 ) ) ;
#5267 = ORIENTED_EDGE ( 'NONE', *, *, #4324, .F. ) ;
#5268 = EDGE_CURVE ( 'NONE', #3110, #7310, #5648, .T. ) ;
#5269 = LINE ( 'NONE', #1416, #51 ) ;
#5270 = DIRECTION ( 'NONE',  ( 0.000000000000000000, 0.000000000000000000, 1.000000000000000000 ) ) ;
#5271 = ORIENTED_EDGE ( 'NONE', *, *, #3419, .F. ) ;
#5272 = DIRECTION ( 'NONE',  ( 1.000000000000000000, 0.000000000000000000, 0.000000000000000000 ) ) ;
#5273 = LINE ( 'NONE', #1456, #7683 ) ;
#5274 = AXIS2_PLACEMENT_3D ( 'NONE', #1894, #7731, #547 ) ;
#5275 = EDGE_CURVE ( 'NONE', #3110, #3959, #5673, .T. ) ;
#5276 = ORIENTED_EDGE ( 'NONE', *, *, #5347, .T. ) ;
#5277 = CARTESIAN_POINT ( 'NONE',  ( -2.200000000000000622, 0.5525000000000013234, -0.2025000000000004297 ) ) ;
#5278 = AXIS2_PLACEMENT_3D ( 'NONE', #867, #2545, #3194 ) ;
#5279 = CARTESIAN_POINT ( 'NONE',  ( 2.659592949966843367, 0.2875287615398652852, -1.502500000000000391 ) ) ;
#5280 = VECTOR ( 'NONE', #7519, 1000.000000000000000 ) ;
#5281 = EDGE_CURVE ( 'NONE', #1675, #7478, #3227, .T. ) ;
#5282 = ORIENTED_EDGE ( 'NONE', *, *, #6530, .F. ) ;
#5283 = CARTESIAN_POINT ( 'NONE',  ( 2.200000000000000622, 0.6975000000000013411, 2.397499999999999964 ) ) ;
#5284 = VECTOR ( 'NONE', #1939, 1000.000000000000000 ) ;
#5285 = AXIS2_PLACEMENT_3D ( 'NONE', #4982, #2035, #7833 ) ;
#5286 = DIRECTION ( 'NONE',  ( 1.000000000000000000, 0.000000000000000000, -0.000000000000000000 ) ) ;
#5287 = ORIENTED_EDGE ( 'NONE', *, *, #4708, .T. ) ;
#5288 = CARTESIAN_POINT ( 'NONE',  ( 2.609409507584654175, 0.4748159182089002894, -2.152500000000000302 ) ) ;
#5289 = CARTESIAN_POINT ( 'NONE',  ( -2.519533705154928249, 0.2499999999999996669, 2.397499999999999964 ) ) ;
#5290 = AXIS2_PLACEMENT_3D ( 'NONE', #1699, #1739, #7222 ) ;
#5291 = ORIENTED_EDGE ( 'NONE', *, *, #5187, .T. ) ;
#5292 = CIRCLE ( 'NONE', #3809, 0.3004449592500699762 ) ;
#5293 = DIRECTION ( 'NONE',  ( 0.000000000000000000, 0.000000000000000000, 1.000000000000000000 ) ) ;
#5294 = DIRECTION ( 'NONE',  ( 0.000000000000000000, 0.000000000000000000, 1.000000000000000000 ) ) ;
#5295 = EDGE_CURVE ( 'NONE', #677, #4937, #580, .T. ) ;
#5296 = LINE ( 'NONE', #1380, #7745 ) ;
#5297 = DIRECTION ( 'NONE',  ( 1.000000000000000000, 9.095506094768336076E-16, -0.000000000000000000 ) ) ;
#5298 = ORIENTED_EDGE ( 'NONE', *, *, #7067, .F. ) ;
#5299 = LINE ( 'NONE', #1973, #59 ) ;
#5300 = DIRECTION ( 'NONE',  ( 0.000000000000000000, -0.000000000000000000, 1.000000000000000000 ) ) ;
#5301 = FACE_OUTER_BOUND ( 'NONE', #2304, .T. ) ;
#5302 = EDGE_CURVE ( 'NONE', #6904, #2124, #5882, .T. ) ;
#5303 = ADVANCED_FACE ( 'NONE', ( #427 ), #5607, .T. ) ;
#5304 = DIRECTION ( 'NONE',  ( 0.000000000000000000, -0.000000000000000000, -1.000000000000000000 ) ) ;
#5305 = CARTESIAN_POINT ( 'NONE',  ( -2.809741250672937785, 0.3277608774589687579, 2.397499999999999964 ) ) ;
#5306 = DIRECTION ( 'NONE',  ( 0.9975640502598243087, 0.06975647374412488610, 0.000000000000000000 ) ) ;
#5307 = VERTEX_POINT ( 'NONE', #4356 ) ;
#5308 = DIRECTION ( 'NONE',  ( 1.000000000000000000, 0.000000000000000000, 0.000000000000000000 ) ) ;
#5309 = DIRECTION ( 'NONE',  ( -0.000000000000000000, -0.000000000000000000, -1.000000000000000000 ) ) ;
#5310 = ORIENTED_EDGE ( 'NONE', *, *, #4548, .F. ) ;
#5311 = LINE ( 'NONE', #416, #2672 ) ;
#5312 = DIRECTION ( 'NONE',  ( 1.000000000000000000, 0.000000000000000000, -0.000000000000000000 ) ) ;
#5313 = AXIS2_PLACEMENT_3D ( 'NONE', #5305, #3293, #7655 ) ;
#5314 = CARTESIAN_POINT ( 'NONE',  ( 2.200000000000000622, 0.6975000000000013411, -1.097500000000000364 ) ) ;
#5315 = FACE_OUTER_BOUND ( 'NONE', #4744, .T. ) ;
#5316 = DIRECTION ( 'NONE',  ( 0.2588190451025209060, 0.9659258262890683122, 0.000000000000000000 ) ) ;
#5317 = ADVANCED_FACE ( 'NONE', ( #5684 ), #438, .T. ) ;
#5318 = ORIENTED_EDGE ( 'NONE', *, *, #2628, .F. ) ;
#5319 = DIRECTION ( 'NONE',  ( -0.9975640502598243087, 0.06975647374412523305, 0.000000000000000000 ) ) ;
#5320 = PRESENTATION_STYLE_ASSIGNMENT (( #3883 ) ) ;
#5321 = CARTESIAN_POINT ( 'NONE',  ( -2.469350262772739057, 0.4372871566690347267, 1.502499999999999503 ) ) ;
#5322 = ORIENTED_EDGE ( 'NONE', *, *, #4393, .T. ) ;
#5323 = DIRECTION ( 'NONE',  ( -0.000000000000000000, -0.000000000000000000, -1.000000000000000000 ) ) ;
#5324 = CARTESIAN_POINT ( 'NONE',  ( 2.200000000000000622, 0.6975000000000013411, -1.502500000000000391 ) ) ;
#5325 = LINE ( 'NONE', #4591, #44 ) ;
#5326 = EDGE_CURVE ( 'NONE', #6736, #7090, #442, .T. ) ;
#5327 = STYLED_ITEM ( 'NONE', ( #3280 ), #4236 ) ;
#5328 = EDGE_CURVE ( 'NONE', #4057, #4294, #3074, .T. ) ;
#5329 = AXIS2_PLACEMENT_3D ( 'NONE', #4288, #535, #5400 ) ;
#5330 = EDGE_LOOP ( 'NONE', ( #4380, #3050, #300, #2138, #5526, #7303, #6104, #5960, #6964, #4299, #5667, #1964 ) ) ;
#5331 = CARTESIAN_POINT ( 'NONE',  ( 2.519533705154928249, 0.2499999999999996669, 2.152499999999999858 ) ) ;
#5332 = CARTESIAN_POINT ( 'NONE',  ( 2.319201962066644640, 0.3970550407499311429, -1.747500000000000275 ) ) ;
#5333 = EDGE_CURVE ( 'NONE', #1094, #537, #563, .T. ) ;
#5334 = CARTESIAN_POINT ( 'NONE',  ( -2.519533705154928249, 0.2499999999999996669, 0.8524999999999994804 ) ) ;
#5335 = VERTEX_POINT ( 'NONE', #6106 ) ;
#5336 = DIRECTION ( 'NONE',  ( 0.000000000000000000, 0.000000000000000000, 1.000000000000000000 ) ) ;
#5337 = FACE_OUTER_BOUND ( 'NONE', #2679, .T. ) ;
#5338 = CARTESIAN_POINT ( 'NONE',  ( 2.319201962066644640, 0.3970550407499311429, -0.4475000000000003975 ) ) ;
#5339 = CARTESIAN_POINT ( 'NONE',  ( 3.199999999999999734, 0.1446467872876750493, 1.747499999999999387 ) ) ;
#5340 = DIRECTION ( 'NONE',  ( -0.000000000000000000, 0.000000000000000000, -1.000000000000000000 ) ) ;
#5341 = ORIENTED_EDGE ( 'NONE', *, *, #1275, .F. ) ;
#5342 = PLANE ( 'NONE',  #7448 ) ;
#5343 = CYLINDRICAL_SURFACE ( 'NONE', #7355, 0.1554449592500702360 ) ;
#5344 = EDGE_CURVE ( 'NONE', #3094, #3086, #5865, .T. ) ;
#5345 = CYLINDRICAL_SURFACE ( 'NONE', #5503, 0.1554449592500702360 ) ;
#5346 = CARTESIAN_POINT ( 'NONE',  ( -2.809741250672937785, 0.3277608774589687579, 0.4474999999999995648 ) ) ;
#5347 = EDGE_CURVE ( 'NONE', #2813, #434, #485, .T. ) ;
#5348 = ORIENTED_EDGE ( 'NONE', *, *, #7537, .F. ) ;
#5349 = FACE_OUTER_BOUND ( 'NONE', #1719, .T. ) ;
#5350 = CARTESIAN_POINT ( 'NONE',  ( -3.199999999999999734, 0.1446467872876750493, 1.097499999999999476 ) ) ;
#5351 = EDGE_CURVE ( 'NONE', #4592, #1119, #404, .T. ) ;
#5352 = DIRECTION ( 'NONE',  ( 0.06975647374412488610, -0.9975640502598243087, 0.000000000000000000 ) ) ;
#5353 = VERTEX_POINT ( 'NONE', #2515 ) ;
#5354 = LINE ( 'NONE', #173, #194 ) ;
#5355 = FILL_AREA_STYLE ('',( #4778 ) ) ;
#5356 = DIRECTION ( 'NONE',  ( 0.000000000000000000, -0.9781476007338055778, 0.2079116908177597867 ) ) ;
#5357 = PLANE ( 'NONE',  #4357 ) ;
#5358 = CYLINDRICAL_SURFACE ( 'NONE', #3788, 0.3004449592500699762 ) ;
#5359 = CARTESIAN_POINT ( 'NONE',  ( -2.469350262772739502, 0.4372871566690347822, -1.097500000000000364 ) ) ;
#5360 = EDGE_LOOP ( 'NONE', ( #992, #635, #6283, #1105 ) ) ;
#5361 = CARTESIAN_POINT ( 'NONE',  ( -1.500000000000000444, 4.492640687119285658, 1.499999999999997780 ) ) ;
#5362 = CIRCLE ( 'NONE', #1767, 0.1554449592500702360 ) ;
#5364 = PLANE ( 'NONE',  #5802 ) ;
#5363 = AXIS2_PLACEMENT_3D ( 'NONE', #4995, #2755, #6456 ) ;
#5365 = CARTESIAN_POINT ( 'NONE',  ( 2.319201962066644640, 0.3970550407499311429, -0.8525000000000003686 ) ) ;
#5366 = EDGE_CURVE ( 'NONE', #7013, #2796, #3118, .T. ) ;
#5367 = EDGE_LOOP ( 'NONE', ( #3990, #5161, #5766, #405 ) ) ;
#5368 = LINE ( 'NONE', #42, #265 ) ;
#5369 = CARTESIAN_POINT ( 'NONE',  ( 2.519533705154928249, 0.2499999999999996669, -2.397500000000000409 ) ) ;
#5370 = MECHANICAL_DESIGN_GEOMETRIC_PRESENTATION_REPRESENTATION (  '', ( #1200 ), #3741 ) ;
#5371 = EDGE_LOOP ( 'NONE', ( #6013, #840, #6007, #5947 ) ) ;
#5372 = DIRECTION ( 'NONE',  ( -1.000000000000000000, 0.000000000000000000, 0.000000000000000000 ) ) ;
#5373 = FACE_OUTER_BOUND ( 'NONE', #255, .T. ) ;
#5374 = ADVANCED_FACE ( 'NONE', ( #5779 ), #2975, .F. ) ;
#5375 = VERTEX_POINT ( 'NONE', #4586 ) ;
#5376 = EDGE_CURVE ( 'NONE', #6956, #7313, #367, .T. ) ;
#5377 = CARTESIAN_POINT ( 'NONE',  ( 2.469350262772739502, 0.4372871566690347822, 1.502499999999999503 ) ) ;
#5378 = DIRECTION ( 'NONE',  ( 0.000000000000000000, 1.000000000000000000, 0.000000000000000000 ) ) ;
#5379 = ORIENTED_EDGE ( 'NONE', *, *, #3552, .F. ) ;
#5380 = DIRECTION ( 'NONE',  ( -0.06975647374412488610, -0.9975640502598243087, 0.000000000000000000 ) ) ;
#5381 = FACE_OUTER_BOUND ( 'NONE', #5330, .T. ) ;
#5382 = DIRECTION ( 'NONE',  ( 0.000000000000000000, -0.000000000000000000, -1.000000000000000000 ) ) ;
#5383 = DIRECTION ( 'NONE',  ( -1.000000000000000000, 0.000000000000000000, 0.000000000000000000 ) ) ;
#5384 = CARTESIAN_POINT ( 'NONE',  ( 2.469350262772739502, 0.4372871566690347822, -0.2025000000000004297 ) ) ;
#5385 = ORIENTED_EDGE ( 'NONE', *, *, #3856, .T. ) ;
#5386 = DIRECTION ( 'NONE',  ( -0.9975640502598243087, -0.06975647374412488610, 0.000000000000000000 ) ) ;
#5387 = FACE_OUTER_BOUND ( 'NONE', #320, .T. ) ;
#5388 = LINE ( 'NONE', #546, #5402 ) ;
#5389 = DIRECTION ( 'NONE',  ( 0.000000000000000000, -0.000000000000000000, -1.000000000000000000 ) ) ;
#5390 = VERTEX_POINT ( 'NONE', #6229 ) ;
#5391 = VECTOR ( 'NONE', #2006, 1000.000000000000000 ) ;
#5392 = PLANE ( 'NONE',  #4136 ) ;
#5393 = DIRECTION ( 'NONE',  ( 0.2035585949527793648, -0.9576678948579724349, 0.2035585949527792815 ) ) ;
#5394 = DIRECTION ( 'NONE',  ( -0.9975640502598243087, 0.06975647374412523305, 0.000000000000000000 ) ) ;
#5395 = DIRECTION ( 'NONE',  ( -0.000000000000000000, -0.000000000000000000, -1.000000000000000000 ) ) ;
#5396 = VERTEX_POINT ( 'NONE', #7412 ) ;
#5397 = STYLED_ITEM ( 'NONE', ( #7665 ), #1995 ) ;
#5398 = LINE ( 'NONE', #864, #2792 ) ;
#5399 = CARTESIAN_POINT ( 'NONE',  ( -1.500000000000000444, 0.1500000000000006606, 1.499999999999997780 ) ) ;
#5400 = DIRECTION ( 'NONE',  ( -1.000000000000000000, -9.095506094768336076E-16, 0.000000000000000000 ) ) ;
#5401 = DIRECTION ( 'NONE',  ( -0.000000000000000000, 1.000000000000000000, -0.000000000000000000 ) ) ;
#5402 = VECTOR ( 'NONE', #3202, 1000.000000000000000 ) ;
#5403 = CARTESIAN_POINT ( 'NONE',  ( -2.788783269761455852, 0.02804778702932090445, 2.397499999999999964 ) ) ;
#5404 = VERTEX_POINT ( 'NONE', #4991 ) ;
#5405 = STYLED_ITEM ( 'NONE', ( #2718 ), #5185 ) ;
#5406 = DIRECTION ( 'NONE',  ( 0.000000000000000000, 0.000000000000000000, 1.000000000000000000 ) ) ;
#5407 = VERTEX_POINT ( 'NONE', #3916 ) ;
#5408 = CARTESIAN_POINT ( 'NONE',  ( -2.319201962066644640, 0.6975000000000013411, -0.8525000000000003686 ) ) ;
#5409 = EDGE_LOOP ( 'NONE', ( #2609, #7758, #5256, #3841, #726, #6447, #7803, #551, #2951, #7633, #7619, #2537 ) ) ;
#5410 = CARTESIAN_POINT ( 'NONE',  ( 2.200000000000000622, 0.6975000000000013411, -1.502500000000000391 ) ) ;
#5411 = DIRECTION ( 'NONE',  ( -1.000000000000000000, 0.000000000000000000, 0.000000000000000000 ) ) ;
#5412 = EDGE_CURVE ( 'NONE', #2496, #6690, #5795, .T. ) ;
#5413 = CIRCLE ( 'NONE', #1823, 0.3004449592500699762 ) ;
#5414 = EDGE_CURVE ( 'NONE', #2585, #7822, #614, .T. ) ;
#5415 = EDGE_LOOP ( 'NONE', ( #634, #4252, #5920, #7523 ) ) ;
#5416 = AXIS2_PLACEMENT_3D ( 'NONE', #5233, #4933, #1901 ) ;
#5417 = DIRECTION ( 'NONE',  ( 0.000000000000000000, 0.000000000000000000, 1.000000000000000000 ) ) ;
#5418 = EDGE_LOOP ( 'NONE', ( #2777, #571, #2460, #5291 ) ) ;
#5419 = DIRECTION ( 'NONE',  ( 1.000000000000000000, 0.000000000000000000, 0.000000000000000000 ) ) ;
#5420 = CARTESIAN_POINT ( 'NONE',  ( -2.788783269761455852, 0.02804778702932084894, -2.397500000000000409 ) ) ;
#5421 = EDGE_CURVE ( 'NONE', #5444, #5945, #549, .T. ) ;
#5422 = ORIENTED_EDGE ( 'NONE', *, *, #4311, .F. ) ;
#5423 = DIRECTION ( 'NONE',  ( -1.000000000000000000, 0.000000000000000000, 0.000000000000000000 ) ) ;
#5424 = FACE_OUTER_BOUND ( 'NONE', #6244, .T. ) ;
#5425 = CARTESIAN_POINT ( 'NONE',  ( -2.659592949966843367, 0.2875287615398652852, 1.747499999999999387 ) ) ;
#5426 = FACE_OUTER_BOUND ( 'NONE', #1276, .T. ) ;
#5427 = CARTESIAN_POINT ( 'NONE',  ( -2.798897958454353851, 0.1726945743169953640, 0.2024999999999995692 ) ) ;
#5428 = ORIENTED_EDGE ( 'NONE', *, *, #2174, .T. ) ;
#5429 = CARTESIAN_POINT ( 'NONE',  ( -2.809741250672937785, 0.3277608774589687579, 1.097499999999999476 ) ) ;
#5430 = ORIENTED_EDGE ( 'NONE', *, *, #7575, .F. ) ;
#5431 = DIRECTION ( 'NONE',  ( 1.000000000000000000, -0.000000000000000000, -1.971276677246372505E-16 ) ) ;
#5432 = DIRECTION ( 'NONE',  ( 0.06975647374412488610, -0.9975640502598243087, 0.000000000000000000 ) ) ;
#5433 = CARTESIAN_POINT ( 'NONE',  ( -2.200000000000000622, 0.5525000000000013234, 0.4474999999999995648 ) ) ;
#5434 = CARTESIAN_POINT ( 'NONE',  ( 1.499999999999999556, 0.2500000000000002220, 1.499999999999997335 ) ) ;
#5435 = DIRECTION ( 'NONE',  ( 0.000000000000000000, -0.000000000000000000, -1.000000000000000000 ) ) ;
#5436 = EDGE_CURVE ( 'NONE', #4994, #537, #3241, .T. ) ;
#5437 = ADVANCED_FACE ( 'NONE', ( #2987 ), #1549, .F. ) ;
#5438 = ORIENTED_EDGE ( 'NONE', *, *, #5347, .F. ) ;
#5439 = CARTESIAN_POINT ( 'NONE',  ( 3.199999999999999734, 0.1446467872876750493, 1.097499999999999476 ) ) ;
#5440 = LINE ( 'NONE', #5711, #2801 ) ;
#5441 = CARTESIAN_POINT ( 'NONE',  ( 2.609409507584654175, 0.4748159182089002894, 1.747499999999999387 ) ) ;
#5442 = ORIENTED_EDGE ( 'NONE', *, *, #4152, .F. ) ;
#5443 = EDGE_CURVE ( 'NONE', #3208, #2420, #379, .T. ) ;
#5444 = VERTEX_POINT ( 'NONE', #1499 ) ;
#5445 = CARTESIAN_POINT ( 'NONE',  ( 2.798897958454353851, 0.1726945743169953640, 0.4474999999999995648 ) ) ;
#5446 = DIRECTION ( 'NONE',  ( -1.000000000000000000, 0.000000000000000000, 0.000000000000000000 ) ) ;
#5447 = UNCERTAINTY_MEASURE_WITH_UNIT (LENGTH_MEASURE( 1.000000000000000082E-05 ), #3046, 'distance_accuracy_value', 'NONE');
#5448 = CARTESIAN_POINT ( 'NONE',  ( 2.319201962066644640, 0.5525000000000012124, 1.097499999999999476 ) ) ;
#5449 = VERTEX_POINT ( 'NONE', #5043 ) ;
#5450 = CYLINDRICAL_SURFACE ( 'NONE', #4082, 0.3004449592500699762 ) ;
#5451 = CARTESIAN_POINT ( 'NONE',  ( -2.809741250672937785, 0.3277608774589687579, 0.8524999999999994804 ) ) ;
#5452 = CARTESIAN_POINT ( 'NONE',  ( -2.519533705154928249, 0.2499999999999996669, -2.152500000000000302 ) ) ;
#5453 = FACE_OUTER_BOUND ( 'NONE', #1038, .T. ) ;
#5454 = AXIS2_PLACEMENT_3D ( 'NONE', #2673, #3972, #3921 ) ;
#5455 = ORIENTED_EDGE ( 'NONE', *, *, #6766, .T. ) ;
#5456 = EDGE_CURVE ( 'NONE', #858, #2170, #819, .T. ) ;
#5457 = VERTEX_POINT ( 'NONE', #4938 ) ;
#5458 = CARTESIAN_POINT ( 'NONE',  ( 3.199999999999999734, 0.1446467872876750493, 0.4474999999999995648 ) ) ;
#5459 = VERTEX_POINT ( 'NONE', #954 ) ;
#5460 = CARTESIAN_POINT ( 'NONE',  ( 2.319201962066644640, 0.6975000000000013411, -2.152500000000000302 ) ) ;
#5461 = ORIENTED_EDGE ( 'NONE', *, *, #1275, .T. ) ;
#5462 = CARTESIAN_POINT ( 'NONE',  ( 2.200000000000000622, 0.6975000000000013411, 2.152499999999999858 ) ) ;
#5463 = FACE_OUTER_BOUND ( 'NONE', #4428, .T. ) ;
#5464 = DIRECTION ( 'NONE',  ( 0.2588190451025209060, -0.9659258262890683122, 0.000000000000000000 ) ) ;
#5465 = CIRCLE ( 'NONE', #4184, 0.1554449592500702360 ) ;
#5466 = EDGE_LOOP ( 'NONE', ( #1167, #3710, #3450, #1118, #3331, #2884, #3404, #1056, #5683, #456, #6011, #308 ) ) ;
#5467 = ADVANCED_FACE ( 'NONE', ( #3408 ), #4533, .F. ) ;
#5468 = ORIENTED_EDGE ( 'NONE', *, *, #5102, .T. ) ;
#5469 = EDGE_LOOP ( 'NONE', ( #4786, #7379, #1762, #1414 ) ) ;
#5470 = EDGE_CURVE ( 'NONE', #6091, #1065, #3543, .T. ) ;
#5471 = EDGE_CURVE ( 'NONE', #2864, #5404, #5935, .T. ) ;
#5472 = PLANE ( 'NONE',  #3150 ) ;
#5473 = AXIS2_PLACEMENT_3D ( 'NONE', #7125, #2350, #4258 ) ;
#5474 = ORIENTED_EDGE ( 'NONE', *, *, #4532, .T. ) ;
#5475 = LINE ( 'NONE', #3385, #241 ) ;
#5476 = DIRECTION ( 'NONE',  ( -1.000000000000000000, -9.095506094768336076E-16, 0.000000000000000000 ) ) ;
#5477 = LINE ( 'NONE', #1096, #5549 ) ;
#5478 = CARTESIAN_POINT ( 'NONE',  ( 2.200000000000000622, 0.6975000000000013411, -0.2025000000000004297 ) ) ;
#5479 = EDGE_LOOP ( 'NONE', ( #5509, #6494, #7713, #7847 ) ) ;
#5480 = CARTESIAN_POINT ( 'NONE',  ( -2.200000000000001066, 0.6975000000000013411, -2.499999999999994227 ) ) ;
#5481 = ORIENTED_EDGE ( 'NONE', *, *, #1682, .T. ) ;
#5482 = DIRECTION ( 'NONE',  ( 0.000000000000000000, 0.000000000000000000, 1.000000000000000000 ) ) ;
#5483 = AXIS2_PLACEMENT_3D ( 'NONE', #3438, #6932, #861 ) ;
#5484 = VERTEX_POINT ( 'NONE', #7598 ) ;
#5485 = VERTEX_POINT ( 'NONE', #2623 ) ;
#5486 = ADVANCED_FACE ( 'NONE', ( #5953 ), #1090, .F. ) ;
#5487 = DIRECTION ( 'NONE',  ( -0.000000000000000000, 0.000000000000000000, 1.000000000000000000 ) ) ;
#5488 = CARTESIAN_POINT ( 'NONE',  ( -2.469350262772739057, 0.4372871566690347267, 1.747499999999999387 ) ) ;
#5489 = FILL_AREA_STYLE_COLOUR ( '', #3186 ) ;
#5490 = ORIENTED_EDGE ( 'NONE', *, *, #4746, .T. ) ;
#5491 = DIRECTION ( 'NONE',  ( -0.000000000000000000, -0.000000000000000000, -1.000000000000000000 ) ) ;
#5492 = FACE_OUTER_BOUND ( 'NONE', #2818, .T. ) ;
#5493 = LINE ( 'NONE', #5847, #2948 ) ;
#5494 = DIRECTION ( 'NONE',  ( 0.06975647374412523305, -0.9975640502598241977, 0.000000000000000000 ) ) ;
#5495 = ORIENTED_EDGE ( 'NONE', *, *, #168, .T. ) ;
#5496 = ORIENTED_EDGE ( 'NONE', *, *, #7040, .F. ) ;
#5497 = ORIENTED_EDGE ( 'NONE', *, *, #3495, .F. ) ;
#5498 = MECHANICAL_DESIGN_GEOMETRIC_PRESENTATION_REPRESENTATION (  '', ( #4175 ), #3372 ) ;
#5499 = VERTEX_POINT ( 'NONE', #258 ) ;
#5500 = CARTESIAN_POINT ( 'NONE',  ( -2.469350262772739502, 0.4372871566690347822, -0.4475000000000003975 ) ) ;
#5501 = EDGE_CURVE ( 'NONE', #1500, #4029, #3436, .T. ) ;
#5502 = DIRECTION ( 'NONE',  ( -0.000000000000000000, -0.000000000000000000, -1.000000000000000000 ) ) ;
#5503 = AXIS2_PLACEMENT_3D ( 'NONE', #7687, #6994, #1534 ) ;
#5504 = ADVANCED_FACE ( 'NONE', ( #6020 ), #4405, .F. ) ;
#5505 = DIRECTION ( 'NONE',  ( 0.000000000000000000, -0.000000000000000000, -1.000000000000000000 ) ) ;
#5506 = ORIENTED_EDGE ( 'NONE', *, *, #2307, .F. ) ;
#5507 = CARTESIAN_POINT ( 'NONE',  ( -2.788783269761455852, 0.02804778702932090445, 1.747499999999999387 ) ) ;
#5508 = DIRECTION ( 'NONE',  ( -0.000000000000000000, 0.000000000000000000, 1.000000000000000000 ) ) ;
#5509 = ORIENTED_EDGE ( 'NONE', *, *, #6746, .T. ) ;
#5510 = VERTEX_POINT ( 'NONE', #5531 ) ;
#5511 = CARTESIAN_POINT ( 'NONE',  ( 2.788783269761455852, 0.02804778702932084894, -1.097500000000000364 ) ) ;
#5512 = ORIENTED_EDGE ( 'NONE', *, *, #7051, .F. ) ;
#5513 = ORIENTED_EDGE ( 'NONE', *, *, #1837, .F. ) ;
#5514 = DIRECTION ( 'NONE',  ( -0.06975647374412523305, -0.9975640502598241977, 0.000000000000000000 ) ) ;
#5515 = CARTESIAN_POINT ( 'NONE',  ( -2.200000000000000622, 0.6975000000000013411, 1.097499999999999476 ) ) ;
#5516 = EDGE_CURVE ( 'NONE', #1065, #5876, #6003, .T. ) ;
#5517 = ORIENTED_EDGE ( 'NONE', *, *, #3975, .T. ) ;
#5518 = CARTESIAN_POINT ( 'NONE',  ( 2.319201962066644640, 0.3970550407499311429, 1.747499999999999387 ) ) ;
#5519 = VECTOR ( 'NONE', #285, 1000.000000000000000 ) ;
#5520 = AXIS2_PLACEMENT_3D ( 'NONE', #3545, #1615, #4075 ) ;
#5521 = CARTESIAN_POINT ( 'NONE',  ( 1.499999999999999556, 0.2500000000000006661, 1.499999999999997780 ) ) ;
#5522 = EDGE_CURVE ( 'NONE', #6571, #1649, #3332, .T. ) ;
#5523 = EDGE_CURVE ( 'NONE', #5407, #6120, #772, .T. ) ;
#5524 = VERTEX_POINT ( 'NONE', #2799 ) ;
#5525 = EDGE_LOOP ( 'NONE', ( #4147, #3224 ) ) ;
#5526 = ORIENTED_EDGE ( 'NONE', *, *, #2320, .T. ) ;
#5527 = ORIENTED_EDGE ( 'NONE', *, *, #6323, .T. ) ;
#5528 = CARTESIAN_POINT ( 'NONE',  ( -2.519533705154928249, 0.2499999999999996669, 1.747499999999999387 ) ) ;
#5529 = DIRECTION ( 'NONE',  ( -0.000000000000000000, -0.000000000000000000, -1.000000000000000000 ) ) ;
#5530 = ORIENTED_EDGE ( 'NONE', *, *, #4401, .F. ) ;
#5531 = CARTESIAN_POINT ( 'NONE',  ( -2.788783269761455852, 0.02804778702932084894, -0.8525000000000003686 ) ) ;
#5532 = VECTOR ( 'NONE', #669, 1000.000000000000000 ) ;
#5533 = PLANE ( 'NONE',  #6423 ) ;
#5534 = AXIS2_PLACEMENT_3D ( 'NONE', #5518, #1431, #1538 ) ;
#5535 = VECTOR ( 'NONE', #5514, 1000.000000000000227 ) ;
#5536 = VERTEX_POINT ( 'NONE', #7761 ) ;
#5537 = ADVANCED_FACE ( 'NONE', ( #805, #3397 ), #6659, .T. ) ;
#5538 = CARTESIAN_POINT ( 'NONE',  ( -2.788783269761455852, 0.02804778702932090445, 0.8524999999999994804 ) ) ;
#5539 = ORIENTED_EDGE ( 'NONE', *, *, #913, .F. ) ;
#5540 = EDGE_CURVE ( 'NONE', #4619, #5885, #6067, .T. ) ;
#5541 = ORIENTED_EDGE ( 'NONE', *, *, #7856, .T. ) ;
#5542 = VERTEX_POINT ( 'NONE', #6611 ) ;
#5543 = DIRECTION ( 'NONE',  ( -0.000000000000000000, -0.000000000000000000, -1.000000000000000000 ) ) ;
#5544 = DIRECTION ( 'NONE',  ( -0.000000000000000000, -0.000000000000000000, -1.000000000000000000 ) ) ;
#5545 = DIRECTION ( 'NONE',  ( 0.000000000000000000, 0.000000000000000000, 1.000000000000000000 ) ) ;
#5546 = EDGE_LOOP ( 'NONE', ( #2233, #2650, #7666, #4988 ) ) ;
#5547 = CARTESIAN_POINT ( 'NONE',  ( -2.200000000000000622, 0.6975000000000013411, 0.4474999999999995648 ) ) ;
#5548 = AXIS2_PLACEMENT_3D ( 'NONE', #6853, #101, #57 ) ;
#5549 = VECTOR ( 'NONE', #2082, 1000.000000000000000 ) ;
#5550 = ORIENTED_EDGE ( 'NONE', *, *, #230, .T. ) ;
#5551 = ORIENTED_EDGE ( 'NONE', *, *, #1835, .T. ) ;
#5552 = ORIENTED_EDGE ( 'NONE', *, *, #7736, .T. ) ;
#5553 = ORIENTED_EDGE ( 'NONE', *, *, #7718, .F. ) ;
#5554 = ADVANCED_FACE ( 'NONE', ( #866 ), #1295, .F. ) ;
#5555 = AXIS2_PLACEMENT_3D ( 'NONE', #5627, #5800, #4011 ) ;
#5556 = DIRECTION ( 'NONE',  ( 0.06975647374412523305, -0.9975640502598241977, 0.000000000000000000 ) ) ;
#5557 = AXIS2_PLACEMENT_3D ( 'NONE', #2522, #6049, #4213 ) ;
#5558 = DIRECTION ( 'NONE',  ( 1.000000000000000000, 0.000000000000000000, -0.000000000000000000 ) ) ;
#5559 = ORIENTED_EDGE ( 'NONE', *, *, #1296, .F. ) ;
#5560 = EDGE_CURVE ( 'NONE', #1598, #579, #741, .T. ) ;
#5561 = DIRECTION ( 'NONE',  ( 1.000000000000000000, 0.000000000000000000, 0.000000000000000000 ) ) ;
#5562 = DIRECTION ( 'NONE',  ( -0.2588190451025186856, 0.9659258262890688673, 0.000000000000000000 ) ) ;
#5563 = ORIENTED_EDGE ( 'NONE', *, *, #798, .F. ) ;
#5564 = DIRECTION ( 'NONE',  ( 1.000000000000000000, 0.000000000000000000, 0.000000000000000000 ) ) ;
#5565 = VERTEX_POINT ( 'NONE', #522 ) ;
#5566 = ORIENTED_EDGE ( 'NONE', *, *, #4063, .T. ) ;
#5567 = ORIENTED_EDGE ( 'NONE', *, *, #7328, .F. ) ;
#5568 = DIRECTION ( 'NONE',  ( 1.000000000000000000, 0.000000000000000000, 0.000000000000000000 ) ) ;
#5569 = ORIENTED_EDGE ( 'NONE', *, *, #154, .F. ) ;
#5570 = CARTESIAN_POINT ( 'NONE',  ( 2.200000000000000622, 0.6975000000000013411, -1.502500000000000391 ) ) ;
#5571 = DIRECTION ( 'NONE',  ( 0.9659258262890688673, 0.2588190451025186856, 0.000000000000000000 ) ) ;
#5572 = FACE_OUTER_BOUND ( 'NONE', #4702, .T. ) ;
#5573 = ORIENTED_EDGE ( 'NONE', *, *, #3069, .T. ) ;
#5574 = ORIENTED_EDGE ( 'NONE', *, *, #6353, .T. ) ;
#5575 = ORIENTED_EDGE ( 'NONE', *, *, #1520, .T. ) ;
#5576 = ORIENTED_EDGE ( 'NONE', *, *, #1919, .F. ) ;
#5577 = DIRECTION ( 'NONE',  ( -1.000000000000000000, 0.000000000000000000, 0.000000000000000000 ) ) ;
#5578 = CARTESIAN_POINT ( 'NONE',  ( -2.788783269761455852, 0.02804778702932084894, 2.397499999999999964 ) ) ;
#5579 = CARTESIAN_POINT ( 'NONE',  ( -2.609409507584654175, 0.4748159182089002894, -0.4475000000000003975 ) ) ;
#5580 = AXIS2_PLACEMENT_3D ( 'NONE', #4598, #5175, #5760 ) ;
#5581 = LINE ( 'NONE', #6435, #347 ) ;
#5582 = EDGE_CURVE ( 'NONE', #1869, #137, #6189, .T. ) ;
#5583 = ORIENTED_EDGE ( 'NONE', *, *, #3914, .F. ) ;
#5584 = DIRECTION ( 'NONE',  ( -0.9659258262890683122, -0.2588190451025209060, 0.000000000000000000 ) ) ;
#5585 = VERTEX_POINT ( 'NONE', #3412 ) ;
#5586 = ORIENTED_EDGE ( 'NONE', *, *, #5919, .F. ) ;
#5587 = EDGE_LOOP ( 'NONE', ( #3256, #628, #7826, #465 ) ) ;
#5588 = CARTESIAN_POINT ( 'NONE',  ( 2.319201962066644640, 0.3970550407499311429, 2.397499999999999964 ) ) ;
#5589 = DIRECTION ( 'NONE',  ( -1.000000000000000000, 0.000000000000000000, 0.000000000000000000 ) ) ;
#5590 = DIRECTION ( 'NONE',  ( 0.000000000000000000, 0.000000000000000000, 1.000000000000000000 ) ) ;
#5591 = CARTESIAN_POINT ( 'NONE',  ( -2.798897958454353851, 0.1726945743169953640, 2.152499999999999858 ) ) ;
#5592 = DIRECTION ( 'NONE',  ( -0.000000000000000000, -0.000000000000000000, -1.000000000000000000 ) ) ;
#5593 =( GEOMETRIC_REPRESENTATION_CONTEXT ( 3 ) GLOBAL_UNCERTAINTY_ASSIGNED_CONTEXT ( ( #863 ) ) GLOBAL_UNIT_ASSIGNED_CONTEXT ( ( #3168, #6867, #5643 ) ) REPRESENTATION_CONTEXT ( 'NONE', 'WORKASPACE' ) );
#5594 = VECTOR ( 'NONE', #6315, 1000.000000000000000 ) ;
#5595 = EDGE_CURVE ( 'NONE', #1404, #3846, #941, .T. ) ;
#5596 = EDGE_LOOP ( 'NONE', ( #520, #2631, #6389, #5092 ) ) ;
#5597 = ADVANCED_FACE ( 'NONE', ( #850 ), #3591, .F. ) ;
#5598 = ORIENTED_EDGE ( 'NONE', *, *, #3303, .F. ) ;
#5599 = AXIS2_PLACEMENT_3D ( 'NONE', #3666, #1441, #1994 ) ;
#5600 = ORIENTED_EDGE ( 'NONE', *, *, #5328, .F. ) ;
#5601 = ORIENTED_EDGE ( 'NONE', *, *, #4243, .T. ) ;
#5602 = EDGE_CURVE ( 'NONE', #5484, #641, #928, .T. ) ;
#5603 = DIRECTION ( 'NONE',  ( -1.000000000000000000, 0.000000000000000000, 0.000000000000000000 ) ) ;
#5604 = CARTESIAN_POINT ( 'NONE',  ( 1.499999999999999556, 0.2500000000000006661, -1.500000000000002220 ) ) ;
#5605 = CARTESIAN_POINT ( 'NONE',  ( -2.798897958454353851, 0.1726945743169953640, 2.397499999999999964 ) ) ;
#5606 = DIRECTION ( 'NONE',  ( 0.000000000000000000, -0.000000000000000000, -1.000000000000000000 ) ) ;
#5607 = CYLINDRICAL_SURFACE ( 'NONE', #2840, 0.3004449592500699762 ) ;
#5608 = CARTESIAN_POINT ( 'NONE',  ( 3.199999999999999734, 0.1446467872876750493, -1.502500000000000391 ) ) ;
#5609 = VERTEX_POINT ( 'NONE', #5252 ) ;
#5610 = DIRECTION ( 'NONE',  ( -9.095506094768336076E-16, 1.000000000000000000, 0.000000000000000000 ) ) ;
#5611 = EDGE_CURVE ( 'NONE', #4966, #891, #6096, .T. ) ;
#5612 = ORIENTED_EDGE ( 'NONE', *, *, #7468, .F. ) ;
#5613 = CARTESIAN_POINT ( 'NONE',  ( -1.600000000000001199, 1.000000000000000222, -1.899999999999995470 ) ) ;
#5614 = VERTEX_POINT ( 'NONE', #6710 ) ;
#5615 = ORIENTED_EDGE ( 'NONE', *, *, #4311, .T. ) ;
#5616 = AXIS2_PLACEMENT_3D ( 'NONE', #4468, #7529, #231 ) ;
#5617 = ADVANCED_FACE ( 'NONE', ( #3481 ), #1836, .T. ) ;
#5618 = EDGE_CURVE ( 'NONE', #2329, #7781, #791, .T. ) ;
#5619 = CARTESIAN_POINT ( 'NONE',  ( -2.200000000000000622, 0.6975000000000013411, 1.747499999999999387 ) ) ;
#5620 = DIRECTION ( 'NONE',  ( 8.673617379884042868E-17, 0.000000000000000000, 1.000000000000000000 ) ) ;
#5621 = EDGE_CURVE ( 'NONE', #3723, #6695, #6033, .T. ) ;
#5622 = PLANE ( 'NONE',  #4572 ) ;
#5623 = LINE ( 'NONE', #5288, #5635 ) ;
#5624 = ORIENTED_EDGE ( 'NONE', *, *, #1046, .T. ) ;
#5625 = EDGE_CURVE ( 'NONE', #3401, #2603, #897, .T. ) ;
#5626 = CARTESIAN_POINT ( 'NONE',  ( 2.659592949966843367, 0.2875287615398652852, 1.747499999999999387 ) ) ;
#5627 = CARTESIAN_POINT ( 'NONE',  ( 2.319201962066644640, 0.3970550407499311429, 1.747499999999999387 ) ) ;
#5628 = ORIENTED_EDGE ( 'NONE', *, *, #6856, .T. ) ;
#5629 = EDGE_LOOP ( 'NONE', ( #6122, #245, #2073, #5612, #7405, #4774, #5845, #2223, #951, #4561, #373, #6943 ) ) ;
#5630 = ORIENTED_EDGE ( 'NONE', *, *, #1919, .T. ) ;
#5631 = CARTESIAN_POINT ( 'NONE',  ( 2.798897958454353851, 0.1726945743169953640, 1.097499999999999476 ) ) ;
#5632 = DIRECTION ( 'NONE',  ( 0.000000000000000000, -0.000000000000000000, -1.000000000000000000 ) ) ;
#5633 = CARTESIAN_POINT ( 'NONE',  ( -2.319201962066644640, 0.3970550407499311429, -2.397500000000000409 ) ) ;
#5634 = EDGE_CURVE ( 'NONE', #3388, #3265, #5967, .T. ) ;
#5635 = VECTOR ( 'NONE', #13, 1000.000000000000114 ) ;
#5636 = CARTESIAN_POINT ( 'NONE',  ( 2.319201962066644640, 0.5525000000000012124, 2.152499999999999858 ) ) ;
#5638 = ORIENTED_EDGE ( 'NONE', *, *, #1682, .F. ) ;
#5637 = UNCERTAINTY_MEASURE_WITH_UNIT (LENGTH_MEASURE( 1.000000000000000082E-05 ), #3862, 'distance_accuracy_value', 'NONE');
#5639 = EDGE_CURVE ( 'NONE', #1409, #4315, #3420, .T. ) ;
#5640 = VERTEX_POINT ( 'NONE', #6065 ) ;
#5641 = VERTEX_POINT ( 'NONE', #6513 ) ;
#5642 = ORIENTED_EDGE ( 'NONE', *, *, #1843, .T. ) ;
#5643 =( NAMED_UNIT ( * ) SI_UNIT ( $, .STERADIAN. ) SOLID_ANGLE_UNIT ( ) );
#5644 = AXIS2_PLACEMENT_3D ( 'NONE', #3882, #4508, #171 ) ;
#5645 = CARTESIAN_POINT ( 'NONE',  ( -2.788783269761455852, 0.02804778702932090445, -1.502500000000000391 ) ) ;
#5646 = CARTESIAN_POINT ( 'NONE',  ( -2.319201962066644640, 0.6975000000000013411, 2.397499999999999964 ) ) ;
#5647 = FILL_AREA_STYLE_COLOUR ( '', #3957 ) ;
#5648 = CIRCLE ( 'NONE', #832, 0.1554449592500702360 ) ;
#5649 = ORIENTED_EDGE ( 'NONE', *, *, #6073, .T. ) ;
#5650 = ORIENTED_EDGE ( 'NONE', *, *, #1794, .F. ) ;
#5651 = VERTEX_POINT ( 'NONE', #7093 ) ;
#5652 = EDGE_CURVE ( 'NONE', #3539, #3362, #6204, .T. ) ;
#5653 = ORIENTED_EDGE ( 'NONE', *, *, #6702, .F. ) ;
#5654 = SURFACE_SIDE_STYLE ('',( #1219 ) ) ;
#5655 = DIRECTION ( 'NONE',  ( 9.095506094768336076E-16, 1.000000000000000000, 0.000000000000000000 ) ) ;
#5656 = SURFACE_SIDE_STYLE ('',( #2746 ) ) ;
#5657 = DIRECTION ( 'NONE',  ( -1.000000000000000000, 0.000000000000000000, 0.000000000000000000 ) ) ;
#5658 = CARTESIAN_POINT ( 'NONE',  ( 2.519533705154928249, 0.2499999999999996669, -0.8525000000000003686 ) ) ;
#5659 = CARTESIAN_POINT ( 'NONE',  ( -2.319201962066644640, 0.3970550407499311429, -1.502500000000000391 ) ) ;
#5660 = CARTESIAN_POINT ( 'NONE',  ( 0.000000000000000000, 0.1500000000000006606, 0.000000000000000000 ) ) ;
#5661 = LINE ( 'NONE', #6829, #221 ) ;
#5662 = ORIENTED_EDGE ( 'NONE', *, *, #2332, .F. ) ;
#5663 = DIRECTION ( 'NONE',  ( -1.000000000000000000, 0.000000000000000000, 0.000000000000000000 ) ) ;
#5664 = ADVANCED_FACE ( 'NONE', ( #673 ), #4328, .F. ) ;
#5665 = ORIENTED_EDGE ( 'NONE', *, *, #3621, .T. ) ;
#5666 = DIRECTION ( 'NONE',  ( -0.2588190451025186856, 0.9659258262890688673, 0.000000000000000000 ) ) ;
#5667 = ORIENTED_EDGE ( 'NONE', *, *, #1668, .T. ) ;
#5668 = VERTEX_POINT ( 'NONE', #4857 ) ;
#5669 = DIRECTION ( 'NONE',  ( 2.891205793294678819E-16, 0.000000000000000000, -1.000000000000000000 ) ) ;
#5670 = CARTESIAN_POINT ( 'NONE',  ( 2.200000000000000622, 0.6975000000000013411, 0.4474999999999995648 ) ) ;
#5671 = DIRECTION ( 'NONE',  ( 0.000000000000000000, -0.000000000000000000, -1.000000000000000000 ) ) ;
#5672 = DIRECTION ( 'NONE',  ( -0.000000000000000000, -0.000000000000000000, -1.000000000000000000 ) ) ;
#5673 = LINE ( 'NONE', #7791, #3136 ) ;
#5674 = VERTEX_POINT ( 'NONE', #5441 ) ;
#5675 = VERTEX_POINT ( 'NONE', #4374 ) ;
#5676 = ORIENTED_EDGE ( 'NONE', *, *, #847, .T. ) ;
#5677 = AXIS2_PLACEMENT_3D ( 'NONE', #569, #6865, #2406 ) ;
#5678 = ORIENTED_EDGE ( 'NONE', *, *, #5275, .T. ) ;
#5679 = ADVANCED_FACE ( 'NONE', ( #3557 ), #1921, .F. ) ;
#5680 = EDGE_CURVE ( 'NONE', #7860, #7760, #688, .T. ) ;
#5681 = DIRECTION ( 'NONE',  ( 0.06975647374412488610, -0.9975640502598243087, 0.000000000000000000 ) ) ;
#5682 = DIRECTION ( 'NONE',  ( -1.000000000000000000, 0.000000000000000000, 0.000000000000000000 ) ) ;
#5683 = ORIENTED_EDGE ( 'NONE', *, *, #425, .T. ) ;
#5684 = FACE_OUTER_BOUND ( 'NONE', #4936, .T. ) ;
#5685 = LINE ( 'NONE', #2992, #655 ) ;
#5686 = ORIENTED_EDGE ( 'NONE', *, *, #1051, .F. ) ;
#5687 = DIRECTION ( 'NONE',  ( 0.000000000000000000, -0.000000000000000000, -1.000000000000000000 ) ) ;
#5688 = EDGE_LOOP ( 'NONE', ( #1398, #3171, #7790, #3931, #3044, #2380, #6459, #3980, #7703, #793, #2482, #5008 ) ) ;
#5689 = VECTOR ( 'NONE', #5768, 1000.000000000000000 ) ;
#5690 = ORIENTED_EDGE ( 'NONE', *, *, #3688, .T. ) ;
#5691 = CARTESIAN_POINT ( 'NONE',  ( 2.609409507584654175, 0.4748159182089002894, -2.397500000000000409 ) ) ;
#5692 = EDGE_CURVE ( 'NONE', #618, #2124, #6083, .T. ) ;
#5693 = CARTESIAN_POINT ( 'NONE',  ( -2.200000000000000622, 0.5525000000000013234, 2.500000000000001332 ) ) ;
#5694 = DIRECTION ( 'NONE',  ( 0.000000000000000000, -0.000000000000000000, -1.000000000000000000 ) ) ;
#5695 = LINE ( 'NONE', #984, #5821 ) ;
#5697 = EDGE_CURVE ( 'NONE', #7760, #3116, #971, .T. ) ;
#5696 = ORIENTED_EDGE ( 'NONE', *, *, #4733, .T. ) ;
#5698 = CARTESIAN_POINT ( 'NONE',  ( 2.809741250672937785, 0.3277608774589687579, -2.397500000000000409 ) ) ;
#5699 = AXIS2_PLACEMENT_3D ( 'NONE', #6463, #969, #1616 ) ;
#5700 = ORIENTED_EDGE ( 'NONE', *, *, #847, .F. ) ;
#5701 = VECTOR ( 'NONE', #2301, 1000.000000000000000 ) ;
#5702 = FACE_OUTER_BOUND ( 'NONE', #2183, .T. ) ;
#5703 = EDGE_CURVE ( 'NONE', #2420, #4902, #5898, .T. ) ;
#5704 = ORIENTED_EDGE ( 'NONE', *, *, #4463, .F. ) ;
#5705 = VERTEX_POINT ( 'NONE', #6912 ) ;
#5706 = ORIENTED_EDGE ( 'NONE', *, *, #4872, .T. ) ;
#5707 = CARTESIAN_POINT ( 'NONE',  ( 3.189885311307101734, 6.428775942946129489E-16, -0.2025000000000004297 ) ) ;
#5708 = FACE_OUTER_BOUND ( 'NONE', #3284, .T. ) ;
#5709 = CARTESIAN_POINT ( 'NONE',  ( 2.798897958454353851, 0.1726945743169953640, 0.4474999999999995648 ) ) ;
#5710 = EDGE_LOOP ( 'NONE', ( #5704, #5563, #5550, #2576 ) ) ;
#5711 = CARTESIAN_POINT ( 'NONE',  ( 2.200000000000000622, 0.6975000000000013411, -0.8525000000000003686 ) ) ;
#5712 = CARTESIAN_POINT ( 'NONE',  ( -1.600000000000001199, 1.000000000000000222, -2.149999999999995470 ) ) ;
#5713 = CARTESIAN_POINT ( 'NONE',  ( 2.609409507584654175, 0.4748159182089002894, -0.8525000000000003686 ) ) ;
#5714 = ORIENTED_EDGE ( 'NONE', *, *, #6165, .T. ) ;
#5715 = VECTOR ( 'NONE', #7747, 1000.000000000000000 ) ;
#5716 = CARTESIAN_POINT ( 'NONE',  ( 2.319201962066644640, 0.3970550407499311429, -1.502500000000000391 ) ) ;
#5717 = EDGE_CURVE ( 'NONE', #7760, #6069, #3512, .T. ) ;
#5718 = VECTOR ( 'NONE', #1289, 1000.000000000000000 ) ;
#5719 = ORIENTED_EDGE ( 'NONE', *, *, #7471, .F. ) ;
#5720 = DIRECTION ( 'NONE',  ( 0.000000000000000000, -0.000000000000000000, -1.000000000000000000 ) ) ;
#5721 = VERTEX_POINT ( 'NONE', #6675 ) ;
#5722 = EDGE_CURVE ( 'NONE', #4008, #6843, #6220, .T. ) ;
#5723 = ORIENTED_EDGE ( 'NONE', *, *, #7207, .T. ) ;
#5724 = ORIENTED_EDGE ( 'NONE', *, *, #4492, .T. ) ;
#5725 = CARTESIAN_POINT ( 'NONE',  ( -2.319201962066644640, 0.3970550407499311429, -2.152500000000000302 ) ) ;
#5726 = DIRECTION ( 'NONE',  ( -1.000000000000000000, 0.000000000000000000, 0.000000000000000000 ) ) ;
#5727 = LINE ( 'NONE', #2125, #558 ) ;
#5728 = ORIENTED_EDGE ( 'NONE', *, *, #7020, .F. ) ;
#5729 = EDGE_CURVE ( 'NONE', #3573, #1065, #3296, .T. ) ;
#5730 = ADVANCED_FACE ( 'NONE', ( #705 ), #3530, .F. ) ;
#5731 = DIRECTION ( 'NONE',  ( 0.000000000000000000, 0.000000000000000000, 1.000000000000000000 ) ) ;
#5732 = CARTESIAN_POINT ( 'NONE',  ( 2.798897958454353851, 0.1726945743169953640, -0.2025000000000004297 ) ) ;
#5733 = EDGE_LOOP ( 'NONE', ( #6701, #1527, #7180, #1486 ) ) ;
#5734 = VECTOR ( 'NONE', #3571, 1000.000000000000000 ) ;
#5735 = ORIENTED_EDGE ( 'NONE', *, *, #7207, .F. ) ;
#5736 = ADVANCED_FACE ( 'NONE', ( #6159 ), #3748, .T. ) ;
#5737 =( NAMED_UNIT ( * ) PLANE_ANGLE_UNIT ( ) SI_UNIT ( $, .RADIAN. ) );
#5738 = DIRECTION ( 'NONE',  ( -1.000000000000000000, 0.000000000000000000, 0.000000000000000000 ) ) ;
#5739 = VERTEX_POINT ( 'NONE', #1934 ) ;
#5740 = CLOSED_SHELL ( 'NONE', ( #1541, #2277, #7668, #222, #3468, #2187, #7817, #86, #4013, #3725, #5141, #1427, #925, #5756 ) ) ;
#5741 = VERTEX_POINT ( 'NONE', #4973 ) ;
#5742 = ORIENTED_EDGE ( 'NONE', *, *, #2998, .T. ) ;
#5743 = AXIS2_PLACEMENT_3D ( 'NONE', #4847, #3105, #1217 ) ;
#5744 = EDGE_CURVE ( 'NONE', #1119, #7234, #3919, .T. ) ;
#5745 = DIRECTION ( 'NONE',  ( -0.06975647374412523305, -0.9975640502598241977, 0.000000000000000000 ) ) ;
#5746 = ORIENTED_EDGE ( 'NONE', *, *, #7638, .T. ) ;
#5747 = VECTOR ( 'NONE', #5143, 1000.000000000000000 ) ;
#5748 = CARTESIAN_POINT ( 'NONE',  ( 2.659592949966843367, 0.2875287615398652852, -0.8525000000000003686 ) ) ;
#5749 = AXIS2_PLACEMENT_3D ( 'NONE', #5645, #6179, #7854 ) ;
#5750 = ORIENTED_EDGE ( 'NONE', *, *, #6856, .F. ) ;
#5751 = DIRECTION ( 'NONE',  ( -0.9975640502598243087, 0.06975647374412477508, 0.000000000000000000 ) ) ;
#5752 = ORIENTED_EDGE ( 'NONE', *, *, #4032, .T. ) ;
#5753 = DIRECTION ( 'NONE',  ( 0.9975640502598243087, 0.06975647374412477508, -0.000000000000000000 ) ) ;
#5754 = VERTEX_POINT ( 'NONE', #2493 ) ;
#5755 = ORIENTED_EDGE ( 'NONE', *, *, #7228, .T. ) ;
#5756 = ADVANCED_FACE ( 'NONE', ( #6509 ), #3070, .F. ) ;
#5757 = CARTESIAN_POINT ( 'NONE',  ( -2.200000000000000622, 0.5525000000000013234, -1.097500000000000364 ) ) ;
#5758 = DIRECTION ( 'NONE',  ( 0.000000000000000000, -0.000000000000000000, -1.000000000000000000 ) ) ;
#5759 = ORIENTED_EDGE ( 'NONE', *, *, #5874, .T. ) ;
#5760 = DIRECTION ( 'NONE',  ( -1.000000000000000000, 0.000000000000000000, 0.000000000000000000 ) ) ;
#5761 = EDGE_CURVE ( 'NONE', #3362, #6420, #6390, .T. ) ;
#5762 = VERTEX_POINT ( 'NONE', #1584 ) ;
#5763 = FACE_OUTER_BOUND ( 'NONE', #1838, .T. ) ;
#5764 = CARTESIAN_POINT ( 'NONE',  ( -2.798897958454353851, 0.1726945743169953640, -2.152500000000000302 ) ) ;
#5765 = VECTOR ( 'NONE', #3832, 1000.000000000000227 ) ;
#5766 = ORIENTED_EDGE ( 'NONE', *, *, #6564, .F. ) ;
#5767 = VERTEX_POINT ( 'NONE', #7535 ) ;
#5768 = DIRECTION ( 'NONE',  ( 0.000000000000000000, -0.000000000000000000, -1.000000000000000000 ) ) ;
#5769 = EDGE_LOOP ( 'NONE', ( #1997, #1751, #2009, #4302 ) ) ;
#5770 = VERTEX_POINT ( 'NONE', #180 ) ;
#5771 = DIRECTION ( 'NONE',  ( 0.06975647374412521917, 0.9975640502598241977, 0.000000000000000000 ) ) ;
#5772 = CYLINDRICAL_SURFACE ( 'NONE', #1058, 0.1554449592500702360 ) ;
#5773 = CARTESIAN_POINT ( 'NONE',  ( 2.519533705154928249, 0.2499999999999996669, 1.502499999999999503 ) ) ;
#5774 = ORIENTED_EDGE ( 'NONE', *, *, #3922, .T. ) ;
#5775 = AXIS2_PLACEMENT_3D ( 'NONE', #2024, #931, #6941 ) ;
#5776 = CARTESIAN_POINT ( 'NONE',  ( 2.200000000000000622, 0.6975000000000013411, -2.152500000000000302 ) ) ;
#5777 = ORIENTED_EDGE ( 'NONE', *, *, #3813, .T. ) ;
#5778 = FILL_AREA_STYLE ('',( #386 ) ) ;
#5779 = FACE_OUTER_BOUND ( 'NONE', #1328, .T. ) ;
#5780 = DIRECTION ( 'NONE',  ( -0.2588190451025186856, 0.9659258262890688673, 0.000000000000000000 ) ) ;
#5781 = LINE ( 'NONE', #1960, #706 ) ;
#5782 = EDGE_CURVE ( 'NONE', #104, #2657, #1325, .T. ) ;
#5783 = EDGE_LOOP ( 'NONE', ( #5638, #3078, #5045, #3875 ) ) ;
#5784 = FILL_AREA_STYLE_COLOUR ( '', #6327 ) ;
#5785 = ORIENTED_EDGE ( 'NONE', *, *, #3053, .F. ) ;
#5786 = ORIENTED_EDGE ( 'NONE', *, *, #7051, .T. ) ;
#5787 = ORIENTED_EDGE ( 'NONE', *, *, #1969, .F. ) ;
#5788 = CARTESIAN_POINT ( 'NONE',  ( -1.500000000000000444, 0.2500000000000006661, 1.499999999999997780 ) ) ;
#5789 = CARTESIAN_POINT ( 'NONE',  ( -2.200000000000000622, 0.5525000000000013234, -2.152500000000000302 ) ) ;
#5790 = CIRCLE ( 'NONE', #5254, 0.1554449592500702360 ) ;
#5791 = ORIENTED_EDGE ( 'NONE', *, *, #1558, .T. ) ;
#5792 = CARTESIAN_POINT ( 'NONE',  ( -2.798897958454353851, 0.1726945743169953640, 0.8524999999999994804 ) ) ;
#5793 = AXIS2_PLACEMENT_3D ( 'NONE', #3319, #5186, #2687 ) ;
#5794 = ORIENTED_EDGE ( 'NONE', *, *, #4504, .T. ) ;
#5795 = LINE ( 'NONE', #1658, #5854 ) ;
#5796 = CIRCLE ( 'NONE', #2502, 0.2500000000000000000 ) ;
#5797 = VERTEX_POINT ( 'NONE', #5084 ) ;
#5798 = CARTESIAN_POINT ( 'NONE',  ( -3.199999999999999734, 0.1446467872876750493, 2.397499999999999964 ) ) ;
#5799 = EDGE_CURVE ( 'NONE', #1041, #2618, #1385, .T. ) ;
#5800 = DIRECTION ( 'NONE',  ( 0.000000000000000000, -0.000000000000000000, -1.000000000000000000 ) ) ;
#5801 = ORIENTED_EDGE ( 'NONE', *, *, #3263, .F. ) ;
#5802 = AXIS2_PLACEMENT_3D ( 'NONE', #7345, #6786, #1370 ) ;
#5803 = LINE ( 'NONE', #5707, #5902 ) ;
#5804 = VERTEX_POINT ( 'NONE', #240 ) ;
#5805 = FACE_OUTER_BOUND ( 'NONE', #4073, .T. ) ;
#5806 = ORIENTED_EDGE ( 'NONE', *, *, #32, .F. ) ;
#5807 = ADVANCED_FACE ( 'NONE', ( #6549 ), #1173, .F. ) ;
#5808 = DIRECTION ( 'NONE',  ( -1.000000000000000000, 0.000000000000000000, 0.000000000000000000 ) ) ;
#5809 = ORIENTED_EDGE ( 'NONE', *, *, #6222, .T. ) ;
#5810 = EDGE_CURVE ( 'NONE', #7707, #3235, #3860, .T. ) ;
#5811 = ORIENTED_EDGE ( 'NONE', *, *, #5618, .F. ) ;
#5812 = CARTESIAN_POINT ( 'NONE',  ( 2.788783269761455852, 0.02804778702932090445, -2.152500000000000302 ) ) ;
#5813 = EDGE_CURVE ( 'NONE', #5249, #691, #1236, .T. ) ;
#5814 = ORIENTED_EDGE ( 'NONE', *, *, #6592, .T. ) ;
#5815 = VECTOR ( 'NONE', #4088, 1000.000000000000000 ) ;
#5816 = ORIENTED_EDGE ( 'NONE', *, *, #1671, .T. ) ;
#5817 = AXIS2_PLACEMENT_3D ( 'NONE', #6162, #1943, #6586 ) ;
#5818 = DIRECTION ( 'NONE',  ( 0.000000000000000000, -0.000000000000000000, -1.000000000000000000 ) ) ;
#5819 = CARTESIAN_POINT ( 'NONE',  ( 2.319201962066644640, 0.6975000000000013411, -1.747500000000000275 ) ) ;
#5820 = CARTESIAN_POINT ( 'NONE',  ( 2.798897958454353851, 0.1726945743169953640, -1.097500000000000364 ) ) ;
#5821 = VECTOR ( 'NONE', #3445, 1000.000000000000000 ) ;
#5822 = ORIENTED_EDGE ( 'NONE', *, *, #5873, .F. ) ;
#5823 = EDGE_CURVE ( 'NONE', #4164, #641, #6536, .T. ) ;
#5824 = DIRECTION ( 'NONE',  ( -0.000000000000000000, -0.000000000000000000, -1.000000000000000000 ) ) ;
#5825 = ORIENTED_EDGE ( 'NONE', *, *, #4813, .F. ) ;
#5826 = LINE ( 'NONE', #5619, #5594 ) ;
#5827 = DIRECTION ( 'NONE',  ( 0.000000000000000000, 0.000000000000000000, 1.000000000000000000 ) ) ;
#5828 = EDGE_LOOP ( 'NONE', ( #7068, #7010, #167, #1959, #1968, #4419, #2137, #4687, #3951, #3997, #6868, #1738 ) ) ;
#5829 = ORIENTED_EDGE ( 'NONE', *, *, #3169, .F. ) ;
#5830 = EDGE_LOOP ( 'NONE', ( #5924, #3233, #2461, #5974, #2447, #3781, #7584, #3878, #1026, #5197, #1012, #2599 ) ) ;
#5831 = VERTEX_POINT ( 'NONE', #4634 ) ;
#5832 = ADVANCED_FACE ( 'NONE', ( #3981 ), #3283, .F. ) ;
#5833 = VECTOR ( 'NONE', #2510, 1000.000000000000000 ) ;
#5834 = FILL_AREA_STYLE_COLOUR ( '', #6626 ) ;
#5835 = ORIENTED_EDGE ( 'NONE', *, *, #6955, .T. ) ;
#5836 = EDGE_CURVE ( 'NONE', #3770, #2532, #1191, .T. ) ;
#5837 = CARTESIAN_POINT ( 'NONE',  ( 2.200000000000000622, 0.6975000000000013411, -0.4475000000000003975 ) ) ;
#5838 = ORIENTED_EDGE ( 'NONE', *, *, #2783, .F. ) ;
#5839 = CARTESIAN_POINT ( 'NONE',  ( 2.199999999999998401, 0.5525000000000013234, -2.499999999999995115 ) ) ;
#5840 = VECTOR ( 'NONE', #1511, 1000.000000000000000 ) ;
#5841 = ORIENTED_EDGE ( 'NONE', *, *, #3696, .F. ) ;
#5842 =( NAMED_UNIT ( * ) SI_UNIT ( $, .STERADIAN. ) SOLID_ANGLE_UNIT ( ) );
#5843 = ORIENTED_EDGE ( 'NONE', *, *, #3914, .T. ) ;
#5844 = EDGE_CURVE ( 'NONE', #7752, #3563, #6421, .T. ) ;
#5845 = ORIENTED_EDGE ( 'NONE', *, *, #219, .F. ) ;
#5846 = VERTEX_POINT ( 'NONE', #4028 ) ;
#5847 = CARTESIAN_POINT ( 'NONE',  ( 3.199999999999999734, 0.1446467872876750493, 2.152499999999999858 ) ) ;
#5848 = PLANE ( 'NONE',  #2661 ) ;
#5849 = VECTOR ( 'NONE', #6939, 1000.000000000000000 ) ;
#5850 = ORIENTED_EDGE ( 'NONE', *, *, #4799, .F. ) ;
#5851 = PLANE ( 'NONE',  #3546 ) ;
#5852 = DIRECTION ( 'NONE',  ( 1.000000000000000000, 0.000000000000000000, -0.000000000000000000 ) ) ;
#5853 = ORIENTED_EDGE ( 'NONE', *, *, #2986, .T. ) ;
#5854 = VECTOR ( 'NONE', #1998, 1000.000000000000000 ) ;
#5855 = LINE ( 'NONE', #1677, #5866 ) ;
#5856 = ORIENTED_EDGE ( 'NONE', *, *, #2859, .T. ) ;
#5857 = CARTESIAN_POINT ( 'NONE',  ( -2.200000000000000622, 0.6975000000000013411, -0.2025000000000004297 ) ) ;
#5858 = CLOSED_SHELL ( 'NONE', ( #2558, #1352, #5736, #713, #3934, #5504, #2224, #118, #5904, #4673, #3929, #2050, #1495, #2954 ) ) ;
#5859 = AXIS2_PLACEMENT_3D ( 'NONE', #204, #1450, #2194 ) ;
#5860 = ORIENTED_EDGE ( 'NONE', *, *, #2204, .T. ) ;
#5861 = EDGE_CURVE ( 'NONE', #7702, #4867, #1128, .T. ) ;
#5862 = ORIENTED_EDGE ( 'NONE', *, *, #7134, .T. ) ;
#5863 = ORIENTED_EDGE ( 'NONE', *, *, #2063, .F. ) ;
#5864 = EDGE_LOOP ( 'NONE', ( #2364, #5850, #5696, #5065 ) ) ;
#5865 = LINE ( 'NONE', #7361, #5734 ) ;
#5866 = VECTOR ( 'NONE', #2205, 1000.000000000000114 ) ;
#5867 = VERTEX_POINT ( 'NONE', #6573 ) ;
#5868 = CARTESIAN_POINT ( 'NONE',  ( 2.519533705154928249, 0.2499999999999996669, 1.097499999999999476 ) ) ;
#5869 = ORIENTED_EDGE ( 'NONE', *, *, #3175, .T. ) ;
#5870 = LINE ( 'NONE', #5277, #3250 ) ;
#5871 = VERTEX_POINT ( 'NONE', #5171 ) ;
#5872 = EDGE_LOOP ( 'NONE', ( #3365, #5138, #6657, #7610 ) ) ;
#5873 = EDGE_CURVE ( 'NONE', #5396, #4359, #3717, .T. ) ;
#5874 = EDGE_CURVE ( 'NONE', #4081, #7035, #3777, .T. ) ;
#5875 = CARTESIAN_POINT ( 'NONE',  ( -2.798897958454353851, 0.1726945743169953640, -1.747500000000000275 ) ) ;
#5876 = VERTEX_POINT ( 'NONE', #5265 ) ;
#5877 = AXIS2_PLACEMENT_3D ( 'NONE', #7748, #1214, #7637 ) ;
#5878 = DIRECTION ( 'NONE',  ( 0.000000000000000000, -0.000000000000000000, -1.000000000000000000 ) ) ;
#5879 = CARTESIAN_POINT ( 'NONE',  ( 2.469350262772739502, 0.4372871566690347822, -2.397500000000000409 ) ) ;
#5880 = ADVANCED_FACE ( 'NONE', ( #6436 ), #3890, .F. ) ;
#5881 = ORIENTED_EDGE ( 'NONE', *, *, #895, .T. ) ;
#5882 = LINE ( 'NONE', #1213, #5715 ) ;
#5883 = CARTESIAN_POINT ( 'NONE',  ( 3.199999999999999734, 0.1446467872876750493, 1.097499999999999476 ) ) ;
#5884 = VECTOR ( 'NONE', #7667, 1000.000000000000000 ) ;
#5885 = VERTEX_POINT ( 'NONE', #2857 ) ;
#5886 = ORIENTED_EDGE ( 'NONE', *, *, #4554, .F. ) ;
#5887 = FACE_OUTER_BOUND ( 'NONE', #4208, .T. ) ;
#5888 = AXIS2_PLACEMENT_3D ( 'NONE', #5060, #1072, #7104 ) ;
#5889 = ORIENTED_EDGE ( 'NONE', *, *, #523, .F. ) ;
#5890 = ORIENTED_EDGE ( 'NONE', *, *, #1071, .F. ) ;
#5891 = CARTESIAN_POINT ( 'NONE',  ( -2.319201962066644640, 0.6975000000000013411, 2.397499999999999964 ) ) ;
#5892 = LINE ( 'NONE', #5896, #3390 ) ;
#5893 = CARTESIAN_POINT ( 'NONE',  ( 2.469350262772739502, 0.4372871566690347822, 0.4474999999999995648 ) ) ;
#5894 = ORIENTED_EDGE ( 'NONE', *, *, #5582, .F. ) ;
#5895 = ORIENTED_EDGE ( 'NONE', *, *, #3735, .T. ) ;
#5896 = CARTESIAN_POINT ( 'NONE',  ( -2.519533705154928249, 0.2499999999999996669, -1.502500000000000391 ) ) ;
#5897 = ORIENTED_EDGE ( 'NONE', *, *, #3966, .F. ) ;
#5898 = LINE ( 'NONE', #4990, #6127 ) ;
#5899 = VERTEX_POINT ( 'NONE', #7716 ) ;
#5900 = CARTESIAN_POINT ( 'NONE',  ( 2.200000000000000622, 0.5525000000000013234, -1.747500000000000275 ) ) ;
#5901 = ORIENTED_EDGE ( 'NONE', *, *, #4583, .T. ) ;
#5902 = VECTOR ( 'NONE', #1627, 1000.000000000000000 ) ;
#5903 = ORIENTED_EDGE ( 'NONE', *, *, #854, .T. ) ;
#5904 = ADVANCED_FACE ( 'NONE', ( #6523 ), #3827, .T. ) ;
#5905 = ORIENTED_EDGE ( 'NONE', *, *, #6934, .F. ) ;
#5906 = CARTESIAN_POINT ( 'NONE',  ( -2.319201962066644640, 0.5525000000000012124, 0.8524999999999994804 ) ) ;
#5907 = AXIS2_PLACEMENT_3D ( 'NONE', #2282, #2955, #4174 ) ;
#5908 = CARTESIAN_POINT ( 'NONE',  ( -2.609409507584654175, 0.4748159182089002894, 1.502499999999999503 ) ) ;
#5909 = CYLINDRICAL_SURFACE ( 'NONE', #2612, 0.3004449592500699762 ) ;
#5911 = EDGE_CURVE ( 'NONE', #3140, #2390, #1299, .T. ) ;
#5910 = ORIENTED_EDGE ( 'NONE', *, *, #2063, .T. ) ;
#5912 = CARTESIAN_POINT ( 'NONE',  ( 2.469350262772739057, 0.4372871566690347267, -2.152500000000000302 ) ) ;
#5913 = CARTESIAN_POINT ( 'NONE',  ( 2.319201962066644640, 0.6975000000000013411, -0.2025000000000004297 ) ) ;
#5914 = AXIS2_PLACEMENT_3D ( 'NONE', #4130, #2761, #7016 ) ;
#5915 = PLANE ( 'NONE',  #3540 ) ;
#5916 = VERTEX_POINT ( 'NONE', #5875 ) ;
#5917 = VECTOR ( 'NONE', #4117, 1000.000000000000000 ) ;
#5918 = LINE ( 'NONE', #3232, #5987 ) ;
#5919 = EDGE_CURVE ( 'NONE', #1277, #2796, #3970, .T. ) ;
#5920 = ORIENTED_EDGE ( 'NONE', *, *, #4917, .F. ) ;
#5921 = DIRECTION ( 'NONE',  ( -0.9975640502598243087, 0.06975647374412488610, 0.000000000000000000 ) ) ;
#5922 = DIRECTION ( 'NONE',  ( 1.000000000000000000, 9.095506094768336076E-16, -0.000000000000000000 ) ) ;
#5923 = PLANE ( 'NONE',  #3852 ) ;
#5924 = ORIENTED_EDGE ( 'NONE', *, *, #4941, .T. ) ;
#5925 = FACE_OUTER_BOUND ( 'NONE', #2925, .T. ) ;
#5926 = ORIENTED_EDGE ( 'NONE', *, *, #6394, .T. ) ;
#5927 = ORIENTED_EDGE ( 'NONE', *, *, #2238, .F. ) ;
#5928 = LINE ( 'NONE', #2453, #589 ) ;
#5929 = ORIENTED_EDGE ( 'NONE', *, *, #5560, .T. ) ;
#5930 = ORIENTED_EDGE ( 'NONE', *, *, #6658, .F. ) ;
#5931 = EDGE_CURVE ( 'NONE', #3563, #3869, #6572, .T. ) ;
#5932 = DIRECTION ( 'NONE',  ( 0.000000000000000000, 1.000000000000000000, 0.000000000000000000 ) ) ;
#5933 = EDGE_LOOP ( 'NONE', ( #1701, #4656, #1761, #4129 ) ) ;
#5934 = AXIS2_PLACEMENT_3D ( 'NONE', #7625, #3943, #3193 ) ;
#5935 = CIRCLE ( 'NONE', #6570, 0.3004449592500699762 ) ;
#5936 = EDGE_CURVE ( 'NONE', #4820, #4645, #1221, .T. ) ;
#5937 = LINE ( 'NONE', #4345, #3137 ) ;
#5938 = ORIENTED_EDGE ( 'NONE', *, *, #5722, .T. ) ;
#5939 = DIRECTION ( 'NONE',  ( 1.000000000000000000, 0.000000000000000000, 0.000000000000000000 ) ) ;
#5940 = ORIENTED_EDGE ( 'NONE', *, *, #5470, .F. ) ;
#5941 = CARTESIAN_POINT ( 'NONE',  ( -2.469350262772739502, 0.4372871566690347822, 1.502499999999999503 ) ) ;
#5942 = EDGE_CURVE ( 'NONE', #839, #2560, #6360, .T. ) ;
#5943 = ORIENTED_EDGE ( 'NONE', *, *, #5366, .T. ) ;
#5944 = SURFACE_STYLE_USAGE ( .BOTH. , #7867 ) ;
#5945 = VERTEX_POINT ( 'NONE', #2245 ) ;
#5946 = CARTESIAN_POINT ( 'NONE',  ( 2.319201962066644640, 0.6975000000000013411, -0.8525000000000003686 ) ) ;
#5947 = ORIENTED_EDGE ( 'NONE', *, *, #123, .T. ) ;
#5948 = CARTESIAN_POINT ( 'NONE',  ( 2.319201962066644640, 0.3970550407499311429, -2.152500000000000302 ) ) ;
#5949 = DIRECTION ( 'NONE',  ( -0.000000000000000000, -0.000000000000000000, -1.000000000000000000 ) ) ;
#5950 = ORIENTED_EDGE ( 'NONE', *, *, #3735, .F. ) ;
#5951 = ORIENTED_EDGE ( 'NONE', *, *, #4373, .F. ) ;
#5952 = ORIENTED_EDGE ( 'NONE', *, *, #7592, .F. ) ;
#5953 = FACE_OUTER_BOUND ( 'NONE', #5371, .T. ) ;
#5954 = EDGE_CURVE ( 'NONE', #6928, #2807, #6582, .T. ) ;
#5955 = LINE ( 'NONE', #3683, #5840 ) ;
#5956 = ORIENTED_EDGE ( 'NONE', *, *, #17, .T. ) ;
#5957 = ORIENTED_EDGE ( 'NONE', *, *, #5634, .T. ) ;
#5958 = EDGE_CURVE ( 'NONE', #7781, #623, #6597, .T. ) ;
#5959 = ORIENTED_EDGE ( 'NONE', *, *, #2102, .T. ) ;
#5960 = ORIENTED_EDGE ( 'NONE', *, *, #5761, .T. ) ;
#5961 = DIRECTION ( 'NONE',  ( -0.2588190451025209060, -0.9659258262890683122, 0.000000000000000000 ) ) ;
#5962 = AXIS2_PLACEMENT_3D ( 'NONE', #4321, #4852, #5340 ) ;
#5963 = CARTESIAN_POINT ( 'NONE',  ( 2.809741250672937785, 0.3277608774589687579, 0.2024999999999995692 ) ) ;
#5964 = ORIENTED_EDGE ( 'NONE', *, *, #5187, .F. ) ;
#5965 = ORIENTED_EDGE ( 'NONE', *, *, #2846, .F. ) ;
#5966 = ORIENTED_EDGE ( 'NONE', *, *, #5333, .F. ) ;
#5967 = LINE ( 'NONE', #2945, #884 ) ;
#5968 = DIRECTION ( 'NONE',  ( -0.000000000000000000, -0.000000000000000000, -1.000000000000000000 ) ) ;
#5969 = LINE ( 'NONE', #5458, #690 ) ;
#5970 = AXIS2_PLACEMENT_3D ( 'NONE', #2088, #4109, #6503 ) ;
#5971 = ORIENTED_EDGE ( 'NONE', *, *, #4503, .F. ) ;
#5972 = PLANE ( 'NONE',  #3376 ) ;
#5973 = ADVANCED_FACE ( 'NONE', ( #3730 ), #1160, .F. ) ;
#5974 = ORIENTED_EDGE ( 'NONE', *, *, #2681, .T. ) ;
#5975 = VERTEX_POINT ( 'NONE', #5819 ) ;
#5976 = ORIENTED_EDGE ( 'NONE', *, *, #1545, .T. ) ;
#5977 = CLOSED_SHELL ( 'NONE', ( #2828, #3612, #357, #2, #5880, #5832, #1854, #146, #4859, #1123, #5067, #4140, #5042, #7030 ) ) ;
#5978 = DIRECTION ( 'NONE',  ( 0.000000000000000000, -0.000000000000000000, -1.000000000000000000 ) ) ;
#5979 = AXIS2_PLACEMENT_3D ( 'NONE', #316, #2717, #6399 ) ;
#5980 = VECTOR ( 'NONE', #7115, 1000.000000000000000 ) ;
#5981 = ORIENTED_EDGE ( 'NONE', *, *, #5873, .T. ) ;
#5982 = ORIENTED_EDGE ( 'NONE', *, *, #5582, .T. ) ;
#5983 = CARTESIAN_POINT ( 'NONE',  ( -3.199999999999999734, 0.1446467872876750493, 0.2024999999999995692 ) ) ;
#5984 = CARTESIAN_POINT ( 'NONE',  ( -2.200000000000000622, 0.5525000000000013234, 2.397499999999999964 ) ) ;
#5985 = ORIENTED_EDGE ( 'NONE', *, *, #7411, .F. ) ;
#5986 = VECTOR ( 'NONE', #200, 1000.000000000000114 ) ;
#5987 = VECTOR ( 'NONE', #4322, 1000.000000000000000 ) ;
#5988 = ORIENTED_EDGE ( 'NONE', *, *, #7518, .T. ) ;
#5989 = CARTESIAN_POINT ( 'NONE',  ( -2.788783269761455852, 0.02804778702932090445, -1.747500000000000275 ) ) ;
#5990 = CARTESIAN_POINT ( 'NONE',  ( 2.199999999999998401, 0.5525000000000013234, -2.499999999999995115 ) ) ;
#5991 = CARTESIAN_POINT ( 'NONE',  ( -2.469350262772739057, 0.4372871566690347267, 0.8524999999999994804 ) ) ;
#5992 = ORIENTED_EDGE ( 'NONE', *, *, #7055, .F. ) ;
#5993 = AXIS2_PLACEMENT_3D ( 'NONE', #703, #5378, #1865 ) ;
#5994 = VERTEX_POINT ( 'NONE', #6345 ) ;
#5995 = ORIENTED_EDGE ( 'NONE', *, *, #3856, .F. ) ;
#5996 = ADVANCED_FACE ( 'NONE', ( #6406 ), #7100, .F. ) ;
#5997 = CARTESIAN_POINT ( 'NONE',  ( -2.319201962066644640, 0.3970550407499311429, -0.2025000000000004297 ) ) ;
#5998 = ORIENTED_EDGE ( 'NONE', *, *, #4152, .T. ) ;
#5999 = FACE_OUTER_BOUND ( 'NONE', #5224, .T. ) ;
#6000 = ORIENTED_EDGE ( 'NONE', *, *, #4280, .T. ) ;
#6001 = DIRECTION ( 'NONE',  ( -0.000000000000000000, -0.000000000000000000, -1.000000000000000000 ) ) ;
#6002 = ORIENTED_EDGE ( 'NONE', *, *, #5421, .F. ) ;
#6003 = LINE ( 'NONE', #2148, #722 ) ;
#6004 = LINE ( 'NONE', #5361, #3075 ) ;
#6005 = ORIENTED_EDGE ( 'NONE', *, *, #2645, .T. ) ;
#6006 = CARTESIAN_POINT ( 'NONE',  ( -2.798897958454353851, 0.1726945743169953640, 0.4474999999999995648 ) ) ;
#6007 = ORIENTED_EDGE ( 'NONE', *, *, #2382, .F. ) ;
#6008 = CARTESIAN_POINT ( 'NONE',  ( -3.199999999999999734, 0.1446467872876750493, -1.502500000000000391 ) ) ;
#6009 = ORIENTED_EDGE ( 'NONE', *, *, #1989, .T. ) ;
#6010 = CARTESIAN_POINT ( 'NONE',  ( 2.609409507584654175, 0.4748159182089002894, -0.2025000000000004297 ) ) ;
#6011 = ORIENTED_EDGE ( 'NONE', *, *, #7239, .T. ) ;
#6012 = CARTESIAN_POINT ( 'NONE',  ( -2.469350262772739502, 0.4372871566690347822, -2.152500000000000302 ) ) ;
#6013 = ORIENTED_EDGE ( 'NONE', *, *, #7477, .T. ) ;
#6014 = PLANE ( 'NONE',  #7634 ) ;
#6015 = CARTESIAN_POINT ( 'NONE',  ( -2.200000000000000622, 0.6975000000000013411, 2.500000000000001332 ) ) ;
#6016 = LINE ( 'NONE', #4706, #784 ) ;
#6017 = VERTEX_POINT ( 'NONE', #6970 ) ;
#6018 = CARTESIAN_POINT ( 'NONE',  ( -2.659592949966843367, 0.2875287615398652852, -2.397500000000000409 ) ) ;
#6019 = MECHANICAL_DESIGN_GEOMETRIC_PRESENTATION_REPRESENTATION (  '', ( #5397 ), #174 ) ;
#6020 = FACE_OUTER_BOUND ( 'NONE', #1555, .T. ) ;
#6021 = DIRECTION ( 'NONE',  ( 0.000000000000000000, -1.000000000000000000, 0.000000000000000000 ) ) ;
#6022 = ORIENTED_EDGE ( 'NONE', *, *, #1176, .T. ) ;
#6023 = EDGE_CURVE ( 'NONE', #2181, #914, #2626, .T. ) ;
#6024 = ORIENTED_EDGE ( 'NONE', *, *, #2402, .F. ) ;
#6025 = LINE ( 'NONE', #3143, #3608 ) ;
#6026 = ORIENTED_EDGE ( 'NONE', *, *, #1714, .F. ) ;
#6027 = EDGE_LOOP ( 'NONE', ( #5838, #1080, #764, #3474 ) ) ;
#6028 = PLANE ( 'NONE',  #1764 ) ;
#6029 = LINE ( 'NONE', #7372, #6153 ) ;
#6030 = DIRECTION ( 'NONE',  ( 0.2588190451025186856, 0.9659258262890688673, -0.000000000000000000 ) ) ;
#6031 = EDGE_LOOP ( 'NONE', ( #751, #3131, #5930, #3048 ) ) ;
#6032 = DIRECTION ( 'NONE',  ( 0.06975647374412523305, -0.9975640502598241977, 0.000000000000000000 ) ) ;
#6033 = LINE ( 'NONE', #4815, #3703 ) ;
#6034 = PLANE ( 'NONE',  #2916 ) ;
#6035 = LINE ( 'NONE', #4693, #806 ) ;
#6036 = AXIS2_PLACEMENT_3D ( 'NONE', #651, #4814, #4370 ) ;
#6037 = ORIENTED_EDGE ( 'NONE', *, *, #1583, .T. ) ;
#6038 = DIRECTION ( 'NONE',  ( -0.000000000000000000, -0.000000000000000000, -1.000000000000000000 ) ) ;
#6039 = EDGE_CURVE ( 'NONE', #1430, #750, #27, .T. ) ;
#6040 = ORIENTED_EDGE ( 'NONE', *, *, #3719, .T. ) ;
#6041 = VECTOR ( 'NONE', #7204, 1000.000000000000000 ) ;
#6042 = ORIENTED_EDGE ( 'NONE', *, *, #5621, .T. ) ;
#6043 = PRESENTATION_LAYER_ASSIGNMENT (  '', '', ( #4447 ) ) ;
#6044 = VERTEX_POINT ( 'NONE', #6462 ) ;
#6045 = DIRECTION ( 'NONE',  ( -0.000000000000000000, 0.000000000000000000, 1.000000000000000000 ) ) ;
#6046 = CARTESIAN_POINT ( 'NONE',  ( 2.319201962066644640, 0.3970550407499311429, 1.097499999999999476 ) ) ;
#6047 = VERTEX_POINT ( 'NONE', #211 ) ;
#6048 = EDGE_CURVE ( 'NONE', #5536, #6103, #5311, .T. ) ;
#6049 = DIRECTION ( 'NONE',  ( -0.000000000000000000, -0.000000000000000000, -1.000000000000000000 ) ) ;
#6050 = VECTOR ( 'NONE', #1110, 1000.000000000000000 ) ;
#6051 = VECTOR ( 'NONE', #3301, 1000.000000000000000 ) ;
#6052 = VERTEX_POINT ( 'NONE', #1559 ) ;
#6053 = ADVANCED_FACE ( 'NONE', ( #7766 ), #2602, .T. ) ;
#6054 = CARTESIAN_POINT ( 'NONE',  ( -2.609409507584654175, 0.4748159182089002894, -1.747500000000000275 ) ) ;
#6055 = DIRECTION ( 'NONE',  ( -0.2588190451025209060, -0.9659258262890683122, 0.000000000000000000 ) ) ;
#6056 = ORIENTED_EDGE ( 'NONE', *, *, #6608, .F. ) ;
#6057 = DIRECTION ( 'NONE',  ( 1.000000000000000000, 0.000000000000000000, 0.000000000000000000 ) ) ;
#6058 = ORIENTED_EDGE ( 'NONE', *, *, #55, .T. ) ;
#6059 = CARTESIAN_POINT ( 'NONE',  ( -2.200000000000000622, 0.6975000000000013411, 1.097499999999999476 ) ) ;
#6060 = ORIENTED_EDGE ( 'NONE', *, *, #5611, .F. ) ;
#6061 = VECTOR ( 'NONE', #7675, 1000.000000000000000 ) ;
#6062 = MANIFOLD_SOLID_BREP ( 'LPattern1[12]', #5858 ) ;
#6063 = EDGE_CURVE ( 'NONE', #623, #5585, #5199, .T. ) ;
#6064 = VERTEX_POINT ( 'NONE', #3823 ) ;
#6065 = CARTESIAN_POINT ( 'NONE',  ( -2.609409507584654175, 0.4748159182089002894, 2.152499999999999858 ) ) ;
#6066 = EDGE_CURVE ( 'NONE', #2390, #2524, #5130, .T. ) ;
#6067 = LINE ( 'NONE', #4168, #3347 ) ;
#6068 = FACE_OUTER_BOUND ( 'NONE', #1454, .T. ) ;
#6069 = VERTEX_POINT ( 'NONE', #4427 ) ;
#6070 = DIRECTION ( 'NONE',  ( -0.000000000000000000, -0.000000000000000000, -1.000000000000000000 ) ) ;
#6071 = ORIENTED_EDGE ( 'NONE', *, *, #7128, .F. ) ;
#6072 = PLANE ( 'NONE',  #3011 ) ;
#6073 = EDGE_CURVE ( 'NONE', #5651, #2957, #2521, .T. ) ;
#6074 = DIRECTION ( 'NONE',  ( -1.000000000000000000, 0.000000000000000000, 0.000000000000000000 ) ) ;
#6075 = ORIENTED_EDGE ( 'NONE', *, *, #4118, .F. ) ;
#6076 = ADVANCED_FACE ( 'NONE', ( #5146 ), #6014, .F. ) ;
#6077 = CARTESIAN_POINT ( 'NONE',  ( 2.519533705154928249, 0.2499999999999996669, 0.2024999999999995692 ) ) ;
#6078 = ORIENTED_EDGE ( 'NONE', *, *, #3948, .T. ) ;
#6079 = CARTESIAN_POINT ( 'NONE',  ( -2.609409507584654175, 0.4748159182089002894, 1.747499999999999387 ) ) ;
#6080 = CARTESIAN_POINT ( 'NONE',  ( -3.189885311307101734, 6.428775942946129489E-16, 2.397499999999999964 ) ) ;
#6081 = ORIENTED_EDGE ( 'NONE', *, *, #5523, .T. ) ;
#6082 = PLANE ( 'NONE',  #4848 ) ;
#6083 = LINE ( 'NONE', #4908, #6112 ) ;
#6084 = CARTESIAN_POINT ( 'NONE',  ( -2.788783269761455852, 0.02804778702932090445, -2.152500000000000302 ) ) ;
#6085 = ORIENTED_EDGE ( 'NONE', *, *, #5703, .T. ) ;
#6086 = VERTEX_POINT ( 'NONE', #470 ) ;
#6087 = CARTESIAN_POINT ( 'NONE',  ( -2.319201962066644640, 0.3970550407499311429, 2.397499999999999964 ) ) ;
#6088 = VECTOR ( 'NONE', #4608, 1000.000000000000114 ) ;
#6089 = EDGE_CURVE ( 'NONE', #517, #419, #7843, .T. ) ;
#6090 = ORIENTED_EDGE ( 'NONE', *, *, #4898, .T. ) ;
#6091 = VERTEX_POINT ( 'NONE', #3646 ) ;
#6092 = FACE_OUTER_BOUND ( 'NONE', #1337, .T. ) ;
#6093 = DIRECTION ( 'NONE',  ( 0.000000000000000000, -0.000000000000000000, 1.000000000000000000 ) ) ;
#6094 = ORIENTED_EDGE ( 'NONE', *, *, #6275, .F. ) ;
#6095 = AXIS2_PLACEMENT_3D ( 'NONE', #3850, #7356, #6223 ) ;
#6096 = LINE ( 'NONE', #2753, #3570 ) ;
#6097 = CARTESIAN_POINT ( 'NONE',  ( 2.199999999999998401, 0.6975000000000013411, -2.499999999999995115 ) ) ;
#6098 = LINE ( 'NONE', #5384, #3398 ) ;
#6099 = CARTESIAN_POINT ( 'NONE',  ( 3.189885311307101734, 6.428775942946129489E-16, 2.397499999999999964 ) ) ;
#6100 = AXIS2_PLACEMENT_3D ( 'NONE', #2266, #4158, #2931 ) ;
#6101 = VERTEX_POINT ( 'NONE', #2430 ) ;
#6102 = VECTOR ( 'NONE', #2209, 1000.000000000000227 ) ;
#6103 = VERTEX_POINT ( 'NONE', #5399 ) ;
#6104 = ORIENTED_EDGE ( 'NONE', *, *, #5652, .T. ) ;
#6105 = EDGE_CURVE ( 'NONE', #5229, #2527, #2478, .T. ) ;
#6106 = CARTESIAN_POINT ( 'NONE',  ( 3.199999999999999734, 0.1446467872876750493, -1.747500000000000275 ) ) ;
#6107 = CARTESIAN_POINT ( 'NONE',  ( 2.609409507584654175, 0.4748159182089002894, 1.502499999999999503 ) ) ;
#6108 = LINE ( 'NONE', #1494, #3554 ) ;
#6109 = ORIENTED_EDGE ( 'NONE', *, *, #5082, .T. ) ;
#6110 = CARTESIAN_POINT ( 'NONE',  ( -3.189885311307101734, 6.428775942946129489E-16, -0.2025000000000004297 ) ) ;
#6111 = ADVANCED_FACE ( 'NONE', ( #5059 ), #7386, .F. ) ;
#6112 = VECTOR ( 'NONE', #5494, 1000.000000000000227 ) ;
#6113 = LINE ( 'NONE', #2288, #820 ) ;
#6114 = CARTESIAN_POINT ( 'NONE',  ( 2.319201962066644640, 0.3970550407499311429, -1.502500000000000391 ) ) ;
#6115 = CARTESIAN_POINT ( 'NONE',  ( 3.199999999999999734, 0.1446467872876750493, -1.502500000000000391 ) ) ;
#6116 = ORIENTED_EDGE ( 'NONE', *, *, #2986, .F. ) ;
#6117 = CARTESIAN_POINT ( 'NONE',  ( -2.319201962066644640, 0.5525000000000012124, 0.4474999999999995648 ) ) ;
#6118 = FILL_AREA_STYLE ('',( #4268 ) ) ;
#6119 = VECTOR ( 'NONE', #999, 1000.000000000000000 ) ;
#6120 = VERTEX_POINT ( 'NONE', #2374 ) ;
#6121 = DIRECTION ( 'NONE',  ( -0.06975647374412523305, -0.9975640502598241977, 0.000000000000000000 ) ) ;
#6122 = ORIENTED_EDGE ( 'NONE', *, *, #1931, .F. ) ;
#6123 = VECTOR ( 'NONE', #2619, 1000.000000000000000 ) ;
#6124 = VERTEX_POINT ( 'NONE', #7192 ) ;
#6125 = EDGE_CURVE ( 'NONE', #4315, #5152, #7779, .T. ) ;
#6126 = DIRECTION ( 'NONE',  ( 1.000000000000000000, 0.000000000000000000, -0.000000000000000000 ) ) ;
#6127 = VECTOR ( 'NONE', #106, 1000.000000000000000 ) ;
#6128 = COLOUR_RGB ( '',0.8000000000000000444, 0.8196078431372548767, 0.9333333333333333481 ) ;
#6129 = ADVANCED_FACE ( 'NONE', ( #5158 ), #7830, .T. ) ;
#6130 = MANIFOLD_SOLID_BREP ( 'LPattern1[6]', #3273 ) ;
#6131 = VERTEX_POINT ( 'NONE', #3760 ) ;
#6132 = DIRECTION ( 'NONE',  ( 0.000000000000000000, 0.000000000000000000, 1.000000000000000000 ) ) ;
#6133 = FACE_OUTER_BOUND ( 'NONE', #1791, .T. ) ;
#6134 = DIRECTION ( 'NONE',  ( -1.000000000000000000, 0.000000000000000000, 0.000000000000000000 ) ) ;
#6135 = EDGE_LOOP ( 'NONE', ( #3320, #2876, #4854, #2877 ) ) ;
#6136 = DIRECTION ( 'NONE',  ( 1.000000000000000000, -0.000000000000000000, 2.891205793294678326E-16 ) ) ;
#6137 = ORIENTED_EDGE ( 'NONE', *, *, #6575, .F. ) ;
#6138 = AXIS2_PLACEMENT_3D ( 'NONE', #6897, #140, #877 ) ;
#6139 = FACE_OUTER_BOUND ( 'NONE', #3115, .T. ) ;
#6140 = ORIENTED_EDGE ( 'NONE', *, *, #267, .F. ) ;
#6141 = DIRECTION ( 'NONE',  ( -0.06975647374412477508, 0.9975640502598243087, 0.000000000000000000 ) ) ;
#6142 = EDGE_CURVE ( 'NONE', #5212, #2467, #5292, .T. ) ;
#6143 = AXIS2_PLACEMENT_3D ( 'NONE', #1907, #61, #1329 ) ;
#6144 = DIRECTION ( 'NONE',  ( -0.000000000000000000, -0.000000000000000000, -1.000000000000000000 ) ) ;
#6145 = PRESENTATION_STYLE_ASSIGNMENT (( #3743 ) ) ;
#6146 = ORIENTED_EDGE ( 'NONE', *, *, #4019, .F. ) ;
#6147 = DIRECTION ( 'NONE',  ( -1.971276677246371519E-16, 0.000000000000000000, -1.000000000000000000 ) ) ;
#6148 = LINE ( 'NONE', #2184, #3673 ) ;
#6149 = ORIENTED_EDGE ( 'NONE', *, *, #3266, .F. ) ;
#6150 = ADVANCED_FACE ( 'NONE', ( #2637 ), #81, .F. ) ;
#6151 = EDGE_LOOP ( 'NONE', ( #124, #1032, #6246, #220 ) ) ;
#6152 = DIRECTION ( 'NONE',  ( -0.06975647374412477508, 0.9975640502598243087, 0.000000000000000000 ) ) ;
#6153 = VECTOR ( 'NONE', #1958, 1000.000000000000000 ) ;
#6154 = ORIENTED_EDGE ( 'NONE', *, *, #5328, .T. ) ;
#6155 = EDGE_CURVE ( 'NONE', #1590, #6091, #5269, .T. ) ;
#6156 = EDGE_CURVE ( 'NONE', #1094, #7585, #5299, .T. ) ;
#6157 = CARTESIAN_POINT ( 'NONE',  ( 2.609409507584654175, 0.4748159182089002894, 0.2024999999999995692 ) ) ;
#6158 = AXIS2_PLACEMENT_3D ( 'NONE', #6312, #6944, #7494 ) ;
#6159 = FACE_OUTER_BOUND ( 'NONE', #1948, .T. ) ;
#6160 = DIRECTION ( 'NONE',  ( -1.000000000000000000, 0.000000000000000000, 0.000000000000000000 ) ) ;
#6161 = FACE_OUTER_BOUND ( 'NONE', #1933, .T. ) ;
#6162 = CARTESIAN_POINT ( 'NONE',  ( 2.319201962066644640, 0.3970550407499311429, -2.397500000000000409 ) ) ;
#6163 = CARTESIAN_POINT ( 'NONE',  ( 2.319201962066644640, 0.3970550407499311429, 2.152499999999999858 ) ) ;
#6164 = ORIENTED_EDGE ( 'NONE', *, *, #5011, .F. ) ;
#6165 = EDGE_CURVE ( 'NONE', #349, #1002, #5073, .T. ) ;
#6166 = FACE_OUTER_BOUND ( 'NONE', #4788, .T. ) ;
#6167 = EDGE_LOOP ( 'NONE', ( #5341, #3798, #2499, #3251 ) ) ;
#6168 = ORIENTED_EDGE ( 'NONE', *, *, #4411, .T. ) ;
#6169 = DIRECTION ( 'NONE',  ( 0.000000000000000000, 0.000000000000000000, 1.000000000000000000 ) ) ;
#6170 = DIRECTION ( 'NONE',  ( 0.000000000000000000, 0.000000000000000000, 1.000000000000000000 ) ) ;
#6171 = VECTOR ( 'NONE', #7270, 1000.000000000000114 ) ;
#6172 = EDGE_LOOP ( 'NONE', ( #1211, #4042, #4103, #1564 ) ) ;
#6173 = CARTESIAN_POINT ( 'NONE',  ( 2.798897958454353851, 0.1726945743169953640, 0.8524999999999994804 ) ) ;
#6174 = PLANE ( 'NONE',  #1309 ) ;
#6175 = VECTOR ( 'NONE', #7520, 1000.000000000000000 ) ;
#6176 = DIRECTION ( 'NONE',  ( -1.000000000000000000, 0.000000000000000000, 0.000000000000000000 ) ) ;
#6177 = CARTESIAN_POINT ( 'NONE',  ( 1.499999999999999556, 0.2500000000000006661, -1.500000000000002220 ) ) ;
#6178 = ORIENTED_EDGE ( 'NONE', *, *, #1747, .F. ) ;
#6179 = DIRECTION ( 'NONE',  ( -0.06975647374412477508, 0.9975640502598243087, 0.000000000000000000 ) ) ;
#6180 = VECTOR ( 'NONE', #3958, 1000.000000000000000 ) ;
#6181 = EDGE_CURVE ( 'NONE', #2705, #2919, #2464, .T. ) ;
#6182 = EDGE_LOOP ( 'NONE', ( #6636, #3079, #2060, #4904 ) ) ;
#6183 = CARTESIAN_POINT ( 'NONE',  ( 3.189885311307101734, 6.428775942946129489E-16, 0.2024999999999995692 ) ) ;
#6184 = ORIENTED_EDGE ( 'NONE', *, *, #2395, .T. ) ;
#6185 = ORIENTED_EDGE ( 'NONE', *, *, #4677, .F. ) ;
#6186 = CARTESIAN_POINT ( 'NONE',  ( 2.200000000000000622, 0.6975000000000013411, -2.152500000000000302 ) ) ;
#6187 = EDGE_CURVE ( 'NONE', #7229, #5585, #7503, .T. ) ;
#6188 = ADVANCED_FACE ( 'NONE', ( #4877 ), #3196, .T. ) ;
#6189 = LINE ( 'NONE', #1749, #6050 ) ;
#6190 = LINE ( 'NONE', #2110, #6236 ) ;
#6191 = ORIENTED_EDGE ( 'NONE', *, *, #2036, .T. ) ;
#6192 = FACE_OUTER_BOUND ( 'NONE', #6811, .T. ) ;
#6193 = CARTESIAN_POINT ( 'NONE',  ( 2.609409507584654175, 0.4748159182089002894, -0.2025000000000004297 ) ) ;
#6194 = ORIENTED_EDGE ( 'NONE', *, *, #5936, .T. ) ;
#6195 = PLANE ( 'NONE',  #1648 ) ;
#6196 = ORIENTED_EDGE ( 'NONE', *, *, #1379, .T. ) ;
#6197 = DIRECTION ( 'NONE',  ( 0.000000000000000000, 0.000000000000000000, 1.000000000000000000 ) ) ;
#6198 = LINE ( 'NONE', #6278, #993 ) ;
#6199 = CARTESIAN_POINT ( 'NONE',  ( -2.798897958454353851, 0.1726945743169953640, -0.8525000000000003686 ) ) ;
#6200 = EDGE_LOOP ( 'NONE', ( #5085, #2714, #330, #5678 ) ) ;
#6201 = DIRECTION ( 'NONE',  ( -0.2588190451025209060, -0.9659258262890683122, 0.000000000000000000 ) ) ;
#6202 = AXIS2_PLACEMENT_3D ( 'NONE', #7094, #7654, #1061 ) ;
#6203 = EDGE_CURVE ( 'NONE', #4270, #6442, #3179, .T. ) ;
#6204 = LINE ( 'NONE', #7649, #3452 ) ;
#6205 = CARTESIAN_POINT ( 'NONE',  ( -2.788783269761455852, 0.02804778702932084894, 1.747499999999999387 ) ) ;
#6206 = FACE_OUTER_BOUND ( 'NONE', #3189, .T. ) ;
#6207 = ADVANCED_FACE ( 'NONE', ( #682 ), #5772, .F. ) ;
#6208 = ORIENTED_EDGE ( 'NONE', *, *, #1895, .F. ) ;
#6209 = CARTESIAN_POINT ( 'NONE',  ( 3.199999999999999734, 0.1446467872876750493, -0.2025000000000004297 ) ) ;
#6210 = CARTESIAN_POINT ( 'NONE',  ( -2.200000000000001066, 0.5525000000000013234, -2.499999999999994227 ) ) ;
#6211 = AXIS2_PLACEMENT_3D ( 'NONE', #6193, #3122, #7480 ) ;
#6212 = CYLINDRICAL_SURFACE ( 'NONE', #7388, 0.3004449592500699762 ) ;
#6213 = ORIENTED_EDGE ( 'NONE', *, *, #6878, .T. ) ;
#6214 = ORIENTED_EDGE ( 'NONE', *, *, #7477, .F. ) ;
#6215 = DIRECTION ( 'NONE',  ( -1.000000000000000000, 0.000000000000000000, 0.000000000000000000 ) ) ;
#6216 = LINE ( 'NONE', #6117, #3476 ) ;
#6217 = CARTESIAN_POINT ( 'NONE',  ( -2.609409507584654175, 0.4748159182089002894, -2.152500000000000302 ) ) ;
#6218 = ORIENTED_EDGE ( 'NONE', *, *, #196, .F. ) ;
#6219 = DIRECTION ( 'NONE',  ( -0.000000000000000000, -0.000000000000000000, -1.000000000000000000 ) ) ;
#6220 = CIRCLE ( 'NONE', #7377, 0.3004449592500699762 ) ;
#6221 = CYLINDRICAL_SURFACE ( 'NONE', #105, 0.1554449592500702360 ) ;
#6222 = EDGE_CURVE ( 'NONE', #5770, #2527, #3068, .T. ) ;
#6223 = DIRECTION ( 'NONE',  ( 0.000000000000000000, 0.000000000000000000, 1.000000000000000000 ) ) ;
#6224 = CARTESIAN_POINT ( 'NONE',  ( -2.200000000000001066, 0.6975000000000013411, -2.499999999999994227 ) ) ;
#6225 = ORIENTED_EDGE ( 'NONE', *, *, #1250, .T. ) ;
#6226 = LINE ( 'NONE', #93, #991 ) ;
#6227 = ADVANCED_FACE ( 'NONE', ( #627 ), #7029, .F. ) ;
#6228 = EDGE_LOOP ( 'NONE', ( #5099, #2817, #5886, #6078 ) ) ;
#6229 = CARTESIAN_POINT ( 'NONE',  ( 2.469350262772739057, 0.4372871566690347267, -1.502500000000000391 ) ) ;
#6230 = DIRECTION ( 'NONE',  ( -1.000000000000000000, 0.000000000000000000, 0.000000000000000000 ) ) ;
#6231 = VECTOR ( 'NONE', #163, 1000.000000000000000 ) ;
#6232 = ORIENTED_EDGE ( 'NONE', *, *, #4181, .T. ) ;
#6233 = DIRECTION ( 'NONE',  ( 2.891205793294678326E-16, 0.000000000000000000, -1.000000000000000000 ) ) ;
#6234 = CARTESIAN_POINT ( 'NONE',  ( -2.469350262772739057, 0.4372871566690347267, 1.097499999999999476 ) ) ;
#6235 = AXIS2_PLACEMENT_3D ( 'NONE', #7119, #4200, #2215 ) ;
#6236 = VECTOR ( 'NONE', #1759, 1000.000000000000000 ) ;
#6237 = SURFACE_STYLE_USAGE ( .BOTH. , #4947 ) ;
#6238 = DIRECTION ( 'NONE',  ( -0.000000000000000000, -0.000000000000000000, -1.000000000000000000 ) ) ;
#6239 = ORIENTED_EDGE ( 'NONE', *, *, #5302, .F. ) ;
#6240 = DIRECTION ( 'NONE',  ( 1.000000000000000000, 0.000000000000000000, 0.000000000000000000 ) ) ;
#6241 = CARTESIAN_POINT ( 'NONE',  ( 2.469350262772739502, 0.4372871566690347822, -0.8525000000000003686 ) ) ;
#6242 = FACE_OUTER_BOUND ( 'NONE', #843, .T. ) ;
#6243 = DIRECTION ( 'NONE',  ( -0.000000000000000000, -0.000000000000000000, -1.000000000000000000 ) ) ;
#6244 = EDGE_LOOP ( 'NONE', ( #5841, #2371, #6723, #7513, #7648, #7652, #2411, #2624, #6684, #3101, #2327, #5298 ) ) ;
#6245 = CIRCLE ( 'NONE', #3842, 0.1554449592500702360 ) ;
#6246 = ORIENTED_EDGE ( 'NONE', *, *, #7456, .T. ) ;
#6247 = AXIS2_PLACEMENT_3D ( 'NONE', #1881, #6665, #7813 ) ;
#6248 = AXIS2_PLACEMENT_3D ( 'NONE', #5997, #6243, #2013 ) ;
#6249 = DIRECTION ( 'NONE',  ( 0.000000000000000000, -1.000000000000000000, 0.000000000000000000 ) ) ;
#6250 = ORIENTED_EDGE ( 'NONE', *, *, #3069, .F. ) ;
#6251 = LINE ( 'NONE', #2611, #6316 ) ;
#6252 = DIRECTION ( 'NONE',  ( -1.000000000000000000, 0.000000000000000000, 0.000000000000000000 ) ) ;
#6253 = AXIS2_PLACEMENT_3D ( 'NONE', #2529, #4415, #5545 ) ;
#6254 = CARTESIAN_POINT ( 'NONE',  ( 2.319201962066644640, 0.3970550407499311429, 1.097499999999999476 ) ) ;
#6255 = VERTEX_POINT ( 'NONE', #2776 ) ;
#6256 = DIRECTION ( 'NONE',  ( 0.2588190451025186856, 0.9659258262890688673, -0.000000000000000000 ) ) ;
#6257 = CIRCLE ( 'NONE', #6988, 0.3004449592500699762 ) ;
#6258 = EDGE_LOOP ( 'NONE', ( #1657, #5650, #4745, #229 ) ) ;
#6259 = DIRECTION ( 'NONE',  ( 0.000000000000000000, -0.000000000000000000, -1.000000000000000000 ) ) ;
#6260 = CARTESIAN_POINT ( 'NONE',  ( -2.200000000000000622, 0.6975000000000013411, 2.500000000000001332 ) ) ;
#6261 = ADVANCED_FACE ( 'NONE', ( #5805 ), #7577, .F. ) ;
#6262 = DIRECTION ( 'NONE',  ( 0.000000000000000000, -0.000000000000000000, -1.000000000000000000 ) ) ;
#6263 = EDGE_LOOP ( 'NONE', ( #7021, #7177, #4633, #476 ) ) ;
#6264 = EDGE_CURVE ( 'NONE', #5668, #6651, #3162, .T. ) ;
#6265 = DIRECTION ( 'NONE',  ( 1.000000000000000000, 0.000000000000000000, -0.000000000000000000 ) ) ;
#6266 = LINE ( 'NONE', #6269, #3651 ) ;
#6267 = EDGE_CURVE ( 'NONE', #6101, #5640, #715, .T. ) ;
#6268 = VERTEX_POINT ( 'NONE', #6307 ) ;
#6269 = CARTESIAN_POINT ( 'NONE',  ( 2.200000000000000622, 0.6975000000000013411, 1.502499999999999503 ) ) ;
#6270 =( GEOMETRIC_REPRESENTATION_CONTEXT ( 3 ) GLOBAL_UNCERTAINTY_ASSIGNED_CONTEXT ( ( #2913 ) ) GLOBAL_UNIT_ASSIGNED_CONTEXT ( ( #1846, #7287, #7771 ) ) REPRESENTATION_CONTEXT ( 'NONE', 'WORKASPACE' ) );
#6271 = CIRCLE ( 'NONE', #2802, 0.3004449592500699762 ) ;
#6272 = CARTESIAN_POINT ( 'NONE',  ( -2.609409507584654175, 0.4748159182089002894, 2.397499999999999964 ) ) ;
#6273 = EDGE_CURVE ( 'NONE', #632, #4809, #3102, .T. ) ;
#6274 = ORIENTED_EDGE ( 'NONE', *, *, #7539, .T. ) ;
#6275 = EDGE_CURVE ( 'NONE', #2496, #6715, #5790, .T. ) ;
#6276 = CARTESIAN_POINT ( 'NONE',  ( -3.199999999999999734, 0.1446467872876750493, 0.8524999999999994804 ) ) ;
#6277 = LINE ( 'NONE', #5646, #6175 ) ;
#6278 = CARTESIAN_POINT ( 'NONE',  ( -2.798897958454353851, 0.1726945743169953640, 0.4474999999999995648 ) ) ;
#6279 = CARTESIAN_POINT ( 'NONE',  ( -2.200000000000000622, 0.6975000000000013411, 0.4474999999999995648 ) ) ;
#6280 = ADVANCED_FACE ( 'NONE', ( #664 ), #643, .T. ) ;
#6281 = ORIENTED_EDGE ( 'NONE', *, *, #5516, .T. ) ;
#6282 = VECTOR ( 'NONE', #1376, 1000.000000000000000 ) ;
#6283 = ORIENTED_EDGE ( 'NONE', *, *, #4941, .F. ) ;
#6284 = LINE ( 'NONE', #3803, #6231 ) ;
#6285 = ORIENTED_EDGE ( 'NONE', *, *, #4630, .T. ) ;
#6286 = AXIS2_PLACEMENT_3D ( 'NONE', #4659, #170, #922 ) ;
#6287 = CARTESIAN_POINT ( 'NONE',  ( -2.609409507584654175, 0.4748159182089002894, 2.397499999999999964 ) ) ;
#6288 = EDGE_CURVE ( 'NONE', #3457, #2321, #5727, .T. ) ;
#6289 = LINE ( 'NONE', #7150, #6051 ) ;
#6290 = CARTESIAN_POINT ( 'NONE',  ( -1.500000000000000444, 0.1500000000000006606, -1.500000000000003109 ) ) ;
#6291 = CARTESIAN_POINT ( 'NONE',  ( 2.609409507584654175, 0.4748159182089002894, 0.4474999999999995648 ) ) ;
#6292 = VERTEX_POINT ( 'NONE', #6889 ) ;
#6293 = CARTESIAN_POINT ( 'NONE',  ( -2.809741250672937785, 0.3277608774589687579, 0.4474999999999995648 ) ) ;
#6294 = FACE_OUTER_BOUND ( 'NONE', #1878, .T. ) ;
#6295 = SURFACE_STYLE_USAGE ( .BOTH. , #2812 ) ;
#6296 = ORIENTED_EDGE ( 'NONE', *, *, #5595, .F. ) ;
#6297 = FACE_OUTER_BOUND ( 'NONE', #1655, .T. ) ;
#6298 = EDGE_LOOP ( 'NONE', ( #6560, #2551, #4981, #5176 ) ) ;
#6299 = APPLICATION_CONTEXT ( 'automotive_design' ) ;
#6300 = ORIENTED_EDGE ( 'NONE', *, *, #798, .T. ) ;
#6301 = VECTOR ( 'NONE', #4980, 1000.000000000000000 ) ;
#6302 = CARTESIAN_POINT ( 'NONE',  ( -2.788783269761455852, 0.02804778702932090445, 2.152499999999999858 ) ) ;
#6303 = AXIS2_PLACEMENT_3D ( 'NONE', #3405, #7084, #1700 ) ;
#6304 = DIRECTION ( 'NONE',  ( 0.000000000000000000, -0.000000000000000000, -1.000000000000000000 ) ) ;
#6305 = ORIENTED_EDGE ( 'NONE', *, *, #3508, .F. ) ;
#6306 = EDGE_CURVE ( 'NONE', #757, #2419, #3147, .T. ) ;
#6307 = CARTESIAN_POINT ( 'NONE',  ( -1.500000000000000444, 0.2500000000000006661, -1.500000000000003109 ) ) ;
#6308 = PRESENTATION_STYLE_ASSIGNMENT (( #5944 ) ) ;
#6309 = ORIENTED_EDGE ( 'NONE', *, *, #6894, .F. ) ;
#6310 = DIRECTION ( 'NONE',  ( -0.000000000000000000, 1.000000000000000000, -0.000000000000000000 ) ) ;
#6311 = DIRECTION ( 'NONE',  ( -1.000000000000000000, -9.095506094768336076E-16, 0.000000000000000000 ) ) ;
#6312 = CARTESIAN_POINT ( 'NONE',  ( 2.809741250672937785, 0.3277608774589687579, -0.2025000000000004297 ) ) ;
#6313 = VECTOR ( 'NONE', #2472, 1000.000000000000000 ) ;
#6314 = EDGE_LOOP ( 'NONE', ( #2911, #796, #953, #2021 ) ) ;
#6315 = DIRECTION ( 'NONE',  ( -0.000000000000000000, -0.000000000000000000, -1.000000000000000000 ) ) ;
#6316 = VECTOR ( 'NONE', #3626, 1000.000000000000000 ) ;
#6317 = VERTEX_POINT ( 'NONE', #4612 ) ;
#6318 = ADVANCED_FACE ( 'NONE', ( #734 ), #3274, .T. ) ;
#6319 = CARTESIAN_POINT ( 'NONE',  ( -2.200000000000000622, 0.5525000000000013234, 0.4474999999999995648 ) ) ;
#6320 = CIRCLE ( 'NONE', #7497, 0.1554449592500702360 ) ;
#6321 = DIRECTION ( 'NONE',  ( -0.000000000000000000, -0.000000000000000000, -1.000000000000000000 ) ) ;
#6322 = ORIENTED_EDGE ( 'NONE', *, *, #4644, .T. ) ;
#6323 = EDGE_CURVE ( 'NONE', #3770, #1899, #5695, .T. ) ;
#6324 = AXIS2_PLACEMENT_3D ( 'NONE', #384, #5323, #233 ) ;
#6325 = ADVANCED_FACE ( 'NONE', ( #544 ), #804, .F. ) ;
#6326 = PLANE ( 'NONE',  #3024 ) ;
#6327 = COLOUR_RGB ( '',0.8000000000000000444, 0.8196078431372548767, 0.9333333333333333481 ) ;
#6328 = CARTESIAN_POINT ( 'NONE',  ( -2.809741250672937785, 0.3277608774589687579, 0.4474999999999995648 ) ) ;
#6329 = CARTESIAN_POINT ( 'NONE',  ( 2.200000000000000622, 0.5525000000000013234, 2.397499999999999964 ) ) ;
#6330 = ORIENTED_EDGE ( 'NONE', *, *, #133, .T. ) ;
#6331 = FACE_OUTER_BOUND ( 'NONE', #3219, .T. ) ;
#6332 = ORIENTED_EDGE ( 'NONE', *, *, #4411, .F. ) ;
#6333 = CARTESIAN_POINT ( 'NONE',  ( 1.499999999999999556, 0.2500000000000006661, -1.500000000000002220 ) ) ;
#6334 = AXIS2_PLACEMENT_3D ( 'NONE', #7775, #46, #475 ) ;
#6335 = VECTOR ( 'NONE', #697, 1000.000000000000000 ) ;
#6336 = ORIENTED_EDGE ( 'NONE', *, *, #7821, .T. ) ;
#6337 = ORIENTED_EDGE ( 'NONE', *, *, #2037, .T. ) ;
#6338 = CARTESIAN_POINT ( 'NONE',  ( 2.469350262772739057, 0.4372871566690347267, -2.397500000000000409 ) ) ;
#6339 = LINE ( 'NONE', #5820, #1201 ) ;
#6340 = ADVANCED_FACE ( 'NONE', ( #495 ), #573, .T. ) ;
#6341 = DIRECTION ( 'NONE',  ( -0.000000000000000000, -0.000000000000000000, -1.000000000000000000 ) ) ;
#6342 = CARTESIAN_POINT ( 'NONE',  ( 2.609409507584654175, 0.4748159182089002894, 2.397499999999999964 ) ) ;
#6343 = EDGE_LOOP ( 'NONE', ( #4689, #7452, #4672, #2315 ) ) ;
#6344 = VECTOR ( 'NONE', #7806, 1000.000000000000000 ) ;
#6345 = CARTESIAN_POINT ( 'NONE',  ( 2.788783269761455852, 0.02804778702932084894, 2.152499999999999858 ) ) ;
#6346 = DIRECTION ( 'NONE',  ( 0.2588190451025209060, -0.9659258262890683122, 0.000000000000000000 ) ) ;
#6347 = VECTOR ( 'NONE', #958, 1000.000000000000114 ) ;
#6348 = ORIENTED_EDGE ( 'NONE', *, *, #2615, .T. ) ;
#6349 = FACE_OUTER_BOUND ( 'NONE', #6931, .T. ) ;
#6350 = ORIENTED_EDGE ( 'NONE', *, *, #412, .T. ) ;
#6351 = ORIENTED_EDGE ( 'NONE', *, *, #6156, .F. ) ;
#6352 = AXIS2_PLACEMENT_3D ( 'NONE', #6887, #3821, #4336 ) ;
#6353 = EDGE_CURVE ( 'NONE', #4551, #1618, #5892, .T. ) ;
#6354 = AXIS2_PLACEMENT_3D ( 'NONE', #1560, #368, #3425 ) ;
#6355 = LINE ( 'NONE', #1248, #6491 ) ;
#6356 = CARTESIAN_POINT ( 'NONE',  ( -2.319201962066644640, 0.6975000000000013411, -2.152500000000000302 ) ) ;
#6357 = ORIENTED_EDGE ( 'NONE', *, *, #2564, .T. ) ;
#6358 =( LENGTH_UNIT ( ) NAMED_UNIT ( * ) SI_UNIT ( .MILLI., .METRE. ) );
#6359 = EDGE_CURVE ( 'NONE', #6268, #1271, #6016, .T. ) ;
#6360 = LINE ( 'NONE', #1758, #3960 ) ;
#6361 = LINE ( 'NONE', #1604, #108 ) ;
#6362 = DIRECTION ( 'NONE',  ( -0.06975647374412488610, -0.9975640502598243087, 0.000000000000000000 ) ) ;
#6363 = CARTESIAN_POINT ( 'NONE',  ( -2.788783269761455852, 0.02804778702932090445, -0.8525000000000003686 ) ) ;
#6364 = ORIENTED_EDGE ( 'NONE', *, *, #1561, .T. ) ;
#6365 = DIRECTION ( 'NONE',  ( -0.000000000000000000, -0.000000000000000000, -1.000000000000000000 ) ) ;
#6366 = FACE_OUTER_BOUND ( 'NONE', #4114, .T. ) ;
#6367 = ORIENTED_EDGE ( 'NONE', *, *, #33, .F. ) ;
#6368 = ORIENTED_EDGE ( 'NONE', *, *, #7546, .F. ) ;
#6369 = CARTESIAN_POINT ( 'NONE',  ( -2.114445983927816908, 1.100000000000000311, 2.414445983927817618 ) ) ;
#6370 = CARTESIAN_POINT ( 'NONE',  ( 2.200000000000000622, 0.6975000000000013411, 0.4474999999999995648 ) ) ;
#6371 = EDGE_CURVE ( 'NONE', #5767, #2210, #451, .T. ) ;
#6372 = CARTESIAN_POINT ( 'NONE',  ( 2.319201962066644640, 0.6975000000000013411, 1.097499999999999476 ) ) ;
#6373 = AXIS2_PLACEMENT_3D ( 'NONE', #7336, #7871, #4967 ) ;
#6374 = VERTEX_POINT ( 'NONE', #4444 ) ;
#6375 = CARTESIAN_POINT ( 'NONE',  ( -2.200000000000000622, 0.6975000000000013411, 1.502499999999999503 ) ) ;
#6376 = CARTESIAN_POINT ( 'NONE',  ( 2.200000000000000622, 0.6975000000000013411, -0.2025000000000004297 ) ) ;
#6377 = COLOUR_RGB ( '',0.8000000000000000444, 0.8196078431372548767, 0.9333333333333333481 ) ;
#6378 = EDGE_CURVE ( 'NONE', #7628, #3225, #3085, .T. ) ;
#6379 = EDGE_LOOP ( 'NONE', ( #814, #2377, #3537, #782 ) ) ;
#6380 = CARTESIAN_POINT ( 'NONE',  ( -2.519533705154928249, 0.2499999999999996669, -0.8525000000000003686 ) ) ;
#6381 = VECTOR ( 'NONE', #6668, 1000.000000000000000 ) ;
#6382 = CARTESIAN_POINT ( 'NONE',  ( 2.469350262772739502, 0.4372871566690347822, 0.2024999999999995692 ) ) ;
#6383 = ORIENTED_EDGE ( 'NONE', *, *, #3754, .F. ) ;
#6384 = EDGE_LOOP ( 'NONE', ( #4575, #4339, #6650, #2966 ) ) ;
#6385 = EDGE_CURVE ( 'NONE', #6609, #1383, #3343, .T. ) ;
#6386 = CARTESIAN_POINT ( 'NONE',  ( -2.788783269761455852, 0.02804778702932090445, 0.4474999999999995648 ) ) ;
#6387 = VECTOR ( 'NONE', #6835, 1000.000000000000000 ) ;
#6388 = AXIS2_PLACEMENT_3D ( 'NONE', #4005, #2087, #3902 ) ;
#6389 = ORIENTED_EDGE ( 'NONE', *, *, #6488, .F. ) ;
#6390 = LINE ( 'NONE', #6084, #1205 ) ;
#6391 = FACE_OUTER_BOUND ( 'NONE', #6802, .T. ) ;
#6392 = VERTEX_POINT ( 'NONE', #1084 ) ;
#6393 = ADVANCED_FACE ( 'NONE', ( #5708 ), #9, .F. ) ;
#6394 = EDGE_CURVE ( 'NONE', #3959, #3594, #3237, .T. ) ;
#6395 = VECTOR ( 'NONE', #3059, 1000.000000000000000 ) ;
#6396 = EDGE_LOOP ( 'NONE', ( #6184, #3406, #5468, #3415, #2904, #7524, #2852, #2338, #432, #1146, #5752, #2562 ) ) ;
#6397 = ORIENTED_EDGE ( 'NONE', *, *, #1397, .F. ) ;
#6398 = AXIS2_PLACEMENT_3D ( 'NONE', #7320, #3528, #4366 ) ;
#6399 = DIRECTION ( 'NONE',  ( -1.000000000000000000, 0.000000000000000000, 0.000000000000000000 ) ) ;
#6400 = ADVANCED_FACE ( 'NONE', ( #464 ), #5909, .T. ) ;
#6401 = VECTOR ( 'NONE', #3893, 1000.000000000000000 ) ;
#6402 = LINE ( 'NONE', #181, #1408 ) ;
#6403 = CARTESIAN_POINT ( 'NONE',  ( -2.319201962066644640, 0.6975000000000013411, -1.502500000000000391 ) ) ;
#6404 = EDGE_LOOP ( 'NONE', ( #5264, #5806, #4960, #3344 ) ) ;
#6406 = FACE_OUTER_BOUND ( 'NONE', #6384, .T. ) ;
#6405 = AXIS2_PLACEMENT_3D ( 'NONE', #6293, #2412, #3045 ) ;
#6407 = CARTESIAN_POINT ( 'NONE',  ( -2.200000000000000622, 0.5525000000000013234, -2.397500000000000409 ) ) ;
#6408 = CARTESIAN_POINT ( 'NONE',  ( 3.189885311307101734, 6.428775942946129489E-16, -0.8525000000000003686 ) ) ;
#6409 = LINE ( 'NONE', #5983, #1238 ) ;
#6410 = DIRECTION ( 'NONE',  ( -1.000000000000000000, 0.000000000000000000, 0.000000000000000000 ) ) ;
#6411 = ORIENTED_EDGE ( 'NONE', *, *, #3712, .T. ) ;
#6412 = FACE_OUTER_BOUND ( 'NONE', #5688, .T. ) ;
#6413 = ORIENTED_EDGE ( 'NONE', *, *, #4104, .F. ) ;
#6414 = ORIENTED_EDGE ( 'NONE', *, *, #5621, .F. ) ;
#6415 = AXIS2_PLACEMENT_3D ( 'NONE', #777, #1448, #7312 ) ;
#6416 = VECTOR ( 'NONE', #5720, 1000.000000000000000 ) ;
#6417 = EDGE_CURVE ( 'NONE', #459, #315, #3356, .T. ) ;
#6418 = LINE ( 'NONE', #378, #1139 ) ;
#6419 = ADVANCED_FACE ( 'NONE', ( #5999 ), #2820, .T. ) ;
#6420 = VERTEX_POINT ( 'NONE', #1992 ) ;
#6421 = LINE ( 'NONE', #4518, #6497 ) ;
#6422 = CYLINDRICAL_SURFACE ( 'NONE', #6415, 0.3004449592500699762 ) ;
#6423 = AXIS2_PLACEMENT_3D ( 'NONE', #6046, #6170, #2980 ) ;
#6424 = ORIENTED_EDGE ( 'NONE', *, *, #298, .T. ) ;
#6425 = CARTESIAN_POINT ( 'NONE',  ( -2.809741250672937785, 0.3277608774589687579, 1.747499999999999387 ) ) ;
#6426 = FACE_OUTER_BOUND ( 'NONE', #4259, .T. ) ;
#6427 = VERTEX_POINT ( 'NONE', #5837 ) ;
#6428 = CLOSED_SHELL ( 'NONE', ( #604, #1961, #6318, #6886, #5807, #5679, #4377, #7257, #2115, #1332, #1800, #3518, #4529, #5467 ) ) ;
#6429 = CARTESIAN_POINT ( 'NONE',  ( -2.200000000000000622, 0.6975000000000013411, 1.747499999999999387 ) ) ;
#6430 = CARTESIAN_POINT ( 'NONE',  ( 1.499999999999999556, 0.1500000000000006606, -1.500000000000002220 ) ) ;
#6431 = PLANE ( 'NONE',  #731 ) ;
#6432 = FACE_OUTER_BOUND ( 'NONE', #1388, .T. ) ;
#6433 = LINE ( 'NONE', #2291, #6507 ) ;
#6434 = ORIENTED_EDGE ( 'NONE', *, *, #4201, .T. ) ;
#6435 = CARTESIAN_POINT ( 'NONE',  ( -2.659592949966843367, 0.2875287615398652852, 2.397499999999999964 ) ) ;
#6436 = FACE_OUTER_BOUND ( 'NONE', #1322, .T. ) ;
#6437 = EDGE_CURVE ( 'NONE', #4294, #500, #3308, .T. ) ;
#6438 = FACE_OUTER_BOUND ( 'NONE', #5245, .T. ) ;
#6439 = ORIENTED_EDGE ( 'NONE', *, *, #1905, .T. ) ;
#6440 = CARTESIAN_POINT ( 'NONE',  ( 2.200000000000000622, 0.5525000000000013234, 1.747499999999999387 ) ) ;
#6441 = ORIENTED_EDGE ( 'NONE', *, *, #6181, .F. ) ;
#6442 = VERTEX_POINT ( 'NONE', #7406 ) ;
#6443 =( NAMED_UNIT ( * ) SI_UNIT ( $, .STERADIAN. ) SOLID_ANGLE_UNIT ( ) );
#6444 = VECTOR ( 'NONE', #2129, 1000.000000000000000 ) ;
#6445 = CIRCLE ( 'NONE', #6138, 0.1554449592500702360 ) ;
#6446 = AXIS2_PLACEMENT_3D ( 'NONE', #7801, #1103, #6605 ) ;
#6447 = ORIENTED_EDGE ( 'NONE', *, *, #7757, .F. ) ;
#6448 = FACE_OUTER_BOUND ( 'NONE', #6958, .T. ) ;
#6449 = ORIENTED_EDGE ( 'NONE', *, *, #2316, .T. ) ;
#6450 = DIRECTION ( 'NONE',  ( -1.000000000000000000, 0.000000000000000000, 0.000000000000000000 ) ) ;
#6451 = FACE_OUTER_BOUND ( 'NONE', #3502, .T. ) ;
#6452 = EDGE_LOOP ( 'NONE', ( #7800, #3690, #945, #3593 ) ) ;
#6453 = PRODUCT_DEFINITION_CONTEXT ( 'detailed design', #3314, 'design' ) ;
#6454 = VERTEX_POINT ( 'NONE', #4353 ) ;
#6455 = CARTESIAN_POINT ( 'NONE',  ( 2.659592949966843367, 0.2875287615398652852, 2.397499999999999964 ) ) ;
#6456 = DIRECTION ( 'NONE',  ( 1.000000000000000000, 0.000000000000000000, 0.000000000000000000 ) ) ;
#6457 = VECTOR ( 'NONE', #5309, 1000.000000000000000 ) ;
#6458 = DIRECTION ( 'NONE',  ( 1.000000000000000000, 9.095506094768336076E-16, -0.000000000000000000 ) ) ;
#6459 = ORIENTED_EDGE ( 'NONE', *, *, #1742, .F. ) ;
#6460 = AXIS2_PLACEMENT_3D ( 'NONE', #1787, #6810, #4161 ) ;
#6461 = VECTOR ( 'NONE', #1021, 1000.000000000000000 ) ;
#6462 = CARTESIAN_POINT ( 'NONE',  ( -2.200000000000000622, 0.5525000000000013234, 1.502499999999999503 ) ) ;
#6463 = CARTESIAN_POINT ( 'NONE',  ( -2.319201962066644640, 0.3970550407499311429, -2.152500000000000302 ) ) ;
#6464 = VECTOR ( 'NONE', #2671, 1000.000000000000227 ) ;
#6465 = EDGE_CURVE ( 'NONE', #5741, #5510, #512, .T. ) ;
#6466 = CARTESIAN_POINT ( 'NONE',  ( -2.809741250672937785, 0.3277608774589687579, 1.747499999999999387 ) ) ;
#6467 = EDGE_LOOP ( 'NONE', ( #3322, #5569, #2821, #815 ) ) ;
#6468 = AXIS2_PLACEMENT_3D ( 'NONE', #2263, #345, #1642 ) ;
#6469 = LINE ( 'NONE', #5279, #1229 ) ;
#6470 = ORIENTED_EDGE ( 'NONE', *, *, #7411, .T. ) ;
#6471 = VERTEX_POINT ( 'NONE', #5528 ) ;
#6472 = CARTESIAN_POINT ( 'NONE',  ( -2.469350262772739057, 0.4372871566690347267, -0.2025000000000004297 ) ) ;
#6473 = EDGE_CURVE ( 'NONE', #7090, #750, #528, .T. ) ;
#6474 = LINE ( 'NONE', #2025, #6545 ) ;
#6475 = VECTOR ( 'NONE', #4653, 1000.000000000000000 ) ;
#6476 = ORIENTED_EDGE ( 'NONE', *, *, #2512, .T. ) ;
#6477 = VECTOR ( 'NONE', #1826, 1000.000000000000000 ) ;
#6478 = DIRECTION ( 'NONE',  ( 1.000000000000000000, 0.000000000000000000, -1.971276677246371519E-16 ) ) ;
#6479 = DIRECTION ( 'NONE',  ( 0.000000000000000000, -0.000000000000000000, -1.000000000000000000 ) ) ;
#6480 = EDGE_LOOP ( 'NONE', ( #765, #7841, #6056, #6040 ) ) ;
#6481 = CARTESIAN_POINT ( 'NONE',  ( -2.469350262772739502, 0.4372871566690347822, 1.097499999999999476 ) ) ;
#6482 = VECTOR ( 'NONE', #3188, 1000.000000000000000 ) ;
#6483 = DIRECTION ( 'NONE',  ( 0.000000000000000000, 0.000000000000000000, 1.000000000000000000 ) ) ;
#6484 = ORIENTED_EDGE ( 'NONE', *, *, #4726, .T. ) ;
#6485 = ORIENTED_EDGE ( 'NONE', *, *, #2534, .F. ) ;
#6486 = DIRECTION ( 'NONE',  ( 0.000000000000000000, -0.000000000000000000, -1.000000000000000000 ) ) ;
#6487 = CARTESIAN_POINT ( 'NONE',  ( 2.809741250672937785, 0.3277608774589687579, 1.747499999999999387 ) ) ;
#6488 = EDGE_CURVE ( 'NONE', #5867, #5459, #5928, .T. ) ;
#6489 = CARTESIAN_POINT ( 'NONE',  ( 2.469350262772739502, 0.4372871566690347822, 1.097499999999999476 ) ) ;
#6490 = EDGE_CURVE ( 'NONE', #3935, #3178, #699, .T. ) ;
#6491 = VECTOR ( 'NONE', #4568, 1000.000000000000000 ) ;
#6492 = FACE_OUTER_BOUND ( 'NONE', #5088, .T. ) ;
#6493 = ADVANCED_FACE ( 'NONE', ( #3326 ), #842, .F. ) ;
#6494 = ORIENTED_EDGE ( 'NONE', *, *, #2965, .F. ) ;
#6495 = CARTESIAN_POINT ( 'NONE',  ( 1.499999999999999556, 4.492640687119285658, -1.500000000000002220 ) ) ;
#6496 = DIRECTION ( 'NONE',  ( -9.095506094768336076E-16, 1.000000000000000000, 0.000000000000000000 ) ) ;
#6497 = VECTOR ( 'NONE', #5666, 1000.000000000000114 ) ;
#6498 = LINE ( 'NONE', #2308, #1255 ) ;
#6499 = EDGE_CURVE ( 'NONE', #4029, #6594, #878, .T. ) ;
#6500 = ORIENTED_EDGE ( 'NONE', *, *, #7635, .T. ) ;
#6501 = CARTESIAN_POINT ( 'NONE',  ( -2.659592949966843367, 0.2875287615398652852, 0.8524999999999994804 ) ) ;
#6502 = VECTOR ( 'NONE', #4790, 1000.000000000000000 ) ;
#6503 = DIRECTION ( 'NONE',  ( 1.000000000000000000, 0.000000000000000000, 0.000000000000000000 ) ) ;
#6504 = ORIENTED_EDGE ( 'NONE', *, *, #2036, .F. ) ;
#6505 = ORIENTED_EDGE ( 'NONE', *, *, #4096, .T. ) ;
#6506 = CIRCLE ( 'NONE', #1971, 0.3004449592500699762 ) ;
#6507 = VECTOR ( 'NONE', #4187, 1000.000000000000000 ) ;
#6508 = ORIENTED_EDGE ( 'NONE', *, *, #2775, .T. ) ;
#6509 = FACE_OUTER_BOUND ( 'NONE', #3270, .T. ) ;
#6510 = LINE ( 'NONE', #7691, #1114 ) ;
#6511 = VERTEX_POINT ( 'NONE', #766 ) ;
#6512 = EDGE_CURVE ( 'NONE', #6695, #3177, #1009, .T. ) ;
#6513 = CARTESIAN_POINT ( 'NONE',  ( 2.319201962066644640, 0.5525000000000012124, 0.2024999999999995692 ) ) ;
#6514 = FACE_OUTER_BOUND ( 'NONE', #6200, .T. ) ;
#6515 = EDGE_LOOP ( 'NONE', ( #1489, #1135, #532, #1166 ) ) ;
#6516 = ORIENTED_EDGE ( 'NONE', *, *, #6585, .T. ) ;
#6517 = AXIS2_PLACEMENT_3D ( 'NONE', #4379, #7430, #3756 ) ;
#6518 = CARTESIAN_POINT ( 'NONE',  ( -2.809741250672937785, 0.3277608774589687579, 2.152499999999999858 ) ) ;
#6519 = CARTESIAN_POINT ( 'NONE',  ( 2.319201962066644640, 0.5525000000000012124, -0.8525000000000003686 ) ) ;
#6520 = LINE ( 'NONE', #6080, #6387 ) ;
#6521 = CARTESIAN_POINT ( 'NONE',  ( -2.469350262772739502, 0.4372871566690347822, -2.152500000000000302 ) ) ;
#6522 = ORIENTED_EDGE ( 'NONE', *, *, #1504, .T. ) ;
#6523 = FACE_OUTER_BOUND ( 'NONE', #6877, .T. ) ;
#6524 = DIRECTION ( 'NONE',  ( 0.06975647374412477508, 0.9975640502598243087, 0.000000000000000000 ) ) ;
#6525 = DIRECTION ( 'NONE',  ( 0.9975640502598243087, -0.06975647374412488610, 0.000000000000000000 ) ) ;
#6526 = DIRECTION ( 'NONE',  ( 0.000000000000000000, 1.000000000000000000, 0.000000000000000000 ) ) ;
#6527 = VECTOR ( 'NONE', #5129, 1000.000000000000000 ) ;
#6528 = ORIENTED_EDGE ( 'NONE', *, *, #7283, .F. ) ;
#6529 = ORIENTED_EDGE ( 'NONE', *, *, #6048, .F. ) ;
#6530 = EDGE_CURVE ( 'NONE', #3094, #5754, #3432, .T. ) ;
#6531 = DIRECTION ( 'NONE',  ( -1.000000000000000000, -9.095506094768336076E-16, 0.000000000000000000 ) ) ;
#6532 = CARTESIAN_POINT ( 'NONE',  ( -1.500000000000000444, 0.1500000000000006606, -1.500000000000003109 ) ) ;
#6533 = FACE_OUTER_BOUND ( 'NONE', #6515, .T. ) ;
#6534 = VERTEX_POINT ( 'NONE', #892 ) ;
#6535 = CARTESIAN_POINT ( 'NONE',  ( 3.199999999999999734, 0.1446467872876750493, -0.8525000000000003686 ) ) ;
#6536 = LINE ( 'NONE', #2667, #1315 ) ;
#6537 = VECTOR ( 'NONE', #7366, 1000.000000000000114 ) ;
#6538 =( NAMED_UNIT ( * ) PLANE_ANGLE_UNIT ( ) SI_UNIT ( $, .RADIAN. ) );
#6539 = CARTESIAN_POINT ( 'NONE',  ( 1.499999999999999556, 0.2500000000000002220, -1.500000000000002220 ) ) ;
#6540 = DIRECTION ( 'NONE',  ( -0.2588190451025186856, 0.9659258262890688673, 0.000000000000000000 ) ) ;
#6541 = VERTEX_POINT ( 'NONE', #3215 ) ;
#6542 = CARTESIAN_POINT ( 'NONE',  ( -2.798897958454353851, 0.1726945743169953640, 1.097499999999999476 ) ) ;
#6543 = PLANE ( 'NONE',  #2932 ) ;
#6544 = ADVANCED_FACE ( 'NONE', ( #6139 ), #893, .F. ) ;
#6545 = VECTOR ( 'NONE', #2548, 1000.000000000000000 ) ;
#6546 = VECTOR ( 'NONE', #7526, 1000.000000000000227 ) ;
#6547 = VERTEX_POINT ( 'NONE', #3912 ) ;
#6548 = DIRECTION ( 'NONE',  ( 0.000000000000000000, 0.000000000000000000, 1.000000000000000000 ) ) ;
#6549 = FACE_OUTER_BOUND ( 'NONE', #352, .T. ) ;
#6550 = VECTOR ( 'NONE', #1082, 1000.000000000000227 ) ;
#6551 = VERTEX_POINT ( 'NONE', #4986 ) ;
#6552 = AXIS2_PLACEMENT_3D ( 'NONE', #6965, #1396, #158 ) ;
#6553 = CARTESIAN_POINT ( 'NONE',  ( 2.200000000000000622, 0.5525000000000013234, -0.8525000000000003686 ) ) ;
#6554 = EDGE_CURVE ( 'NONE', #7781, #7229, #6198, .T. ) ;
#6555 = CARTESIAN_POINT ( 'NONE',  ( 2.788783269761455852, 0.02804778702932090445, 2.397499999999999964 ) ) ;
#6556 = AXIS2_PLACEMENT_3D ( 'NONE', #4894, #630, #3622 ) ;
#6557 = SURFACE_STYLE_FILL_AREA ( #3510 ) ;
#6558 = CIRCLE ( 'NONE', #5483, 0.1554449592500702360 ) ;
#6559 = ADVANCED_FACE ( 'NONE', ( #6092 ), #1031, .F. ) ;
#6560 = ORIENTED_EDGE ( 'NONE', *, *, #7757, .T. ) ;
#6561 = DIRECTION ( 'NONE',  ( -0.000000000000000000, 0.000000000000000000, 1.000000000000000000 ) ) ;
#6562 = VECTOR ( 'NONE', #6478, 1000.000000000000000 ) ;
#6563 = ORIENTED_EDGE ( 'NONE', *, *, #2814, .F. ) ;
#6564 = EDGE_CURVE ( 'NONE', #7005, #1426, #920, .T. ) ;
#6565 = DIRECTION ( 'NONE',  ( 0.000000000000000000, -0.000000000000000000, -1.000000000000000000 ) ) ;
#6566 = EDGE_CURVE ( 'NONE', #553, #6124, #3507, .T. ) ;
#6567 = PLANE ( 'NONE',  #2142 ) ;
#6568 =( LENGTH_UNIT ( ) NAMED_UNIT ( * ) SI_UNIT ( .MILLI., .METRE. ) );
#6569 = LINE ( 'NONE', #6370, #3979 ) ;
#6570 = AXIS2_PLACEMENT_3D ( 'NONE', #833, #2047, #5682 ) ;
#6571 = VERTEX_POINT ( 'NONE', #827 ) ;
#6572 = CIRCLE ( 'NONE', #4376, 0.1554449592500702360 ) ;
#6573 = CARTESIAN_POINT ( 'NONE',  ( -2.798897958454353851, 0.1726945743169953640, 1.747499999999999387 ) ) ;
#6574 = CIRCLE ( 'NONE', #3092, 0.3004449592500699762 ) ;
#6575 = EDGE_CURVE ( 'NONE', #381, #3889, #905, .T. ) ;
#6576 = CARTESIAN_POINT ( 'NONE',  ( -2.609409507584654175, 0.4748159182089002894, 2.152499999999999858 ) ) ;
#6577 = VECTOR ( 'NONE', #4915, 1000.000000000000000 ) ;
#6578 = ORIENTED_EDGE ( 'NONE', *, *, #6973, .F. ) ;
#6579 = CARTESIAN_POINT ( 'NONE',  ( 2.200000000000000622, 0.5525000000000013234, 1.747499999999999387 ) ) ;
#6580 = VECTOR ( 'NONE', #6591, 1000.000000000000000 ) ;
#6581 = EDGE_LOOP ( 'NONE', ( #2613, #7573, #363, #56 ) ) ;
#6582 = LINE ( 'NONE', #2725, #1351 ) ;
#6583 = LINE ( 'NONE', #3038, #1354 ) ;
#6584 = DIRECTION ( 'NONE',  ( 0.000000000000000000, -0.000000000000000000, -1.000000000000000000 ) ) ;
#6585 = EDGE_CURVE ( 'NONE', #2375, #6774, #6108, .T. ) ;
#6586 = DIRECTION ( 'NONE',  ( -1.000000000000000000, 0.000000000000000000, 0.000000000000000000 ) ) ;
#6587 = LINE ( 'NONE', #4043, #1360 ) ;
#6588 = DIRECTION ( 'NONE',  ( -1.000000000000000000, 0.000000000000000000, 0.000000000000000000 ) ) ;
#6589 = ORIENTED_EDGE ( 'NONE', *, *, #724, .F. ) ;
#6590 = CARTESIAN_POINT ( 'NONE',  ( 3.189885311307101734, 6.428775942946129489E-16, -1.097500000000000364 ) ) ;
#6591 = DIRECTION ( 'NONE',  ( 0.000000000000000000, -0.000000000000000000, -1.000000000000000000 ) ) ;
#6592 = EDGE_CURVE ( 'NONE', #6086, #3548, #6257, .T. ) ;
#6593 = LINE ( 'NONE', #1421, #3758 ) ;
#6594 = VERTEX_POINT ( 'NONE', #4499 ) ;
#6595 = DIRECTION ( 'NONE',  ( 1.000000000000000000, 0.000000000000000000, 0.000000000000000000 ) ) ;
#6596 = DIRECTION ( 'NONE',  ( 1.971276677246372012E-16, -0.000000000000000000, 1.000000000000000000 ) ) ;
#6597 = LINE ( 'NONE', #2200, #1369 ) ;
#6598 = CARTESIAN_POINT ( 'NONE',  ( 2.469350262772739502, 0.4372871566690347822, -0.4475000000000003975 ) ) ;
#6599 = ADVANCED_FACE ( 'NONE', ( #3523 ), #576, .F. ) ;
#6600 = CARTESIAN_POINT ( 'NONE',  ( 2.200000000000000622, 0.6975000000000013411, 2.397499999999999964 ) ) ;
#6601 = CIRCLE ( 'NONE', #2193, 0.1554449592500702360 ) ;
#6602 = CARTESIAN_POINT ( 'NONE',  ( 0.000000000000000000, 0.1500000000000006606, 0.000000000000000000 ) ) ;
#6603 = EDGE_LOOP ( 'NONE', ( #5080, #4912, #4214, #2360 ) ) ;
#6604 = DIRECTION ( 'NONE',  ( 1.000000000000000000, 0.000000000000000000, 0.000000000000000000 ) ) ;
#6605 = DIRECTION ( 'NONE',  ( 1.000000000000000000, 0.000000000000000000, 0.000000000000000000 ) ) ;
#6606 = PLANE ( 'NONE',  #2716 ) ;
#6607 = CIRCLE ( 'NONE', #4625, 0.3004449592500699762 ) ;
#6608 = EDGE_CURVE ( 'NONE', #5510, #6317, #1055, .T. ) ;
#6609 = VERTEX_POINT ( 'NONE', #3231 ) ;
#6610 = AXIS2_PLACEMENT_3D ( 'NONE', #6328, #6957, #5577 ) ;
#6611 = CARTESIAN_POINT ( 'NONE',  ( -2.200000000000000622, 0.6975000000000013411, 2.397499999999999964 ) ) ;
#6612 = LINE ( 'NONE', #3819, #6395 ) ;
#6613 = ORIENTED_EDGE ( 'NONE', *, *, #230, .F. ) ;
#6614 = CARTESIAN_POINT ( 'NONE',  ( -2.469350262772739057, 0.4372871566690347267, 2.397499999999999964 ) ) ;
#6615 = LINE ( 'NONE', #2290, #1393 ) ;
#6616 = DIRECTION ( 'NONE',  ( 0.000000000000000000, -1.000000000000000000, 0.000000000000000000 ) ) ;
#6617 = LINE ( 'NONE', #4971, #1138 ) ;
#6618 = LINE ( 'NONE', #2163, #1424 ) ;
#6619 = ADVANCED_FACE ( 'NONE', ( #829 ), #719, .F. ) ;
#6620 = CARTESIAN_POINT ( 'NONE',  ( -2.200000000000000622, 0.6975000000000013411, 0.4474999999999995648 ) ) ;
#6621 = ORIENTED_EDGE ( 'NONE', *, *, #2085, .T. ) ;
#6622 = EDGE_CURVE ( 'NONE', #5183, #1649, #3678, .T. ) ;
#6623 = DIRECTION ( 'NONE',  ( -0.000000000000000000, 1.000000000000000000, -0.000000000000000000 ) ) ;
#6624 = DIRECTION ( 'NONE',  ( 0.2588190451025186856, 0.9659258262890688673, -0.000000000000000000 ) ) ;
#6625 = DIRECTION ( 'NONE',  ( 0.000000000000000000, 0.9781476007338055778, 0.2079116908177597867 ) ) ;
#6626 = COLOUR_RGB ( '',0.8000000000000000444, 0.8196078431372548767, 0.9333333333333333481 ) ;
#6627 = ORIENTED_EDGE ( 'NONE', *, *, #6371, .F. ) ;
#6628 = CARTESIAN_POINT ( 'NONE',  ( -2.659592949966843367, 0.2875287615398652852, -0.4475000000000003975 ) ) ;
#6629 = VECTOR ( 'NONE', #5562, 1000.000000000000114 ) ;
#6630 = DIRECTION ( 'NONE',  ( -0.000000000000000000, -0.000000000000000000, -1.000000000000000000 ) ) ;
#6631 = VECTOR ( 'NONE', #1386, 1000.000000000000227 ) ;
#6632 = AXIS2_PLACEMENT_3D ( 'NONE', #5137, #868, #2128 ) ;
#6633 = ORIENTED_EDGE ( 'NONE', *, *, #5697, .F. ) ;
#6634 = DIRECTION ( 'NONE',  ( 0.06975647374412521917, 0.9975640502598241977, 0.000000000000000000 ) ) ;
#6635 = DIRECTION ( 'NONE',  ( 0.9975640502598243087, 0.06975647374412488610, 0.000000000000000000 ) ) ;
#6636 = ORIENTED_EDGE ( 'NONE', *, *, #6125, .F. ) ;
#6637 = CARTESIAN_POINT ( 'NONE',  ( -2.200000000000000622, 0.6975000000000013411, -0.2025000000000004297 ) ) ;
#6638 = DIRECTION ( 'NONE',  ( 0.9975640502598243087, 0.06975647374412523305, -0.000000000000000000 ) ) ;
#6639 = ORIENTED_EDGE ( 'NONE', *, *, #3933, .F. ) ;
#6640 = VECTOR ( 'NONE', #6201, 1000.000000000000114 ) ;
#6641 = LINE ( 'NONE', #3569, #4034 ) ;
#6642 = CIRCLE ( 'NONE', #2750, 0.3004449592500699762 ) ;
#6643 = ORIENTED_EDGE ( 'NONE', *, *, #6951, .T. ) ;
#6644 = DIRECTION ( 'NONE',  ( -1.000000000000000000, 0.000000000000000000, -2.891205793294678819E-16 ) ) ;
#6645 = AXIS2_PLACEMENT_3D ( 'NONE', #841, #5001, #2005 ) ;
#6646 = PLANE ( 'NONE',  #5473 ) ;
#6647 = EDGE_CURVE ( 'NONE', #2533, #3401, #6320, .T. ) ;
#6648 = AXIS2_PLACEMENT_3D ( 'NONE', #3257, #7120, #5663 ) ;
#6649 = DIRECTION ( 'NONE',  ( -1.000000000000000000, -9.095506094768336076E-16, 0.000000000000000000 ) ) ;
#6650 = ORIENTED_EDGE ( 'NONE', *, *, #5954, .T. ) ;
#6651 = VERTEX_POINT ( 'NONE', #26 ) ;
#6652 = DIRECTION ( 'NONE',  ( 0.000000000000000000, 0.000000000000000000, 1.000000000000000000 ) ) ;
#6653 = VECTOR ( 'NONE', #1804, 1000.000000000000000 ) ;
#6654 = LINE ( 'NONE', #557, #1581 ) ;
#6655 = LINE ( 'NONE', #5169, #4035 ) ;
#6656 = DIRECTION ( 'NONE',  ( 0.9975640502598243087, -0.06975647374412488610, 0.000000000000000000 ) ) ;
#6657 = ORIENTED_EDGE ( 'NONE', *, *, #4280, .F. ) ;
#6658 = EDGE_CURVE ( 'NONE', #2532, #5307, #3567, .T. ) ;
#6659 = PLANE ( 'NONE',  #3395 ) ;
#6660 = VECTOR ( 'NONE', #2140, 1000.000000000000114 ) ;
#6661 = ORIENTED_EDGE ( 'NONE', *, *, #7856, .F. ) ;
#6662 = AXIS2_PLACEMENT_3D ( 'NONE', #5776, #3887, #7435 ) ;
#6663 = ORIENTED_EDGE ( 'NONE', *, *, #1364, .T. ) ;
#6664 = CARTESIAN_POINT ( 'NONE',  ( -2.319201962066644640, 0.3970550407499311429, -2.152500000000000302 ) ) ;
#6665 = DIRECTION ( 'NONE',  ( 0.000000000000000000, 0.000000000000000000, 1.000000000000000000 ) ) ;
#6666 = EDGE_CURVE ( 'NONE', #406, #6968, #6284, .T. ) ;
#6667 = LINE ( 'NONE', #1848, #4115 ) ;
#6668 = DIRECTION ( 'NONE',  ( 0.000000000000000000, -0.000000000000000000, -1.000000000000000000 ) ) ;
#6669 = VECTOR ( 'NONE', #2343, 1000.000000000000000 ) ;
#6670 = CARTESIAN_POINT ( 'NONE',  ( 2.798897958454353851, 0.1726945743169953640, -2.152500000000000302 ) ) ;
#6671 = ORIENTED_EDGE ( 'NONE', *, *, #5836, .F. ) ;
#6672 = DIRECTION ( 'NONE',  ( -0.2035585949527793370, 0.9576678948579724349, -0.2035585949527792815 ) ) ;
#6673 = LINE ( 'NONE', #1856, #4072 ) ;
#6674 = EDGE_LOOP ( 'NONE', ( #360, #6851, #4439, #362 ) ) ;
#6675 = CARTESIAN_POINT ( 'NONE',  ( 2.788783269761455852, 0.02804778702932084894, 0.8524999999999994804 ) ) ;
#6676 = AXIS2_PLACEMENT_3D ( 'NONE', #6440, #143, #940 ) ;
#6677 = ORIENTED_EDGE ( 'NONE', *, *, #4623, .F. ) ;
#6678 = CARTESIAN_POINT ( 'NONE',  ( 3.199999999999999734, 0.1446467872876750493, 1.502499999999999503 ) ) ;
#6679 = CYLINDRICAL_SURFACE ( 'NONE', #7089, 0.1554449592500702360 ) ;
#6680 = FACE_OUTER_BOUND ( 'NONE', #5872, .T. ) ;
#6681 = CIRCLE ( 'NONE', #235, 0.3004449592500699762 ) ;
#6682 = EDGE_CURVE ( 'NONE', #1543, #4193, #6029, .T. ) ;
#6683 = ADVANCED_FACE ( 'NONE', ( #965 ), #5055, .F. ) ;
#6684 = ORIENTED_EDGE ( 'NONE', *, *, #1290, .F. ) ;
#6685 = CARTESIAN_POINT ( 'NONE',  ( 2.200000000000000622, 0.6975000000000013411, 2.397499999999999964 ) ) ;
#6686 = CARTESIAN_POINT ( 'NONE',  ( -3.199999999999999734, 0.1446467872876750493, 1.097499999999999476 ) ) ;
#6687 = EDGE_CURVE ( 'NONE', #104, #1314, #3538, .T. ) ;
#6688 = FACE_OUTER_BOUND ( 'NONE', #2368, .T. ) ;
#6689 = CARTESIAN_POINT ( 'NONE',  ( 2.319201962066644640, 0.6975000000000013411, 1.747499999999999387 ) ) ;
#6690 = VERTEX_POINT ( 'NONE', #7469 ) ;
#6691 = CARTESIAN_POINT ( 'NONE',  ( -2.200000000000001066, 0.6975000000000013411, -2.499999999999994227 ) ) ;
#6692 = DIRECTION ( 'NONE',  ( -0.000000000000000000, -0.000000000000000000, -1.000000000000000000 ) ) ;
#6693 = ORIENTED_EDGE ( 'NONE', *, *, #5165, .F. ) ;
#6694 = LINE ( 'NONE', #1365, #1477 ) ;
#6695 = VERTEX_POINT ( 'NONE', #5434 ) ;
#6696 = DIRECTION ( 'NONE',  ( -0.2588190451025186856, 0.9659258262890688673, 0.000000000000000000 ) ) ;
#6697 = MECHANICAL_DESIGN_GEOMETRIC_PRESENTATION_REPRESENTATION (  '', ( #2982 ), #5207 ) ;
#6698 = DIRECTION ( 'NONE',  ( 0.000000000000000000, 1.000000000000000000, 0.000000000000000000 ) ) ;
#6699 = LINE ( 'NONE', #5032, #4098 ) ;
#6700 = PLANE ( 'NONE',  #4044 ) ;
#6701 = ORIENTED_EDGE ( 'NONE', *, *, #4047, .T. ) ;
#6702 = EDGE_CURVE ( 'NONE', #1178, #6255, #3581, .T. ) ;
#6703 = DIRECTION ( 'NONE',  ( 0.000000000000000000, 0.000000000000000000, 1.000000000000000000 ) ) ;
#6704 = EDGE_LOOP ( 'NONE', ( #6500, #6071, #7865, #165 ) ) ;
#6705 = CIRCLE ( 'NONE', #1336, 0.1554449592500702360 ) ;
#6706 = CARTESIAN_POINT ( 'NONE',  ( 3.199999999999999734, 0.1446467872876750493, 0.2024999999999995692 ) ) ;
#6707 = LINE ( 'NONE', #1903, #1503 ) ;
#6708 = CARTESIAN_POINT ( 'NONE',  ( -2.469350262772739057, 0.4372871566690347267, 0.4474999999999995648 ) ) ;
#6709 = VERTEX_POINT ( 'NONE', #2528 ) ;
#6710 = CARTESIAN_POINT ( 'NONE',  ( 2.200000000000000622, 0.5525000000000013234, -1.097500000000000364 ) ) ;
#6711 = FACE_OUTER_BOUND ( 'NONE', #2590, .T. ) ;
#6712 = VERTEX_POINT ( 'NONE', #6815 ) ;
#6713 = EDGE_CURVE ( 'NONE', #6534, #7353, #6216, .T. ) ;
#6714 = EDGE_CURVE ( 'NONE', #3187, #5721, #1042, .T. ) ;
#6715 = VERTEX_POINT ( 'NONE', #1917 ) ;
#6716 = CARTESIAN_POINT ( 'NONE',  ( -2.319201962066644640, 0.3970550407499311429, 0.8524999999999994804 ) ) ;
#6717 = DIRECTION ( 'NONE',  ( 0.06975647374412523305, -0.9975640502598241977, 0.000000000000000000 ) ) ;
#6718 = CIRCLE ( 'NONE', #7008, 0.3004449592500699762 ) ;
#6719 = CARTESIAN_POINT ( 'NONE',  ( 2.319201962066644640, 0.3970550407499311429, -0.8525000000000003686 ) ) ;
#6720 = CYLINDRICAL_SURFACE ( 'NONE', #2064, 0.3004449592500699762 ) ;
#6721 = COLOUR_RGB ( '',0.8000000000000000444, 0.8196078431372548767, 0.9333333333333333481 ) ;
#6722 = DIRECTION ( 'NONE',  ( -0.000000000000000000, 1.000000000000000000, -0.000000000000000000 ) ) ;
#6723 = ORIENTED_EDGE ( 'NONE', *, *, #2578, .F. ) ;
#6724 = DIRECTION ( 'NONE',  ( 0.9659258262890683122, -0.2588190451025209060, 0.000000000000000000 ) ) ;
#6725 = DIRECTION ( 'NONE',  ( 1.000000000000000000, 0.000000000000000000, 0.000000000000000000 ) ) ;
#6726 = VECTOR ( 'NONE', #4524, 1000.000000000000000 ) ;
#6727 = VERTEX_POINT ( 'NONE', #4903 ) ;
#6728 = AXIS2_PLACEMENT_3D ( 'NONE', #5764, #3373, #277 ) ;
#6729 = DIRECTION ( 'NONE',  ( -0.000000000000000000, -0.000000000000000000, -1.000000000000000000 ) ) ;
#6730 = ADVANCED_FACE ( 'NONE', ( #3654 ), #859, .T. ) ;
#6731 = ORIENTED_EDGE ( 'NONE', *, *, #2164, .T. ) ;
#6732 = CARTESIAN_POINT ( 'NONE',  ( -2.788783269761455852, 0.02804778702932084894, 0.8524999999999994804 ) ) ;
#6733 = FACE_OUTER_BOUND ( 'NONE', #4185, .T. ) ;
#6734 = VECTOR ( 'NONE', #7787, 1000.000000000000000 ) ;
#6735 = CYLINDRICAL_SURFACE ( 'NONE', #4222, 0.2500000000000000000 ) ;
#6736 = VERTEX_POINT ( 'NONE', #5488 ) ;
#6737 = PLANE ( 'NONE',  #5181 ) ;
#6738 = CARTESIAN_POINT ( 'NONE',  ( 2.788783269761455852, 0.02804778702932090445, -0.2025000000000004297 ) ) ;
#6739 = FACE_OUTER_BOUND ( 'NONE', #3127, .T. ) ;
#6740 = ORIENTED_EDGE ( 'NONE', *, *, #5782, .T. ) ;
#6741 = CARTESIAN_POINT ( 'NONE',  ( -2.200000000000000622, 0.6975000000000013411, 2.152499999999999858 ) ) ;
#6742 = AXIS2_PLACEMENT_3D ( 'NONE', #3962, #2228, #7086 ) ;
#6743 = DIRECTION ( 'NONE',  ( 1.000000000000000000, 0.000000000000000000, 0.000000000000000000 ) ) ;
#6744 = DIRECTION ( 'NONE',  ( -0.9975640502598243087, 0.06975647374412488610, 0.000000000000000000 ) ) ;
#6745 = EDGE_LOOP ( 'NONE', ( #1585, #5039, #1519, #769 ) ) ;
#6746 = EDGE_CURVE ( 'NONE', #1829, #6609, #6245, .T. ) ;
#6747 = LINE ( 'NONE', #5879, #6629 ) ;
#6748 = CIRCLE ( 'NONE', #443, 0.3004449592500699762 ) ;
#6749 = AXIS2_PLACEMENT_3D ( 'NONE', #1482, #6147, #1316 ) ;
#6750 = ADVANCED_FACE ( 'NONE', ( #6297 ), #4333, .T. ) ;
#6751 = ORIENTED_EDGE ( 'NONE', *, *, #1766, .F. ) ;
#6752 = CARTESIAN_POINT ( 'NONE',  ( -2.519533705154928249, 0.2499999999999996669, 1.097499999999999476 ) ) ;
#6753 = DIRECTION ( 'NONE',  ( 0.000000000000000000, 1.000000000000000000, 0.000000000000000000 ) ) ;
#6754 = CARTESIAN_POINT ( 'NONE',  ( -2.319201962066644640, 0.3970550407499311429, 0.4474999999999995648 ) ) ;
#6755 = ORIENTED_EDGE ( 'NONE', *, *, #4463, .T. ) ;
#6756 = PLANE ( 'NONE',  #189 ) ;
#6757 = EDGE_LOOP ( 'NONE', ( #4671, #4502, #6578, #6945 ) ) ;
#6758 = LINE ( 'NONE', #3427, #4224 ) ;
#6759 = DIRECTION ( 'NONE',  ( 0.06975647374412477508, 0.9975640502598243087, 0.000000000000000000 ) ) ;
#6760 = SURFACE_STYLE_USAGE ( .BOTH. , #2010 ) ;
#6761 = EDGE_CURVE ( 'NONE', #2625, #1869, #1079, .T. ) ;
#6762 = DIRECTION ( 'NONE',  ( -0.000000000000000000, -0.000000000000000000, -1.000000000000000000 ) ) ;
#6763 = EDGE_LOOP ( 'NONE', ( #6476, #2621, #5163, #4169 ) ) ;
#6764 = AXIS2_PLACEMENT_3D ( 'NONE', #4889, #6796, #4146 ) ;
#6765 = DIRECTION ( 'NONE',  ( -0.06975647374412488610, -0.9975640502598243087, 0.000000000000000000 ) ) ;
#6766 = EDGE_CURVE ( 'NONE', #2170, #5668, #3619, .T. ) ;
#6767 = CIRCLE ( 'NONE', #6794, 0.1554449592500702360 ) ;
#6768 = ORIENTED_EDGE ( 'NONE', *, *, #5366, .F. ) ;
#6769 = ORIENTED_EDGE ( 'NONE', *, *, #437, .T. ) ;
#6770 = EDGE_CURVE ( 'NONE', #657, #248, #1019, .T. ) ;
#6771 = CIRCLE ( 'NONE', #5599, 0.3004449592500699762 ) ;
#6772 = LINE ( 'NONE', #3564, #1465 ) ;
#6773 = DIRECTION ( 'NONE',  ( 0.9975640502598243087, -0.06975647374412488610, 0.000000000000000000 ) ) ;
#6774 = VERTEX_POINT ( 'NONE', #4824 ) ;
#6775 = SURFACE_STYLE_USAGE ( .BOTH. , #4128 ) ;
#6776 = AXIS2_PLACEMENT_3D ( 'NONE', #4141, #2639, #3244 ) ;
#6777 = DIRECTION ( 'NONE',  ( 0.000000000000000000, -0.000000000000000000, -1.000000000000000000 ) ) ;
#6778 = ADVANCED_FACE ( 'NONE', ( #3629 ), #3003, .F. ) ;
#6779 = CYLINDRICAL_SURFACE ( 'NONE', #4413, 0.3004449592500699762 ) ;
#6780 = VERTEX_POINT ( 'NONE', #1115 ) ;
#6781 = EDGE_CURVE ( 'NONE', #284, #1618, #6271, .T. ) ;
#6782 = DIRECTION ( 'NONE',  ( -0.000000000000000000, 1.000000000000000000, -0.000000000000000000 ) ) ;
#6783 = STYLED_ITEM ( 'NONE', ( #6874 ), #1109 ) ;
#6784 = ORIENTED_EDGE ( 'NONE', *, *, #7736, .F. ) ;
#6785 = MANIFOLD_SOLID_BREP ( 'Boss-Extrude4', #5740 ) ;
#6786 = DIRECTION ( 'NONE',  ( 0.9781476007338055778, 0.2079116908177597867, -2.545223408944983685E-16 ) ) ;
#6787 = CARTESIAN_POINT ( 'NONE',  ( 2.200000000000000622, 0.6975000000000013411, -1.097500000000000364 ) ) ;
#6788 = FACE_OUTER_BOUND ( 'NONE', #4948, .T. ) ;
#6789 = FACE_OUTER_BOUND ( 'NONE', #422, .T. ) ;
#6790 = CYLINDRICAL_SURFACE ( 'NONE', #1327, 0.1554449592500702360 ) ;
#6791 = VERTEX_POINT ( 'NONE', #4230 ) ;
#6792 = DIRECTION ( 'NONE',  ( 1.000000000000000000, 0.000000000000000000, 0.000000000000000000 ) ) ;
#6793 = CARTESIAN_POINT ( 'NONE',  ( 2.609409507584654175, 0.4748159182089002894, -2.397500000000000409 ) ) ;
#6794 = AXIS2_PLACEMENT_3D ( 'NONE', #5963, #7206, #486 ) ;
#6795 = EDGE_LOOP ( 'NONE', ( #7602, #5964, #2647, #454 ) ) ;
#6796 = DIRECTION ( 'NONE',  ( -0.000000000000000000, 0.000000000000000000, 1.000000000000000000 ) ) ;
#6797 = CARTESIAN_POINT ( 'NONE',  ( -3.199999999999999734, 0.1446467872876750493, -1.502500000000000391 ) ) ;
#6798 = ADVANCED_FACE ( 'NONE', ( #1093 ), #1177, .F. ) ;
#6799 = ORIENTED_EDGE ( 'NONE', *, *, #2426, .F. ) ;
#6800 = FACE_OUTER_BOUND ( 'NONE', #5021, .T. ) ;
#6801 = LINE ( 'NONE', #1820, #4079 ) ;
#6802 = EDGE_LOOP ( 'NONE', ( #3686, #3367, #899, #6116, #3029, #7810, #2850, #3652, #29, #6146, #1127, #3765 ) ) ;
#6803 = EDGE_CURVE ( 'NONE', #6727, #2728, #3782, .T. ) ;
#6804 = CARTESIAN_POINT ( 'NONE',  ( 2.788783269761455852, 0.02804778702932090445, -1.747500000000000275 ) ) ;
#6805 = DIRECTION ( 'NONE',  ( -0.000000000000000000, -0.000000000000000000, -1.000000000000000000 ) ) ;
#6806 = CARTESIAN_POINT ( 'NONE',  ( 2.609409507584654175, 0.4748159182089002894, 1.747499999999999387 ) ) ;
#6807 = LINE ( 'NONE', #4928, #4229 ) ;
#6808 = DIRECTION ( 'NONE',  ( -8.673617379884042868E-17, 0.000000000000000000, -1.000000000000000000 ) ) ;
#6809 = ORIENTED_EDGE ( 'NONE', *, *, #4677, .T. ) ;
#6810 = DIRECTION ( 'NONE',  ( -0.000000000000000000, -0.000000000000000000, -1.000000000000000000 ) ) ;
#6811 = EDGE_LOOP ( 'NONE', ( #3561, #6250, #92, #1050 ) ) ;
#6812 = CARTESIAN_POINT ( 'NONE',  ( -1.600000000000001199, 1.000000000000000222, -1.649999999999995470 ) ) ;
#6813 = UNCERTAINTY_MEASURE_WITH_UNIT (LENGTH_MEASURE( 1.000000000000000082E-05 ), #1353, 'distance_accuracy_value', 'NONE');
#6814 = VECTOR ( 'NONE', #7611, 1000.000000000000227 ) ;
#6815 = CARTESIAN_POINT ( 'NONE',  ( 2.609409507584654175, 0.4748159182089002894, 1.502499999999999503 ) ) ;
#6816 = CARTESIAN_POINT ( 'NONE',  ( -2.788783269761455852, 0.02804778702932084894, -1.502500000000000391 ) ) ;
#6817 = FACE_OUTER_BOUND ( 'NONE', #5466, .T. ) ;
#6818 = LINE ( 'NONE', #5234, #1518 ) ;
#6819 = ADVANCED_FACE ( 'NONE', ( #6349 ), #7186, .F. ) ;
#6820 = DIRECTION ( 'NONE',  ( 0.9975640502598243087, -0.06975647374412488610, 0.000000000000000000 ) ) ;
#6821 = EDGE_LOOP ( 'NONE', ( #5598, #288, #1600, #3113 ) ) ;
#6822 = FACE_OUTER_BOUND ( 'NONE', #6151, .T. ) ;
#6823 = ORIENTED_EDGE ( 'NONE', *, *, #2257, .T. ) ;
#6824 = ORIENTED_EDGE ( 'NONE', *, *, #440, .F. ) ;
#6825 = CARTESIAN_POINT ( 'NONE',  ( 2.200000000000000622, 0.6975000000000013411, 1.097499999999999476 ) ) ;
#6826 = LINE ( 'NONE', #4501, #6857 ) ;
#6827 = CARTESIAN_POINT ( 'NONE',  ( -3.199999999999999734, 0.1446467872876750493, 1.747499999999999387 ) ) ;
#6828 = LINE ( 'NONE', #5507, #6842 ) ;
#6829 = CARTESIAN_POINT ( 'NONE',  ( -2.519533705154928249, 0.2499999999999996669, 0.4474999999999995648 ) ) ;
#6830 = VERTEX_POINT ( 'NONE', #4775 ) ;
#6831 = PRESENTATION_LAYER_ASSIGNMENT (  '', '', ( #7433 ) ) ;
#6832 = CARTESIAN_POINT ( 'NONE',  ( -2.788783269761455852, 0.02804778702932084894, -2.152500000000000302 ) ) ;
#6833 = CARTESIAN_POINT ( 'NONE',  ( -2.319201962066644640, 0.5525000000000012124, 2.397499999999999964 ) ) ;
#6834 = EDGE_CURVE ( 'NONE', #1769, #822, #1243, .T. ) ;
#6835 = DIRECTION ( 'NONE',  ( -0.000000000000000000, -0.000000000000000000, -1.000000000000000000 ) ) ;
#6836 = VECTOR ( 'NONE', #2561, 1000.000000000000000 ) ;
#6837 = ORIENTED_EDGE ( 'NONE', *, *, #1835, .F. ) ;
#6838 = CARTESIAN_POINT ( 'NONE',  ( 2.798897958454353851, 0.1726945743169953640, -2.397500000000000409 ) ) ;
#6839 = ORIENTED_EDGE ( 'NONE', *, *, #3526, .F. ) ;
#6840 = DIRECTION ( 'NONE',  ( 0.000000000000000000, -0.000000000000000000, -1.000000000000000000 ) ) ;
#6841 = CIRCLE ( 'NONE', #5242, 0.3004449592500699762 ) ;
#6842 = VECTOR ( 'NONE', #7337, 1000.000000000000000 ) ;
#6843 = VERTEX_POINT ( 'NONE', #7237 ) ;
#6844 = CARTESIAN_POINT ( 'NONE',  ( -2.200000000000000622, 0.5525000000000013234, -1.502500000000000391 ) ) ;
#6845 = CARTESIAN_POINT ( 'NONE',  ( -2.809741250672937785, 0.3277608774589687579, 1.097499999999999476 ) ) ;
#6846 = EDGE_CURVE ( 'NONE', #6727, #4843, #1133, .T. ) ;
#6847 = AXIS2_PLACEMENT_3D ( 'NONE', #2469, #4365, #5921 ) ;
#6848 = EDGE_CURVE ( 'NONE', #3722, #1094, #1180, .T. ) ;
#6849 = ADVANCED_FACE ( 'NONE', ( #3950 ), #2952, .F. ) ;
#6850 = CARTESIAN_POINT ( 'NONE',  ( 2.319201962066644640, 0.6975000000000013411, -1.097500000000000364 ) ) ;
#6851 = ORIENTED_EDGE ( 'NONE', *, *, #5522, .F. ) ;
#6852 = AXIS2_PLACEMENT_3D ( 'NONE', #4976, #2220, #7495 ) ;
#6853 = CARTESIAN_POINT ( 'NONE',  ( -2.809741250672937785, 0.3277608774589687579, 1.502499999999999503 ) ) ;
#6854 = CARTESIAN_POINT ( 'NONE',  ( -2.319201962066644640, 0.6975000000000013411, 0.2024999999999995692 ) ) ;
#6855 = ORIENTED_EDGE ( 'NONE', *, *, #1714, .T. ) ;
#6856 = EDGE_CURVE ( 'NONE', #2437, #2546, #3751, .T. ) ;
#6857 = VECTOR ( 'NONE', #3234, 1000.000000000000000 ) ;
#6858 = FACE_OUTER_BOUND ( 'NONE', #3259, .T. ) ;
#6859 = VERTEX_POINT ( 'NONE', #5709 ) ;
#6860 = DIRECTION ( 'NONE',  ( -1.000000000000000000, 0.000000000000000000, 0.000000000000000000 ) ) ;
#6861 = PLANE ( 'NONE',  #1422 ) ;
#6862 = LINE ( 'NONE', #94, #4150 ) ;
#6863 = CARTESIAN_POINT ( 'NONE',  ( -2.319201962066644640, 0.5525000000000012124, -2.152500000000000302 ) ) ;
#6864 = CLOSED_SHELL ( 'NONE', ( #4319, #4920, #2468, #1694, #6544, #6778, #6076, #3153, #3744, #7540, #3396, #3133, #5317, #5210 ) ) ;
#6865 = DIRECTION ( 'NONE',  ( 0.000000000000000000, -0.000000000000000000, -1.000000000000000000 ) ) ;
#6866 = ADVANCED_FACE ( 'NONE', ( #6366 ), #7026, .F. ) ;
#6867 =( NAMED_UNIT ( * ) PLANE_ANGLE_UNIT ( ) SI_UNIT ( $, .RADIAN. ) );
#6868 = ORIENTED_EDGE ( 'NONE', *, *, #966, .F. ) ;
#6869 = CARTESIAN_POINT ( 'NONE',  ( -2.114445983927816908, 0.1500000000000006606, -2.414445983927810069 ) ) ;
#6870 = LINE ( 'NONE', #1249, #1606 ) ;
#6871 = CARTESIAN_POINT ( 'NONE',  ( 2.788783269761455852, 0.02804778702932084894, 1.097499999999999476 ) ) ;
#6872 = DIRECTION ( 'NONE',  ( -0.2588190451025186856, 0.9659258262890688673, 0.000000000000000000 ) ) ;
#6873 = VECTOR ( 'NONE', #1945, 1000.000000000000000 ) ;
#6874 = PRESENTATION_STYLE_ASSIGNMENT (( #3761 ) ) ;
#6875 = EDGE_CURVE ( 'NONE', #7391, #7554, #3867, .T. ) ;
#6876 = DIRECTION ( 'NONE',  ( 0.000000000000000000, -0.000000000000000000, -1.000000000000000000 ) ) ;
#6877 = EDGE_LOOP ( 'NONE', ( #521, #3371, #6196, #825 ) ) ;
#6878 = EDGE_CURVE ( 'NONE', #7585, #917, #3896, .T. ) ;
#6879 = LINE ( 'NONE', #6793, #4112 ) ;
#6880 = EDGE_LOOP ( 'NONE', ( #5998, #552, #2863, #7506 ) ) ;
#6881 = EDGE_LOOP ( 'NONE', ( #6528, #1293, #3278, #6740 ) ) ;
#6882 = DIRECTION ( 'NONE',  ( 0.9975640502598243087, -0.06975647374412488610, 0.000000000000000000 ) ) ;
#6883 = LINE ( 'NONE', #6576, #1661 ) ;
#6884 = CARTESIAN_POINT ( 'NONE',  ( 2.200000000000000622, 0.5525000000000013234, 1.097499999999999476 ) ) ;
#6885 = LINE ( 'NONE', #2180, #1664 ) ;
#6886 = ADVANCED_FACE ( 'NONE', ( #6514 ), #2541, .F. ) ;
#6887 = CARTESIAN_POINT ( 'NONE',  ( -2.319201962066644640, 0.3970550407499311429, 1.747499999999999387 ) ) ;
#6888 = ORIENTED_EDGE ( 'NONE', *, *, #2610, .T. ) ;
#6889 = CARTESIAN_POINT ( 'NONE',  ( -2.319201962066644640, 0.5525000000000012124, 1.097499999999999476 ) ) ;
#6890 = DIRECTION ( 'NONE',  ( 0.000000000000000000, -1.000000000000000000, -0.000000000000000000 ) ) ;
#6891 = DIRECTION ( 'NONE',  ( 0.9975640502598243087, -0.06975647374412477508, 0.000000000000000000 ) ) ;
#6892 = CARTESIAN_POINT ( 'NONE',  ( 2.319201962066644640, 0.5525000000000012124, -2.152500000000000302 ) ) ;
#6893 = ORIENTED_EDGE ( 'NONE', *, *, #7743, .F. ) ;
#6894 = EDGE_CURVE ( 'NONE', #488, #434, #1317, .T. ) ;
#6895 = DIRECTION ( 'NONE',  ( -0.2588190451025209060, -0.9659258262890683122, 0.000000000000000000 ) ) ;
#6896 = ORIENTED_EDGE ( 'NONE', *, *, #1462, .T. ) ;
#6897 = CARTESIAN_POINT ( 'NONE',  ( -2.809741250672937785, 0.3277608774589687579, -2.152500000000000302 ) ) ;
#6898 = DIRECTION ( 'NONE',  ( -1.000000000000000000, 0.000000000000000000, 0.000000000000000000 ) ) ;
#6899 = AXIS2_PLACEMENT_3D ( 'NONE', #3383, #3440, #7732 ) ;
#6900 = LINE ( 'NONE', #2872, #6996 ) ;
#6901 = ORIENTED_EDGE ( 'NONE', *, *, #3402, .F. ) ;
#6902 = CARTESIAN_POINT ( 'NONE',  ( 2.659592949966843367, 0.2875287615398652852, 1.097499999999999476 ) ) ;
#6903 = DIRECTION ( 'NONE',  ( -0.000000000000000000, -0.000000000000000000, -1.000000000000000000 ) ) ;
#6904 = VERTEX_POINT ( 'NONE', #802 ) ;
#6905 = EDGE_CURVE ( 'NONE', #2903, #7253, #6612, .T. ) ;
#6906 = DIRECTION ( 'NONE',  ( 1.000000000000000000, 0.000000000000000000, 0.000000000000000000 ) ) ;
#6907 = CARTESIAN_POINT ( 'NONE',  ( 2.659592949966843367, 0.2875287615398652852, 0.2024999999999995692 ) ) ;
#6908 = ORIENTED_EDGE ( 'NONE', *, *, #5639, .T. ) ;
#6909 = VECTOR ( 'NONE', #7680, 1000.000000000000000 ) ;
#6910 = FACE_OUTER_BOUND ( 'NONE', #3426, .T. ) ;
#6911 = ORIENTED_EDGE ( 'NONE', *, *, #4179, .T. ) ;
#6912 = CARTESIAN_POINT ( 'NONE',  ( -2.798897958454353851, 0.1726945743169953640, 2.152499999999999858 ) ) ;
#6913 = ORIENTED_EDGE ( 'NONE', *, *, #5443, .T. ) ;
#6914 = DIRECTION ( 'NONE',  ( 0.000000000000000000, 0.000000000000000000, 1.000000000000000000 ) ) ;
#6915 = CARTESIAN_POINT ( 'NONE',  ( -2.200000000000000622, 0.5525000000000013234, 0.8524999999999994804 ) ) ;
#6916 = ADVANCED_FACE ( 'NONE', ( #3847 ), #1106, .F. ) ;
#6917 = CARTESIAN_POINT ( 'NONE',  ( -3.189885311307101734, 6.428775942946129489E-16, -1.097500000000000364 ) ) ;
#6918 = ORIENTED_EDGE ( 'NONE', *, *, #1415, .F. ) ;
#6919 = CARTESIAN_POINT ( 'NONE',  ( 2.788783269761455852, 0.02804778702932084894, 1.502499999999999503 ) ) ;
#6920 = ORIENTED_EDGE ( 'NONE', *, *, #2869, .T. ) ;
#6921 = EDGE_CURVE ( 'NONE', #957, #6551, #3721, .T. ) ;
#6922 = VECTOR ( 'NONE', #3891, 1000.000000000000000 ) ;
#6923 = DIRECTION ( 'NONE',  ( -0.000000000000000000, -0.000000000000000000, -1.000000000000000000 ) ) ;
#6924 = PLANE ( 'NONE',  #6253 ) ;
#6925 = FACE_OUTER_BOUND ( 'NONE', #3769, .T. ) ;
#6926 = DIRECTION ( 'NONE',  ( 0.000000000000000000, 1.000000000000000000, 0.000000000000000000 ) ) ;
#6927 = ORIENTED_EDGE ( 'NONE', *, *, #4455, .T. ) ;
#6928 = VERTEX_POINT ( 'NONE', #4467 ) ;
#6929 = AXIS2_PLACEMENT_3D ( 'NONE', #1308, #5312, #2434 ) ;
#6930 = ADVANCED_FACE ( 'NONE', ( #6426 ), #4965, .F. ) ;
#6931 = EDGE_LOOP ( 'NONE', ( #3414, #730, #207, #148 ) ) ;
#6932 = DIRECTION ( 'NONE',  ( -0.000000000000000000, 0.000000000000000000, 1.000000000000000000 ) ) ;
#6933 = CIRCLE ( 'NONE', #6235, 0.1554449592500702360 ) ;
#6934 = EDGE_CURVE ( 'NONE', #2287, #7628, #3797, .T. ) ;
#6935 = CARTESIAN_POINT ( 'NONE',  ( 2.788783269761455852, 0.02804778702932084894, 0.4474999999999995648 ) ) ;
#6936 = VECTOR ( 'NONE', #742, 1000.000000000000000 ) ;
#6937 = AXIS2_PLACEMENT_3D ( 'NONE', #5725, #7080, #3953 ) ;
#6938 = DIRECTION ( 'NONE',  ( 1.000000000000000000, 0.000000000000000000, 0.000000000000000000 ) ) ;
#6939 = DIRECTION ( 'NONE',  ( 0.9975640502598243087, -0.06975647374412488610, 0.000000000000000000 ) ) ;
#6940 = CARTESIAN_POINT ( 'NONE',  ( -2.519533705154928249, 0.2499999999999996669, 1.097499999999999476 ) ) ;
#6941 = DIRECTION ( 'NONE',  ( 1.000000000000000000, 0.000000000000000000, -0.000000000000000000 ) ) ;
#6942 = CARTESIAN_POINT ( 'NONE',  ( -2.200000000000000622, 0.5525000000000013234, 1.097499999999999476 ) ) ;
#6943 = ORIENTED_EDGE ( 'NONE', *, *, #610, .F. ) ;
#6944 = DIRECTION ( 'NONE',  ( 0.000000000000000000, -0.000000000000000000, -1.000000000000000000 ) ) ;
#6945 = ORIENTED_EDGE ( 'NONE', *, *, #4975, .T. ) ;
#6946 = DIRECTION ( 'NONE',  ( -0.000000000000000000, -0.000000000000000000, -1.000000000000000000 ) ) ;
#6947 = CARTESIAN_POINT ( 'NONE',  ( 1.499999999999999556, 0.2500000000000006661, -1.500000000000002220 ) ) ;
#6948 = EDGE_CURVE ( 'NONE', #5762, #1054, #1292, .T. ) ;
#6949 = DIRECTION ( 'NONE',  ( 0.000000000000000000, 1.000000000000000000, 0.000000000000000000 ) ) ;
#6950 = VECTOR ( 'NONE', #3325, 1000.000000000000000 ) ;
#6951 = EDGE_CURVE ( 'NONE', #5459, #6904, #1195, .T. ) ;
#6952 = CARTESIAN_POINT ( 'NONE',  ( 2.319201962066644640, 0.5525000000000012124, -2.152500000000000302 ) ) ;
#6953 = AXIS2_PLACEMENT_3D ( 'NONE', #4560, #287, #1687 ) ;
#6954 = DIRECTION ( 'NONE',  ( 0.000000000000000000, -0.000000000000000000, -1.000000000000000000 ) ) ;
#6955 = EDGE_CURVE ( 'NONE', #6392, #3475, #6601, .T. ) ;
#6956 = VERTEX_POINT ( 'NONE', #6884 ) ;
#6957 = DIRECTION ( 'NONE',  ( -0.000000000000000000, -0.000000000000000000, -1.000000000000000000 ) ) ;
#6958 = EDGE_LOOP ( 'NONE', ( #6824, #1924, #4177, #5497, #201, #3983, #4618, #7203, #4709, #4404, #6613, #2905 ) ) ;
#6959 = LINE ( 'NONE', #6833, #1852 ) ;
#6960 = LINE ( 'NONE', #6107, #4421 ) ;
#6961 = CARTESIAN_POINT ( 'NONE',  ( -3.199999999999999734, 0.1446467872876750493, 2.397499999999999964 ) ) ;
#6962 = DIRECTION ( 'NONE',  ( 1.000000000000000000, 0.000000000000000000, -0.000000000000000000 ) ) ;
#6963 = PLANE ( 'NONE',  #4241 ) ;
#6964 = ORIENTED_EDGE ( 'NONE', *, *, #3055, .T. ) ;
#6965 = CARTESIAN_POINT ( 'NONE',  ( 2.319201962066644640, 0.3970550407499311429, 1.097499999999999476 ) ) ;
#6966 = EDGE_CURVE ( 'NONE', #4937, #1685, #3996, .T. ) ;
#6967 = DIRECTION ( 'NONE',  ( 0.000000000000000000, -0.000000000000000000, -1.000000000000000000 ) ) ;
#6968 = VERTEX_POINT ( 'NONE', #2592 ) ;
#6969 = FACE_OUTER_BOUND ( 'NONE', #7365, .T. ) ;
#6970 = CARTESIAN_POINT ( 'NONE',  ( -2.319201962066644640, 0.6975000000000013411, 1.097499999999999476 ) ) ;
#6971 = DIRECTION ( 'NONE',  ( -0.9975640502598243087, 0.06975647374412477508, 0.000000000000000000 ) ) ;
#6972 = LINE ( 'NONE', #2031, #1925 ) ;
#6973 = EDGE_CURVE ( 'NONE', #5885, #6052, #3815, .T. ) ;
#6974 = DIRECTION ( 'NONE',  ( -0.000000000000000000, -0.000000000000000000, -1.000000000000000000 ) ) ;
#6975 = ADVANCED_FACE ( 'NONE', ( #3923 ), #79, .F. ) ;
#6976 = ADVANCED_FACE ( 'NONE', ( #6451 ), #3939, .F. ) ;
#6977 = ORIENTED_EDGE ( 'NONE', *, *, #5823, .T. ) ;
#6978 = EDGE_LOOP ( 'NONE', ( #5422, #5530, #354, #3693 ) ) ;
#6979 = DIRECTION ( 'NONE',  ( -0.000000000000000000, -0.000000000000000000, -1.000000000000000000 ) ) ;
#6980 =( NAMED_UNIT ( * ) SI_UNIT ( $, .STERADIAN. ) SOLID_ANGLE_UNIT ( ) );
#6981 = CIRCLE ( 'NONE', #3766, 0.3004449592500699762 ) ;
#6982 = VECTOR ( 'NONE', #1390, 1000.000000000000000 ) ;
#6983 = AXIS2_PLACEMENT_3D ( 'NONE', #4821, #2319, #411 ) ;
#6984 = CARTESIAN_POINT ( 'NONE',  ( -2.200000000000001066, 0.6975000000000013411, -2.499999999999994227 ) ) ;
#6985 = EDGE_CURVE ( 'NONE', #382, #1151, #1165, .T. ) ;
#6986 = DIRECTION ( 'NONE',  ( 0.9975640502598243087, 0.06975647374412488610, 0.000000000000000000 ) ) ;
#6987 = CARTESIAN_POINT ( 'NONE',  ( 2.469350262772739057, 0.4372871566690347267, -0.8525000000000003686 ) ) ;
#6988 = AXIS2_PLACEMENT_3D ( 'NONE', #3682, #788, #2057 ) ;
#6989 = CARTESIAN_POINT ( 'NONE',  ( -2.319201962066644640, 0.3970550407499311429, -1.747500000000000275 ) ) ;
#6990 = VERTEX_POINT ( 'NONE', #3613 ) ;
#6991 = DIRECTION ( 'NONE',  ( 0.9975640502598243087, 0.06975647374412477508, -0.000000000000000000 ) ) ;
#6992 = ADVANCED_FACE ( 'NONE', ( #1209 ), #5184, .F. ) ;
#6993 = ORIENTED_EDGE ( 'NONE', *, *, #7102, .F. ) ;
#6994 = DIRECTION ( 'NONE',  ( -0.000000000000000000, -0.000000000000000000, -1.000000000000000000 ) ) ;
#6995 = DIRECTION ( 'NONE',  ( -0.9975640502598243087, -0.06975647374412488610, 0.000000000000000000 ) ) ;
#6996 = VECTOR ( 'NONE', #7786, 1000.000000000000000 ) ;
#6997 = VECTOR ( 'NONE', #1937, 1000.000000000000000 ) ;
#6998 = CARTESIAN_POINT ( 'NONE',  ( -1.600000000000001199, 1.000000000000000222, -2.149999999999995470 ) ) ;
#6999 = DIRECTION ( 'NONE',  ( -0.9975640502598243087, 0.06975647374412523305, 0.000000000000000000 ) ) ;
#7000 = EDGE_CURVE ( 'NONE', #7774, #7588, #3833, .T. ) ;
#7001 = EDGE_CURVE ( 'NONE', #4645, #2560, #3936, .T. ) ;
#7002 = CARTESIAN_POINT ( 'NONE',  ( -2.200000000000000622, 0.6975000000000013411, 0.8524999999999994804 ) ) ;
#7003 = VERTEX_POINT ( 'NONE', #5369 ) ;
#7004 = VECTOR ( 'NONE', #6903, 1000.000000000000000 ) ;
#7005 = VERTEX_POINT ( 'NONE', #4704 ) ;
#7006 = VECTOR ( 'NONE', #2691, 1000.000000000000000 ) ;
#7007 = UNCERTAINTY_MEASURE_WITH_UNIT (LENGTH_MEASURE( 1.000000000000000082E-05 ), #2581, 'distance_accuracy_value', 'NONE');
#7008 = AXIS2_PLACEMENT_3D ( 'NONE', #3763, #4566, #4473 ) ;
#7009 = DIRECTION ( 'NONE',  ( 0.2588190451025186856, 0.9659258262890688673, -0.000000000000000000 ) ) ;
#7010 = ORIENTED_EDGE ( 'NONE', *, *, #912, .F. ) ;
#7011 = DIRECTION ( 'NONE',  ( 1.000000000000000000, 0.000000000000000000, 0.000000000000000000 ) ) ;
#7012 = CARTESIAN_POINT ( 'NONE',  ( -2.469350262772739057, 0.4372871566690347267, -1.502500000000000391 ) ) ;
#7013 = VERTEX_POINT ( 'NONE', #5773 ) ;
#7014 = LINE ( 'NONE', #7255, #1786 ) ;
#7015 = DIRECTION ( 'NONE',  ( 0.000000000000000000, -0.000000000000000000, -1.000000000000000000 ) ) ;
#7016 = DIRECTION ( 'NONE',  ( 0.000000000000000000, -0.000000000000000000, -1.000000000000000000 ) ) ;
#7017 = VECTOR ( 'NONE', #5620, 1000.000000000000000 ) ;
#7018 = DIRECTION ( 'NONE',  ( -1.000000000000000000, 9.095506094768336076E-16, 0.000000000000000000 ) ) ;
#7019 = AXIS2_PLACEMENT_3D ( 'NONE', #7375, #1962, #2362 ) ;
#7020 = EDGE_CURVE ( 'NONE', #2728, #5407, #6469, .T. ) ;
#7021 = ORIENTED_EDGE ( 'NONE', *, *, #5911, .T. ) ;
#7022 = STYLED_ITEM ( 'NONE', ( #1320 ), #4742 ) ;
#7023 = CIRCLE ( 'NONE', #5743, 0.1554449592500702360 ) ;
#7024 = ORIENTED_EDGE ( 'NONE', *, *, #2530, .T. ) ;
#7025 = PLANE ( 'NONE',  #4606 ) ;
#7026 = PLANE ( 'NONE',  #4326 ) ;
#7027 = VECTOR ( 'NONE', #392, 1000.000000000000114 ) ;
#7028 = DIRECTION ( 'NONE',  ( 0.000000000000000000, -0.000000000000000000, -1.000000000000000000 ) ) ;
#7029 = PLANE ( 'NONE',  #1897 ) ;
#7030 = ADVANCED_FACE ( 'NONE', ( #6412 ), #4249, .F. ) ;
#7031 = EDGE_CURVE ( 'NONE', #3208, #739, #1374, .T. ) ;
#7032 = EDGE_LOOP ( 'NONE', ( #3672, #5662, #3617, #1112 ) ) ;
#7033 = MECHANICAL_DESIGN_GEOMETRIC_PRESENTATION_REPRESENTATION (  '', ( #2242 ), #7117 ) ;
#7034 = VECTOR ( 'NONE', #7591, 1000.000000000000114 ) ;
#7035 = VERTEX_POINT ( 'NONE', #7071 ) ;
#7036 = CARTESIAN_POINT ( 'NONE',  ( -2.114445983927817352, 1.100000000000000311, -2.499999999999994227 ) ) ;
#7037 = PLANE ( 'NONE',  #915 ) ;
#7038 = CYLINDRICAL_SURFACE ( 'NONE', #87, 0.3004449592500699762 ) ;
#7039 = LINE ( 'NONE', #631, #6982 ) ;
#7040 = EDGE_CURVE ( 'NONE', #5152, #605, #1258, .T. ) ;
#7041 = CARTESIAN_POINT ( 'NONE',  ( -2.319201962066644640, 0.6975000000000013411, -1.097500000000000364 ) ) ;
#7042 = CARTESIAN_POINT ( 'NONE',  ( 2.469350262772739502, 0.4372871566690347822, -1.502500000000000391 ) ) ;
#7043 = CARTESIAN_POINT ( 'NONE',  ( 2.659592949966843367, 0.2875287615398652852, -0.2025000000000004297 ) ) ;
#7044 = ADVANCED_FACE ( 'NONE', ( #1344 ), #2337, .F. ) ;
#7045 = LINE ( 'NONE', #1539, #1849 ) ;
#7046 = ORIENTED_EDGE ( 'NONE', *, *, #6622, .F. ) ;
#7047 = EDGE_CURVE ( 'NONE', #6715, #4119, #3768, .T. ) ;
#7048 = VECTOR ( 'NONE', #1037, 1000.000000000000000 ) ;
#7049 = LINE ( 'NONE', #6210, #7017 ) ;
#7050 = CARTESIAN_POINT ( 'NONE',  ( -2.469350262772739057, 0.4372871566690347267, -2.152500000000000302 ) ) ;
#7051 = EDGE_CURVE ( 'NONE', #4551, #748, #6587, .T. ) ;
#7052 = MANIFOLD_SOLID_BREP ( 'LPattern1[7]', #274 ) ;
#7053 = DIRECTION ( 'NONE',  ( -0.2588190451025209060, 0.9659258262890683122, 0.000000000000000000 ) ) ;
#7054 = DIRECTION ( 'NONE',  ( 0.000000000000000000, -1.000000000000000000, 0.000000000000000000 ) ) ;
#7055 = EDGE_CURVE ( 'NONE', #3216, #7690, #4163, .T. ) ;
#7056 = LINE ( 'NONE', #7693, #1911 ) ;
#7057 = DIRECTION ( 'NONE',  ( 1.000000000000000000, 9.095506094768336076E-16, -0.000000000000000000 ) ) ;
#7058 = ORIENTED_EDGE ( 'NONE', *, *, #913, .T. ) ;
#7059 = AXIS2_PLACEMENT_3D ( 'NONE', #4282, #5394, #7711 ) ;
#7060 = LINE ( 'NONE', #1636, #1702 ) ;
#7061 = DIRECTION ( 'NONE',  ( 1.000000000000000000, 0.000000000000000000, 0.000000000000000000 ) ) ;
#7062 = DIRECTION ( 'NONE',  ( 0.06975647374412521917, 0.9975640502598241977, 0.000000000000000000 ) ) ;
#7063 = VECTOR ( 'NONE', #439, 1000.000000000000000 ) ;
#7064 = DIRECTION ( 'NONE',  ( -0.000000000000000000, -0.000000000000000000, -1.000000000000000000 ) ) ;
#7065 = AXIS2_PLACEMENT_3D ( 'NONE', #7087, #1053, #1704 ) ;
#7066 = CARTESIAN_POINT ( 'NONE',  ( -2.809741250672937785, 0.3277608774589687579, 1.747499999999999387 ) ) ;
#7067 = EDGE_CURVE ( 'NONE', #2921, #6101, #1599, .T. ) ;
#7068 = ORIENTED_EDGE ( 'NONE', *, *, #4009, .F. ) ;
#7069 = SURFACE_STYLE_USAGE ( .BOTH. , #5654 ) ;
#7070 = SURFACE_STYLE_FILL_AREA ( #3506 ) ;
#7071 = CARTESIAN_POINT ( 'NONE',  ( -1.600000000000001199, 1.100000000000000311, -1.649999999999995470 ) ) ;
#7072 = LINE ( 'NONE', #5289, #4388 ) ;
#7073 = CARTESIAN_POINT ( 'NONE',  ( -3.199999999999999734, 0.1446467872876750493, 0.4474999999999995648 ) ) ;
#7074 = DIRECTION ( 'NONE',  ( -1.000000000000000000, 0.000000000000000000, 0.000000000000000000 ) ) ;
#7075 = CARTESIAN_POINT ( 'NONE',  ( -2.319201962066644640, 0.3970550407499311429, 1.097499999999999476 ) ) ;
#7076 = CARTESIAN_POINT ( 'NONE',  ( 2.200000000000000622, 0.6975000000000013411, 0.8524999999999994804 ) ) ;
#7077 = CARTESIAN_POINT ( 'NONE',  ( 2.469350262772739057, 0.4372871566690347267, 2.397499999999999964 ) ) ;
#7078 = LINE ( 'NONE', #4718, #1898 ) ;
#7079 = EDGE_LOOP ( 'NONE', ( #2653, #5145, #3814, #887, #989, #5442, #6305, #7828, #6214, #6208, #2892, #325 ) ) ;
#7080 = DIRECTION ( 'NONE',  ( -0.000000000000000000, -0.000000000000000000, -1.000000000000000000 ) ) ;
#7081 = LINE ( 'NONE', #3130, #1709 ) ;
#7082 = VECTOR ( 'NONE', #1371, 1000.000000000000000 ) ;
#7083 = DIRECTION ( 'NONE',  ( 0.000000000000000000, -0.000000000000000000, -1.000000000000000000 ) ) ;
#7084 = DIRECTION ( 'NONE',  ( 0.000000000000000000, -1.000000000000000000, 0.000000000000000000 ) ) ;
#7085 = ADVANCED_FACE ( 'NONE', ( #4269 ), #2296, .F. ) ;
#7086 = DIRECTION ( 'NONE',  ( 0.000000000000000000, 0.000000000000000000, 1.000000000000000000 ) ) ;
#7087 = CARTESIAN_POINT ( 'NONE',  ( -2.200000000000000622, 0.6975000000000013411, 1.097499999999999476 ) ) ;
#7088 = UNCERTAINTY_MEASURE_WITH_UNIT (LENGTH_MEASURE( 1.000000000000000082E-05 ), #5136, 'distance_accuracy_value', 'NONE');
#7089 = AXIS2_PLACEMENT_3D ( 'NONE', #6466, #7064, #2764 ) ;
#7090 = VERTEX_POINT ( 'NONE', #5321 ) ;
#7091 = VECTOR ( 'NONE', #3566, 1000.000000000000000 ) ;
#7092 = LINE ( 'NONE', #4436, #1765 ) ;
#7093 = CARTESIAN_POINT ( 'NONE',  ( -2.319201962066644640, 0.6975000000000013411, 1.747499999999999387 ) ) ;
#7094 = CARTESIAN_POINT ( 'NONE',  ( -3.199999999999999734, 0.1446467872876750493, -2.152500000000000302 ) ) ;
#7095 = VECTOR ( 'NONE', #507, 1000.000000000000000 ) ;
#7096 = CARTESIAN_POINT ( 'NONE',  ( -2.609409507584654175, 0.4748159182089002894, -1.502500000000000391 ) ) ;
#7097 = ORIENTED_EDGE ( 'NONE', *, *, #1469, .T. ) ;
#7098 =( GEOMETRIC_REPRESENTATION_CONTEXT ( 3 ) GLOBAL_UNCERTAINTY_ASSIGNED_CONTEXT ( ( #3587 ) ) GLOBAL_UNIT_ASSIGNED_CONTEXT ( ( #2298, #622, #3023 ) ) REPRESENTATION_CONTEXT ( 'NONE', 'WORKASPACE' ) );
#7099 = VECTOR ( 'NONE', #1730, 1000.000000000000000 ) ;
#7100 = PLANE ( 'NONE',  #4793 ) ;
#7101 = CARTESIAN_POINT ( 'NONE',  ( -3.189885311307101734, 6.428775942946129489E-16, -2.397500000000000409 ) ) ;
#7102 = EDGE_CURVE ( 'NONE', #4914, #1543, #6767, .T. ) ;
#7103 = VECTOR ( 'NONE', #3728, 1000.000000000000000 ) ;
#7104 = DIRECTION ( 'NONE',  ( -1.000000000000000000, 0.000000000000000000, 0.000000000000000000 ) ) ;
#7105 = AXIS2_PLACEMENT_3D ( 'NONE', #2962, #2383, #752 ) ;
#7106 = CARTESIAN_POINT ( 'NONE',  ( -2.788783269761455852, 0.02804778702932090445, -1.097500000000000364 ) ) ;
#7107 = EDGE_CURVE ( 'NONE', #6736, #1430, #4255, .T. ) ;
#7108 = FACE_OUTER_BOUND ( 'NONE', #662, .T. ) ;
#7109 = EDGE_LOOP ( 'NONE', ( #5128, #775, #4978, #3337, #6296, #3282, #2503, #7515, #6332, #3174, #2571, #3720 ) ) ;
#7110 = DIRECTION ( 'NONE',  ( 0.2588190451025186856, -0.9659258262890688673, 0.000000000000000000 ) ) ;
#7111 = LINE ( 'NONE', #2173, #7126 ) ;
#7112 = CARTESIAN_POINT ( 'NONE',  ( -2.200000000000000622, 0.5525000000000013234, -1.502500000000000391 ) ) ;
#7113 = VECTOR ( 'NONE', #7496, 1000.000000000000114 ) ;
#7114 = EDGE_CURVE ( 'NONE', #4711, #2533, #1536, .T. ) ;
#7115 = DIRECTION ( 'NONE',  ( 1.000000000000000000, 9.095506094768336076E-16, -0.000000000000000000 ) ) ;
#7116 = DIRECTION ( 'NONE',  ( 0.000000000000000000, -0.000000000000000000, -1.000000000000000000 ) ) ;
#7117 =( GEOMETRIC_REPRESENTATION_CONTEXT ( 3 ) GLOBAL_UNCERTAINTY_ASSIGNED_CONTEXT ( ( #2463 ) ) GLOBAL_UNIT_ASSIGNED_CONTEXT ( ( #43, #672, #1362 ) ) REPRESENTATION_CONTEXT ( 'NONE', 'WORKASPACE' ) );
#7118 = DIRECTION ( 'NONE',  ( 0.000000000000000000, 0.000000000000000000, 1.000000000000000000 ) ) ;
#7119 = CARTESIAN_POINT ( 'NONE',  ( -2.809741250672937785, 0.3277608774589687579, 2.397499999999999964 ) ) ;
#7120 = DIRECTION ( 'NONE',  ( -0.000000000000000000, -0.000000000000000000, -1.000000000000000000 ) ) ;
#7121 = EDGE_CURVE ( 'NONE', #7752, #4966, #6807, .T. ) ;
#7122 = LINE ( 'NONE', #4759, #4522 ) ;
#7123 = ORIENTED_EDGE ( 'NONE', *, *, #76, .F. ) ;
#7124 = PLANE ( 'NONE',  #6468 ) ;
#7125 = CARTESIAN_POINT ( 'NONE',  ( 2.200000000000000622, 0.6975000000000013411, 1.097499999999999476 ) ) ;
#7126 = VECTOR ( 'NONE', #1476, 1000.000000000000000 ) ;
#7127 = LINE ( 'NONE', #3771, #6997 ) ;
#7128 = EDGE_CURVE ( 'NONE', #3086, #5235, #6862, .T. ) ;
#7129 = CARTESIAN_POINT ( 'NONE',  ( 2.519533705154928249, 0.2499999999999996669, -0.8525000000000003686 ) ) ;
#7130 = DIRECTION ( 'NONE',  ( -1.000000000000000000, 0.000000000000000000, 0.000000000000000000 ) ) ;
#7131 = DIRECTION ( 'NONE',  ( 9.095506094768336076E-16, 1.000000000000000000, 0.000000000000000000 ) ) ;
#7132 = PLANE ( 'NONE',  #7172 ) ;
#7133 = DIRECTION ( 'NONE',  ( 0.06975647374412477508, 0.9975640502598243087, 0.000000000000000000 ) ) ;
#7134 = EDGE_CURVE ( 'NONE', #348, #3182, #6699, .T. ) ;
#7135 = CYLINDRICAL_SURFACE ( 'NONE', #7227, 0.1554449592500702360 ) ;
#7136 = EDGE_LOOP ( 'NONE', ( #683, #3103, #3063, #5211 ) ) ;
#7137 = FACE_OUTER_BOUND ( 'NONE', #5409, .T. ) ;
#7138 = FACE_OUTER_BOUND ( 'NONE', #1257, .T. ) ;
#7139 = EDGE_CURVE ( 'NONE', #2941, #6709, #4189, .T. ) ;
#7140 = DIRECTION ( 'NONE',  ( -0.000000000000000000, 0.000000000000000000, -1.000000000000000000 ) ) ;
#7141 =( GEOMETRIC_REPRESENTATION_CONTEXT ( 3 ) GLOBAL_UNCERTAINTY_ASSIGNED_CONTEXT ( ( #5079 ) ) GLOBAL_UNIT_ASSIGNED_CONTEXT ( ( #5231, #6538, #380 ) ) REPRESENTATION_CONTEXT ( 'NONE', 'WORKASPACE' ) );
#7142 = CARTESIAN_POINT ( 'NONE',  ( 2.319201962066644640, 0.3970550407499311429, -0.8525000000000003686 ) ) ;
#7143 = CARTESIAN_POINT ( 'NONE',  ( 2.319201962066644640, 0.3970550407499311429, -0.8525000000000003686 ) ) ;
#7144 = PRESENTATION_STYLE_ASSIGNMENT (( #4627 ) ) ;
#7145 = DIRECTION ( 'NONE',  ( -0.000000000000000000, -0.000000000000000000, -1.000000000000000000 ) ) ;
#7146 = EDGE_LOOP ( 'NONE', ( #4219, #6661, #4641, #6769 ) ) ;
#7147 = LINE ( 'NONE', #1651, #4601 ) ;
#7148 = CARTESIAN_POINT ( 'NONE',  ( 2.809741250672937785, 0.3277608774589687579, -1.502500000000000391 ) ) ;
#7149 = AXIS2_PLACEMENT_3D ( 'NONE', #7556, #261, #7053 ) ;
#7150 = CARTESIAN_POINT ( 'NONE',  ( -2.788783269761455852, 0.02804778702932090445, -0.4475000000000003975 ) ) ;
#7151 = FACE_OUTER_BOUND ( 'NONE', #3307, .T. ) ;
#7152 = CARTESIAN_POINT ( 'NONE',  ( -2.200000000000000622, 0.5525000000000013234, 2.397499999999999964 ) ) ;
#7153 = CARTESIAN_POINT ( 'NONE',  ( 2.199999999999998401, 0.6975000000000013411, -2.499999999999995115 ) ) ;
#7154 = EDGE_CURVE ( 'NONE', #7310, #3594, #1512, .T. ) ;
#7155 = DIRECTION ( 'NONE',  ( -0.000000000000000000, -0.000000000000000000, -1.000000000000000000 ) ) ;
#7156 = ADVANCED_FACE ( 'NONE', ( #1413 ), #7251, .F. ) ;
#7157 = ORIENTED_EDGE ( 'NONE', *, *, #5121, .T. ) ;
#7158 = PLANE ( 'NONE',  #3825 ) ;
#7159 = LINE ( 'NONE', #7002, #2151 ) ;
#7160 = FACE_OUTER_BOUND ( 'NONE', #4448, .T. ) ;
#7161 = CARTESIAN_POINT ( 'NONE',  ( -2.200000000000000622, 0.5525000000000013234, -0.4475000000000003975 ) ) ;
#7162 = CARTESIAN_POINT ( 'NONE',  ( 2.798897958454353851, 0.1726945743169953640, -1.502500000000000391 ) ) ;
#7163 = CARTESIAN_POINT ( 'NONE',  ( 2.469350262772739057, 0.4372871566690347267, 1.502499999999999503 ) ) ;
#7164 = CARTESIAN_POINT ( 'NONE',  ( -2.200000000000000622, 0.5525000000000013234, 2.500000000000001332 ) ) ;
#7165 = FACE_OUTER_BOUND ( 'NONE', #5007, .T. ) ;
#7166 = ORIENTED_EDGE ( 'NONE', *, *, #6023, .T. ) ;
#7167 = CARTESIAN_POINT ( 'NONE',  ( -2.200000000000000622, 0.5525000000000013234, -0.8525000000000003686 ) ) ;
#7168 = CARTESIAN_POINT ( 'NONE',  ( -2.200000000000000622, 0.5525000000000013234, -0.4475000000000003975 ) ) ;
#7169 = VECTOR ( 'NONE', #790, 1000.000000000000000 ) ;
#7170 = LINE ( 'NONE', #5515, #1745 ) ;
#7171 = DIRECTION ( 'NONE',  ( 1.000000000000000000, 0.000000000000000000, 0.000000000000000000 ) ) ;
#7172 = AXIS2_PLACEMENT_3D ( 'NONE', #2889, #1788, #7319 ) ;
#7173 = DIRECTION ( 'NONE',  ( 0.000000000000000000, 0.000000000000000000, 1.000000000000000000 ) ) ;
#7174 = CARTESIAN_POINT ( 'NONE',  ( 3.189885311307101734, 6.428775942946129489E-16, 0.4474999999999995648 ) ) ;
#7175 = DIRECTION ( 'NONE',  ( -1.000000000000000000, 0.000000000000000000, 0.000000000000000000 ) ) ;
#7176 = LINE ( 'NONE', #1333, #1940 ) ;
#7177 = ORIENTED_EDGE ( 'NONE', *, *, #4975, .F. ) ;
#7178 = LINE ( 'NONE', #4906, #4665 ) ;
#7179 = VECTOR ( 'NONE', #3035, 1000.000000000000000 ) ;
#7180 = ORIENTED_EDGE ( 'NONE', *, *, #5652, .F. ) ;
#7181 = CARTESIAN_POINT ( 'NONE',  ( 2.199999999999999734, 0.5525000000000013234, 2.500000000000000444 ) ) ;
#7182 = EDGE_CURVE ( 'NONE', #6442, #5767, #4137, .T. ) ;
#7183 = AXIS2_PLACEMENT_3D ( 'NONE', #3610, #4602, #5827 ) ;
#7184 = DIRECTION ( 'NONE',  ( 0.9975640502598243087, 0.06975647374412488610, 0.000000000000000000 ) ) ;
#7185 = EDGE_CURVE ( 'NONE', #3548, #1197, #6879, .T. ) ;
#7186 = PLANE ( 'NONE',  #7763 ) ;
#7187 = AXIS2_PLACEMENT_3D ( 'NONE', #6942, #3647, #3604 ) ;
#7188 = LINE ( 'NONE', #3578, #1807 ) ;
#7189 = DIRECTION ( 'NONE',  ( 0.2588190451025186856, -0.9659258262890688673, 0.000000000000000000 ) ) ;
#7190 = ORIENTED_EDGE ( 'NONE', *, *, #4477, .F. ) ;
#7191 = LINE ( 'NONE', #5626, #4637 ) ;
#7192 = CARTESIAN_POINT ( 'NONE',  ( -2.788783269761455852, 0.02804778702932084894, -1.502500000000000391 ) ) ;
#7193 = CARTESIAN_POINT ( 'NONE',  ( -2.519533705154928249, 0.2499999999999996669, -1.502500000000000391 ) ) ;
#7194 = LINE ( 'NONE', #592, #2056 ) ;
#7195 = EDGE_CURVE ( 'NONE', #2147, #700, #6673, .T. ) ;
#7196 = DIRECTION ( 'NONE',  ( 0.000000000000000000, 0.000000000000000000, 1.000000000000000000 ) ) ;
#7197 = ORIENTED_EDGE ( 'NONE', *, *, #5799, .F. ) ;
#7198 = CARTESIAN_POINT ( 'NONE',  ( -2.809741250672937785, 0.3277608774589687579, -1.747500000000000275 ) ) ;
#7199 = ADVANCED_FACE ( 'NONE', ( #6688 ), #5622, .F. ) ;
#7200 = DIRECTION ( 'NONE',  ( -9.095506094768336076E-16, 1.000000000000000000, 0.000000000000000000 ) ) ;
#7201 = ADVANCED_FACE ( 'NONE', ( #1547 ), #3021, .F. ) ;
#7202 = LINE ( 'NONE', #3627, #7095 ) ;
#7203 = ORIENTED_EDGE ( 'NONE', *, *, #3907, .F. ) ;
#7204 = DIRECTION ( 'NONE',  ( 0.000000000000000000, 1.000000000000000000, 0.000000000000000000 ) ) ;
#7205 = FACE_OUTER_BOUND ( 'NONE', #5587, .T. ) ;
#7206 = DIRECTION ( 'NONE',  ( -0.000000000000000000, 0.000000000000000000, 1.000000000000000000 ) ) ;
#7207 = EDGE_CURVE ( 'NONE', #586, #3810, #4086, .T. ) ;
#7208 = CIRCLE ( 'NONE', #1446, 0.1554449592500702360 ) ;
#7209 = EDGE_LOOP ( 'NONE', ( #735, #5728, #4160, #4974 ) ) ;
#7210 = EDGE_CURVE ( 'NONE', #657, #5640, #1443, .T. ) ;
#7211 = CARTESIAN_POINT ( 'NONE',  ( -2.200000000000000622, 0.6975000000000013411, 2.397499999999999964 ) ) ;
#7212 = CARTESIAN_POINT ( 'NONE',  ( 2.200000000000000622, 0.6975000000000013411, 0.2024999999999995692 ) ) ;
#7213 = EDGE_CURVE ( 'NONE', #481, #4711, #1472, .T. ) ;
#7214 = ADVANCED_FACE ( 'NONE', ( #6711 ), #6779, .T. ) ;
#7215 = LINE ( 'NONE', #3864, #4599 ) ;
#7216 = VERTEX_POINT ( 'NONE', #3840 ) ;
#7217 = DIRECTION ( 'NONE',  ( 0.000000000000000000, 0.000000000000000000, 1.000000000000000000 ) ) ;
#7218 = VECTOR ( 'NONE', #3176, 1000.000000000000114 ) ;
#7219 = CIRCLE ( 'NONE', #2292, 0.3004449592500699762 ) ;
#7220 = DIRECTION ( 'NONE',  ( 0.000000000000000000, -1.000000000000000000, 0.000000000000000000 ) ) ;
#7221 = ORIENTED_EDGE ( 'NONE', *, *, #4662, .T. ) ;
#7222 = DIRECTION ( 'NONE',  ( 1.000000000000000000, -9.095506094768336076E-16, 0.000000000000000000 ) ) ;
#7223 = DIRECTION ( 'NONE',  ( -0.9975640502598243087, 0.06975647374412477508, 0.000000000000000000 ) ) ;
#7224 = DIRECTION ( 'NONE',  ( -1.000000000000000000, 0.000000000000000000, 0.000000000000000000 ) ) ;
#7225 = PLANE ( 'NONE',  #4165 ) ;
#7226 = DIRECTION ( 'NONE',  ( -0.000000000000000000, -0.000000000000000000, -1.000000000000000000 ) ) ;
#7227 = AXIS2_PLACEMENT_3D ( 'NONE', #5429, #3039, #7369 ) ;
#7228 = EDGE_CURVE ( 'NONE', #5449, #6392, #1574, .T. ) ;
#7229 = VERTEX_POINT ( 'NONE', #1262 ) ;
#7230 = CARTESIAN_POINT ( 'NONE',  ( -2.609409507584654175, 0.4748159182089002894, 1.747499999999999387 ) ) ;
#7231 = FACE_OUTER_BOUND ( 'NONE', #5830, .T. ) ;
#7232 = VECTOR ( 'NONE', #1554, 1000.000000000000114 ) ;
#7233 = AXIS2_PLACEMENT_3D ( 'NONE', #4125, #3542, #531 ) ;
#7234 = VERTEX_POINT ( 'NONE', #4440 ) ;
#7235 = CARTESIAN_POINT ( 'NONE',  ( -2.609409507584654175, 0.4748159182089002894, -0.8525000000000003686 ) ) ;
#7236 = CARTESIAN_POINT ( 'NONE',  ( 3.189885311307101734, 6.428775942946129489E-16, 0.8524999999999994804 ) ) ;
#7237 = CARTESIAN_POINT ( 'NONE',  ( -2.519533705154928249, 0.2499999999999996669, 1.502499999999999503 ) ) ;
#7238 = CARTESIAN_POINT ( 'NONE',  ( 2.200000000000000622, 0.5525000000000013234, 0.2024999999999995692 ) ) ;
#7239 = EDGE_CURVE ( 'NONE', #4892, #658, #4172, .T. ) ;
#7240 = LINE ( 'NONE', #4064, #7286 ) ;
#7241 = CARTESIAN_POINT ( 'NONE',  ( -3.199999999999999734, 0.1446467872876750493, 0.4474999999999995648 ) ) ;
#7242 = DIRECTION ( 'NONE',  ( 1.000000000000000000, 0.000000000000000000, -1.971276677246371519E-16 ) ) ;
#7243 = VECTOR ( 'NONE', #5077, 1000.000000000000000 ) ;
#7244 = ORIENTED_EDGE ( 'NONE', *, *, #4979, .T. ) ;
#7245 = DIRECTION ( 'NONE',  ( -2.602085213965212614E-16, 0.000000000000000000, -1.000000000000000000 ) ) ;
#7246 = EDGE_LOOP ( 'NONE', ( #2770, #2784, #5719, #6411 ) ) ;
#7247 = DIRECTION ( 'NONE',  ( -0.000000000000000000, -0.000000000000000000, -1.000000000000000000 ) ) ;
#7248 = LINE ( 'NONE', #4676, #1815 ) ;
#7249 = DIRECTION ( 'NONE',  ( -0.9975640502598243087, -0.06975647374412477508, 0.000000000000000000 ) ) ;
#7250 = LINE ( 'NONE', #1900, #7335 ) ;
#7251 = PLANE ( 'NONE',  #3955 ) ;
#7252 = VECTOR ( 'NONE', #5606, 1000.000000000000000 ) ;
#7253 = VERTEX_POINT ( 'NONE', #550 ) ;
#7254 = ORIENTED_EDGE ( 'NONE', *, *, #5625, .F. ) ;
#7255 = CARTESIAN_POINT ( 'NONE',  ( 2.114445983927814243, 0.1500000000000006606, -2.499999999999995115 ) ) ;
#7256 = CARTESIAN_POINT ( 'NONE',  ( 3.199999999999999734, 0.1446467872876750493, -1.502500000000000391 ) ) ;
#7257 = ADVANCED_FACE ( 'NONE', ( #6822 ), #4303, .F. ) ;
#7258 = VECTOR ( 'NONE', #733, 1000.000000000000000 ) ;
#7259 = CARTESIAN_POINT ( 'NONE',  ( -2.319201962066644640, 0.3970550407499311429, 1.097499999999999476 ) ) ;
#7260 = AXIS2_PLACEMENT_3D ( 'NONE', #3200, #1425, #1851 ) ;
#7261 = CIRCLE ( 'NONE', #6742, 0.2500000000000000000 ) ;
#7262 = VECTOR ( 'NONE', #2103, 1000.000000000000000 ) ;
#7263 = ORIENTED_EDGE ( 'NONE', *, *, #3633, .T. ) ;
#7264 = PLANE ( 'NONE',  #6100 ) ;
#7265 = AXIS2_PLACEMENT_3D ( 'NONE', #4755, #1389, #4801 ) ;
#7266 = VERTEX_POINT ( 'NONE', #2659 ) ;
#7267 = CARTESIAN_POINT ( 'NONE',  ( 2.319201962066644640, 0.5525000000000012124, -2.397500000000000409 ) ) ;
#7268 = DIRECTION ( 'NONE',  ( 0.2079116908177597867, 0.9781476007338055778, 0.000000000000000000 ) ) ;
#7269 = CARTESIAN_POINT ( 'NONE',  ( 2.319201962066644640, 0.6975000000000013411, 2.152499999999999858 ) ) ;
#7270 = DIRECTION ( 'NONE',  ( 0.2588190451025186856, 0.9659258262890688673, -0.000000000000000000 ) ) ;
#7271 = DIRECTION ( 'NONE',  ( -0.000000000000000000, 1.000000000000000000, -0.000000000000000000 ) ) ;
#7272 = ADVANCED_FACE ( 'NONE', ( #6739 ), #5915, .T. ) ;
#7273 = LINE ( 'NONE', #5445, #2038 ) ;
#7274 = VECTOR ( 'NONE', #685, 1000.000000000000114 ) ;
#7275 = EDGE_CURVE ( 'NONE', #658, #5871, #1673, .T. ) ;
#7276 = EDGE_LOOP ( 'NONE', ( #932, #3624, #2616, #5573 ) ) ;
#7277 = EDGE_CURVE ( 'NONE', #5353, #621, #4218, .T. ) ;
#7278 = DIRECTION ( 'NONE',  ( -0.000000000000000000, -0.000000000000000000, -1.000000000000000000 ) ) ;
#7279 = ORIENTED_EDGE ( 'NONE', *, *, #1379, .F. ) ;
#7280 = AXIS2_PLACEMENT_3D ( 'NONE', #7393, #6782, #7827 ) ;
#7281 = DIRECTION ( 'NONE',  ( 0.06975647374412477508, 0.9975640502598243087, 0.000000000000000000 ) ) ;
#7282 = CARTESIAN_POINT ( 'NONE',  ( -2.609409507584654175, 0.4748159182089002894, 0.4474999999999995648 ) ) ;
#7283 = EDGE_CURVE ( 'NONE', #3793, #2657, #1770, .T. ) ;
#7284 = VECTOR ( 'NONE', #4451, 1000.000000000000000 ) ;
#7285 = DIRECTION ( 'NONE',  ( -0.000000000000000000, -0.000000000000000000, -1.000000000000000000 ) ) ;
#7286 = VECTOR ( 'NONE', #4111, 1000.000000000000000 ) ;
#7287 =( NAMED_UNIT ( * ) PLANE_ANGLE_UNIT ( ) SI_UNIT ( $, .RADIAN. ) );
#7288 = VECTOR ( 'NONE', #4571, 1000.000000000000227 ) ;
#7289 = ORIENTED_EDGE ( 'NONE', *, *, #3435, .T. ) ;
#7290 = CARTESIAN_POINT ( 'NONE',  ( 1.499999999999999556, 4.492640687119285658, 1.499999999999997780 ) ) ;
#7291 = EDGE_LOOP ( 'NONE', ( #830, #98, #857, #6441 ) ) ;
#7292 = CARTESIAN_POINT ( 'NONE',  ( -2.809741250672937785, 0.3277608774589687579, -2.152500000000000302 ) ) ;
#7293 = DIRECTION ( 'NONE',  ( -0.000000000000000000, -0.000000000000000000, -1.000000000000000000 ) ) ;
#7294 = EDGE_CURVE ( 'NONE', #6990, #5762, #1497, .T. ) ;
#7295 = VECTOR ( 'NONE', #7330, 1000.000000000000114 ) ;
#7296 = DIRECTION ( 'NONE',  ( 0.000000000000000000, 1.000000000000000000, 0.000000000000000000 ) ) ;
#7297 = DIRECTION ( 'NONE',  ( 0.06975647374412477508, 0.9975640502598243087, 0.000000000000000000 ) ) ;
#7298 = MANIFOLD_SOLID_BREP ( 'LPattern1[14]', #7852 ) ;
#7299 = LINE ( 'NONE', #2150, #4761 ) ;
#7300 = ORIENTED_EDGE ( 'NONE', *, *, #3214, .F. ) ;
#7301 = EDGE_CURVE ( 'NONE', #553, #7216, #7078, .T. ) ;
#7302 = ADVANCED_FACE ( 'NONE', ( #1858 ), #1098, .F. ) ;
#7303 = ORIENTED_EDGE ( 'NONE', *, *, #1283, .T. ) ;
#7304 = CARTESIAN_POINT ( 'NONE',  ( -2.319201962066644640, 0.5525000000000012124, 1.097499999999999476 ) ) ;
#7305 = DIRECTION ( 'NONE',  ( 0.000000000000000000, -0.000000000000000000, -1.000000000000000000 ) ) ;
#7306 = DIRECTION ( 'NONE',  ( -1.000000000000000000, 0.000000000000000000, 0.000000000000000000 ) ) ;
#7307 = VECTOR ( 'NONE', #5687, 1000.000000000000000 ) ;
#7308 = CARTESIAN_POINT ( 'NONE',  ( 2.200000000000000622, 0.6975000000000013411, 1.747499999999999387 ) ) ;
#7309 = LINE ( 'NONE', #3695, #7378 ) ;
#7310 = VERTEX_POINT ( 'NONE', #5732 ) ;
#7311 = AXIS2_PLACEMENT_3D ( 'NONE', #6664, #6070, #7765 ) ;
#7312 = DIRECTION ( 'NONE',  ( 1.000000000000000000, 0.000000000000000000, 0.000000000000000000 ) ) ;
#7313 = VERTEX_POINT ( 'NONE', #942 ) ;
#7314 = DIRECTION ( 'NONE',  ( -0.9975640502598243087, 0.06975647374412488610, 0.000000000000000000 ) ) ;
#7315 = EDGE_CURVE ( 'NONE', #5542, #2921, #7045, .T. ) ;
#7316 = DIRECTION ( 'NONE',  ( -0.000000000000000000, -0.000000000000000000, -1.000000000000000000 ) ) ;
#7317 = ADVANCED_FACE ( 'NONE', ( #1828 ), #1952, .T. ) ;
#7318 = PLANE ( 'NONE',  #4954 ) ;
#7319 = DIRECTION ( 'NONE',  ( 1.000000000000000000, -9.095506094768336076E-16, 0.000000000000000000 ) ) ;
#7320 = CARTESIAN_POINT ( 'NONE',  ( 2.319201962066644640, 0.3970550407499311429, 0.4474999999999995648 ) ) ;
#7321 = DIRECTION ( 'NONE',  ( 0.000000000000000000, -0.000000000000000000, -1.000000000000000000 ) ) ;
#7322 = CARTESIAN_POINT ( 'NONE',  ( 2.788783269761455852, 0.02804778702932084894, -1.747500000000000275 ) ) ;
#7323 = VECTOR ( 'NONE', #4021, 1000.000000000000000 ) ;
#7324 = FACE_OUTER_BOUND ( 'NONE', #3945, .T. ) ;
#7325 = ORIENTED_EDGE ( 'NONE', *, *, #5602, .F. ) ;
#7326 = DIRECTION ( 'NONE',  ( -0.9975640502598243087, 0.06975647374412488610, 0.000000000000000000 ) ) ;
#7327 = ORIENTED_EDGE ( 'NONE', *, *, #763, .T. ) ;
#7328 = EDGE_CURVE ( 'NONE', #4359, #5390, #4418, .T. ) ;
#7329 = EDGE_CURVE ( 'NONE', #3722, #4994, #4511, .T. ) ;
#7330 = DIRECTION ( 'NONE',  ( 0.2588190451025186856, 0.9659258262890688673, -0.000000000000000000 ) ) ;
#7331 = DIRECTION ( 'NONE',  ( 0.9659258262890683122, -0.2588190451025209060, 0.000000000000000000 ) ) ;
#7332 = ADVANCED_FACE ( 'NONE', ( #4461 ), #4576, .F. ) ;
#7333 = VECTOR ( 'NONE', #262, 1000.000000000000000 ) ;
#7334 = CARTESIAN_POINT ( 'NONE',  ( 2.319201962066644640, 0.6975000000000013411, -0.8525000000000003686 ) ) ;
#7335 = VECTOR ( 'NONE', #2452, 1000.000000000000000 ) ;
#7336 = CARTESIAN_POINT ( 'NONE',  ( -2.319201962066644640, 0.3970550407499311429, 1.747499999999999387 ) ) ;
#7337 = DIRECTION ( 'NONE',  ( 0.9975640502598243087, 0.06975647374412477508, -0.000000000000000000 ) ) ;
#7338 = LINE ( 'NONE', #3866, #4679 ) ;
#7339 = CARTESIAN_POINT ( 'NONE',  ( 2.200000000000000622, 0.5525000000000013234, -2.152500000000000302 ) ) ;
#7340 = EDGE_LOOP ( 'NONE', ( #3865, #5157, #6164, #117 ) ) ;
#7341 = DIRECTION ( 'NONE',  ( -1.928199552231047327E-16, 0.2079116908177597867, -0.9781476007338055778 ) ) ;
#7342 = ORIENTED_EDGE ( 'NONE', *, *, #3037, .F. ) ;
#7343 = AXIS2_PLACEMENT_3D ( 'NONE', #2722, #716, #5589 ) ;
#7344 = CARTESIAN_POINT ( 'NONE',  ( 2.319201962066644640, 0.3970550407499311429, 1.097499999999999476 ) ) ;
#7345 = CARTESIAN_POINT ( 'NONE',  ( 2.199999999999999734, 0.6975000000000013411, 2.500000000000000444 ) ) ;
#7346 = DIRECTION ( 'NONE',  ( 0.000000000000000000, 1.000000000000000000, 0.000000000000000000 ) ) ;
#7347 = LINE ( 'NONE', #3360, #7323 ) ;
#7348 = CARTESIAN_POINT ( 'NONE',  ( 2.200000000000000622, 0.5525000000000013234, -1.747500000000000275 ) ) ;
#7349 = VECTOR ( 'NONE', #8, 1000.000000000000000 ) ;
#7350 = CARTESIAN_POINT ( 'NONE',  ( -2.609409507584654175, 0.4748159182089002894, 2.397499999999999964 ) ) ;
#7351 = CIRCLE ( 'NONE', #4939, 0.1554449592500702360 ) ;
#7352 = ORIENTED_EDGE ( 'NONE', *, *, #7465, .T. ) ;
#7353 = VERTEX_POINT ( 'NONE', #1647 ) ;
#7354 = DIRECTION ( 'NONE',  ( -0.9659258262890683122, -0.2588190451025209060, 0.000000000000000000 ) ) ;
#7355 = AXIS2_PLACEMENT_3D ( 'NONE', #5015, #5505, #6938 ) ;
#7356 = DIRECTION ( 'NONE',  ( -0.000000000000000000, 1.000000000000000000, -0.000000000000000000 ) ) ;
#7357 = DIRECTION ( 'NONE',  ( 0.000000000000000000, 0.000000000000000000, 1.000000000000000000 ) ) ;
#7358 = EDGE_CURVE ( 'NONE', #3869, #6956, #7248, .T. ) ;
#7359 = AXIS2_PLACEMENT_3D ( 'NONE', #7741, #1091, #2782 ) ;
#7360 = VECTOR ( 'NONE', #588, 1000.000000000000000 ) ;
#7361 = CARTESIAN_POINT ( 'NONE',  ( -2.200000000000000622, 0.6975000000000013411, -0.2025000000000004297 ) ) ;
#7362 = CARTESIAN_POINT ( 'NONE',  ( 2.469350262772739502, 0.4372871566690347822, -0.8525000000000003686 ) ) ;
#7363 = VECTOR ( 'NONE', #1834, 1000.000000000000000 ) ;
#7364 = FACE_OUTER_BOUND ( 'NONE', #7079, .T. ) ;
#7365 = EDGE_LOOP ( 'NONE', ( #3135, #5385, #6367, #6075 ) ) ;
#7366 = DIRECTION ( 'NONE',  ( 0.2588190451025209060, -0.9659258262890683122, 0.000000000000000000 ) ) ;
#7367 = ADVANCED_FACE ( 'NONE', ( #4574 ), #2745, .T. ) ;
#7368 = VERTEX_POINT ( 'NONE', #5243 ) ;
#7369 = DIRECTION ( 'NONE',  ( -1.000000000000000000, 0.000000000000000000, 0.000000000000000000 ) ) ;
#7370 = DIRECTION ( 'NONE',  ( -1.000000000000000000, 9.095506094768336076E-16, 0.000000000000000000 ) ) ;
#7371 = DIRECTION ( 'NONE',  ( -0.000000000000000000, 1.000000000000000000, -0.000000000000000000 ) ) ;
#7372 = CARTESIAN_POINT ( 'NONE',  ( 2.798897958454353851, 0.1726945743169953640, 0.2024999999999995692 ) ) ;
#7373 = EDGE_CURVE ( 'NONE', #5542, #175, #1977, .T. ) ;
#7374 = CIRCLE ( 'NONE', #5363, 0.1554449592500702360 ) ;
#7375 = CARTESIAN_POINT ( 'NONE',  ( -2.809741250672937785, 0.3277608774589687579, -2.152500000000000302 ) ) ;
#7376 = FACE_OUTER_BOUND ( 'NONE', #5360, .T. ) ;
#7377 = AXIS2_PLACEMENT_3D ( 'NONE', #3134, #7441, #680 ) ;
#7378 = VECTOR ( 'NONE', #6717, 1000.000000000000227 ) ;
#7379 = ORIENTED_EDGE ( 'NONE', *, *, #4662, .F. ) ;
#7380 = EDGE_CURVE ( 'NONE', #1685, #3548, #7056, .T. ) ;
#7381 = ORIENTED_EDGE ( 'NONE', *, *, #3456, .T. ) ;
#7382 = ADVANCED_FACE ( 'NONE', ( #4426 ), #21, .F. ) ;
#7383 = VECTOR ( 'NONE', #7811, 1000.000000000000000 ) ;
#7384 = CARTESIAN_POINT ( 'NONE',  ( 2.469350262772739057, 0.4372871566690347267, 2.397499999999999964 ) ) ;
#7385 = LINE ( 'NONE', #5439, #4552 ) ;
#7386 = PLANE ( 'NONE',  #2318 ) ;
#7387 =( LENGTH_UNIT ( ) NAMED_UNIT ( * ) SI_UNIT ( .MILLI., .METRE. ) );
#7388 = AXIS2_PLACEMENT_3D ( 'NONE', #246, #1591, #6215 ) ;
#7389 = VECTOR ( 'NONE', #7011, 1000.000000000000000 ) ;
#7390 = ORIENTED_EDGE ( 'NONE', *, *, #1821, .F. ) ;
#7391 = VERTEX_POINT ( 'NONE', #1827 ) ;
#7392 = EDGE_CURVE ( 'NONE', #7266, #4198, #7023, .T. ) ;
#7393 = CARTESIAN_POINT ( 'NONE',  ( -1.600000000000001199, 1.000000000000000222, -1.899999999999995470 ) ) ;
#7394 = AXIS2_PLACEMENT_3D ( 'NONE', #6199, #45, #132 ) ;
#7395 = CARTESIAN_POINT ( 'NONE',  ( -2.200000000000000622, 0.5525000000000013234, -2.152500000000000302 ) ) ;
#7396 = CARTESIAN_POINT ( 'NONE',  ( -2.519533705154928249, 0.2499999999999996669, -1.747500000000000275 ) ) ;
#7397 = ADVANCED_FACE ( 'NONE', ( #4483 ), #7135, .F. ) ;
#7398 = VECTOR ( 'NONE', #4642, 1000.000000000000000 ) ;
#7399 = DIRECTION ( 'NONE',  ( 0.000000000000000000, 1.000000000000000000, 0.000000000000000000 ) ) ;
#7400 = CIRCLE ( 'NONE', #2392, 0.1554449592500702360 ) ;
#7401 = CARTESIAN_POINT ( 'NONE',  ( -2.319201962066644640, 0.3970550407499311429, 1.747499999999999387 ) ) ;
#7402 = LINE ( 'NONE', #1842, #7414 ) ;
#7403 = AXIS2_PLACEMENT_3D ( 'NONE', #2008, #6759, #2580 ) ;
#7404 = ORIENTED_EDGE ( 'NONE', *, *, #4423, .T. ) ;
#7405 = ORIENTED_EDGE ( 'NONE', *, *, #6781, .F. ) ;
#7406 = CARTESIAN_POINT ( 'NONE',  ( 3.199999999999999734, 0.1446467872876750493, 2.397499999999999964 ) ) ;
#7407 = CARTESIAN_POINT ( 'NONE',  ( -2.809741250672937785, 0.3277608774589687579, -0.2025000000000004297 ) ) ;
#7408 =( GEOMETRIC_REPRESENTATION_CONTEXT ( 3 ) GLOBAL_UNCERTAINTY_ASSIGNED_CONTEXT ( ( #5637 ) ) GLOBAL_UNIT_ASSIGNED_CONTEXT ( ( #3862, #7462, #4450 ) ) REPRESENTATION_CONTEXT ( 'NONE', 'WORKASPACE' ) );
#7409 = AXIS2_PLACEMENT_3D ( 'NONE', #5984, #4944, #6649 ) ;
#7410 = VECTOR ( 'NONE', #6565, 1000.000000000000000 ) ;
#7411 = EDGE_CURVE ( 'NONE', #839, #4820, #7202, .T. ) ;
#7412 = CARTESIAN_POINT ( 'NONE',  ( 2.788783269761455852, 0.02804778702932084894, -1.502500000000000391 ) ) ;
#7413 = LINE ( 'NONE', #1557, #2323 ) ;
#7414 = VECTOR ( 'NONE', #2370, 1000.000000000000000 ) ;
#7415 = ORIENTED_EDGE ( 'NONE', *, *, #5919, .T. ) ;
#7416 = CARTESIAN_POINT ( 'NONE',  ( 2.788783269761455852, 0.02804778702932090445, 0.2024999999999995692 ) ) ;
#7417 = ORIENTED_EDGE ( 'NONE', *, *, #1784, .F. ) ;
#7418 = DIRECTION ( 'NONE',  ( 0.000000000000000000, 0.000000000000000000, 1.000000000000000000 ) ) ;
#7419 = CARTESIAN_POINT ( 'NONE',  ( 2.469350262772739502, 0.4372871566690347822, 1.747499999999999387 ) ) ;
#7420 = CARTESIAN_POINT ( 'NONE',  ( -2.809741250672937785, 0.3277608774589687579, -2.397500000000000409 ) ) ;
#7421 = DIRECTION ( 'NONE',  ( -0.9975640502598243087, -0.06975647374412488610, 0.000000000000000000 ) ) ;
#7422 = FACE_OUTER_BOUND ( 'NONE', #7696, .T. ) ;
#7423 = CARTESIAN_POINT ( 'NONE',  ( 2.798897958454353851, 0.1726945743169953640, 2.152499999999999858 ) ) ;
#7424 = CIRCLE ( 'NONE', #3146, 0.1554449592500702360 ) ;
#7425 = FACE_OUTER_BOUND ( 'NONE', #458, .T. ) ;
#7426 = ORIENTED_EDGE ( 'NONE', *, *, #4378, .F. ) ;
#7427 = ADVANCED_FACE ( 'NONE', ( #4438, #7108 ), #6174, .T. ) ;
#7428 = ORIENTED_EDGE ( 'NONE', *, *, #3055, .F. ) ;
#7429 = FILL_AREA_STYLE_COLOUR ( '', #2300 ) ;
#7430 = DIRECTION ( 'NONE',  ( 0.000000000000000000, 0.000000000000000000, 1.000000000000000000 ) ) ;
#7431 = VECTOR ( 'NONE', #1552, 1000.000000000000000 ) ;
#7432 = CARTESIAN_POINT ( 'NONE',  ( -2.319201962066644640, 0.3970550407499311429, 2.152499999999999858 ) ) ;
#7433 = STYLED_ITEM ( 'NONE', ( #1202 ), #2344 ) ;
#7434 = LINE ( 'NONE', #7608, #2196 ) ;
#7435 = DIRECTION ( 'NONE',  ( -0.000000000000000000, 0.000000000000000000, -1.000000000000000000 ) ) ;
#7436 = DIRECTION ( 'NONE',  ( 0.000000000000000000, 1.000000000000000000, 0.000000000000000000 ) ) ;
#7437 = CYLINDRICAL_SURFACE ( 'NONE', #5677, 0.1554449592500702360 ) ;
#7438 = ORIENTED_EDGE ( 'NONE', *, *, #3047, .F. ) ;
#7439 = DIRECTION ( 'NONE',  ( 0.000000000000000000, -1.000000000000000000, 0.000000000000000000 ) ) ;
#7440 = VERTEX_POINT ( 'NONE', #2934 ) ;
#7441 = DIRECTION ( 'NONE',  ( 0.000000000000000000, 0.000000000000000000, 1.000000000000000000 ) ) ;
#7442 = ADVANCED_FACE ( 'NONE', ( #1868 ), #1280, .F. ) ;
#7443 = CARTESIAN_POINT ( 'NONE',  ( 2.319201962066644640, 0.3970550407499311429, 2.397499999999999964 ) ) ;
#7444 = DIRECTION ( 'NONE',  ( -1.000000000000000000, 0.000000000000000000, 2.602085213965212614E-16 ) ) ;
#7445 = CARTESIAN_POINT ( 'NONE',  ( 2.809741250672937785, 0.3277608774589687579, -1.502500000000000391 ) ) ;
#7446 = DIRECTION ( 'NONE',  ( 0.2588190451025186856, -0.9659258262890688673, 0.000000000000000000 ) ) ;
#7447 = CIRCLE ( 'NONE', #6247, 0.3004449592500699762 ) ;
#7448 = AXIS2_PLACEMENT_3D ( 'NONE', #578, #3745, #6876 ) ;
#7449 = VECTOR ( 'NONE', #6365, 1000.000000000000000 ) ;
#7450 = ORIENTED_EDGE ( 'NONE', *, *, #4446, .F. ) ;
#7451 = EDGE_CURVE ( 'NONE', #5804, #4994, #1877, .T. ) ;
#7452 = ORIENTED_EDGE ( 'NONE', *, *, #1099, .F. ) ;
#7453 = CARTESIAN_POINT ( 'NONE',  ( 2.609409507584654175, 0.4748159182089002894, -0.4475000000000003975 ) ) ;
#7454 =( GEOMETRIC_REPRESENTATION_CONTEXT ( 3 ) GLOBAL_UNCERTAINTY_ASSIGNED_CONTEXT ( ( #746 ) ) GLOBAL_UNIT_ASSIGNED_CONTEXT ( ( #2217, #4149, #5842 ) ) REPRESENTATION_CONTEXT ( 'NONE', 'WORKASPACE' ) );
#7455 = DIRECTION ( 'NONE',  ( 0.9975640502598243087, 0.06975647374412477508, -0.000000000000000000 ) ) ;
#7456 = EDGE_CURVE ( 'NONE', #6780, #1178, #4494, .T. ) ;
#7457 = LINE ( 'NONE', #5164, #2078 ) ;
#7458 = CARTESIAN_POINT ( 'NONE',  ( -2.469350262772739057, 0.4372871566690347267, 2.397499999999999964 ) ) ;
#7459 = DIRECTION ( 'NONE',  ( 0.000000000000000000, -0.000000000000000000, -1.000000000000000000 ) ) ;
#7460 = LINE ( 'NONE', #4631, #7528 ) ;
#7461 = EDGE_LOOP ( 'NONE', ( #7645, #2433, #7571, #3750 ) ) ;
#7462 =( NAMED_UNIT ( * ) PLANE_ANGLE_UNIT ( ) SI_UNIT ( $, .RADIAN. ) );
#7463 = ORIENTED_EDGE ( 'NONE', *, *, #4197, .T. ) ;
#7464 = CARTESIAN_POINT ( 'NONE',  ( -2.798897958454353851, 0.1726945743169953640, -1.502500000000000391 ) ) ;
#7465 = EDGE_CURVE ( 'NONE', #7868, #5241, #4534, .T. ) ;
#7466 = AXIS2_PLACEMENT_3D ( 'NONE', #659, #1346, #3054 ) ;
#7467 = DIRECTION ( 'NONE',  ( 0.06975647374412523305, -0.9975640502598241977, 0.000000000000000000 ) ) ;
#7468 = EDGE_CURVE ( 'NONE', #1618, #247, #7122, .T. ) ;
#7469 = CARTESIAN_POINT ( 'NONE',  ( 2.469350262772739057, 0.4372871566690347267, -0.4475000000000003975 ) ) ;
#7470 = CARTESIAN_POINT ( 'NONE',  ( 2.319201962066644640, 0.3970550407499311429, 0.4474999999999995648 ) ) ;
#7471 = EDGE_CURVE ( 'NONE', #3648, #2437, #7188, .T. ) ;
#7472 = FACE_OUTER_BOUND ( 'NONE', #5098, .T. ) ;
#7473 = CARTESIAN_POINT ( 'NONE',  ( 3.199999999999999734, 0.1446467872876750493, -1.747500000000000275 ) ) ;
#7474 = CIRCLE ( 'NONE', #1818, 0.1554449592500702360 ) ;
#7475 = FACE_OUTER_BOUND ( 'NONE', #4406, .T. ) ;
#7476 = EDGE_LOOP ( 'NONE', ( #3286, #6309, #3340, #2636 ) ) ;
#7477 = EDGE_CURVE ( 'NONE', #1210, #3388, #1888, .T. ) ;
#7478 = VERTEX_POINT ( 'NONE', #1867 ) ;
#7479 = DIRECTION ( 'NONE',  ( 1.000000000000000000, 0.000000000000000000, 0.000000000000000000 ) ) ;
#7480 = DIRECTION ( 'NONE',  ( -0.2588190451025209060, 0.9659258262890683122, 0.000000000000000000 ) ) ;
#7481 = FACE_OUTER_BOUND ( 'NONE', #5733, .T. ) ;
#7482 = DIRECTION ( 'NONE',  ( -0.9975640502598243087, -0.06975647374412477508, 0.000000000000000000 ) ) ;
#7483 = ADVANCED_FACE ( 'NONE', ( #7165 ), #6700, .F. ) ;
#7484 = VECTOR ( 'NONE', #7370, 1000.000000000000000 ) ;
#7485 = DIRECTION ( 'NONE',  ( -2.602085213965212614E-16, -0.000000000000000000, -1.000000000000000000 ) ) ;
#7486 = PLANE ( 'NONE',  #5278 ) ;
#7487 = PLANE ( 'NONE',  #570 ) ;
#7488 = ORIENTED_EDGE ( 'NONE', *, *, #1843, .F. ) ;
#7489 = DIRECTION ( 'NONE',  ( -0.2588190451025209060, -0.9659258262890683122, 0.000000000000000000 ) ) ;
#7490 = DIRECTION ( 'NONE',  ( 0.000000000000000000, -0.000000000000000000, -1.000000000000000000 ) ) ;
#7491 = ADVANCED_FACE ( 'NONE', ( #1932 ), #2405, .F. ) ;
#7492 = ORIENTED_EDGE ( 'NONE', *, *, #3169, .T. ) ;
#7493 = EDGE_CURVE ( 'NONE', #3444, #3784, #4550, .T. ) ;
#7494 = DIRECTION ( 'NONE',  ( 1.000000000000000000, 0.000000000000000000, 0.000000000000000000 ) ) ;
#7495 = DIRECTION ( 'NONE',  ( 1.000000000000000000, 0.000000000000000000, 0.000000000000000000 ) ) ;
#7496 = DIRECTION ( 'NONE',  ( 0.2588190451025209060, -0.9659258262890683122, 0.000000000000000000 ) ) ;
#7497 = AXIS2_PLACEMENT_3D ( 'NONE', #7420, #6923, #1402 ) ;
#7498 = CYLINDRICAL_SURFACE ( 'NONE', #7311, 0.3004449592500699762 ) ;
#7499 = DIRECTION ( 'NONE',  ( -1.000000000000000000, 0.000000000000000000, 0.000000000000000000 ) ) ;
#7500 = CIRCLE ( 'NONE', #4777, 0.3004449592500699762 ) ;
#7501 = DIRECTION ( 'NONE',  ( -1.000000000000000000, 9.095506094768336076E-16, 0.000000000000000000 ) ) ;
#7502 = LINE ( 'NONE', #4565, #4959 ) ;
#7503 = LINE ( 'NONE', #7073, #7449 ) ;
#7504 = ORIENTED_EDGE ( 'NONE', *, *, #4799, .T. ) ;
#7505 = CARTESIAN_POINT ( 'NONE',  ( -2.319201962066644640, 0.6975000000000013411, -0.2025000000000004297 ) ) ;
#7506 = ORIENTED_EDGE ( 'NONE', *, *, #4023, .T. ) ;
#7507 = EDGE_CURVE ( 'NONE', #3784, #4231, #7176, .T. ) ;
#7508 = DIRECTION ( 'NONE',  ( -0.9975640502598243087, -0.06975647374412488610, 0.000000000000000000 ) ) ;
#7509 = ADVANCED_FACE ( 'NONE', ( #4559 ), #447, .F. ) ;
#7510 = FACE_OUTER_BOUND ( 'NONE', #5230, .T. ) ;
#7511 = DIRECTION ( 'NONE',  ( 0.06975647374412523305, -0.9975640502598241977, 0.000000000000000000 ) ) ;
#7512 = LINE ( 'NONE', #5339, #7626 ) ;
#7513 = ORIENTED_EDGE ( 'NONE', *, *, #7518, .F. ) ;
#7514 = CARTESIAN_POINT ( 'NONE',  ( 3.199999999999999734, 0.1446467872876750493, 0.8524999999999994804 ) ) ;
#7515 = ORIENTED_EDGE ( 'NONE', *, *, #6155, .F. ) ;
#7516 = DIRECTION ( 'NONE',  ( -0.000000000000000000, -0.000000000000000000, -1.000000000000000000 ) ) ;
#7517 = DIRECTION ( 'NONE',  ( 0.000000000000000000, -0.000000000000000000, -1.000000000000000000 ) ) ;
#7518 = EDGE_CURVE ( 'NONE', #441, #6069, #7215, .T. ) ;
#7519 = DIRECTION ( 'NONE',  ( 0.000000000000000000, -0.000000000000000000, -1.000000000000000000 ) ) ;
#7520 = DIRECTION ( 'NONE',  ( -0.000000000000000000, -0.000000000000000000, -1.000000000000000000 ) ) ;
#7521 = VECTOR ( 'NONE', #4544, 1000.000000000000000 ) ;
#7522 = CYLINDRICAL_SURFACE ( 'NONE', #6446, 0.3004449592500699762 ) ;
#7523 = ORIENTED_EDGE ( 'NONE', *, *, #1619, .T. ) ;
#7524 = ORIENTED_EDGE ( 'NONE', *, *, #3037, .T. ) ;
#7525 = AXIS2_PLACEMENT_3D ( 'NONE', #6291, #4027, #4454 ) ;
#7526 = DIRECTION ( 'NONE',  ( -0.06975647374412523305, -0.9975640502598241977, 0.000000000000000000 ) ) ;
#7527 = CARTESIAN_POINT ( 'NONE',  ( 2.519533705154928249, 0.2499999999999996669, -2.152500000000000302 ) ) ;
#7528 = VECTOR ( 'NONE', #5205, 1000.000000000000000 ) ;
#7529 = DIRECTION ( 'NONE',  ( -0.000000000000000000, -0.000000000000000000, -1.000000000000000000 ) ) ;
#7530 = COLOUR_RGB ( '',0.8000000000000000444, 0.8196078431372548767, 0.9333333333333333481 ) ;
#7531 = DIRECTION ( 'NONE',  ( -0.000000000000000000, -0.000000000000000000, -1.000000000000000000 ) ) ;
#7532 = ORIENTED_EDGE ( 'NONE', *, *, #6394, .F. ) ;
#7533 = CARTESIAN_POINT ( 'NONE',  ( -2.469350262772739057, 0.4372871566690347267, -0.8525000000000003686 ) ) ;
#7534 = VERTEX_POINT ( 'NONE', #3292 ) ;
#7535 = CARTESIAN_POINT ( 'NONE',  ( 3.189885311307101734, 6.428775942946129489E-16, 2.397499999999999964 ) ) ;
#7536 = DIRECTION ( 'NONE',  ( 8.673617379884044100E-17, -0.000000000000000000, 1.000000000000000000 ) ) ;
#7537 = EDGE_CURVE ( 'NONE', #2546, #5916, #4611, .T. ) ;
#7538 = CARTESIAN_POINT ( 'NONE',  ( 2.798897958454353851, 0.1726945743169953640, 0.2024999999999995692 ) ) ;
#7539 = EDGE_CURVE ( 'NONE', #695, #2813, #2195, .T. ) ;
#7540 = ADVANCED_FACE ( 'NONE', ( #7472 ), #1662, .F. ) ;
#7541 = DIRECTION ( 'NONE',  ( -1.000000000000000000, 0.000000000000000000, 0.000000000000000000 ) ) ;
#7542 = AXIS2_PLACEMENT_3D ( 'NONE', #1120, #907, #3424 ) ;
#7543 = DIRECTION ( 'NONE',  ( 1.000000000000000000, 0.000000000000000000, -0.000000000000000000 ) ) ;
#7544 = FACE_OUTER_BOUND ( 'NONE', #6258, .T. ) ;
#7545 = ORIENTED_EDGE ( 'NONE', *, *, #2713, .F. ) ;
#7546 = EDGE_CURVE ( 'NONE', #5444, #517, #4705, .T. ) ;
#7547 = ADVANCED_FACE ( 'NONE', ( #2130 ), #2101, .F. ) ;
#7548 = DIRECTION ( 'NONE',  ( -0.000000000000000000, 1.000000000000000000, -0.000000000000000000 ) ) ;
#7549 = VERTEX_POINT ( 'NONE', #5049 ) ;
#7550 = CARTESIAN_POINT ( 'NONE',  ( -2.809741250672937785, 0.3277608774589687579, -0.8525000000000003686 ) ) ;
#7551 = VECTOR ( 'NONE', #511, 1000.000000000000000 ) ;
#7552 = LINE ( 'NONE', #1634, #5025 ) ;
#7553 = ADVANCED_BREP_SHAPE_REPRESENTATION ( 'MLX90376GGO-ABA-600-RE', ( #6785, #1995, #1109, #654, #3961, #2251, #2881, #6130, #7052, #3185, #4296, #4742, #5053, #6062, #4236, #7298, #3524, #2344, #5185, #2019 ), #526 ) ;
#7554 = VERTEX_POINT ( 'NONE', #7606 ) ;
#7555 = EDGE_CURVE ( 'NONE', #7478, #1665, #2116, .T. ) ;
#7556 = CARTESIAN_POINT ( 'NONE',  ( 2.609409507584654175, 0.4748159182089002894, 1.097499999999999476 ) ) ;
#7557 = ORIENTED_EDGE ( 'NONE', *, *, #6353, .F. ) ;
#7558 = CARTESIAN_POINT ( 'NONE',  ( 2.609409507584654175, 0.4748159182089002894, -1.502500000000000391 ) ) ;
#7559 = CARTESIAN_POINT ( 'NONE',  ( -3.199999999999999734, 0.1446467872876750493, -0.2025000000000004297 ) ) ;
#7560 = EDGE_CURVE ( 'NONE', #395, #7534, #2092, .T. ) ;
#7561 = ADVANCED_FACE ( 'NONE', ( #2252 ), #1502, .F. ) ;
#7562 = CARTESIAN_POINT ( 'NONE',  ( -2.809741250672937785, 0.3277608774589687579, -2.152500000000000302 ) ) ;
#7563 = DIRECTION ( 'NONE',  ( -1.000000000000000000, 0.000000000000000000, 0.000000000000000000 ) ) ;
#7564 = CARTESIAN_POINT ( 'NONE',  ( 2.609409507584654175, 0.4748159182089002894, 0.4474999999999995648 ) ) ;
#7565 = EDGE_CURVE ( 'NONE', #1178, #2867, #4727, .T. ) ;
#7566 = DIRECTION ( 'NONE',  ( -0.000000000000000000, 0.000000000000000000, -1.000000000000000000 ) ) ;
#7567 = LINE ( 'NONE', #1667, #2253 ) ;
#7568 = VECTOR ( 'NONE', #1086, 1000.000000000000000 ) ;
#7569 = ORIENTED_EDGE ( 'NONE', *, *, #4733, .F. ) ;
#7570 = CARTESIAN_POINT ( 'NONE',  ( -2.319201962066644640, 0.3970550407499311429, 1.502499999999999503 ) ) ;
#7571 = ORIENTED_EDGE ( 'NONE', *, *, #2634, .F. ) ;
#7572 =( NAMED_UNIT ( * ) PLANE_ANGLE_UNIT ( ) SI_UNIT ( $, .RADIAN. ) );
#7573 = ORIENTED_EDGE ( 'NONE', *, *, #7656, .F. ) ;
#7574 = CARTESIAN_POINT ( 'NONE',  ( 2.519533705154928249, 0.2499999999999996669, -1.502500000000000391 ) ) ;
#7575 = EDGE_CURVE ( 'NONE', #4619, #3140, #4740, .T. ) ;
#7576 = CIRCLE ( 'NONE', #2062, 0.3004449592500699762 ) ;
#7577 = PLANE ( 'NONE',  #7739 ) ;
#7578 = DIRECTION ( 'NONE',  ( -0.000000000000000000, -0.000000000000000000, -1.000000000000000000 ) ) ;
#7579 = DIRECTION ( 'NONE',  ( -1.000000000000000000, 0.000000000000000000, 0.000000000000000000 ) ) ;
#7580 = VERTEX_POINT ( 'NONE', #6917 ) ;
#7581 = CARTESIAN_POINT ( 'NONE',  ( 2.659592949966843367, 0.2875287615398652852, -1.502500000000000391 ) ) ;
#7582 = AXIS2_PLACEMENT_3D ( 'NONE', #4853, #4456, #5004 ) ;
#7583 = DIRECTION ( 'NONE',  ( -0.000000000000000000, -0.000000000000000000, -1.000000000000000000 ) ) ;
#7584 = ORIENTED_EDGE ( 'NONE', *, *, #831, .T. ) ;
#7585 = VERTEX_POINT ( 'NONE', #6234 ) ;
#7586 = CARTESIAN_POINT ( 'NONE',  ( 2.200000000000000622, 0.6975000000000013411, -1.747500000000000275 ) ) ;
#7587 = CARTESIAN_POINT ( 'NONE',  ( -2.200000000000000622, 0.5525000000000013234, -0.2025000000000004297 ) ) ;
#7588 = VERTEX_POINT ( 'NONE', #2627 ) ;
#7589 = SURFACE_STYLE_FILL_AREA ( #2067 ) ;
#7590 = CARTESIAN_POINT ( 'NONE',  ( 1.499999999999999556, 4.492640687119285658, 1.499999999999997780 ) ) ;
#7591 = DIRECTION ( 'NONE',  ( -0.2588190451025186856, 0.9659258262890688673, 0.000000000000000000 ) ) ;
#7592 = EDGE_CURVE ( 'NONE', #2321, #5536, #2104, .T. ) ;
#7593 = ORIENTED_EDGE ( 'NONE', *, *, #1323, .F. ) ;
#7594 = CARTESIAN_POINT ( 'NONE',  ( 2.788783269761455852, 0.02804778702932084894, 1.097499999999999476 ) ) ;
#7595 = EDGE_LOOP ( 'NONE', ( #5553, #5965, #2474, #7504 ) ) ;
#7596 = ORIENTED_EDGE ( 'NONE', *, *, #1212, .F. ) ;
#7597 = ORIENTED_EDGE ( 'NONE', *, *, #7507, .F. ) ;
#7598 = CARTESIAN_POINT ( 'NONE',  ( 2.319201962066644640, 0.5525000000000012124, 1.502499999999999503 ) ) ;
#7599 = AXIS2_PLACEMENT_3D ( 'NONE', #7211, #5372, #2781 ) ;
#7600 = FACE_OUTER_BOUND ( 'NONE', #2946, .T. ) ;
#7601 = CIRCLE ( 'NONE', #7343, 0.1554449592500702360 ) ;
#7602 = ORIENTED_EDGE ( 'NONE', *, *, #6955, .F. ) ;
#7603 = CARTESIAN_POINT ( 'NONE',  ( -2.609409507584654175, 0.4748159182089002894, 1.097499999999999476 ) ) ;
#7604 = ADVANCED_FACE ( 'NONE', ( #4767 ), #6963, .T. ) ;
#7605 = ORIENTED_EDGE ( 'NONE', *, *, #2681, .F. ) ;
#7606 = CARTESIAN_POINT ( 'NONE',  ( -2.609409507584654175, 0.4748159182089002894, 0.8524999999999994804 ) ) ;
#7607 = ORIENTED_EDGE ( 'NONE', *, *, #6985, .T. ) ;
#7608 = CARTESIAN_POINT ( 'NONE',  ( -2.659592949966843367, 0.2875287615398652852, 0.4474999999999995648 ) ) ;
#7609 = DIRECTION ( 'NONE',  ( 0.06975647374412477508, 0.9975640502598243087, 0.000000000000000000 ) ) ;
#7610 = ORIENTED_EDGE ( 'NONE', *, *, #2694, .T. ) ;
#7611 = DIRECTION ( 'NONE',  ( -0.06975647374412523305, -0.9975640502598241977, 0.000000000000000000 ) ) ;
#7612 = FACE_OUTER_BOUND ( 'NONE', #1550, .T. ) ;
#7613 = LINE ( 'NONE', #4666, #7677 ) ;
#7614 = AXIS2_PLACEMENT_3D ( 'NONE', #6521, #3644, #3421 ) ;
#7615 = ORIENTED_EDGE ( 'NONE', *, *, #2660, .T. ) ;
#7616 = DIRECTION ( 'NONE',  ( 0.06975647374412521917, 0.9975640502598241977, 0.000000000000000000 ) ) ;
#7617 = EDGE_LOOP ( 'NONE', ( #3662, #708, #7605, #3141 ) ) ;
#7618 = AXIS2_PLACEMENT_3D ( 'NONE', #6329, #2566, #4787 ) ;
#7619 = ORIENTED_EDGE ( 'NONE', *, *, #2174, .F. ) ;
#7620 = ADVANCED_FACE ( 'NONE', ( #4758 ), #1608, .F. ) ;
#7621 = DIRECTION ( 'NONE',  ( 0.000000000000000000, -0.000000000000000000, -1.000000000000000000 ) ) ;
#7622 = DIRECTION ( 'NONE',  ( 0.9659258262890688673, 0.2588190451025186856, 0.000000000000000000 ) ) ;
#7623 = ORIENTED_EDGE ( 'NONE', *, *, #7139, .T. ) ;
#7624 = FACE_OUTER_BOUND ( 'NONE', #2567, .T. ) ;
#7625 = CARTESIAN_POINT ( 'NONE',  ( -2.319201962066644640, 0.3970550407499311429, 2.152499999999999858 ) ) ;
#7626 = VECTOR ( 'NONE', #24, 1000.000000000000000 ) ;
#7627 = DIRECTION ( 'NONE',  ( 1.000000000000000000, 0.000000000000000000, 0.000000000000000000 ) ) ;
#7628 = VERTEX_POINT ( 'NONE', #6338 ) ;
#7629 = EDGE_CURVE ( 'NONE', #6427, #2702, #7347, .T. ) ;
#7630 = CARTESIAN_POINT ( 'NONE',  ( -2.798897958454353851, 0.1726945743169953640, -0.8525000000000003686 ) ) ;
#7631 = ORIENTED_EDGE ( 'NONE', *, *, #7834, .F. ) ;
#7632 = EDGE_CURVE ( 'NONE', #2210, #5994, #7457, .T. ) ;
#7633 = ORIENTED_EDGE ( 'NONE', *, *, #65, .F. ) ;
#7634 = AXIS2_PLACEMENT_3D ( 'NONE', #7241, #1883, #2326 ) ;
#7635 = EDGE_CURVE ( 'NONE', #5754, #5235, #4804, .T. ) ;
#7636 = CARTESIAN_POINT ( 'NONE',  ( -2.319201962066644640, 0.6975000000000013411, -0.4475000000000003975 ) ) ;
#7637 = DIRECTION ( 'NONE',  ( -1.000000000000000000, 0.000000000000000000, 0.000000000000000000 ) ) ;
#7638 = EDGE_CURVE ( 'NONE', #5457, #6859, #7374, .T. ) ;
#7639 = EDGE_LOOP ( 'NONE', ( #2345, #2274, #7661, #3762 ) ) ;
#7640 = CARTESIAN_POINT ( 'NONE',  ( -2.798897958454353851, 0.1726945743169953640, -2.152500000000000302 ) ) ;
#7641 = CIRCLE ( 'NONE', #6645, 0.1554449592500702360 ) ;
#7642 = CARTESIAN_POINT ( 'NONE',  ( -2.319201962066644640, 0.3970550407499311429, 1.747499999999999387 ) ) ;
#7643 = ORIENTED_EDGE ( 'NONE', *, *, #7031, .F. ) ;
#7644 = CARTESIAN_POINT ( 'NONE',  ( -2.200000000000000622, 0.6975000000000013411, -1.502500000000000391 ) ) ;
#7645 = ORIENTED_EDGE ( 'NONE', *, *, #3501, .T. ) ;
#7646 = ORIENTED_EDGE ( 'NONE', *, *, #5326, .T. ) ;
#7647 = EDGE_CURVE ( 'NONE', #7035, #3879, #2261, .T. ) ;
#7648 = ORIENTED_EDGE ( 'NONE', *, *, #7686, .F. ) ;
#7649 = CARTESIAN_POINT ( 'NONE',  ( -3.199999999999999734, 0.1446467872876750493, -2.152500000000000302 ) ) ;
#7650 = EDGE_CURVE ( 'NONE', #3729, #4834, #4684, .T. ) ;
#7651 = FACE_OUTER_BOUND ( 'NONE', #2658, .T. ) ;
#7652 = ORIENTED_EDGE ( 'NONE', *, *, #6921, .F. ) ;
#7653 = EDGE_LOOP ( 'NONE', ( #7623, #1467, #1439, #6005 ) ) ;
#7654 = DIRECTION ( 'NONE',  ( 0.9975640502598243087, 0.06975647374412523305, -0.000000000000000000 ) ) ;
#7655 = DIRECTION ( 'NONE',  ( -1.000000000000000000, 0.000000000000000000, 0.000000000000000000 ) ) ;
#7656 = EDGE_CURVE ( 'NONE', #2189, #185, #4749, .T. ) ;
#7657 = ORIENTED_EDGE ( 'NONE', *, *, #40, .T. ) ;
#7658 = PLANE ( 'NONE',  #3484 ) ;
#7659 = DIRECTION ( 'NONE',  ( -0.2035585949527792815, 0.9576678948579724349, 0.2035585949527793370 ) ) ;
#7660 = DIRECTION ( 'NONE',  ( 1.000000000000000000, 9.095506094768336076E-16, -0.000000000000000000 ) ) ;
#7661 = ORIENTED_EDGE ( 'NONE', *, *, #7373, .F. ) ;
#7662 = CARTESIAN_POINT ( 'NONE',  ( -2.319201962066644640, 0.3970550407499311429, -1.097500000000000364 ) ) ;
#7663 = CARTESIAN_POINT ( 'NONE',  ( -2.659592949966843367, 0.2875287615398652852, 0.4474999999999995648 ) ) ;
#7664 = LINE ( 'NONE', #3974, #2557 ) ;
#7665 = PRESENTATION_STYLE_ASSIGNMENT (( #4095 ) ) ;
#7666 = ORIENTED_EDGE ( 'NONE', *, *, #7647, .F. ) ;
#7667 = DIRECTION ( 'NONE',  ( 0.9975640502598243087, 0.06975647374412477508, -0.000000000000000000 ) ) ;
#7668 = ADVANCED_FACE ( 'NONE', ( #2177 ), #7498, .T. ) ;
#7669 = ORIENTED_EDGE ( 'NONE', *, *, #5844, .T. ) ;
#7670 = EDGE_CURVE ( 'NONE', #917, #5249, #2218, .T. ) ;
#7671 = CIRCLE ( 'NONE', #2351, 0.3004449592500699762 ) ;
#7672 = EDGE_LOOP ( 'NONE', ( #286, #508, #372, #7327 ) ) ;
#7673 = ORIENTED_EDGE ( 'NONE', *, *, #4882, .T. ) ;
#7674 = FACE_OUTER_BOUND ( 'NONE', #234, .T. ) ;
#7675 = DIRECTION ( 'NONE',  ( -0.000000000000000000, -0.000000000000000000, -1.000000000000000000 ) ) ;
#7676 = DIRECTION ( 'NONE',  ( 0.2588190451025186856, 0.9659258262890688673, -0.000000000000000000 ) ) ;
#7677 = VECTOR ( 'NONE', #341, 1000.000000000000000 ) ;
#7678 = CARTESIAN_POINT ( 'NONE',  ( 2.798897958454353851, 0.1726945743169953640, -0.4475000000000003975 ) ) ;
#7679 = EDGE_LOOP ( 'NONE', ( #5860, #2940, #4753, #7381 ) ) ;
#7680 = DIRECTION ( 'NONE',  ( -0.000000000000000000, -0.000000000000000000, -1.000000000000000000 ) ) ;
#7681 = DIRECTION ( 'NONE',  ( -1.000000000000000000, 0.000000000000000000, 0.000000000000000000 ) ) ;
#7682 = ORIENTED_EDGE ( 'NONE', *, *, #1922, .T. ) ;
#7683 = VECTOR ( 'NONE', #6238, 1000.000000000000000 ) ;
#7684 = ORIENTED_EDGE ( 'NONE', *, *, #670, .T. ) ;
#7685 = ADVANCED_FACE ( 'NONE', ( #7422 ), #5392, .F. ) ;
#7686 = EDGE_CURVE ( 'NONE', #6551, #441, #4846, .T. ) ;
#7687 = CARTESIAN_POINT ( 'NONE',  ( -2.319201962066644640, 0.3970550407499311429, -0.2025000000000004297 ) ) ;
#7688 = DIRECTION ( 'NONE',  ( -0.000000000000000000, -0.000000000000000000, -1.000000000000000000 ) ) ;
#7689 = AXIS2_PLACEMENT_3D ( 'NONE', #5713, #339, #1035 ) ;
#7690 = VERTEX_POINT ( 'NONE', #7236 ) ;
#7691 = CARTESIAN_POINT ( 'NONE',  ( -2.200000000000000622, 0.6975000000000013411, -2.152500000000000302 ) ) ;
#7692 = LINE ( 'NONE', #6620, #7807 ) ;
#7693 = CARTESIAN_POINT ( 'NONE',  ( 2.609409507584654175, 0.4748159182089002894, -2.152500000000000302 ) ) ;
#7694 = ORIENTED_EDGE ( 'NONE', *, *, #5255, .T. ) ;
#7695 = PLANE ( 'NONE',  #2155 ) ;
#7696 = EDGE_LOOP ( 'NONE', ( #5927, #4989, #2289, #5869 ) ) ;
#7697 = CARTESIAN_POINT ( 'NONE',  ( -2.609409507584654175, 0.4748159182089002894, -0.2025000000000004297 ) ) ;
#7698 = CARTESIAN_POINT ( 'NONE',  ( -1.500000000000000444, 0.2500000000000006661, -1.500000000000003109 ) ) ;
#7699 = PRESENTATION_STYLE_ASSIGNMENT (( #2958 ) ) ;
#7700 = LINE ( 'NONE', #25, #2751 ) ;
#7701 = AXIS2_PLACEMENT_3D ( 'NONE', #5403, #6141, #676 ) ;
#7702 = VERTEX_POINT ( 'NONE', #1753 ) ;
#7703 = ORIENTED_EDGE ( 'NONE', *, *, #6766, .F. ) ;
#7704 = DIRECTION ( 'NONE',  ( -1.000000000000000000, 9.095506094768336076E-16, 0.000000000000000000 ) ) ;
#7705 = LINE ( 'NONE', #4285, #7849 ) ;
#7706 = ORIENTED_EDGE ( 'NONE', *, *, #7493, .T. ) ;
#7707 = VERTEX_POINT ( 'NONE', #4279 ) ;
#7708 = DIRECTION ( 'NONE',  ( -0.000000000000000000, -0.000000000000000000, -1.000000000000000000 ) ) ;
#7709 = CARTESIAN_POINT ( 'NONE',  ( 2.200000000000000622, 0.5525000000000013234, -0.4475000000000003975 ) ) ;
#7710 = VECTOR ( 'NONE', #5017, 1000.000000000000000 ) ;
#7711 = DIRECTION ( 'NONE',  ( 0.06975647374412521917, 0.9975640502598241977, 0.000000000000000000 ) ) ;
#7712 = LINE ( 'NONE', #2270, #2523 ) ;
#7713 = ORIENTED_EDGE ( 'NONE', *, *, #2969, .F. ) ;
#7714 = CARTESIAN_POINT ( 'NONE',  ( -2.609409507584654175, 0.4748159182089002894, -1.502500000000000391 ) ) ;
#7715 = AXIS2_PLACEMENT_3D ( 'NONE', #3583, #4216, #4762 ) ;
#7716 = CARTESIAN_POINT ( 'NONE',  ( -2.200000000000000622, 0.6975000000000013411, 1.747499999999999387 ) ) ;
#7717 = CARTESIAN_POINT ( 'NONE',  ( 2.200000000000000622, 0.5525000000000013234, 0.4474999999999995648 ) ) ;
#7718 = EDGE_CURVE ( 'NONE', #5178, #5975, #4782, .T. ) ;
#7719 = VERTEX_POINT ( 'NONE', #2848 ) ;
#7720 = DIRECTION ( 'NONE',  ( 0.000000000000000000, 0.9781476007338055778, -0.2079116908177597867 ) ) ;
#7721 = DIRECTION ( 'NONE',  ( -0.000000000000000000, -0.000000000000000000, -1.000000000000000000 ) ) ;
#7722 = LINE ( 'NONE', #3005, #1893 ) ;
#7723 = AXIS2_PLACEMENT_3D ( 'NONE', #4431, #7490, #2601 ) ;
#7724 = ORIENTED_EDGE ( 'NONE', *, *, #55, .F. ) ;
#7725 = DIRECTION ( 'NONE',  ( -0.9975640502598243087, 0.06975647374412523305, 0.000000000000000000 ) ) ;
#7726 = EDGE_CURVE ( 'NONE', #6317, #2638, #4858, .T. ) ;
#7727 = ORIENTED_EDGE ( 'NONE', *, *, #5244, .T. ) ;
#7728 = VECTOR ( 'NONE', #2908, 1000.000000000000000 ) ;
#7729 = VECTOR ( 'NONE', #513, 1000.000000000000000 ) ;
#7730 = ORIENTED_EDGE ( 'NONE', *, *, #610, .T. ) ;
#7731 = DIRECTION ( 'NONE',  ( 0.06975647374412477508, 0.9975640502598243087, 0.000000000000000000 ) ) ;
#7732 = DIRECTION ( 'NONE',  ( 1.000000000000000000, 0.000000000000000000, -0.000000000000000000 ) ) ;
#7733 = VERTEX_POINT ( 'NONE', #2804 ) ;
#7734 = LINE ( 'NONE', #6356, #4943 ) ;
#7735 = ADVANCED_FACE ( 'NONE', ( #7510 ), #3694, .F. ) ;
#7736 = EDGE_CURVE ( 'NONE', #4193, #3071, #2185, .T. ) ;
#7737 = CIRCLE ( 'NONE', #3905, 0.3004449592500699762 ) ;
#7738 = CARTESIAN_POINT ( 'NONE',  ( 2.809741250672937785, 0.3277608774589687579, 1.747499999999999387 ) ) ;
#7739 = AXIS2_PLACEMENT_3D ( 'NONE', #5605, #3323, #6986 ) ;
#7740 = ORIENTED_EDGE ( 'NONE', *, *, #5058, .F. ) ;
#7741 = CARTESIAN_POINT ( 'NONE',  ( -2.788783269761455852, 0.02804778702932090445, 1.747499999999999387 ) ) ;
#7742 = ORIENTED_EDGE ( 'NONE', *, *, #319, .F. ) ;
#7743 = EDGE_CURVE ( 'NONE', #3281, #5002, #4792, .T. ) ;
#7744 = VECTOR ( 'NONE', #2486, 1000.000000000000000 ) ;
#7745 = VECTOR ( 'NONE', #6219, 1000.000000000000000 ) ;
#7746 = ORIENTED_EDGE ( 'NONE', *, *, #2176, .T. ) ;
#7747 = DIRECTION ( 'NONE',  ( -0.000000000000000000, -0.000000000000000000, -1.000000000000000000 ) ) ;
#7748 = CARTESIAN_POINT ( 'NONE',  ( -2.809741250672937785, 0.3277608774589687579, 2.152499999999999858 ) ) ;
#7749 = EDGE_LOOP ( 'NONE', ( #6784, #5825, #6505, #1459 ) ) ;
#7750 = DIRECTION ( 'NONE',  ( -0.000000000000000000, -1.000000000000000000, -0.000000000000000000 ) ) ;
#7751 = VECTOR ( 'NONE', #7145, 1000.000000000000000 ) ;
#7752 = VERTEX_POINT ( 'NONE', #5868 ) ;
#7753 = CARTESIAN_POINT ( 'NONE',  ( -2.798897958454353851, 0.1726945743169953640, -2.397500000000000409 ) ) ;
#7754 = CLOSED_SHELL ( 'NONE', ( #6819, #855, #3952, #4724, #7397, #7735, #4878, #1674, #7214, #6227, #5374, #4607, #1148, #560 ) ) ;
#7755 = CARTESIAN_POINT ( 'NONE',  ( 2.319201962066644640, 0.5525000000000012124, 1.747499999999999387 ) ) ;
#7756 = DIRECTION ( 'NONE',  ( -0.9975640502598243087, 0.06975647374412523305, 0.000000000000000000 ) ) ;
#7757 = EDGE_CURVE ( 'NONE', #2124, #4008, #2065, .T. ) ;
#7758 = ORIENTED_EDGE ( 'NONE', *, *, #1583, .F. ) ;
#7759 = ADVANCED_FACE ( 'NONE', ( #2206 ), #4651, .F. ) ;
#7760 = VERTEX_POINT ( 'NONE', #6614 ) ;
#7761 = CARTESIAN_POINT ( 'NONE',  ( 1.499999999999999556, 0.1500000000000006606, 1.499999999999997780 ) ) ;
#7762 = ORIENTED_EDGE ( 'NONE', *, *, #5054, .F. ) ;
#7763 = AXIS2_PLACEMENT_3D ( 'NONE', #2427, #6134, #3599 ) ;
#7764 = ORIENTED_EDGE ( 'NONE', *, *, #5064, .T. ) ;
#7765 = DIRECTION ( 'NONE',  ( -1.000000000000000000, 0.000000000000000000, 0.000000000000000000 ) ) ;
#7766 = FACE_OUTER_BOUND ( 'NONE', #5864, .T. ) ;
#7767 = DIRECTION ( 'NONE',  ( -0.000000000000000000, 0.000000000000000000, 1.000000000000000000 ) ) ;
#7768 = FACE_OUTER_BOUND ( 'NONE', #5710, .T. ) ;
#7769 = VERTEX_POINT ( 'NONE', #4772 ) ;
#7770 = CARTESIAN_POINT ( 'NONE',  ( -1.500000000000000000, 0.2500000000000002220, 1.499999999999997780 ) ) ;
#7771 =( NAMED_UNIT ( * ) SI_UNIT ( $, .STERADIAN. ) SOLID_ANGLE_UNIT ( ) );
#7772 = PRESENTATION_LAYER_ASSIGNMENT (  '', '', ( #1410 ) ) ;
#7773 = CARTESIAN_POINT ( 'NONE',  ( -2.200000000000000622, 0.5525000000000013234, -0.8525000000000003686 ) ) ;
#7774 = VERTEX_POINT ( 'NONE', #5350 ) ;
#7775 = CARTESIAN_POINT ( 'NONE',  ( -2.319201962066644640, 0.3970550407499311429, 2.152499999999999858 ) ) ;
#7776 = VECTOR ( 'NONE', #4736, 1000.000000000000000 ) ;
#7777 = ORIENTED_EDGE ( 'NONE', *, *, #1311, .T. ) ;
#7778 = VERTEX_POINT ( 'NONE', #1300 ) ;
#7779 = LINE ( 'NONE', #1247, #5222 ) ;
#7780 = AXIS2_PLACEMENT_3D ( 'NONE', #15, #3100, #5144 ) ;
#7781 = VERTEX_POINT ( 'NONE', #6006 ) ;
#7782 = CARTESIAN_POINT ( 'NONE',  ( -2.659592949966843367, 0.2875287615398652852, -0.8525000000000003686 ) ) ;
#7783 = ORIENTED_EDGE ( 'NONE', *, *, #2022, .T. ) ;
#7784 = FACE_OUTER_BOUND ( 'NONE', #6674, .T. ) ;
#7785 = VERTEX_POINT ( 'NONE', #527 ) ;
#7786 = DIRECTION ( 'NONE',  ( -1.000000000000000000, 9.095506094768336076E-16, 0.000000000000000000 ) ) ;
#7787 = DIRECTION ( 'NONE',  ( 0.000000000000000000, 1.000000000000000000, 0.000000000000000000 ) ) ;
#7788 = ORIENTED_EDGE ( 'NONE', *, *, #1130, .T. ) ;
#7789 = FACE_OUTER_BOUND ( 'NONE', #7863, .T. ) ;
#7790 = ORIENTED_EDGE ( 'NONE', *, *, #6746, .F. ) ;
#7791 = CARTESIAN_POINT ( 'NONE',  ( 2.659592949966843367, 0.2875287615398652852, -0.2025000000000004297 ) ) ;
#7792 = CARTESIAN_POINT ( 'NONE',  ( 2.809741250672937785, 0.3277608774589687579, 1.097499999999999476 ) ) ;
#7793 = CARTESIAN_POINT ( 'NONE',  ( 2.609409507584654175, 0.4748159182089002894, 1.747499999999999387 ) ) ;
#7794 = ORIENTED_EDGE ( 'NONE', *, *, #2645, .F. ) ;
#7795 = CARTESIAN_POINT ( 'NONE',  ( 2.809741250672937785, 0.3277608774589687579, 0.8524999999999994804 ) ) ;
#7796 = CARTESIAN_POINT ( 'NONE',  ( 2.609409507584654175, 0.4748159182089002894, 2.397499999999999964 ) ) ;
#7797 = AXIS2_PLACEMENT_3D ( 'NONE', #6429, #7579, #7118 ) ;
#7798 = ORIENTED_EDGE ( 'NONE', *, *, #116, .T. ) ;
#7799 = PLANE ( 'NONE',  #6847 ) ;
#7800 = ORIENTED_EDGE ( 'NONE', *, *, #1057, .T. ) ;
#7801 = CARTESIAN_POINT ( 'NONE',  ( 2.809741250672937785, 0.3277608774589687579, -0.2025000000000004297 ) ) ;
#7802 = CARTESIAN_POINT ( 'NONE',  ( 2.469350262772739057, 0.4372871566690347267, 0.8524999999999994804 ) ) ;
#7803 = ORIENTED_EDGE ( 'NONE', *, *, #5692, .F. ) ;
#7804 = CARTESIAN_POINT ( 'NONE',  ( -2.469350262772739502, 0.4372871566690347822, 0.8524999999999994804 ) ) ;
#7805 = VERTEX_POINT ( 'NONE', #1237 ) ;
#7806 = DIRECTION ( 'NONE',  ( -0.9975640502598243087, -0.06975647374412488610, 0.000000000000000000 ) ) ;
#7807 = VECTOR ( 'NONE', #4691, 1000.000000000000000 ) ;
#7808 = EDGE_LOOP ( 'NONE', ( #525, #6368, #6589, #4066 ) ) ;
#7809 = AXIS2_PLACEMENT_3D ( 'NONE', #5588, #7517, #783 ) ;
#7810 = ORIENTED_EDGE ( 'NONE', *, *, #7451, .F. ) ;
#7811 = DIRECTION ( 'NONE',  ( 1.000000000000000000, 0.000000000000000000, 0.000000000000000000 ) ) ;
#7812 = EDGE_CURVE ( 'NONE', #6791, #677, #4817, .T. ) ;
#7813 = DIRECTION ( 'NONE',  ( -1.000000000000000000, 0.000000000000000000, 0.000000000000000000 ) ) ;
#7814 = DIRECTION ( 'NONE',  ( 0.000000000000000000, -0.000000000000000000, -1.000000000000000000 ) ) ;
#7815 = EDGE_LOOP ( 'NONE', ( #6414, #3592, #6529, #6140 ) ) ;
#7816 = AXIS2_PLACEMENT_3D ( 'NONE', #178, #4779, #85 ) ;
#7817 = ADVANCED_FACE ( 'NONE', ( #7481 ), #4864, .F. ) ;
#7818 = CARTESIAN_POINT ( 'NONE',  ( 2.469350262772739502, 0.4372871566690347822, -1.502500000000000391 ) ) ;
#7819 = DIRECTION ( 'NONE',  ( -0.2588190451025186856, -0.9659258262890688673, 0.000000000000000000 ) ) ;
#7820 = CARTESIAN_POINT ( 'NONE',  ( -2.319201962066644640, 0.5525000000000012124, -2.152500000000000302 ) ) ;
#7821 = EDGE_CURVE ( 'NONE', #137, #7440, #4636, .T. ) ;
#7822 = VERTEX_POINT ( 'NONE', #3242 ) ;
#7823 = DIRECTION ( 'NONE',  ( -0.000000000000000000, -0.000000000000000000, -1.000000000000000000 ) ) ;
#7824 = CARTESIAN_POINT ( 'NONE',  ( 2.788783269761455852, 0.02804778702932090445, 0.8524999999999994804 ) ) ;
#7825 = LINE ( 'NONE', #2372, #2622 ) ;
#7826 = ORIENTED_EDGE ( 'NONE', *, *, #960, .F. ) ;
#7827 = DIRECTION ( 'NONE',  ( 0.000000000000000000, 0.000000000000000000, 1.000000000000000000 ) ) ;
#7828 = ORIENTED_EDGE ( 'NONE', *, *, #5634, .F. ) ;
#7829 = DIRECTION ( 'NONE',  ( -0.000000000000000000, 1.000000000000000000, -0.000000000000000000 ) ) ;
#7830 = CYLINDRICAL_SURFACE ( 'NONE', #3691, 0.3004449592500699762 ) ;
#7831 = CLOSED_SHELL ( 'NONE', ( #1781, #3780, #6053, #7561, #4120, #6866, #876, #6619, #294, #3667, #2004, #482, #3290, #1373 ) ) ;
#7832 = CARTESIAN_POINT ( 'NONE',  ( -2.609409507584654175, 0.4748159182089002894, 1.502499999999999503 ) ) ;
#7833 = DIRECTION ( 'NONE',  ( -1.000000000000000000, 0.000000000000000000, 0.000000000000000000 ) ) ;
#7834 = EDGE_CURVE ( 'NONE', #7313, #7707, #2239, .T. ) ;
#7835 = ORIENTED_EDGE ( 'NONE', *, *, #7629, .F. ) ;
#7836 = EDGE_CURVE ( 'NONE', #6859, #6374, #7273, .T. ) ;
#7837 = LINE ( 'NONE', #5604, #7874 ) ;
#7838 = ORIENTED_EDGE ( 'NONE', *, *, #1194, .F. ) ;
#7839 = PLANE ( 'NONE',  #1632 ) ;
#7840 = PLANE ( 'NONE',  #4781 ) ;
#7841 = ORIENTED_EDGE ( 'NONE', *, *, #298, .F. ) ;
#7842 = EDGE_CURVE ( 'NONE', #2467, #1829, #4675, .T. ) ;
#7843 = CIRCLE ( 'NONE', #3052, 0.1554449592500702360 ) ;
#7844 = ORIENTED_EDGE ( 'NONE', *, *, #3486, .T. ) ;
#7845 = DIRECTION ( 'NONE',  ( -0.000000000000000000, -0.000000000000000000, -1.000000000000000000 ) ) ;
#7846 = PLANE ( 'NONE',  #7780 ) ;
#7847 = ORIENTED_EDGE ( 'NONE', *, *, #2192, .T. ) ;
#7848 = PLANE ( 'NONE',  #5290 ) ;
#7849 = VECTOR ( 'NONE', #6722, 1000.000000000000000 ) ;
#7850 = ORIENTED_EDGE ( 'NONE', *, *, #4746, .F. ) ;
#7851 = CARTESIAN_POINT ( 'NONE',  ( -2.798897958454353851, 0.1726945743169953640, -1.097500000000000364 ) ) ;
#7852 = CLOSED_SHELL ( 'NONE', ( #7302, #6393, #4951, #7382, #7759, #7442, #203, #1003, #2644, #103, #3443, #4935, #6750, #4893 ) ) ;
#7853 = CARTESIAN_POINT ( 'NONE',  ( 2.809741250672937785, 0.3277608774589687579, 1.747499999999999387 ) ) ;
#7854 = DIRECTION ( 'NONE',  ( -0.9975640502598243087, -0.06975647374412477508, 0.000000000000000000 ) ) ;
#7855 = DIRECTION ( 'NONE',  ( -0.000000000000000000, -0.000000000000000000, -1.000000000000000000 ) ) ;
#7856 = EDGE_CURVE ( 'NONE', #976, #2585, #7734, .T. ) ;
#7857 = ORIENTED_EDGE ( 'NONE', *, *, #1520, .F. ) ;
#7858 = DIRECTION ( 'NONE',  ( 0.06975647374412523305, -0.9975640502598241977, 0.000000000000000000 ) ) ;
#7859 = AXIS2_PLACEMENT_3D ( 'NONE', #1628, #1199, #2255 ) ;
#7860 = VERTEX_POINT ( 'NONE', #2539 ) ;
#7861 = CARTESIAN_POINT ( 'NONE',  ( 2.200000000000000622, 0.6975000000000013411, 0.4474999999999995648 ) ) ;
#7862 = LINE ( 'NONE', #6403, #5097 ) ;
#7863 = EDGE_LOOP ( 'NONE', ( #2855, #6627, #4287, #1771 ) ) ;
#7864 = ADVANCED_FACE ( 'NONE', ( #4930 ), #4913, .F. ) ;
#7865 = ORIENTED_EDGE ( 'NONE', *, *, #5344, .F. ) ;
#7866 = DIRECTION ( 'NONE',  ( 0.2588190451025186856, 0.9659258262890688673, -0.000000000000000000 ) ) ;
#7867 = SURFACE_SIDE_STYLE ('',( #800 ) ) ;
#7868 = VERTEX_POINT ( 'NONE', #4962 ) ;
#7869 = CARTESIAN_POINT ( 'NONE',  ( -2.788783269761455852, 0.02804778702932084894, -0.8525000000000003686 ) ) ;
#7870 = EDGE_CURVE ( 'NONE', #5916, #5739, #5109, .T. ) ;
#7871 = DIRECTION ( 'NONE',  ( 0.000000000000000000, 0.000000000000000000, 1.000000000000000000 ) ) ;
#7872 = ORIENTED_EDGE ( 'NONE', *, *, #2285, .T. ) ;
#7873 = CARTESIAN_POINT ( 'NONE',  ( 2.199999999999999734, 0.5525000000000013234, 2.500000000000000444 ) ) ;
#7874 = VECTOR ( 'NONE', #6136, 1000.000000000000000 ) ;
#7875 = ORIENTED_EDGE ( 'NONE', *, *, #4123, .T. ) ;
#7876 = CARTESIAN_POINT ( 'NONE',  ( -2.200000000000000622, 0.6975000000000013411, -0.8525000000000003686 ) ) ;
ENDSEC;
END-ISO-10303-21;
