ISO-10303-21;
HEADER;
FILE_DESCRIPTION (( 'STEP AP214' ),
    '1' );
FILE_NAME ('KVU5.STEP',
    '2024-04-12T08:47:49',
    ( '' ),
    ( '' ),
    'SwSTEP 2.0',
    'SolidWorks 2021',
    '' );
FILE_SCHEMA (( 'AUTOMOTIVE_DESIGN' ));
ENDSEC;

DATA;
#1 = FACE_OUTER_BOUND ( 'NONE', #1281, .T. ) ;
#2 = ORIENTED_EDGE ( 'NONE', *, *, #637, .F. ) ;
#3 = FACE_OUTER_BOUND ( 'NONE', #1925, .T. ) ;
#4 = DIRECTION ( 'NONE',  ( 0.000000000000000000, 0.000000000000000000, 1.000000000000000000 ) ) ;
#5 = DIRECTION ( 'NONE',  ( -1.000000000000000000, -0.000000000000000000, 0.000000000000000000 ) ) ;
#6 = EDGE_CURVE ( 'NONE', #1219, #780, #2137, .T. ) ;
#7 = ORIENTED_EDGE ( 'NONE', *, *, #350, .T. ) ;
#8 = DIRECTION ( 'NONE',  ( 0.000000000000000000, 0.000000000000000000, 1.000000000000000000 ) ) ;
#9 = SURFACE_STYLE_USAGE ( .BOTH. , #2786 ) ;
#10 = CARTESIAN_POINT ( 'NONE',  ( 0.8350000000000000755, 1.194999999999991402, 2.047310653434223582 ) ) ;
#11 = DIRECTION ( 'NONE',  ( 0.000000000000000000, 0.9902680687415710281, 0.1391731009600597757 ) ) ;
#12 = DIRECTION ( 'NONE',  ( 0.000000000000000000, 0.000000000000000000, -1.000000000000000000 ) ) ;
#13 = ORIENTED_EDGE ( 'NONE', *, *, #121, .F. ) ;
#14 = VERTEX_POINT ( 'NONE', #2178 ) ;
#15 = EDGE_CURVE ( 'NONE', #2375, #2168, #2571, .T. ) ;
#16 = LINE ( 'NONE', #2549, #794 ) ;
#17 = EDGE_CURVE ( 'NONE', #2820, #1551, #212, .T. ) ;
#18 = LINE ( 'NONE', #458, #836 ) ;
#19 = ORIENTED_EDGE ( 'NONE', *, *, #1059, .F. ) ;
#20 = CARTESIAN_POINT ( 'NONE',  ( 1.974999999999999867, 0.8384935310011981668, 4.166956650574681120 ) ) ;
#21 = CARTESIAN_POINT ( 'NONE',  ( -0.8349999999999999645, 0.5336967668890062466, 5.052500000000000213 ) ) ;
#22 = VERTEX_POINT ( 'NONE', #1943 ) ;
#23 = DIRECTION ( 'NONE',  ( 0.000000000000000000, 0.000000000000000000, -1.000000000000000000 ) ) ;
#24 = PLANE ( 'NONE',  #157 ) ;
#25 = VERTEX_POINT ( 'NONE', #1502 ) ;
#26 = PRODUCT_DEFINITION_FORMATION_WITH_SPECIFIED_SOURCE ( 'ANY', '', #2063, .NOT_KNOWN. ) ;
#27 = ORIENTED_EDGE ( 'NONE', *, *, #448, .T. ) ;
#28 = AXIS2_PLACEMENT_3D ( 'NONE', #2007, #1800, #285 ) ;
#29 = CARTESIAN_POINT ( 'NONE',  ( 1.974999999999999867, 0.000000000000000000, 5.015180286546897293 ) ) ;
#30 = FACE_OUTER_BOUND ( 'NONE', #1934, .T. ) ;
#31 = DIRECTION ( 'NONE',  ( 0.000000000000000000, -0.000000000000000000, -1.000000000000000000 ) ) ;
#32 = EDGE_CURVE ( 'NONE', #523, #691, #1692, .T. ) ;
#33 = ORIENTED_EDGE ( 'NONE', *, *, #1154, .T. ) ;
#34 = DIRECTION ( 'NONE',  ( 0.000000000000000000, 0.000000000000000000, -1.000000000000000000 ) ) ;
#35 = LINE ( 'NONE', #2237, #704 ) ;
#36 = STYLED_ITEM ( 'NONE', ( #1698 ), #361 ) ;
#37 = VECTOR ( 'NONE', #1106, 1000.000000000000000 ) ;
#38 = DIRECTION ( 'NONE',  ( -0.9975640502598237536, 0.06975647374413238011, 0.000000000000000000 ) ) ;
#39 = CARTESIAN_POINT ( 'NONE',  ( -0.8349999999999999645, 1.194999999999991402, 2.047310653434223582 ) ) ;
#40 = ADVANCED_FACE ( 'NONE', ( #2602 ), #1913, .T. ) ;
#41 = ORIENTED_EDGE ( 'NONE', *, *, #987, .F. ) ;
#42 = DIRECTION ( 'NONE',  ( 0.000000000000000000, -0.9063077870366486044, 0.4226182617407022724 ) ) ;
#43 = CARTESIAN_POINT ( 'NONE',  ( -0.8349999999999999645, 0.000000000000000000, 5.015180286546897293 ) ) ;
#44 = SURFACE_STYLE_FILL_AREA ( #1330 ) ;
#45 = DIRECTION ( 'NONE',  ( 0.000000000000000000, 0.000000000000000000, 1.000000000000000000 ) ) ;
#46 = ORIENTED_EDGE ( 'NONE', *, *, #2081, .T. ) ;
#47 = DIRECTION ( 'NONE',  ( 0.000000000000000000, 0.000000000000000000, 1.000000000000000000 ) ) ;
#48 = DIRECTION ( 'NONE',  ( -1.000000000000000000, -0.000000000000000000, -0.000000000000000000 ) ) ;
#49 = CARTESIAN_POINT ( 'NONE',  ( 0.8350000000000000755, 0.5968018044541084643, 4.150055918664121712 ) ) ;
#50 = ORIENTED_EDGE ( 'NONE', *, *, #756, .F. ) ;
#51 = CARTESIAN_POINT ( 'NONE',  ( 2.584999999999999520, 1.194999999999991624, 2.988728652589659696 ) ) ;
#52 = EDGE_CURVE ( 'NONE', #196, #1147, #1487, .T. ) ;
#53 = ORIENTED_EDGE ( 'NONE', *, *, #2461, .T. ) ;
#54 = CARTESIAN_POINT ( 'NONE',  ( 0.3049999999999999933, 1.729999999999991545, 2.122499999999999609 ) ) ;
#55 = PRESENTATION_STYLE_ASSIGNMENT (( #1318 ) ) ;
#56 = AXIS2_PLACEMENT_3D ( 'NONE', #1119, #2035, #47 ) ;
#57 = ORIENTED_EDGE ( 'NONE', *, *, #535, .T. ) ;
#58 = VECTOR ( 'NONE', #745, 1000.000000000000000 ) ;
#59 = DIRECTION ( 'NONE',  ( 1.000000000000000000, 0.000000000000000000, 0.000000000000000000 ) ) ;
#60 = DIRECTION ( 'NONE',  ( 0.000000000000000000, -0.06975647374411894641, 0.9975640502598247528 ) ) ;
#61 = DIRECTION ( 'NONE',  ( 1.000000000000000000, 0.000000000000000000, 0.000000000000000000 ) ) ;
#62 = ADVANCED_FACE ( 'NONE', ( #2691 ), #1603, .T. ) ;
#63 = DIRECTION ( 'NONE',  ( 1.000000000000000000, 0.000000000000000000, 0.000000000000000000 ) ) ;
#64 = ORIENTED_EDGE ( 'NONE', *, *, #1399, .T. ) ;
#65 = PRESENTATION_LAYER_ASSIGNMENT (  '', '', ( #1576 ) ) ;
#66 = DIRECTION ( 'NONE',  ( -1.000000000000000000, -0.000000000000000000, -0.000000000000000000 ) ) ;
#67 = FACE_OUTER_BOUND ( 'NONE', #1412, .T. ) ;
#68 = CIRCLE ( 'NONE', #2084, 0.7772819131103801960 ) ;
#69 = ORIENTED_EDGE ( 'NONE', *, *, #1282, .F. ) ;
#70 = VECTOR ( 'NONE', #2111, 1000.000000000000227 ) ;
#71 = CARTESIAN_POINT ( 'NONE',  ( -2.445000000000000284, 0.5349999999999999201, -3.972500000000000142 ) ) ;
#72 = DIRECTION ( 'NONE',  ( 0.000000000000000000, 0.000000000000000000, 1.000000000000000000 ) ) ;
#73 = STYLED_ITEM ( 'NONE', ( #2020 ), #2718 ) ;
#74 = EDGE_CURVE ( 'NONE', #997, #2524, #2047, .T. ) ;
#75 = ORIENTED_EDGE ( 'NONE', *, *, #1565, .F. ) ;
#76 = PLANE ( 'NONE',  #2730 ) ;
#77 = LINE ( 'NONE', #494, #1715 ) ;
#78 = UNCERTAINTY_MEASURE_WITH_UNIT (LENGTH_MEASURE( 1.000000000000000082E-05 ), #2357, 'distance_accuracy_value', 'NONE');
#79 = AXIS2_PLACEMENT_3D ( 'NONE', #1855, #770, #1214 ) ;
#80 = CARTESIAN_POINT ( 'NONE',  ( 2.584999999999999520, 0.5968018044541084643, 4.150055918664121712 ) ) ;
#81 = COLOUR_RGB ( '',0.7921568627450980005, 0.8196078431372548767, 0.9333333333333333481 ) ;
#82 = ORIENTED_EDGE ( 'NONE', *, *, #2076, .F. ) ;
#83 = CARTESIAN_POINT ( 'NONE',  ( 0.000000000000000000, 0.5350000000000000311, 0.000000000000000000 ) ) ;
#84 = LINE ( 'NONE', #525, #198 ) ;
#85 = EDGE_LOOP ( 'NONE', ( #1593, #1548, #2413, #1079 ) ) ;
#86 = CARTESIAN_POINT ( 'NONE',  ( -3.123784433902335511, 2.390000000000000124, -3.972500000000000142 ) ) ;
#87 = CARTESIAN_POINT ( 'NONE',  ( 2.584999999999999520, 0.000000000000000000, 5.015180286546897293 ) ) ;
#88 = LINE ( 'NONE', #1575, #248 ) ;
#89 = EDGE_CURVE ( 'NONE', #2333, #879, #119, .T. ) ;
#90 =( NAMED_UNIT ( * ) SI_UNIT ( $, .STERADIAN. ) SOLID_ANGLE_UNIT ( ) );
#91 = PRESENTATION_STYLE_ASSIGNMENT (( #1996 ) ) ;
#92 = CARTESIAN_POINT ( 'NONE',  ( 2.584999999999999520, 1.194999999999991402, 2.047310653434223582 ) ) ;
#93 = DIRECTION ( 'NONE',  ( 0.000000000000000000, -2.303338524349784201E-16, -1.000000000000000000 ) ) ;
#94 = EDGE_CURVE ( 'NONE', #2122, #1339, #2404, .T. ) ;
#95 = ORIENTED_EDGE ( 'NONE', *, *, #148, .T. ) ;
#96 = DIRECTION ( 'NONE',  ( 1.000000000000000000, -0.000000000000000000, -0.000000000000000000 ) ) ;
#97 = CARTESIAN_POINT ( 'NONE',  ( -0.3049999999999999933, 1.194999999999991624, 2.988728652589659696 ) ) ;
#98 = AXIS2_PLACEMENT_3D ( 'NONE', #2281, #131, #320 ) ;
#99 = ORIENTED_EDGE ( 'NONE', *, *, #2754, .T. ) ;
#100 = ORIENTED_EDGE ( 'NONE', *, *, #343, .F. ) ;
#101 = CARTESIAN_POINT ( 'NONE',  ( -2.412499999999999645, 7.408208857586099150, -0.2225000000000004752 ) ) ;
#102 = FACE_OUTER_BOUND ( 'NONE', #174, .T. ) ;
#103 = UNCERTAINTY_MEASURE_WITH_UNIT (LENGTH_MEASURE( 1.000000000000000082E-05 ), #692, 'distance_accuracy_value', 'NONE');
#104 =( NAMED_UNIT ( * ) PLANE_ANGLE_UNIT ( ) SI_UNIT ( $, .RADIAN. ) );
#105 = DIRECTION ( 'NONE',  ( -0.000000000000000000, -1.000000000000000000, -0.000000000000000000 ) ) ;
#106 =( NAMED_UNIT ( * ) SI_UNIT ( $, .STERADIAN. ) SOLID_ANGLE_UNIT ( ) );
#107 =( LENGTH_UNIT ( ) NAMED_UNIT ( * ) SI_UNIT ( .MILLI., .METRE. ) );
#108 = ORIENTED_EDGE ( 'NONE', *, *, #2612, .F. ) ;
#109 = CARTESIAN_POINT ( 'NONE',  ( 1.445000000000000062, 1.729999999999991322, 2.988728652589659696 ) ) ;
#110 = PLANE ( 'NONE',  #1713 ) ;
#111 = VECTOR ( 'NONE', #1116, 1000.000000000000227 ) ;
#112 = VECTOR ( 'NONE', #319, 1000.000000000000000 ) ;
#113 = EDGE_LOOP ( 'NONE', ( #114, #82, #1691, #1118 ) ) ;
#114 = ORIENTED_EDGE ( 'NONE', *, *, #1616, .T. ) ;
#115 = PRESENTATION_LAYER_ASSIGNMENT (  '', '', ( #1441 ) ) ;
#116 = CARTESIAN_POINT ( 'NONE',  ( 0.3049999999999999933, 1.729999999999991322, 2.937500000000000000 ) ) ;
#117 = DIRECTION ( 'NONE',  ( 0.000000000000000000, -0.9902680687415710281, -0.1391731009600597480 ) ) ;
#118 = VECTOR ( 'NONE', #1069, 1000.000000000000000 ) ;
#119 = CIRCLE ( 'NONE', #1489, 0.7772819131103801960 ) ;
#120 = PRESENTATION_STYLE_ASSIGNMENT (( #2778 ) ) ;
#121 = EDGE_CURVE ( 'NONE', #1342, #1952, #16, .T. ) ;
#122 = AXIS2_PLACEMENT_3D ( 'NONE', #1752, #2169, #1520 ) ;
#123 = DIRECTION ( 'NONE',  ( 0.000000000000000000, -0.9975640502598247528, -0.06975647374411825252 ) ) ;
#124 = VECTOR ( 'NONE', #1948, 1000.000000000000000 ) ;
#125 = DIRECTION ( 'NONE',  ( 0.000000000000000000, 0.000000000000000000, 1.000000000000000000 ) ) ;
#126 = ORIENTED_EDGE ( 'NONE', *, *, #518, .F. ) ;
#127 = CARTESIAN_POINT ( 'NONE',  ( 2.445000000000000284, 0.000000000000000000, -3.972500000000000142 ) ) ;
#128 = CARTESIAN_POINT ( 'NONE',  ( 2.584999999999999520, 0.06310503756510232876, 4.112736205211018792 ) ) ;
#129 = VERTEX_POINT ( 'NONE', #2214 ) ;
#130 = ORIENTED_EDGE ( 'NONE', *, *, #1552, .F. ) ;
#131 = DIRECTION ( 'NONE',  ( -1.000000000000000000, -0.000000000000000000, -0.000000000000000000 ) ) ;
#132 = CARTESIAN_POINT ( 'NONE',  ( -1.444999999999999840, 0.8384935310011981668, 4.166956650574681120 ) ) ;
#133 = ADVANCED_FACE ( 'NONE', ( #3 ), #1085, .F. ) ;
#134 =( NAMED_UNIT ( * ) PLANE_ANGLE_UNIT ( ) SI_UNIT ( $, .RADIAN. ) );
#135 = ORIENTED_EDGE ( 'NONE', *, *, #148, .F. ) ;
#136 = CARTESIAN_POINT ( 'NONE',  ( 1.974999999999999867, 0.5968018044541084643, 4.150055918664121712 ) ) ;
#137 = DIRECTION ( 'NONE',  ( -1.000000000000000000, -0.000000000000000000, -0.000000000000000000 ) ) ;
#138 = VERTEX_POINT ( 'NONE', #649 ) ;
#139 = DIRECTION ( 'NONE',  ( 0.000000000000000000, -0.06975647374411905743, 0.9975640502598246417 ) ) ;
#140 = DIRECTION ( 'NONE',  ( 1.000000000000000000, 0.000000000000000000, 0.000000000000000000 ) ) ;
#141 = ORIENTED_EDGE ( 'NONE', *, *, #1282, .T. ) ;
#142 = DIRECTION ( 'NONE',  ( 0.000000000000000000, 0.000000000000000000, 1.000000000000000000 ) ) ;
#143 = CARTESIAN_POINT ( 'NONE',  ( -1.975000000000000089, 0.9527180868896116817, 2.988728652589659696 ) ) ;
#144 = VECTOR ( 'NONE', #1678, 1000.000000000000000 ) ;
#145 = AXIS2_PLACEMENT_3D ( 'NONE', #1832, #2262, #994 ) ;
#146 = PLANE ( 'NONE',  #626 ) ;
#147 = SURFACE_SIDE_STYLE ('',( #2116 ) ) ;
#148 = EDGE_CURVE ( 'NONE', #635, #2146, #224, .T. ) ;
#149 = ORIENTED_EDGE ( 'NONE', *, *, #1230, .T. ) ;
#150 = PLANE ( 'NONE',  #79 ) ;
#151 = VERTEX_POINT ( 'NONE', #1522 ) ;
#152 = CARTESIAN_POINT ( 'NONE',  ( -1.975000000000000089, 1.729999999999991545, 2.122499999999999609 ) ) ;
#153 = ORIENTED_EDGE ( 'NONE', *, *, #674, .F. ) ;
#154 = ORIENTED_EDGE ( 'NONE', *, *, #2655, .T. ) ;
#155 = FILL_AREA_STYLE_COLOUR ( '', #2071 ) ;
#156 = CARTESIAN_POINT ( 'NONE',  ( 0.3049999999999999933, 0.9527180868896116817, 2.937500000000000000 ) ) ;
#157 = AXIS2_PLACEMENT_3D ( 'NONE', #1929, #856, #12 ) ;
#158 = AXIS2_PLACEMENT_3D ( 'NONE', #2619, #2347, #614 ) ;
#159 = CARTESIAN_POINT ( 'NONE',  ( -2.584999999999999964, 0.5099999999999997868, 3.462500000000001243 ) ) ;
#160 = SURFACE_STYLE_USAGE ( .BOTH. , #147 ) ;
#161 = EDGE_LOOP ( 'NONE', ( #1989, #1640, #283, #846, #814, #2112, #100, #1388, #1129, #662, #545, #330 ) ) ;
#162 = PLANE ( 'NONE',  #940 ) ;
#163 = ORIENTED_EDGE ( 'NONE', *, *, #1410, .T. ) ;
#164 = VECTOR ( 'NONE', #268, 1000.000000000000000 ) ;
#165 = PLANE ( 'NONE',  #2159 ) ;
#166 = DIRECTION ( 'NONE',  ( 0.000000000000000000, 0.000000000000000000, -1.000000000000000000 ) ) ;
#167 = VECTOR ( 'NONE', #1322, 1000.000000000000000 ) ;
#168 = ORIENTED_EDGE ( 'NONE', *, *, #2711, .F. ) ;
#169 = EDGE_CURVE ( 'NONE', #1037, #2038, #193, .T. ) ;
#170 = CARTESIAN_POINT ( 'NONE',  ( -2.412500000000000089, 0.000000000000000000, -3.972500000000000142 ) ) ;
#171 = CARTESIAN_POINT ( 'NONE',  ( -1.975000000000000089, 1.194999999999991402, 2.047310653434223582 ) ) ;
#172 = DIRECTION ( 'NONE',  ( 1.000000000000000000, 0.000000000000000000, 0.000000000000000000 ) ) ;
#173 = FILL_AREA_STYLE ('',( #2087 ) ) ;
#174 = EDGE_LOOP ( 'NONE', ( #1131, #1729, #811, #573 ) ) ;
#175 = EDGE_CURVE ( 'NONE', #2367, #2660, #1066, .T. ) ;
#176 = FACE_OUTER_BOUND ( 'NONE', #1613, .T. ) ;
#177 = DIRECTION ( 'NONE',  ( 0.000000000000000000, 0.000000000000000000, 1.000000000000000000 ) ) ;
#178 = VERTEX_POINT ( 'NONE', #1553 ) ;
#179 = ORIENTED_EDGE ( 'NONE', *, *, #1095, .F. ) ;
#180 = LINE ( 'NONE', #801, #1671 ) ;
#181 = ADVANCED_FACE ( 'NONE', ( #372 ), #1985, .F. ) ;
#182 = ADVANCED_FACE ( 'NONE', ( #1317 ), #441, .F. ) ;
#183 = ORIENTED_EDGE ( 'NONE', *, *, #2288, .F. ) ;
#184 = CARTESIAN_POINT ( 'NONE',  ( -2.584999999999999964, 1.729999999999991545, 2.122499999999999609 ) ) ;
#185 = VERTEX_POINT ( 'NONE', #876 ) ;
#186 = DIRECTION ( 'NONE',  ( 0.000000000000000000, 0.000000000000000000, 1.000000000000000000 ) ) ;
#187 = CIRCLE ( 'NONE', #56, 0.2422819131103798596 ) ;
#188 = VERTEX_POINT ( 'NONE', #466 ) ;
#189 = VECTOR ( 'NONE', #1689, 1000.000000000000000 ) ;
#190 = SURFACE_STYLE_USAGE ( .BOTH. , #1081 ) ;
#191 = EDGE_CURVE ( 'NONE', #2177, #1767, #2334, .T. ) ;
#192 = ORIENTED_EDGE ( 'NONE', *, *, #1706, .F. ) ;
#193 = LINE ( 'NONE', #677, #2226 ) ;
#194 = LINE ( 'NONE', #1067, #918 ) ;
#195 = CARTESIAN_POINT ( 'NONE',  ( -1.975000000000000089, 0.7361007700312771629, 3.947374666064606963 ) ) ;
#196 = VERTEX_POINT ( 'NONE', #1132 ) ;
#197 = DIRECTION ( 'NONE',  ( -1.000000000000000000, -0.000000000000000000, 0.000000000000000000 ) ) ;
#198 = VECTOR ( 'NONE', #1199, 999.9999999999998863 ) ;
#199 = LINE ( 'NONE', #1476, #1034 ) ;
#200 = DIRECTION ( 'NONE',  ( 0.000000000000000000, -0.000000000000000000, 1.000000000000000000 ) ) ;
#201 = AXIS2_PLACEMENT_3D ( 'NONE', #1957, #4, #2797 ) ;
#202 = ORIENTED_EDGE ( 'NONE', *, *, #722, .F. ) ;
#203 = CIRCLE ( 'NONE', #2806, 0.2422819131103802759 ) ;
#204 = FILL_AREA_STYLE_COLOUR ( '', #2405 ) ;
#205 = CIRCLE ( 'NONE', #480, 0.7772819131103801960 ) ;
#206 = EDGE_CURVE ( 'NONE', #265, #425, #1509, .T. ) ;
#207 = ORIENTED_EDGE ( 'NONE', *, *, #2300, .F. ) ;
#208 = CARTESIAN_POINT ( 'NONE',  ( -0.3049999999999999933, 0.9527180868896116817, 2.988728652589659696 ) ) ;
#209 = CARTESIAN_POINT ( 'NONE',  ( -2.445000000000000284, 7.408208857586099150, -5.052500000000000213 ) ) ;
#210 = AXIS2_PLACEMENT_3D ( 'NONE', #2156, #661, #2189 ) ;
#211 = EDGE_LOOP ( 'NONE', ( #1002, #2370, #755, #607 ) ) ;
#212 = LINE ( 'NONE', #2590, #2450 ) ;
#213 = DIRECTION ( 'NONE',  ( -0.000000000000000000, 0.4226182617407035491, 0.9063077870366481603 ) ) ;
#214 = ORIENTED_EDGE ( 'NONE', *, *, #2268, .T. ) ;
#215 = COLOUR_RGB ( '',0.7921568627450980005, 0.8196078431372548767, 0.9333333333333333481 ) ;
#216 = CARTESIAN_POINT ( 'NONE',  ( -0.8349999999999999645, 1.729999999999991545, 2.122499999999999609 ) ) ;
#217 = CARTESIAN_POINT ( 'NONE',  ( -0.8349999999999999645, 1.194999999999991402, 2.047310653434223582 ) ) ;
#218 = ADVANCED_FACE ( 'NONE', ( #1252 ), #663, .F. ) ;
#219 = ORIENTED_EDGE ( 'NONE', *, *, #2239, .T. ) ;
#220 = EDGE_CURVE ( 'NONE', #1840, #344, #1540, .T. ) ;
#221 = UNCERTAINTY_MEASURE_WITH_UNIT (LENGTH_MEASURE( 1.000000000000000082E-05 ), #1687, 'distance_accuracy_value', 'NONE');
#222 = CARTESIAN_POINT ( 'NONE',  ( -0.8349999999999999645, 1.055110847859532575, 3.208310637099733409 ) ) ;
#223 = ORIENTED_EDGE ( 'NONE', *, *, #1036, .T. ) ;
#224 = LINE ( 'NONE', #1462, #622 ) ;
#225 = DIRECTION ( 'NONE',  ( -1.000000000000000000, -0.000000000000000000, -0.000000000000000000 ) ) ;
#226 = CARTESIAN_POINT ( 'NONE',  ( -1.444999999999999840, 1.729999999999991322, 2.988728652589659696 ) ) ;
#227 = ORIENTED_EDGE ( 'NONE', *, *, #298, .F. ) ;
#228 = CARTESIAN_POINT ( 'NONE',  ( 0.3049999999999999933, 1.194999999999991402, 2.047310653434223582 ) ) ;
#229 = CARTESIAN_POINT ( 'NONE',  ( 1.974999999999999867, 0.06310503756510232876, 4.112736205211018792 ) ) ;
#230 = LINE ( 'NONE', #643, #2276 ) ;
#231 = CARTESIAN_POINT ( 'NONE',  ( 0.8350000000000000755, 0.8384935310011981668, 4.166956650574681120 ) ) ;
#232 = VERTEX_POINT ( 'NONE', #1956 ) ;
#233 = LINE ( 'NONE', #1112, #1815 ) ;
#234 = EDGE_CURVE ( 'NONE', #1521, #775, #1772, .T. ) ;
#235 = ORIENTED_EDGE ( 'NONE', *, *, #1571, .F. ) ;
#236 = PRESENTATION_LAYER_ASSIGNMENT (  '', '', ( #1108 ) ) ;
#237 = ORIENTED_EDGE ( 'NONE', *, *, #2593, .F. ) ;
#238 = DIRECTION ( 'NONE',  ( -1.000000000000000000, 0.000000000000000000, -1.156482317317871478E-16 ) ) ;
#239 = LINE ( 'NONE', #2657, #2715 ) ;
#240 = CARTESIAN_POINT ( 'NONE',  ( 2.584999999999999520, 1.194999999999991402, 2.047310653434223582 ) ) ;
#241 = ORIENTED_EDGE ( 'NONE', *, *, #15, .T. ) ;
#242 = CARTESIAN_POINT ( 'NONE',  ( 1.974999999999999867, 1.729999999999991545, 2.122499999999999609 ) ) ;
#243 = FACE_OUTER_BOUND ( 'NONE', #2356, .T. ) ;
#244 = EDGE_CURVE ( 'NONE', #1908, #2168, #2201, .T. ) ;
#245 = CARTESIAN_POINT ( 'NONE',  ( 1.445000000000000062, 0.5336967668890062466, 5.052500000000000213 ) ) ;
#246 = CARTESIAN_POINT ( 'NONE',  ( -2.412500000000000089, 0.5350000000000038058, -3.972500000000000142 ) ) ;
#247 = CIRCLE ( 'NONE', #28, 0.2422819131103798596 ) ;
#248 = VECTOR ( 'NONE', #292, 1000.000000000000000 ) ;
#249 = ORIENTED_EDGE ( 'NONE', *, *, #17, .F. ) ;
#250 = CIRCLE ( 'NONE', #1852, 0.2422819131103802759 ) ;
#251 = CARTESIAN_POINT ( 'NONE',  ( -3.299999999999999822, 2.389999999999999680, 2.029743049096424556 ) ) ;
#252 = AXIS2_PLACEMENT_3D ( 'NONE', #1605, #2474, #2249 ) ;
#253 = LINE ( 'NONE', #273, #478 ) ;
#254 = CARTESIAN_POINT ( 'NONE',  ( 1.445000000000000062, 0.7361007700312771629, 3.947374666064606963 ) ) ;
#255 = VERTEX_POINT ( 'NONE', #43 ) ;
#256 = EDGE_CURVE ( 'NONE', #1308, #459, #2426, .T. ) ;
#257 = CLOSED_SHELL ( 'NONE', ( #555, #1516, #2296, #970, #2338, #1738, #467, #1365, #1853, #388, #1950, #993, #2530, #1789 ) ) ;
#258 = DIRECTION ( 'NONE',  ( 1.000000000000000000, 0.000000000000000000, -1.156482317317871478E-16 ) ) ;
#259 = FACE_OUTER_BOUND ( 'NONE', #2129, .T. ) ;
#260 = ADVANCED_FACE ( 'NONE', ( #2244 ), #2469, .F. ) ;
#261 = EDGE_CURVE ( 'NONE', #851, #2557, #2482, .T. ) ;
#262 = AXIS2_PLACEMENT_3D ( 'NONE', #1797, #2665, #1563 ) ;
#263 = DIRECTION ( 'NONE',  ( 0.000000000000000000, 0.000000000000000000, -1.000000000000000000 ) ) ;
#264 = DIRECTION ( 'NONE',  ( 0.000000000000000000, 0.000000000000000000, -1.000000000000000000 ) ) ;
#265 = VERTEX_POINT ( 'NONE', #54 ) ;
#266 = AXIS2_PLACEMENT_3D ( 'NONE', #2014, #2465, #1806 ) ;
#267 = ORIENTED_EDGE ( 'NONE', *, *, #206, .T. ) ;
#268 = DIRECTION ( 'NONE',  ( -1.000000000000000000, -0.000000000000000000, -0.000000000000000000 ) ) ;
#269 = ORIENTED_EDGE ( 'NONE', *, *, #987, .T. ) ;
#270 = ADVANCED_BREP_SHAPE_REPRESENTATION ( 'KVU5', ( #1927, #1685, #707, #1665, #2608, #699, #719, #338 ), #2440 ) ;
#271 = EDGE_CURVE ( 'NONE', #2697, #924, #284, .T. ) ;
#272 = CARTESIAN_POINT ( 'NONE',  ( -0.8349999999999999645, 1.194999999999991402, 2.047310653434223582 ) ) ;
#273 = CARTESIAN_POINT ( 'NONE',  ( -3.299999999999999822, 0.000000000000000000, -3.972500000000000142 ) ) ;
#274 = ORIENTED_EDGE ( 'NONE', *, *, #2583, .F. ) ;
#275 = CARTESIAN_POINT ( 'NONE',  ( -2.412499999999999645, 0.000000000000000000, -0.2225000000000004752 ) ) ;
#276 = ADVANCED_FACE ( 'NONE', ( #1799 ), #1624, .F. ) ;
#277 = DIRECTION ( 'NONE',  ( 0.000000000000000000, 0.000000000000000000, 1.000000000000000000 ) ) ;
#278 = PLANE ( 'NONE',  #266 ) ;
#279 = CARTESIAN_POINT ( 'NONE',  ( -0.3049999999999999933, 1.194999999999991402, 2.047310653434223582 ) ) ;
#280 = ORIENTED_EDGE ( 'NONE', *, *, #752, .F. ) ;
#281 = UNCERTAINTY_MEASURE_WITH_UNIT (LENGTH_MEASURE( 1.000000000000000082E-05 ), #2056, 'distance_accuracy_value', 'NONE');
#282 = CARTESIAN_POINT ( 'NONE',  ( -0.8349999999999999645, 0.000000000000000000, 5.015180286546897293 ) ) ;
#283 = ORIENTED_EDGE ( 'NONE', *, *, #74, .F. ) ;
#284 = LINE ( 'NONE', #1567, #578 ) ;
#285 = DIRECTION ( 'NONE',  ( 0.000000000000000000, 0.000000000000000000, 1.000000000000000000 ) ) ;
#286 = CARTESIAN_POINT ( 'NONE',  ( 1.445000000000000062, 0.8384935310011981668, 4.166956650574681120 ) ) ;
#287 = EDGE_CURVE ( 'NONE', #1648, #730, #2031, .T. ) ;
#288 = COLOUR_RGB ( '',0.2509803921568627416, 0.2509803921568627416, 0.2509803921568627416 ) ;
#289 = VERTEX_POINT ( 'NONE', #2232 ) ;
#290 = VECTOR ( 'NONE', #358, 1000.000000000000000 ) ;
#291 = DIRECTION ( 'NONE',  ( -0.000000000000000000, 0.000000000000000000, 1.000000000000000000 ) ) ;
#292 = DIRECTION ( 'NONE',  ( 0.000000000000000000, -2.503270168319173594E-16, 1.000000000000000000 ) ) ;
#293 = ORIENTED_EDGE ( 'NONE', *, *, #680, .F. ) ;
#294 = DIRECTION ( 'NONE',  ( -1.000000000000000000, -0.000000000000000000, -0.000000000000000000 ) ) ;
#295 = CARTESIAN_POINT ( 'NONE',  ( -1.444999999999999840, 0.9527180868896116817, 2.988728652589659696 ) ) ;
#296 = DIRECTION ( 'NONE',  ( 0.000000000000000000, -0.9063077870366481603, 0.4226182617407035491 ) ) ;
#297 = EDGE_LOOP ( 'NONE', ( #1486, #1050, #1478, #747 ) ) ;
#298 = EDGE_CURVE ( 'NONE', #2038, #1189, #2283, .T. ) ;
#299 = DIRECTION ( 'NONE',  ( -1.000000000000000000, -0.000000000000000000, -0.000000000000000000 ) ) ;
#300 = DIRECTION ( 'NONE',  ( 0.000000000000000000, 0.000000000000000000, 1.000000000000000000 ) ) ;
#301 =( GEOMETRIC_REPRESENTATION_CONTEXT ( 3 ) GLOBAL_UNCERTAINTY_ASSIGNED_CONTEXT ( ( #1394 ) ) GLOBAL_UNIT_ASSIGNED_CONTEXT ( ( #1695, #134, #1228 ) ) REPRESENTATION_CONTEXT ( 'NONE', 'WORKASPACE' ) );
#302 = ORIENTED_EDGE ( 'NONE', *, *, #629, .T. ) ;
#303 = AXIS2_PLACEMENT_3D ( 'NONE', #778, #1891, #1432 ) ;
#304 = LINE ( 'NONE', #109, #690 ) ;
#305 = CARTESIAN_POINT ( 'NONE',  ( 2.584999999999999520, 0.9527180868896116817, 2.988728652589659696 ) ) ;
#306 = ORIENTED_EDGE ( 'NONE', *, *, #637, .T. ) ;
#307 = CARTESIAN_POINT ( 'NONE',  ( 2.584999999999999520, 0.8384935310011981668, 4.166956650574681120 ) ) ;
#308 = COLOUR_RGB ( '',0.2509803921568627416, 0.2509803921568627416, 0.2509803921568627416 ) ;
#309 = VECTOR ( 'NONE', #1809, 999.9999999999998863 ) ;
#310 = DIRECTION ( 'NONE',  ( -1.000000000000000000, -0.000000000000000000, -0.000000000000000000 ) ) ;
#311 = EDGE_CURVE ( 'NONE', #919, #151, #947, .T. ) ;
#312 = MECHANICAL_DESIGN_GEOMETRIC_PRESENTATION_REPRESENTATION (  '', ( #713 ), #2231 ) ;
#313 = EDGE_CURVE ( 'NONE', #232, #572, #1826, .T. ) ;
#314 = ORIENTED_EDGE ( 'NONE', *, *, #2121, .T. ) ;
#315 = DIRECTION ( 'NONE',  ( 0.000000000000000000, -0.000000000000000000, 1.000000000000000000 ) ) ;
#316 = DIRECTION ( 'NONE',  ( 0.000000000000000000, 0.000000000000000000, -1.000000000000000000 ) ) ;
#317 = ORIENTED_EDGE ( 'NONE', *, *, #313, .F. ) ;
#318 = FACE_OUTER_BOUND ( 'NONE', #2760, .T. ) ;
#319 = DIRECTION ( 'NONE',  ( -1.000000000000000000, -0.000000000000000000, -0.000000000000000000 ) ) ;
#320 = DIRECTION ( 'NONE',  ( 0.000000000000000000, 0.000000000000000000, 1.000000000000000000 ) ) ;
#321 = CARTESIAN_POINT ( 'NONE',  ( -2.412500000000000089, 0.5349999999999999201, -3.972500000000000142 ) ) ;
#322 = FILL_AREA_STYLE ('',( #1014 ) ) ;
#323 = SURFACE_SIDE_STYLE ('',( #2049 ) ) ;
#324 = LINE ( 'NONE', #2061, #1019 ) ;
#325 = EDGE_LOOP ( 'NONE', ( #1684, #1801, #1588, #2048 ) ) ;
#326 = VECTOR ( 'NONE', #430, 999.9999999999998863 ) ;
#327 = DIRECTION ( 'NONE',  ( 1.000000000000000000, 0.000000000000000000, 0.000000000000000000 ) ) ;
#328 = CYLINDRICAL_SURFACE ( 'NONE', #1583, 0.2422819131103802759 ) ;
#329 = COLOUR_RGB ( '',0.2509803921568627416, 0.2509803921568627416, 0.2509803921568627416 ) ;
#330 = ORIENTED_EDGE ( 'NONE', *, *, #2558, .F. ) ;
#331 = ORIENTED_EDGE ( 'NONE', *, *, #395, .T. ) ;
#332 = EDGE_CURVE ( 'NONE', #2016, #255, #1611, .T. ) ;
#333 = DIRECTION ( 'NONE',  ( 0.000000000000000000, 1.000000000000000000, -2.303338524349784201E-16 ) ) ;
#334 = DIRECTION ( 'NONE',  ( 1.156482317317871478E-16, -0.000000000000000000, 1.000000000000000000 ) ) ;
#335 = FILL_AREA_STYLE_COLOUR ( '', #832 ) ;
#336 = CARTESIAN_POINT ( 'NONE',  ( -2.412499999999999645, 0.000000000000000000, -0.2225000000000004752 ) ) ;
#337 = DIRECTION ( 'NONE',  ( 1.000000000000000000, 0.000000000000000000, 0.000000000000000000 ) ) ;
#338 = AXIS2_PLACEMENT_3D ( 'NONE', #1064, #177, #2610 ) ;
#339 = VERTEX_POINT ( 'NONE', #510 ) ;
#340 = PLANE ( 'NONE',  #1200 ) ;
#341 = PLANE ( 'NONE',  #2580 ) ;
#342 = AXIS2_PLACEMENT_3D ( 'NONE', #1493, #1534, #1323 ) ;
#343 = EDGE_CURVE ( 'NONE', #1952, #1908, #2072, .T. ) ;
#344 = VERTEX_POINT ( 'NONE', #482 ) ;
#345 = ORIENTED_EDGE ( 'NONE', *, *, #1292, .T. ) ;
#346 = FACE_OUTER_BOUND ( 'NONE', #2205, .T. ) ;
#347 = PLANE ( 'NONE',  #389 ) ;
#348 = PRESENTATION_LAYER_ASSIGNMENT (  '', '', ( #73 ) ) ;
#349 = EDGE_CURVE ( 'NONE', #2290, #2333, #1386, .T. ) ;
#350 = EDGE_CURVE ( 'NONE', #1147, #675, #2273, .T. ) ;
#351 = AXIS2_PLACEMENT_3D ( 'NONE', #272, #921, #1148 ) ;
#352 = CARTESIAN_POINT ( 'NONE',  ( 1.974999999999999867, 0.9527180868896116817, 2.988728652589659696 ) ) ;
#353 = ORIENTED_EDGE ( 'NONE', *, *, #1036, .F. ) ;
#354 = ORIENTED_EDGE ( 'NONE', *, *, #581, .T. ) ;
#355 = DIRECTION ( 'NONE',  ( 0.000000000000000000, 0.000000000000000000, -1.000000000000000000 ) ) ;
#356 = CIRCLE ( 'NONE', #262, 0.2422819131103802759 ) ;
#357 = ORIENTED_EDGE ( 'NONE', *, *, #94, .T. ) ;
#358 = DIRECTION ( 'NONE',  ( 1.156482317317871478E-16, 0.000000000000000000, -1.000000000000000000 ) ) ;
#359 = DIRECTION ( 'NONE',  ( -1.000000000000000000, -0.000000000000000000, -0.000000000000000000 ) ) ;
#360 = ORIENTED_EDGE ( 'NONE', *, *, #2671, .F. ) ;
#361 = ADVANCED_FACE ( 'NONE', ( #1355 ), #1838, .F. ) ;
#362 = CARTESIAN_POINT ( 'NONE',  ( 1.445000000000000062, 1.194999999999991624, 2.988728652589659696 ) ) ;
#363 = LINE ( 'NONE', #2114, #2267 ) ;
#364 = ADVANCED_FACE ( 'NONE', ( #394 ), #162, .F. ) ;
#365 =( NAMED_UNIT ( * ) PLANE_ANGLE_UNIT ( ) SI_UNIT ( $, .RADIAN. ) );
#366 = LINE ( 'NONE', #2739, #2039 ) ;
#367 = ORIENTED_EDGE ( 'NONE', *, *, #581, .F. ) ;
#368 = ORIENTED_EDGE ( 'NONE', *, *, #2671, .T. ) ;
#369 = FACE_OUTER_BOUND ( 'NONE', #686, .T. ) ;
#370 = DIRECTION ( 'NONE',  ( 0.000000000000000000, -2.303338524349784201E-16, -1.000000000000000000 ) ) ;
#371 = ORIENTED_EDGE ( 'NONE', *, *, #535, .F. ) ;
#372 = FACE_OUTER_BOUND ( 'NONE', #2217, .T. ) ;
#373 = CARTESIAN_POINT ( 'NONE',  ( 2.584999999999999520, 1.194999999999991624, 2.988728652589659696 ) ) ;
#374 = FACE_OUTER_BOUND ( 'NONE', #325, .T. ) ;
#375 = VECTOR ( 'NONE', #1026, 1000.000000000000000 ) ;
#376 =( NAMED_UNIT ( * ) SI_UNIT ( $, .STERADIAN. ) SOLID_ANGLE_UNIT ( ) );
#377 = CARTESIAN_POINT ( 'NONE',  ( 1.974999999999999867, 0.5099999999999997868, 3.462500000000001243 ) ) ;
#378 = ORIENTED_EDGE ( 'NONE', *, *, #930, .F. ) ;
#379 = FILL_AREA_STYLE_COLOUR ( '', #2668 ) ;
#380 = EDGE_CURVE ( 'NONE', #675, #1219, #1883, .T. ) ;
#381 = VERTEX_POINT ( 'NONE', #2119 ) ;
#382 = SURFACE_STYLE_USAGE ( .BOTH. , #849 ) ;
#383 = LINE ( 'NONE', #2383, #2767 ) ;
#384 = VERTEX_POINT ( 'NONE', #1258 ) ;
#385 = AXIS2_PLACEMENT_3D ( 'NONE', #2458, #1117, #31 ) ;
#386 = CARTESIAN_POINT ( 'NONE',  ( -0.8349999999999999645, 1.194999999999991624, 2.988728652589659696 ) ) ;
#387 = DIRECTION ( 'NONE',  ( 0.000000000000000000, -0.06975647374411905743, 0.9975640502598246417 ) ) ;
#388 = ADVANCED_FACE ( 'NONE', ( #2564 ), #150, .F. ) ;
#389 = AXIS2_PLACEMENT_3D ( 'NONE', #988, #1679, #1694 ) ;
#390 = VECTOR ( 'NONE', #1635, 1000.000000000000000 ) ;
#391 = CARTESIAN_POINT ( 'NONE',  ( -0.8349999999999999645, 1.055110847859532575, 3.208310637099733409 ) ) ;
#392 = CARTESIAN_POINT ( 'NONE',  ( 0.8350000000000000755, 1.194999999999991624, 2.988728652589659696 ) ) ;
#393 = ORIENTED_EDGE ( 'NONE', *, *, #287, .F. ) ;
#394 = FACE_OUTER_BOUND ( 'NONE', #2664, .T. ) ;
#395 = EDGE_CURVE ( 'NONE', #178, #1308, #1274, .T. ) ;
#396 = EDGE_CURVE ( 'NONE', #1978, #679, #781, .T. ) ;
#397 = AXIS2_PLACEMENT_3D ( 'NONE', #2554, #594, #606 ) ;
#398 = ORIENTED_EDGE ( 'NONE', *, *, #343, .T. ) ;
#399 = VERTEX_POINT ( 'NONE', #136 ) ;
#400 = MECHANICAL_DESIGN_GEOMETRIC_PRESENTATION_REPRESENTATION (  '', ( #2685 ), #1406 ) ;
#401 = CARTESIAN_POINT ( 'NONE',  ( 2.584999999999999520, 0.000000000000000000, 5.015180286546897293 ) ) ;
#402 = COLOUR_RGB ( '',0.2509803921568627416, 0.2509803921568627416, 0.2509803921568627416 ) ;
#403 = ORIENTED_EDGE ( 'NONE', *, *, #2101, .F. ) ;
#404 =( NAMED_UNIT ( * ) SI_UNIT ( $, .STERADIAN. ) SOLID_ANGLE_UNIT ( ) );
#405 = CARTESIAN_POINT ( 'NONE',  ( -0.8349999999999999645, 0.000000000000000000, 5.015180286546897293 ) ) ;
#406 = EDGE_LOOP ( 'NONE', ( #1442, #769, #648, #2002 ) ) ;
#407 = LINE ( 'NONE', #1708, #2638 ) ;
#408 = LINE ( 'NONE', #2819, #2805 ) ;
#409 = VERTEX_POINT ( 'NONE', #1650 ) ;
#410 = DIRECTION ( 'NONE',  ( 0.000000000000000000, 0.06975647374411793333, -0.9975640502598247528 ) ) ;
#411 = VERTEX_POINT ( 'NONE', #2727 ) ;
#412 = CYLINDRICAL_SURFACE ( 'NONE', #1561, 0.2422819131103798596 ) ;
#413 = LINE ( 'NONE', #1939, #2042 ) ;
#414 = ORIENTED_EDGE ( 'NONE', *, *, #1757, .T. ) ;
#415 = SURFACE_STYLE_USAGE ( .BOTH. , #831 ) ;
#416 = LINE ( 'NONE', #2138, #479 ) ;
#417 = ORIENTED_EDGE ( 'NONE', *, *, #976, .F. ) ;
#418 = EDGE_CURVE ( 'NONE', #2235, #2775, #2298, .T. ) ;
#419 = CARTESIAN_POINT ( 'NONE',  ( 1.445000000000000062, 0.5099999999999997868, 3.462500000000001243 ) ) ;
#420 = CARTESIAN_POINT ( 'NONE',  ( -2.412500000000000089, 0.5349999999999999201, -3.972500000000000142 ) ) ;
#421 = VECTOR ( 'NONE', #2102, 1000.000000000000000 ) ;
#422 = ORIENTED_EDGE ( 'NONE', *, *, #2459, .T. ) ;
#423 = VECTOR ( 'NONE', #2700, 1000.000000000000000 ) ;
#424 = PLANE ( 'NONE',  #122 ) ;
#425 = VERTEX_POINT ( 'NONE', #2329 ) ;
#426 = DIRECTION ( 'NONE',  ( 0.000000000000000000, 0.000000000000000000, -1.000000000000000000 ) ) ;
#427 =( NAMED_UNIT ( * ) PLANE_ANGLE_UNIT ( ) SI_UNIT ( $, .RADIAN. ) );
#428 = CARTESIAN_POINT ( 'NONE',  ( -0.8349999999999999645, 0.9527180868896116817, 2.988728652589659696 ) ) ;
#429 = ORIENTED_EDGE ( 'NONE', *, *, #2480, .F. ) ;
#430 = DIRECTION ( 'NONE',  ( 0.000000000000000000, 0.9063077870366481603, -0.4226182617407035491 ) ) ;
#431 = ADVANCED_FACE ( 'NONE', ( #2522 ), #564, .F. ) ;
#432 = DIRECTION ( 'NONE',  ( 0.000000000000000000, -0.9063077870366481603, 0.4226182617407035491 ) ) ;
#433 = ORIENTED_EDGE ( 'NONE', *, *, #825, .T. ) ;
#434 = ADVANCED_FACE ( 'NONE', ( #809 ), #2769, .T. ) ;
#435 = FACE_OUTER_BOUND ( 'NONE', #867, .T. ) ;
#436 = LINE ( 'NONE', #217, #1481 ) ;
#437 = ORIENTED_EDGE ( 'NONE', *, *, #768, .F. ) ;
#438 = VECTOR ( 'NONE', #370, 1000.000000000000000 ) ;
#439 = CARTESIAN_POINT ( 'NONE',  ( 3.123784433902335955, 2.389999999999999680, 2.029743049096424556 ) ) ;
#440 = EDGE_LOOP ( 'NONE', ( #1751, #2323, #949, #331 ) ) ;
#441 = PLANE ( 'NONE',  #982 ) ;
#442 = CLOSED_SHELL ( 'NONE', ( #2254, #1461, #364, #2507, #218, #741 ) ) ;
#443 = CARTESIAN_POINT ( 'NONE',  ( 2.584999999999999520, 1.281211617890809729, 3.693185303164340905 ) ) ;
#444 = VECTOR ( 'NONE', #1954, 1000.000000000000000 ) ;
#445 = ORIENTED_EDGE ( 'NONE', *, *, #901, .T. ) ;
#446 = PRESENTATION_STYLE_ASSIGNMENT (( #415 ) ) ;
#447 = LINE ( 'NONE', #2604, #2722 ) ;
#448 = EDGE_CURVE ( 'NONE', #775, #2009, #2096, .T. ) ;
#449 = DIRECTION ( 'NONE',  ( 0.000000000000000000, 0.06975647374411907131, -0.9975640502598247528 ) ) ;
#450 = LINE ( 'NONE', #1965, #1577 ) ;
#451 = CARTESIAN_POINT ( 'NONE',  ( -3.299999999999999822, 0.5350000000000038058, -3.972500000000000142 ) ) ;
#452 = ORIENTED_EDGE ( 'NONE', *, *, #2083, .T. ) ;
#453 = ORIENTED_EDGE ( 'NONE', *, *, #685, .T. ) ;
#454 = EDGE_CURVE ( 'NONE', #1147, #178, #1232, .T. ) ;
#455 = EDGE_CURVE ( 'NONE', #679, #381, #824, .T. ) ;
#456 = DIRECTION ( 'NONE',  ( 0.000000000000000000, 0.000000000000000000, -1.000000000000000000 ) ) ;
#457 = CARTESIAN_POINT ( 'NONE',  ( 2.584999999999999520, 0.7361007700312771629, 3.947374666064606963 ) ) ;
#458 = CARTESIAN_POINT ( 'NONE',  ( -2.445000000000000284, 7.408208857586099150, -3.972500000000000142 ) ) ;
#459 = VERTEX_POINT ( 'NONE', #439 ) ;
#460 = LINE ( 'NONE', #681, #819 ) ;
#461 = DIRECTION ( 'NONE',  ( 0.000000000000000000, 0.000000000000000000, 1.000000000000000000 ) ) ;
#462 = CARTESIAN_POINT ( 'NONE',  ( -2.412499999999999645, 0.5349999999999999201, -0.2225000000000004752 ) ) ;
#463 = ORIENTED_EDGE ( 'NONE', *, *, #2579, .T. ) ;
#464 = VECTOR ( 'NONE', #2418, 1000.000000000000000 ) ;
#465 = EDGE_LOOP ( 'NONE', ( #642, #280, #2345, #2251 ) ) ;
#466 = CARTESIAN_POINT ( 'NONE',  ( 0.8350000000000000755, 0.5968018044541084643, 4.150055918664121712 ) ) ;
#467 = ADVANCED_FACE ( 'NONE', ( #1 ), #1313, .F. ) ;
#468 = SURFACE_SIDE_STYLE ('',( #2260 ) ) ;
#469 = ADVANCED_FACE ( 'NONE', ( #1711 ), #2410, .F. ) ;
#470 = ORIENTED_EDGE ( 'NONE', *, *, #17, .T. ) ;
#471 = CARTESIAN_POINT ( 'NONE',  ( 1.445000000000000062, 1.194999999999991402, 2.047310653434223582 ) ) ;
#472 = CARTESIAN_POINT ( 'NONE',  ( 0.8350000000000000755, 0.5100000000000000089, 3.462500000000000799 ) ) ;
#473 = CARTESIAN_POINT ( 'NONE',  ( 1.974999999999999867, 0.5336967668890062466, 5.052500000000000213 ) ) ;
#474 = EDGE_CURVE ( 'NONE', #730, #580, #233, .T. ) ;
#475 = ORIENTED_EDGE ( 'NONE', *, *, #2558, .T. ) ;
#476 = DIRECTION ( 'NONE',  ( -0.000000000000000000, 0.4226182617407035491, 0.9063077870366481603 ) ) ;
#477 = MECHANICAL_DESIGN_GEOMETRIC_PRESENTATION_REPRESENTATION (  '', ( #73 ), #1931 ) ;
#478 = VECTOR ( 'NONE', #225, 1000.000000000000000 ) ;
#479 = VECTOR ( 'NONE', #2573, 1000.000000000000000 ) ;
#480 = AXIS2_PLACEMENT_3D ( 'NONE', #295, #2026, #264 ) ;
#481 = EDGE_CURVE ( 'NONE', #2367, #487, #1536, .T. ) ;
#482 = CARTESIAN_POINT ( 'NONE',  ( -1.444999999999999840, 0.06310503756510232876, 4.112736205211018792 ) ) ;
#483 = EDGE_CURVE ( 'NONE', #1562, #2088, #1736, .T. ) ;
#484 = AXIS2_PLACEMENT_3D ( 'NONE', #286, #1101, #45 ) ;
#485 = LINE ( 'NONE', #922, #2171 ) ;
#486 = DIRECTION ( 'NONE',  ( -1.000000000000000000, -0.000000000000000000, -0.000000000000000000 ) ) ;
#487 = VERTEX_POINT ( 'NONE', #222 ) ;
#488 = VECTOR ( 'NONE', #1302, 1000.000000000000000 ) ;
#489 = CARTESIAN_POINT ( 'NONE',  ( 1.974999999999999867, 1.281211617890809729, 3.693185303164340905 ) ) ;
#490 = CARTESIAN_POINT ( 'NONE',  ( -1.975000000000000089, 1.055110847859532575, 3.208310637099733409 ) ) ;
#491 = VECTOR ( 'NONE', #1422, 1000.000000000000000 ) ;
#492 = PRESENTATION_LAYER_ASSIGNMENT (  '', '', ( #990 ) ) ;
#493 = FILL_AREA_STYLE_COLOUR ( '', #1903 ) ;
#494 = CARTESIAN_POINT ( 'NONE',  ( 2.412500000000000089, 0.000000000000000000, -3.972500000000000142 ) ) ;
#495 = ORIENTED_EDGE ( 'NONE', *, *, #2579, .F. ) ;
#496 = ADVANCED_FACE ( 'NONE', ( #176 ), #1063, .F. ) ;
#497 = FILL_AREA_STYLE ('',( #2453 ) ) ;
#498 =( NAMED_UNIT ( * ) PLANE_ANGLE_UNIT ( ) SI_UNIT ( $, .RADIAN. ) );
#499 = DIRECTION ( 'NONE',  ( -1.000000000000000000, 0.000000000000000000, -1.156482317317871478E-16 ) ) ;
#500 = LINE ( 'NONE', #240, #2678 ) ;
#501 = ORIENTED_EDGE ( 'NONE', *, *, #1783, .T. ) ;
#502 = DIRECTION ( 'NONE',  ( 0.000000000000000000, 0.000000000000000000, -1.000000000000000000 ) ) ;
#503 = CARTESIAN_POINT ( 'NONE',  ( -0.8349999999999999645, 0.5099999999999997868, 3.462500000000001243 ) ) ;
#504 = CARTESIAN_POINT ( 'NONE',  ( -1.444999999999999840, 0.5100000000000000089, 3.462500000000000799 ) ) ;
#505 = CARTESIAN_POINT ( 'NONE',  ( 1.974999999999999867, 0.000000000000000000, 5.015180286546897293 ) ) ;
#506 = EDGE_CURVE ( 'NONE', #232, #1304, #2198, .T. ) ;
#507 = UNCERTAINTY_MEASURE_WITH_UNIT (LENGTH_MEASURE( 1.000000000000000082E-05 ), #654, 'distance_accuracy_value', 'NONE');
#508 = LINE ( 'NONE', #80, #164 ) ;
#509 = EDGE_LOOP ( 'NONE', ( #2435, #1659, #2809, #1710, #1429, #1501 ) ) ;
#510 = CARTESIAN_POINT ( 'NONE',  ( -2.412499999999999645, 0.000000000000000000, -0.2225000000000004752 ) ) ;
#511 = FILL_AREA_STYLE_COLOUR ( '', #2624 ) ;
#512 = VECTOR ( 'NONE', #1846, 1000.000000000000000 ) ;
#513 = ORIENTED_EDGE ( 'NONE', *, *, #2584, .T. ) ;
#514 = VECTOR ( 'NONE', #2713, 999.9999999999998863 ) ;
#515 = DIRECTION ( 'NONE',  ( 0.000000000000000000, -1.000000000000000000, -2.503270168319173594E-16 ) ) ;
#516 = DIRECTION ( 'NONE',  ( 0.000000000000000000, -0.9902680687415710281, -0.1391731009600597480 ) ) ;
#517 = ORIENTED_EDGE ( 'NONE', *, *, #735, .T. ) ;
#518 = EDGE_CURVE ( 'NONE', #1219, #2052, #2581, .T. ) ;
#519 = FACE_OUTER_BOUND ( 'NONE', #1065, .T. ) ;
#520 = ADVANCED_FACE ( 'NONE', ( #623 ), #424, .T. ) ;
#521 = DIRECTION ( 'NONE',  ( 0.000000000000000000, 0.9063077870366486044, -0.4226182617407022724 ) ) ;
#522 = LINE ( 'NONE', #1584, #1356 ) ;
#523 = VERTEX_POINT ( 'NONE', #2623 ) ;
#524 = PRESENTATION_STYLE_ASSIGNMENT (( #1411 ) ) ;
#525 = CARTESIAN_POINT ( 'NONE',  ( -1.444999999999999840, 0.5968018044541084643, 4.150055918664121712 ) ) ;
#526 = VECTOR ( 'NONE', #1709, 1000.000000000000000 ) ;
#527 = ORIENTED_EDGE ( 'NONE', *, *, #845, .T. ) ;
#528 = VECTOR ( 'NONE', #1474, 1000.000000000000000 ) ;
#529 = CARTESIAN_POINT ( 'NONE',  ( -2.445000000000000284, 0.5349999999999999201, -5.052500000000000213 ) ) ;
#530 = CARTESIAN_POINT ( 'NONE',  ( 1.445000000000000062, 0.5336967668890062466, 5.052500000000000213 ) ) ;
#531 = VECTOR ( 'NONE', #1754, 1000.000000000000000 ) ;
#532 = CYLINDRICAL_SURFACE ( 'NONE', #98, 0.2422819131103798596 ) ;
#533 = CARTESIAN_POINT ( 'NONE',  ( 2.412500000000000089, 0.5349999999999999201, -3.972500000000000142 ) ) ;
#534 = VECTOR ( 'NONE', #539, 1000.000000000000000 ) ;
#535 = EDGE_CURVE ( 'NONE', #2342, #196, #1982, .T. ) ;
#536 = VECTOR ( 'NONE', #1016, 1000.000000000000000 ) ;
#537 =( LENGTH_UNIT ( ) NAMED_UNIT ( * ) SI_UNIT ( .MILLI., .METRE. ) );
#538 = ORIENTED_EDGE ( 'NONE', *, *, #901, .F. ) ;
#539 = DIRECTION ( 'NONE',  ( -1.000000000000000000, -0.000000000000000000, -0.000000000000000000 ) ) ;
#540 =( NAMED_UNIT ( * ) PLANE_ANGLE_UNIT ( ) SI_UNIT ( $, .RADIAN. ) );
#541 = EDGE_CURVE ( 'NONE', #2277, #983, #2144, .T. ) ;
#542 = VERTEX_POINT ( 'NONE', #1383 ) ;
#543 = CARTESIAN_POINT ( 'NONE',  ( -3.299999999999999822, 2.389999999999999680, -3.842785763844801750 ) ) ;
#544 = LINE ( 'NONE', #586, #112 ) ;
#545 = ORIENTED_EDGE ( 'NONE', *, *, #1675, .F. ) ;
#546 = ORIENTED_EDGE ( 'NONE', *, *, #2493, .F. ) ;
#547 = DIRECTION ( 'NONE',  ( 1.000000000000000000, -0.000000000000000000, -0.000000000000000000 ) ) ;
#548 = FACE_OUTER_BOUND ( 'NONE', #789, .T. ) ;
#549 =( NAMED_UNIT ( * ) PLANE_ANGLE_UNIT ( ) SI_UNIT ( $, .RADIAN. ) );
#550 = PLANE ( 'NONE',  #701 ) ;
#551 = ORIENTED_EDGE ( 'NONE', *, *, #883, .T. ) ;
#552 = EDGE_CURVE ( 'NONE', #255, #558, #2436, .T. ) ;
#553 = PLANE ( 'NONE',  #2120 ) ;
#554 = DIRECTION ( 'NONE',  ( 0.000000000000000000, 0.000000000000000000, -1.000000000000000000 ) ) ;
#555 = ADVANCED_FACE ( 'NONE', ( #2652 ), #2241, .F. ) ;
#556 =( GEOMETRIC_REPRESENTATION_CONTEXT ( 3 ) GLOBAL_UNCERTAINTY_ASSIGNED_CONTEXT ( ( #1999 ) ) GLOBAL_UNIT_ASSIGNED_CONTEXT ( ( #1897, #2556, #1279 ) ) REPRESENTATION_CONTEXT ( 'NONE', 'WORKASPACE' ) );
#557 = VERTEX_POINT ( 'NONE', #715 ) ;
#558 = VERTEX_POINT ( 'NONE', #1370 ) ;
#559 = CARTESIAN_POINT ( 'NONE',  ( 2.445000000000000284, 0.5349999999999999201, -3.972500000000000142 ) ) ;
#560 = PLANE ( 'NONE',  #303 ) ;
#561 = UNCERTAINTY_MEASURE_WITH_UNIT (LENGTH_MEASURE( 1.000000000000000082E-05 ), #1090, 'distance_accuracy_value', 'NONE');
#562 = LINE ( 'NONE', #2104, #1227 ) ;
#563 = ORIENTED_EDGE ( 'NONE', *, *, #2395, .T. ) ;
#564 = PLANE ( 'NONE',  #1680 ) ;
#565 = LINE ( 'NONE', #759, #2128 ) ;
#566 = EDGE_CURVE ( 'NONE', #22, #399, #508, .T. ) ;
#567 = MECHANICAL_DESIGN_GEOMETRIC_PRESENTATION_REPRESENTATION (  '', ( #782 ), #1574 ) ;
#568 = ORIENTED_EDGE ( 'NONE', *, *, #2493, .T. ) ;
#569 = LINE ( 'NONE', #1389, #514 ) ;
#570 = LINE ( 'NONE', #97, #438 ) ;
#571 = AXIS2_PLACEMENT_3D ( 'NONE', #1236, #140, #1875 ) ;
#572 = VERTEX_POINT ( 'NONE', #2001 ) ;
#573 = ORIENTED_EDGE ( 'NONE', *, *, #1706, .T. ) ;
#574 = AXIS2_PLACEMENT_3D ( 'NONE', #684, #726, #521 ) ;
#575 = DIRECTION ( 'NONE',  ( -1.000000000000000000, -0.000000000000000000, -0.000000000000000000 ) ) ;
#576 = CARTESIAN_POINT ( 'NONE',  ( -2.584999999999999964, 1.194999999999991624, 2.988728652589659696 ) ) ;
#577 = PRESENTATION_LAYER_ASSIGNMENT (  '', '', ( #2401 ) ) ;
#578 = VECTOR ( 'NONE', #299, 1000.000000000000000 ) ;
#579 =( GEOMETRIC_REPRESENTATION_CONTEXT ( 3 ) GLOBAL_UNCERTAINTY_ASSIGNED_CONTEXT ( ( #1823 ) ) GLOBAL_UNIT_ASSIGNED_CONTEXT ( ( #758, #549, #106 ) ) REPRESENTATION_CONTEXT ( 'NONE', 'WORKASPACE' ) );
#580 = VERTEX_POINT ( 'NONE', #1171 ) ;
#581 = EDGE_CURVE ( 'NONE', #1339, #2611, #1128, .T. ) ;
#582 = SURFACE_STYLE_FILL_AREA ( #972 ) ;
#583 = VECTOR ( 'NONE', #1492, 1000.000000000000000 ) ;
#584 = CARTESIAN_POINT ( 'NONE',  ( 2.584999999999999520, 0.9527180868896116817, 2.988728652589659696 ) ) ;
#585 = ORIENTED_EDGE ( 'NONE', *, *, #757, .T. ) ;
#586 = CARTESIAN_POINT ( 'NONE',  ( -1.975000000000000089, 1.055110847859532575, 3.208310637099733409 ) ) ;
#587 = ORIENTED_EDGE ( 'NONE', *, *, #2446, .F. ) ;
#588 = DIRECTION ( 'NONE',  ( -1.000000000000000000, -0.000000000000000000, -0.000000000000000000 ) ) ;
#589 = FACE_OUTER_BOUND ( 'NONE', #1336, .T. ) ;
#590 = CARTESIAN_POINT ( 'NONE',  ( 2.445000000000000284, 0.5349999999999999201, -3.972500000000000142 ) ) ;
#591 = SURFACE_SIDE_STYLE ('',( #2738 ) ) ;
#592 = ADVANCED_FACE ( 'NONE', ( #2058 ), #2028, .F. ) ;
#593 = ORIENTED_EDGE ( 'NONE', *, *, #768, .T. ) ;
#594 = DIRECTION ( 'NONE',  ( -1.000000000000000000, -0.000000000000000000, 0.000000000000000000 ) ) ;
#595 = ORIENTED_EDGE ( 'NONE', *, *, #764, .T. ) ;
#596 = CARTESIAN_POINT ( 'NONE',  ( 2.584999999999999520, 1.729999999999991545, 2.122499999999999609 ) ) ;
#597 = PLANE ( 'NONE',  #2313 ) ;
#598 = ORIENTED_EDGE ( 'NONE', *, *, #2121, .F. ) ;
#599 = CARTESIAN_POINT ( 'NONE',  ( 0.8350000000000000755, 1.194999999999991402, 2.047310653434223582 ) ) ;
#600 = CARTESIAN_POINT ( 'NONE',  ( 2.584999999999999520, 1.194999999999991624, 2.988728652589659696 ) ) ;
#601 = CIRCLE ( 'NONE', #1513, 0.2422819131103798596 ) ;
#602 = EDGE_CURVE ( 'NONE', #2611, #875, #522, .T. ) ;
#603 = CARTESIAN_POINT ( 'NONE',  ( -0.8349999999999999645, 1.281211617890809285, 3.693185303164340461 ) ) ;
#604 = DIRECTION ( 'NONE',  ( 0.000000000000000000, 0.9902680687415710281, 0.1391731009600597757 ) ) ;
#605 = VERTEX_POINT ( 'NONE', #2257 ) ;
#606 = DIRECTION ( 'NONE',  ( 0.000000000000000000, 0.000000000000000000, 1.000000000000000000 ) ) ;
#607 = ORIENTED_EDGE ( 'NONE', *, *, #2131, .T. ) ;
#608 = SURFACE_STYLE_USAGE ( .BOTH. , #1701 ) ;
#609 = CARTESIAN_POINT ( 'NONE',  ( 0.8350000000000000755, 0.5336967668890062466, 5.052500000000000213 ) ) ;
#610 = VERTEX_POINT ( 'NONE', #2683 ) ;
#611 = DIRECTION ( 'NONE',  ( -1.000000000000000000, -0.000000000000000000, -0.000000000000000000 ) ) ;
#612 = LINE ( 'NONE', #1295, #326 ) ;
#613 = VECTOR ( 'NONE', #1334, 1000.000000000000000 ) ;
#614 = DIRECTION ( 'NONE',  ( 0.000000000000000000, 0.000000000000000000, 1.000000000000000000 ) ) ;
#615 = AXIS2_PLACEMENT_3D ( 'NONE', #1777, #1992, #1390 ) ;
#616 = COLOUR_RGB ( '',0.2509803921568627416, 0.2509803921568627416, 0.2509803921568627416 ) ;
#617 = CIRCLE ( 'NONE', #1854, 0.7772819131103801960 ) ;
#618 = DIRECTION ( 'NONE',  ( -0.000000000000000000, 1.000000000000000000, 0.000000000000000000 ) ) ;
#619 = CARTESIAN_POINT ( 'NONE',  ( 1.445000000000000062, 0.8384935310011981668, 4.166956650574681120 ) ) ;
#620 = PRESENTATION_STYLE_ASSIGNMENT (( #2576 ) ) ;
#621 = ORIENTED_EDGE ( 'NONE', *, *, #722, .T. ) ;
#622 = VECTOR ( 'NONE', #1971, 1000.000000000000000 ) ;
#623 = FACE_OUTER_BOUND ( 'NONE', #1319, .T. ) ;
#624 = VECTOR ( 'NONE', #858, 999.9999999999998863 ) ;
#625 = ORIENTED_EDGE ( 'NONE', *, *, #483, .F. ) ;
#626 = AXIS2_PLACEMENT_3D ( 'NONE', #2086, #2552, #1904 ) ;
#627 = CARTESIAN_POINT ( 'NONE',  ( 2.584999999999999520, 0.5099999999999997868, 3.462500000000001243 ) ) ;
#628 = LINE ( 'NONE', #2773, #2176 ) ;
#629 = EDGE_CURVE ( 'NONE', #2402, #2775, #1337, .T. ) ;
#630 = ORIENTED_EDGE ( 'NONE', *, *, #313, .T. ) ;
#631 = CARTESIAN_POINT ( 'NONE',  ( -1.975000000000000089, 0.000000000000000000, 5.015180286546897293 ) ) ;
#632 = DIRECTION ( 'NONE',  ( 1.000000000000000000, -0.000000000000000000, -0.000000000000000000 ) ) ;
#633 =( LENGTH_UNIT ( ) NAMED_UNIT ( * ) SI_UNIT ( .MILLI., .METRE. ) );
#634 =( NAMED_UNIT ( * ) PLANE_ANGLE_UNIT ( ) SI_UNIT ( $, .RADIAN. ) );
#635 = VERTEX_POINT ( 'NONE', #2230 ) ;
#636 = DIRECTION ( 'NONE',  ( 1.000000000000000000, 0.000000000000000000, 0.000000000000000000 ) ) ;
#637 = EDGE_CURVE ( 'NONE', #1434, #924, #1158, .T. ) ;
#638 =( LENGTH_UNIT ( ) NAMED_UNIT ( * ) SI_UNIT ( .MILLI., .METRE. ) );
#639 = VERTEX_POINT ( 'NONE', #2043 ) ;
#640 = FILL_AREA_STYLE_COLOUR ( '', #288 ) ;
#641 = DIRECTION ( 'NONE',  ( -1.000000000000000000, -0.000000000000000000, -0.000000000000000000 ) ) ;
#642 = ORIENTED_EDGE ( 'NONE', *, *, #929, .T. ) ;
#643 = CARTESIAN_POINT ( 'NONE',  ( -2.584999999999999964, 0.000000000000000000, 5.015180286546897293 ) ) ;
#644 =( LENGTH_UNIT ( ) NAMED_UNIT ( * ) SI_UNIT ( .MILLI., .METRE. ) );
#645 = CIRCLE ( 'NONE', #2250, 0.2422819131103802759 ) ;
#646 = ORIENTED_EDGE ( 'NONE', *, *, #1114, .F. ) ;
#647 = VECTOR ( 'NONE', #1887, 1000.000000000000000 ) ;
#648 = ORIENTED_EDGE ( 'NONE', *, *, #1639, .F. ) ;
#649 = CARTESIAN_POINT ( 'NONE',  ( 0.8350000000000000755, 1.729999999999991322, 2.988728652589659696 ) ) ;
#650 = DIRECTION ( 'NONE',  ( 1.000000000000000000, 0.000000000000000000, 0.000000000000000000 ) ) ;
#651 = CARTESIAN_POINT ( 'NONE',  ( -0.8349999999999999645, 1.194999999999991624, 2.988728652589659696 ) ) ;
#652 = EDGE_CURVE ( 'NONE', #151, #1562, #1082, .T. ) ;
#653 = VERTEX_POINT ( 'NONE', #1146 ) ;
#654 =( LENGTH_UNIT ( ) NAMED_UNIT ( * ) SI_UNIT ( .MILLI., .METRE. ) );
#655 = CARTESIAN_POINT ( 'NONE',  ( -0.8349999999999999645, 0.5336967668890062466, 5.052500000000000213 ) ) ;
#656 = LINE ( 'NONE', #216, #583 ) ;
#657 = FACE_OUTER_BOUND ( 'NONE', #440, .T. ) ;
#658 = VECTOR ( 'NONE', #1636, 1000.000000000000227 ) ;
#659 = EDGE_LOOP ( 'NONE', ( #1494, #1627, #1539, #2390 ) ) ;
#660 = VECTOR ( 'NONE', #1105, 1000.000000000000227 ) ;
#661 = DIRECTION ( 'NONE',  ( 0.000000000000000000, 1.000000000000000000, -2.303338524349784201E-16 ) ) ;
#662 = ORIENTED_EDGE ( 'NONE', *, *, #1240, .F. ) ;
#663 = PLANE ( 'NONE',  #1811 ) ;
#664 = CARTESIAN_POINT ( 'NONE',  ( 2.412500000000000089, 7.943208857586099292, -3.972500000000000142 ) ) ;
#665 = FILL_AREA_STYLE ('',( #1374 ) ) ;
#666 = VECTOR ( 'NONE', #2794, 1000.000000000000000 ) ;
#667 = ORIENTED_EDGE ( 'NONE', *, *, #32, .T. ) ;
#668 = FACE_OUTER_BOUND ( 'NONE', #211, .T. ) ;
#669 = DIRECTION ( 'NONE',  ( -1.000000000000000000, -0.000000000000000000, -0.000000000000000000 ) ) ;
#670 = VECTOR ( 'NONE', #310, 1000.000000000000000 ) ;
#671 = CARTESIAN_POINT ( 'NONE',  ( -2.584999999999999964, 0.000000000000000000, 5.015180286546897293 ) ) ;
#672 = EDGE_LOOP ( 'NONE', ( #1955, #1040, #235, #2280 ) ) ;
#673 = DIRECTION ( 'NONE',  ( -1.000000000000000000, -0.000000000000000000, -0.000000000000000000 ) ) ;
#674 = EDGE_CURVE ( 'NONE', #542, #2557, #1824, .T. ) ;
#675 = VERTEX_POINT ( 'NONE', #246 ) ;
#676 = ORIENTED_EDGE ( 'NONE', *, *, #1766, .T. ) ;
#677 = CARTESIAN_POINT ( 'NONE',  ( 2.584999999999999520, 1.194999999999991402, 2.047310653434223582 ) ) ;
#678 = PRESENTATION_STYLE_ASSIGNMENT (( #1987 ) ) ;
#679 = VERTEX_POINT ( 'NONE', #728 ) ;
#680 = EDGE_CURVE ( 'NONE', #1930, #937, #1609, .T. ) ;
#681 = CARTESIAN_POINT ( 'NONE',  ( -0.8349999999999999645, 1.281211617890809729, 3.693185303164340905 ) ) ;
#682 = DIRECTION ( 'NONE',  ( 0.000000000000000000, 0.06975647374411907131, -0.9975640502598247528 ) ) ;
#683 =( NAMED_UNIT ( * ) SI_UNIT ( $, .STERADIAN. ) SOLID_ANGLE_UNIT ( ) );
#684 = CARTESIAN_POINT ( 'NONE',  ( 1.445000000000000062, 1.281211617890809729, 3.693185303164340905 ) ) ;
#685 = EDGE_CURVE ( 'NONE', #2009, #2524, #1395, .T. ) ;
#686 = EDGE_LOOP ( 'NONE', ( #1632, #823, #966, #99 ) ) ;
#687 = EDGE_CURVE ( 'NONE', #2562, #2641, #689, .T. ) ;
#688 =( GEOMETRIC_REPRESENTATION_CONTEXT ( 3 ) GLOBAL_UNCERTAINTY_ASSIGNED_CONTEXT ( ( #507 ) ) GLOBAL_UNIT_ASSIGNED_CONTEXT ( ( #654, #817, #404 ) ) REPRESENTATION_CONTEXT ( 'NONE', 'WORKASPACE' ) );
#689 = LINE ( 'NONE', #2708, #942 ) ;
#690 = VECTOR ( 'NONE', #2286, 1000.000000000000000 ) ;
#691 = VERTEX_POINT ( 'NONE', #917 ) ;
#692 =( LENGTH_UNIT ( ) NAMED_UNIT ( * ) SI_UNIT ( .MILLI., .METRE. ) );
#693 = CARTESIAN_POINT ( 'NONE',  ( -2.584999999999999964, 0.9527180868896116817, 2.988728652589659696 ) ) ;
#694 = FACE_OUTER_BOUND ( 'NONE', #804, .T. ) ;
#695 = EDGE_LOOP ( 'NONE', ( #306, #776, #2227, #527 ) ) ;
#696 = CARTESIAN_POINT ( 'NONE',  ( 0.000000000000000000, 0.5350000000000000311, 0.000000000000000000 ) ) ;
#697 = CARTESIAN_POINT ( 'NONE',  ( -2.412500000000000089, 0.000000000000000000, -3.972500000000000142 ) ) ;
#698 = EDGE_CURVE ( 'NONE', #2684, #384, #356, .T. ) ;
#699 = MANIFOLD_SOLID_BREP ( 'LPattern1[4]', #257 ) ;
#700 = DIRECTION ( 'NONE',  ( -1.000000000000000000, -0.000000000000000000, 0.000000000000000000 ) ) ;
#701 = AXIS2_PLACEMENT_3D ( 'NONE', #2299, #1216, #2092 ) ;
#702 = ORIENTED_EDGE ( 'NONE', *, *, #506, .F. ) ;
#703 = FACE_OUTER_BOUND ( 'NONE', #1882, .T. ) ;
#704 = VECTOR ( 'NONE', #60, 999.9999999999998863 ) ;
#705 = VECTOR ( 'NONE', #750, 1000.000000000000000 ) ;
#706 = VECTOR ( 'NONE', #1039, 1000.000000000000000 ) ;
#707 = MANIFOLD_SOLID_BREP ( 'Pin 1', #1997 ) ;
#708 = ORIENTED_EDGE ( 'NONE', *, *, #2045, .F. ) ;
#709 = CARTESIAN_POINT ( 'NONE',  ( 1.445000000000000062, 0.5336967668890062466, 5.052500000000000213 ) ) ;
#710 = CARTESIAN_POINT ( 'NONE',  ( 2.412499999999999645, 0.000000000000000000, -0.2225000000000004752 ) ) ;
#711 = ADVANCED_FACE ( 'NONE', ( #703 ), #146, .F. ) ;
#712 = VECTOR ( 'NONE', #2211, 1000.000000000000227 ) ;
#713 = STYLED_ITEM ( 'NONE', ( #1029 ), #699 ) ;
#714 = CYLINDRICAL_SURFACE ( 'NONE', #2353, 0.7772819131103801960 ) ;
#715 = CARTESIAN_POINT ( 'NONE',  ( -2.584999999999999964, 0.5968018044541084643, 4.150055918664121712 ) ) ;
#716 = ORIENTED_EDGE ( 'NONE', *, *, #2473, .T. ) ;
#717 = CARTESIAN_POINT ( 'NONE',  ( 2.584999999999999520, 1.729999999999991545, 2.122499999999999609 ) ) ;
#718 = PLANE ( 'NONE',  #2529 ) ;
#719 = MANIFOLD_SOLID_BREP ( 'Pin 3', #442 ) ;
#720 = EDGE_CURVE ( 'NONE', #14, #2052, #2724, .T. ) ;
#721 = ORIENTED_EDGE ( 'NONE', *, *, #2213, .T. ) ;
#722 = EDGE_CURVE ( 'NONE', #2641, #185, #562, .T. ) ;
#723 = CARTESIAN_POINT ( 'NONE',  ( -3.104316700752393299, 2.668401554552020993, 1.990616262237242085 ) ) ;
#724 = CARTESIAN_POINT ( 'NONE',  ( -1.975000000000000089, 0.5968018044541084643, 4.150055918664121712 ) ) ;
#725 = ORIENTED_EDGE ( 'NONE', *, *, #332, .F. ) ;
#726 = DIRECTION ( 'NONE',  ( 0.000000000000000000, -0.4226182617407023279, -0.9063077870366487154 ) ) ;
#727 = UNCERTAINTY_MEASURE_WITH_UNIT (LENGTH_MEASURE( 1.000000000000000082E-05 ), #2751, 'distance_accuracy_value', 'NONE');
#728 = CARTESIAN_POINT ( 'NONE',  ( -2.584999999999999964, 1.194999999999991402, 2.047310653434223582 ) ) ;
#729 = VERTEX_POINT ( 'NONE', #1880 ) ;
#730 = VERTEX_POINT ( 'NONE', #159 ) ;
#731 = FACE_OUTER_BOUND ( 'NONE', #672, .T. ) ;
#732 = VECTOR ( 'NONE', #1164, 999.9999999999998863 ) ;
#733 = VERTEX_POINT ( 'NONE', #2621 ) ;
#734 = DIRECTION ( 'NONE',  ( 0.000000000000000000, 1.000000000000000000, -2.303338524349784201E-16 ) ) ;
#735 = EDGE_CURVE ( 'NONE', #1767, #409, #230, .T. ) ;
#736 = CARTESIAN_POINT ( 'NONE',  ( 2.412499999999999645, 0.5349999999999999201, -0.2225000000000004752 ) ) ;
#737 = DIRECTION ( 'NONE',  ( 1.156482317317871478E-16, 0.000000000000000000, 1.000000000000000000 ) ) ;
#738 = LINE ( 'NONE', #903, #1581 ) ;
#739 = DIRECTION ( 'NONE',  ( 0.000000000000000000, -0.9975640502598247528, -0.06975647374411791946 ) ) ;
#740 = EDGE_CURVE ( 'NONE', #1959, #425, #820, .T. ) ;
#741 = ADVANCED_FACE ( 'NONE', ( #2348 ), #1311, .F. ) ;
#742 = MECHANICAL_DESIGN_GEOMETRIC_PRESENTATION_REPRESENTATION (  '', ( #2130 ), #301 ) ;
#743 = ORIENTED_EDGE ( 'NONE', *, *, #929, .F. ) ;
#744 = VECTOR ( 'NONE', #2012, 1000.000000000000000 ) ;
#745 = DIRECTION ( 'NONE',  ( 0.000000000000000000, -0.9975640502598247528, -0.06975647374411791946 ) ) ;
#746 = CARTESIAN_POINT ( 'NONE',  ( -1.975000000000000089, 1.729999999999991545, 2.122499999999999609 ) ) ;
#747 = ORIENTED_EDGE ( 'NONE', *, *, #32, .F. ) ;
#748 = EDGE_LOOP ( 'NONE', ( #53, #227, #1299, #154 ) ) ;
#749 = DIRECTION ( 'NONE',  ( 1.000000000000000000, -0.000000000000000000, 0.000000000000000000 ) ) ;
#750 = DIRECTION ( 'NONE',  ( 0.000000000000000000, -2.303338524349784201E-16, -1.000000000000000000 ) ) ;
#751 = PRESENTATION_LAYER_ASSIGNMENT (  '', '', ( #1180 ) ) ;
#752 = EDGE_CURVE ( 'NONE', #487, #411, #1928, .T. ) ;
#753 = CARTESIAN_POINT ( 'NONE',  ( 3.105176117881207176, 2.656111317017558093, -3.824177447823677412 ) ) ;
#754 = PRESENTATION_STYLE_ASSIGNMENT (( #160 ) ) ;
#755 = ORIENTED_EDGE ( 'NONE', *, *, #311, .F. ) ;
#756 = EDGE_CURVE ( 'NONE', #2146, #2396, #407, .T. ) ;
#757 = EDGE_CURVE ( 'NONE', #983, #2740, #2594, .T. ) ;
#758 =( LENGTH_UNIT ( ) NAMED_UNIT ( * ) SI_UNIT ( .MILLI., .METRE. ) );
#759 = CARTESIAN_POINT ( 'NONE',  ( -1.975000000000000089, 0.06310503756510232876, 4.112736205211018792 ) ) ;
#760 = EDGE_LOOP ( 'NONE', ( #1916, #470, #1260, #786 ) ) ;
#761 = PLANE ( 'NONE',  #2614 ) ;
#762 = LINE ( 'NONE', #773, #1127 ) ;
#763 = ORIENTED_EDGE ( 'NONE', *, *, #1278, .T. ) ;
#764 = EDGE_CURVE ( 'NONE', #2277, #2409, #1285, .T. ) ;
#765 = CARTESIAN_POINT ( 'NONE',  ( 1.974999999999999867, 1.055110847859532575, 3.208310637099733409 ) ) ;
#766 = CARTESIAN_POINT ( 'NONE',  ( 0.8350000000000000755, 1.194999999999991624, 2.988728652589659696 ) ) ;
#767 = SURFACE_STYLE_USAGE ( .BOTH. , #2519 ) ;
#768 = EDGE_CURVE ( 'NONE', #558, #344, #868, .T. ) ;
#769 = ORIENTED_EDGE ( 'NONE', *, *, #15, .F. ) ;
#770 = DIRECTION ( 'NONE',  ( -0.000000000000000000, 0.4226182617407035491, 0.9063077870366481603 ) ) ;
#771 = VERTEX_POINT ( 'NONE', #1093 ) ;
#772 = PLANE ( 'NONE',  #1748 ) ;
#773 = CARTESIAN_POINT ( 'NONE',  ( 2.584999999999999520, 1.729999999999991322, 2.988728652589659696 ) ) ;
#774 = MECHANICAL_DESIGN_GEOMETRIC_PRESENTATION_REPRESENTATION (  '', ( #2027 ), #1619 ) ;
#775 = VERTEX_POINT ( 'NONE', #1733 ) ;
#776 = ORIENTED_EDGE ( 'NONE', *, *, #271, .F. ) ;
#777 = DIRECTION ( 'NONE',  ( 0.000000000000000000, 1.000000000000000000, -2.303338524349784201E-16 ) ) ;
#778 = CARTESIAN_POINT ( 'NONE',  ( -1.975000000000000089, 0.5968018044541084643, 4.150055918664121712 ) ) ;
#779 = FILL_AREA_STYLE ('',( #335 ) ) ;
#780 = VERTEX_POINT ( 'NONE', #2388 ) ;
#781 = LINE ( 'NONE', #1437, #2050 ) ;
#782 = STYLED_ITEM ( 'NONE', ( #2807 ), #270 ) ;
#783 = EDGE_LOOP ( 'NONE', ( #1863, #984, #2498, #1654 ) ) ;
#784 = PLANE ( 'NONE',  #1384 ) ;
#785 = DIRECTION ( 'NONE',  ( 0.000000000000000000, 0.9063077870366486044, -0.4226182617407022724 ) ) ;
#786 = ORIENTED_EDGE ( 'NONE', *, *, #2607, .F. ) ;
#787 = AXIS2_PLACEMENT_3D ( 'NONE', #664, #499, #1786 ) ;
#788 = AXIS2_PLACEMENT_3D ( 'NONE', #2387, #213, #432 ) ;
#789 = EDGE_LOOP ( 'NONE', ( #2425, #1753, #357, #354, #445, #1020, #716, #219, #46, #1293, #2651, #95 ) ) ;
#790 = ADVANCED_FACE ( 'NONE', ( #435 ), #2788, .T. ) ;
#791 = CARTESIAN_POINT ( 'NONE',  ( 1.974999999999999867, 1.194999999999991624, 2.988728652589659696 ) ) ;
#792 = DIRECTION ( 'NONE',  ( 0.000000000000000000, 0.000000000000000000, -1.000000000000000000 ) ) ;
#793 = COLOUR_RGB ( '',0.7921568627450980005, 0.8196078431372548767, 0.9333333333333333481 ) ;
#794 = VECTOR ( 'NONE', #1340, 1000.000000000000000 ) ;
#795 = DIRECTION ( 'NONE',  ( -0.000000000000000000, -0.000000000000000000, -1.000000000000000000 ) ) ;
#796 = VECTOR ( 'NONE', #2438, 1000.000000000000000 ) ;
#797 = ORIENTED_EDGE ( 'NONE', *, *, #1805, .F. ) ;
#798 = FILL_AREA_STYLE_COLOUR ( '', #893 ) ;
#799 = VECTOR ( 'NONE', #1505, 1000.000000000000000 ) ;
#800 = ORIENTED_EDGE ( 'NONE', *, *, #2547, .T. ) ;
#801 = CARTESIAN_POINT ( 'NONE',  ( 2.584999999999999520, 0.5336967668890062466, 5.052500000000000213 ) ) ;
#802 = EDGE_CURVE ( 'NONE', #2653, #2340, #199, .T. ) ;
#803 = EDGE_CURVE ( 'NONE', #572, #1647, #1964, .T. ) ;
#804 = EDGE_LOOP ( 'NONE', ( #371, #834, #2394, #314, #1550, #2690, #2136, #1454 ) ) ;
#805 = ORIENTED_EDGE ( 'NONE', *, *, #1364, .F. ) ;
#806 = FACE_OUTER_BOUND ( 'NONE', #2796, .T. ) ;
#807 = FACE_OUTER_BOUND ( 'NONE', #2240, .T. ) ;
#808 = ORIENTED_EDGE ( 'NONE', *, *, #2109, .F. ) ;
#809 = FACE_OUTER_BOUND ( 'NONE', #915, .T. ) ;
#810 = FILL_AREA_STYLE ('',( #379 ) ) ;
#811 = ORIENTED_EDGE ( 'NONE', *, *, #2473, .F. ) ;
#812 = DIRECTION ( 'NONE',  ( 0.000000000000000000, 0.000000000000000000, 1.000000000000000000 ) ) ;
#813 = LINE ( 'NONE', #651, #1076 ) ;
#814 = ORIENTED_EDGE ( 'NONE', *, *, #2459, .F. ) ;
#815 = VECTOR ( 'NONE', #1604, 1000.000000000000000 ) ;
#816 = ADVANCED_FACE ( 'NONE', ( #2184 ), #884, .F. ) ;
#817 =( NAMED_UNIT ( * ) PLANE_ANGLE_UNIT ( ) SI_UNIT ( $, .RADIAN. ) );
#818 = CARTESIAN_POINT ( 'NONE',  ( -2.445000000000000284, 0.000000000000000000, -3.972500000000000142 ) ) ;
#819 = VECTOR ( 'NONE', #1556, 1000.000000000000227 ) ;
#820 = LINE ( 'NONE', #2165, #1681 ) ;
#821 = CARTESIAN_POINT ( 'NONE',  ( 1.974999999999999867, 0.9527180868896116817, 2.988728652589659696 ) ) ;
#822 = PLANE ( 'NONE',  #2717 ) ;
#823 = ORIENTED_EDGE ( 'NONE', *, *, #6, .F. ) ;
#824 = LINE ( 'NONE', #889, #2000 ) ;
#825 = EDGE_CURVE ( 'NONE', #129, #851, #656, .T. ) ;
#826 = APPLICATION_PROTOCOL_DEFINITION ( 'draft international standard', 'automotive_design', 1998, #1111 ) ;
#827 = ORIENTED_EDGE ( 'NONE', *, *, #566, .T. ) ;
#828 = FILL_AREA_STYLE_COLOUR ( '', #329 ) ;
#829 = LINE ( 'NONE', #1303, #1175 ) ;
#830 = VERTEX_POINT ( 'NONE', #2560 ) ;
#831 = SURFACE_SIDE_STYLE ('',( #1305 ) ) ;
#832 = COLOUR_RGB ( '',0.7921568627450980005, 0.8196078431372548767, 0.9333333333333333481 ) ;
#833 = CARTESIAN_POINT ( 'NONE',  ( -0.8349999999999999645, 0.000000000000000000, 5.015180286546897293 ) ) ;
#834 = ORIENTED_EDGE ( 'NONE', *, *, #1114, .T. ) ;
#835 = VECTOR ( 'NONE', #881, 1000.000000000000000 ) ;
#836 = VECTOR ( 'NONE', #2033, 1000.000000000000000 ) ;
#837 = DIRECTION ( 'NONE',  ( -1.000000000000000000, -0.000000000000000000, -0.000000000000000000 ) ) ;
#838 = DIRECTION ( 'NONE',  ( 0.000000000000000000, 0.06975647374411793333, -0.9975640502598247528 ) ) ;
#839 = EDGE_LOOP ( 'NONE', ( #1229, #2617, #2555, #996 ) ) ;
#840 = VECTOR ( 'NONE', #1936, 999.9999999999998863 ) ;
#841 =( NAMED_UNIT ( * ) SI_UNIT ( $, .STERADIAN. ) SOLID_ANGLE_UNIT ( ) );
#842 =( NAMED_UNIT ( * ) SI_UNIT ( $, .STERADIAN. ) SOLID_ANGLE_UNIT ( ) );
#843 = VECTOR ( 'NONE', #2596, 1000.000000000000000 ) ;
#844 = EDGE_CURVE ( 'NONE', #1247, #605, #1533, .T. ) ;
#845 = EDGE_CURVE ( 'NONE', #1166, #1434, #1058, .T. ) ;
#846 = ORIENTED_EDGE ( 'NONE', *, *, #1018, .F. ) ;
#847 =( GEOMETRIC_REPRESENTATION_CONTEXT ( 3 ) GLOBAL_UNCERTAINTY_ASSIGNED_CONTEXT ( ( #1110 ) ) GLOBAL_UNIT_ASSIGNED_CONTEXT ( ( #2310, #365, #1242 ) ) REPRESENTATION_CONTEXT ( 'NONE', 'WORKASPACE' ) );
#848 = CARTESIAN_POINT ( 'NONE',  ( -1.444999999999999840, 0.9527180868896116817, 2.988728652589659696 ) ) ;
#849 = SURFACE_SIDE_STYLE ('',( #1741 ) ) ;
#850 = FILL_AREA_STYLE ('',( #1484 ) ) ;
#851 = VERTEX_POINT ( 'NONE', #2197 ) ;
#852 = DIRECTION ( 'NONE',  ( -0.000000000000000000, -1.000000000000000000, -0.000000000000000000 ) ) ;
#853 = FILL_AREA_STYLE ('',( #155 ) ) ;
#854 = DIRECTION ( 'NONE',  ( -1.000000000000000000, -0.000000000000000000, -0.000000000000000000 ) ) ;
#855 = DIRECTION ( 'NONE',  ( -1.000000000000000000, 0.000000000000000000, -0.000000000000000000 ) ) ;
#856 = DIRECTION ( 'NONE',  ( 1.000000000000000000, 0.000000000000000000, 0.000000000000000000 ) ) ;
#857 = ORIENTED_EDGE ( 'NONE', *, *, #1571, .T. ) ;
#858 = DIRECTION ( 'NONE',  ( 0.000000000000000000, 0.9063077870366481603, -0.4226182617407035491 ) ) ;
#859 = EDGE_CURVE ( 'NONE', #1521, #1704, #2803, .T. ) ;
#860 = APPLICATION_PROTOCOL_DEFINITION ( 'draft international standard', 'automotive_design', 1998, #1169 ) ;
#861 = ORIENTED_EDGE ( 'NONE', *, *, #2068, .F. ) ;
#862 = CARTESIAN_POINT ( 'NONE',  ( -1.444999999999999840, 0.000000000000000000, 5.015180286546897293 ) ) ;
#863 = CARTESIAN_POINT ( 'NONE',  ( 2.445000000000000284, 0.000000000000000000, -5.052500000000000213 ) ) ;
#864 = LINE ( 'NONE', #1910, #118 ) ;
#865 = ORIENTED_EDGE ( 'NONE', *, *, #1766, .F. ) ;
#866 = LINE ( 'NONE', #1488, #528 ) ;
#867 = EDGE_LOOP ( 'NONE', ( #433, #2731, #1173, #857, #1775, #1602, #1643, #551, #1873, #1206, #2578, #2442 ) ) ;
#868 = LINE ( 'NONE', #1720, #799 ) ;
#869 = DIRECTION ( 'NONE',  ( 0.000000000000000000, 0.9975640502598247528, 0.06975647374411793333 ) ) ;
#870 = VECTOR ( 'NONE', #737, 1000.000000000000000 ) ;
#871 = ORIENTED_EDGE ( 'NONE', *, *, #2167, .F. ) ;
#872 = UNCERTAINTY_MEASURE_WITH_UNIT (LENGTH_MEASURE( 1.000000000000000082E-05 ), #107, 'distance_accuracy_value', 'NONE');
#873 = DIRECTION ( 'NONE',  ( 0.000000000000000000, 2.503270168319173594E-16, -1.000000000000000000 ) ) ;
#874 = ORIENTED_EDGE ( 'NONE', *, *, #474, .T. ) ;
#875 = VERTEX_POINT ( 'NONE', #2376 ) ;
#876 = CARTESIAN_POINT ( 'NONE',  ( 0.8350000000000000755, 0.06310503756510232876, 4.112736205211018792 ) ) ;
#877 = CARTESIAN_POINT ( 'NONE',  ( -0.3049999999999999933, 1.729999999999991322, 2.937500000000000000 ) ) ;
#878 = CARTESIAN_POINT ( 'NONE',  ( -3.290909514447342143, -0.000000000000000000, 0.000000000000000000 ) ) ;
#879 = VERTEX_POINT ( 'NONE', #419 ) ;
#880 = LINE ( 'NONE', #489, #1421 ) ;
#881 = DIRECTION ( 'NONE',  ( -1.000000000000000000, -0.000000000000000000, -0.000000000000000000 ) ) ;
#882 = ORIENTED_EDGE ( 'NONE', *, *, #206, .F. ) ;
#883 = EDGE_CURVE ( 'NONE', #558, #2367, #2546, .T. ) ;
#884 = CYLINDRICAL_SURFACE ( 'NONE', #2186, 0.2422819131103798596 ) ;
#885 = SURFACE_SIDE_STYLE ('',( #1763 ) ) ;
#886 = VECTOR ( 'NONE', #2233, 1000.000000000000227 ) ;
#887 = VERTEX_POINT ( 'NONE', #1141 ) ;
#888 = CIRCLE ( 'NONE', #931, 0.2422819131103802759 ) ;
#889 = CARTESIAN_POINT ( 'NONE',  ( -2.584999999999999964, 1.194999999999991402, 2.047310653434223582 ) ) ;
#890 = ORIENTED_EDGE ( 'NONE', *, *, #541, .T. ) ;
#891 = ORIENTED_EDGE ( 'NONE', *, *, #1445, .F. ) ;
#892 = CARTESIAN_POINT ( 'NONE',  ( -1.975000000000000089, 0.000000000000000000, 5.015180286546897293 ) ) ;
#893 = COLOUR_RGB ( '',0.2509803921568627416, 0.2509803921568627416, 0.2509803921568627416 ) ;
#894 = PLANE ( 'NONE',  #1848 ) ;
#895 = CARTESIAN_POINT ( 'NONE',  ( 1.445000000000000062, 0.000000000000000000, 5.015180286546897293 ) ) ;
#896 = AXIS2_PLACEMENT_3D ( 'NONE', #945, #63, #1621 ) ;
#897 = EDGE_LOOP ( 'NONE', ( #676, #2285, #646, #871 ) ) ;
#898 = DIRECTION ( 'NONE',  ( -1.156482317317871478E-16, 0.000000000000000000, -1.000000000000000000 ) ) ;
#899 = EDGE_CURVE ( 'NONE', #2088, #2319, #1167, .T. ) ;
#900 = CARTESIAN_POINT ( 'NONE',  ( 0.3049999999999999933, 1.194999999999991402, 2.047310653434223582 ) ) ;
#901 = EDGE_CURVE ( 'NONE', #2611, #2673, #1722, .T. ) ;
#902 = FILL_AREA_STYLE ('',( #493 ) ) ;
#903 = CARTESIAN_POINT ( 'NONE',  ( -1.975000000000000089, 1.729999999999991545, 2.122499999999999609 ) ) ;
#904 = ORIENTED_EDGE ( 'NONE', *, *, #1203, .F. ) ;
#905 = DIRECTION ( 'NONE',  ( 0.000000000000000000, -1.000000000000000000, 0.000000000000000000 ) ) ;
#906 = ORIENTED_EDGE ( 'NONE', *, *, #752, .T. ) ;
#907 = DIRECTION ( 'NONE',  ( 0.000000000000000000, -0.9975640502598247528, -0.06975647374411791946 ) ) ;
#908 =( NAMED_UNIT ( * ) SI_UNIT ( $, .STERADIAN. ) SOLID_ANGLE_UNIT ( ) );
#909 = DIRECTION ( 'NONE',  ( 0.000000000000000000, -0.9975640502598247528, -0.06975647374411894641 ) ) ;
#910 = ORIENTED_EDGE ( 'NONE', *, *, #1707, .T. ) ;
#911 = LINE ( 'NONE', #275, #961 ) ;
#912 = LINE ( 'NONE', #472, #2085 ) ;
#913 = CARTESIAN_POINT ( 'NONE',  ( 2.412500000000000089, 0.000000000000000000, -3.972500000000000142 ) ) ;
#914 =( LENGTH_UNIT ( ) NAMED_UNIT ( * ) SI_UNIT ( .MILLI., .METRE. ) );
#915 = EDGE_LOOP ( 'NONE', ( #910, #2246, #2471, #932, #2735, #1472, #1758, #1385, #1893, #2188, #1587, #992 ) ) ;
#916 = PRESENTATION_LAYER_ASSIGNMENT (  '', '', ( #2380 ) ) ;
#917 = CARTESIAN_POINT ( 'NONE',  ( -2.412500000000000089, 0.000000000000000000, -3.972500000000000142 ) ) ;
#918 = VECTOR ( 'NONE', #1262, 1000.000000000000000 ) ;
#919 = VERTEX_POINT ( 'NONE', #2448 ) ;
#920 = ADVANCED_FACE ( 'NONE', ( #519 ), #278, .F. ) ;
#921 = DIRECTION ( 'NONE',  ( 0.000000000000000000, -0.1391731009600597757, 0.9902680687415711391 ) ) ;
#922 = CARTESIAN_POINT ( 'NONE',  ( 2.445000000000000284, 7.408208857586099150, -3.972500000000000142 ) ) ;
#923 = CARTESIAN_POINT ( 'NONE',  ( 0.8350000000000000755, 0.000000000000000000, 5.015180286546897293 ) ) ;
#924 = VERTEX_POINT ( 'NONE', #1597 ) ;
#925 = FACE_OUTER_BOUND ( 'NONE', #1585, .T. ) ;
#926 = CARTESIAN_POINT ( 'NONE',  ( 0.8350000000000000755, 0.7361007700312771629, 3.947374666064606963 ) ) ;
#927 = DIRECTION ( 'NONE',  ( 0.000000000000000000, -0.9975640502598247528, -0.06975647374411791946 ) ) ;
#928 = CARTESIAN_POINT ( 'NONE',  ( 2.412500000000000089, 7.408208857586099150, -3.972500000000000142 ) ) ;
#929 = EDGE_CURVE ( 'NONE', #2660, #411, #2649, .T. ) ;
#930 = EDGE_CURVE ( 'NONE', #775, #997, #2253, .T. ) ;
#931 = AXIS2_PLACEMENT_3D ( 'NONE', #2264, #2693, #461 ) ;
#932 = ORIENTED_EDGE ( 'NONE', *, *, #1696, .T. ) ;
#933 = MECHANICAL_DESIGN_GEOMETRIC_PRESENTATION_REPRESENTATION (  '', ( #2175 ), #1218 ) ;
#934 = CARTESIAN_POINT ( 'NONE',  ( -0.8349999999999999645, 1.729999999999991322, 2.988728652589659696 ) ) ;
#935 =( GEOMETRIC_REPRESENTATION_CONTEXT ( 3 ) GLOBAL_UNCERTAINTY_ASSIGNED_CONTEXT ( ( #2228 ) ) GLOBAL_UNIT_ASSIGNED_CONTEXT ( ( #638, #2358, #1051 ) ) REPRESENTATION_CONTEXT ( 'NONE', 'WORKASPACE' ) );
#936 = LINE ( 'NONE', #1816, #2090 ) ;
#937 = VERTEX_POINT ( 'NONE', #913 ) ;
#938 = CARTESIAN_POINT ( 'NONE',  ( 1.445000000000000062, 1.729999999999991545, 2.122499999999999609 ) ) ;
#939 = LINE ( 'NONE', #2419, #1440 ) ;
#940 = AXIS2_PLACEMENT_3D ( 'NONE', #1907, #1872, #1246 ) ;
#941 = EDGE_LOOP ( 'NONE', ( #2125, #1844, #721, #1054 ) ) ;
#942 = VECTOR ( 'NONE', #739, 1000.000000000000000 ) ;
#943 = CARTESIAN_POINT ( 'NONE',  ( 0.8350000000000000755, 1.281211617890809729, 3.693185303164340905 ) ) ;
#944 = PLANE ( 'NONE',  #574 ) ;
#945 = CARTESIAN_POINT ( 'NONE',  ( 1.445000000000000062, 0.9527180868896116817, 2.988728652589659696 ) ) ;
#946 = ADVANCED_FACE ( 'NONE', ( #2040 ), #76, .T. ) ;
#947 = LINE ( 'NONE', #959, #796 ) ;
#948 = DIRECTION ( 'NONE',  ( 0.000000000000000000, 0.000000000000000000, -1.000000000000000000 ) ) ;
#949 = ORIENTED_EDGE ( 'NONE', *, *, #1399, .F. ) ;
#950 = CARTESIAN_POINT ( 'NONE',  ( 0.000000000000000000, 0.000000000000000000, 0.000000000000000000 ) ) ;
#951 = LINE ( 'NONE', #529, #423 ) ;
#952 = DIRECTION ( 'NONE',  ( -1.000000000000000000, -0.000000000000000000, -0.000000000000000000 ) ) ;
#953 = EDGE_CURVE ( 'NONE', #2095, #887, #1793, .T. ) ;
#954 = CARTESIAN_POINT ( 'NONE',  ( -2.412499999999999645, 0.5349999999999999201, -0.2225000000000004752 ) ) ;
#955 = SURFACE_STYLE_FILL_AREA ( #1184 ) ;
#956 = UNCERTAINTY_MEASURE_WITH_UNIT (LENGTH_MEASURE( 1.000000000000000082E-05 ), #914, 'distance_accuracy_value', 'NONE');
#957 = CARTESIAN_POINT ( 'NONE',  ( -1.975000000000000089, 0.5100000000000000089, 3.462500000000000799 ) ) ;
#958 = ORIENTED_EDGE ( 'NONE', *, *, #1702, .T. ) ;
#959 = CARTESIAN_POINT ( 'NONE',  ( 1.445000000000000062, 1.729999999999991545, 2.122499999999999609 ) ) ;
#960 = DIRECTION ( 'NONE',  ( 0.06975647374413238011, -0.9975640502598237536, 0.000000000000000000 ) ) ;
#961 = VECTOR ( 'NONE', #1544, 1000.000000000000000 ) ;
#962 = EDGE_LOOP ( 'NONE', ( #1845, #168, #2181, #568 ) ) ;
#963 = DIRECTION ( 'NONE',  ( 0.000000000000000000, 2.503270168319173594E-16, -1.000000000000000000 ) ) ;
#964 = FACE_OUTER_BOUND ( 'NONE', #1156, .T. ) ;
#965 = ORIENTED_EDGE ( 'NONE', *, *, #483, .T. ) ;
#966 = ORIENTED_EDGE ( 'NONE', *, *, #518, .T. ) ;
#967 = LINE ( 'NONE', #1253, #2475 ) ;
#968 = CARTESIAN_POINT ( 'NONE',  ( 2.445000000000000284, 7.408208857586099150, -3.972500000000000142 ) ) ;
#969 = EDGE_CURVE ( 'NONE', #1784, #2402, #2550, .T. ) ;
#970 = ADVANCED_FACE ( 'NONE', ( #1834 ), #2488, .F. ) ;
#971 = DIRECTION ( 'NONE',  ( -1.000000000000000000, -0.000000000000000000, 0.000000000000000000 ) ) ;
#972 = FILL_AREA_STYLE ('',( #798 ) ) ;
#973 =( GEOMETRIC_REPRESENTATION_CONTEXT ( 3 ) GLOBAL_UNCERTAINTY_ASSIGNED_CONTEXT ( ( #2424 ) ) GLOBAL_UNIT_ASSIGNED_CONTEXT ( ( #1244, #2752, #1892 ) ) REPRESENTATION_CONTEXT ( 'NONE', 'WORKASPACE' ) );
#974 = DIRECTION ( 'NONE',  ( 1.000000000000000000, 0.000000000000000000, -0.000000000000000000 ) ) ;
#975 = VECTOR ( 'NONE', #2124, 1000.000000000000000 ) ;
#976 = EDGE_CURVE ( 'NONE', #1257, #339, #2704, .T. ) ;
#977 =( GEOMETRIC_REPRESENTATION_CONTEXT ( 3 ) GLOBAL_UNCERTAINTY_ASSIGNED_CONTEXT ( ( #1620 ) ) GLOBAL_UNIT_ASSIGNED_CONTEXT ( ( #644, #1721, #2421 ) ) REPRESENTATION_CONTEXT ( 'NONE', 'WORKASPACE' ) );
#978 = ORIENTED_EDGE ( 'NONE', *, *, #1552, .T. ) ;
#979 = CIRCLE ( 'NONE', #2537, 0.7772819131103801960 ) ;
#980 = CARTESIAN_POINT ( 'NONE',  ( -1.975000000000000089, 1.194999999999991624, 2.988728652589659696 ) ) ;
#981 = CARTESIAN_POINT ( 'NONE',  ( -0.8349999999999999645, 1.729999999999991545, 2.122499999999999609 ) ) ;
#982 = AXIS2_PLACEMENT_3D ( 'NONE', #2382, #2599, #1100 ) ;
#983 = VERTEX_POINT ( 'NONE', #1890 ) ;
#984 = ORIENTED_EDGE ( 'NONE', *, *, #506, .T. ) ;
#985 = EDGE_CURVE ( 'NONE', #2524, #2243, #2761, .T. ) ;
#986 = DIRECTION ( 'NONE',  ( 0.000000000000000000, 0.000000000000000000, 1.000000000000000000 ) ) ;
#987 = EDGE_CURVE ( 'NONE', #691, #339, #2531, .T. ) ;
#988 = CARTESIAN_POINT ( 'NONE',  ( -1.975000000000000089, 0.5336967668890062466, 5.052500000000000213 ) ) ;
#989 = VECTOR ( 'NONE', #673, 1000.000000000000000 ) ;
#990 = STYLED_ITEM ( 'NONE', ( #1453 ), #707 ) ;
#991 = SURFACE_STYLE_FILL_AREA ( #779 ) ;
#992 = ORIENTED_EDGE ( 'NONE', *, *, #844, .T. ) ;
#993 = ADVANCED_FACE ( 'NONE', ( #589 ), #2069, .F. ) ;
#994 = DIRECTION ( 'NONE',  ( 0.000000000000000000, 0.000000000000000000, 1.000000000000000000 ) ) ;
#995 = LINE ( 'NONE', #746, #2534 ) ;
#996 = ORIENTED_EDGE ( 'NONE', *, *, #2252, .T. ) ;
#997 = VERTEX_POINT ( 'NONE', #765 ) ;
#998 = CARTESIAN_POINT ( 'NONE',  ( 1.445000000000000062, 0.9527180868896116817, 2.988728652589659696 ) ) ;
#999 = DIRECTION ( 'NONE',  ( 1.000000000000000000, 0.000000000000000000, 0.000000000000000000 ) ) ;
#1000 = DIRECTION ( 'NONE',  ( 0.000000000000000000, 0.06975647374411907131, -0.9975640502598247528 ) ) ;
#1001 = DIRECTION ( 'NONE',  ( -1.000000000000000000, -0.000000000000000000, 0.000000000000000000 ) ) ;
#1002 = ORIENTED_EDGE ( 'NONE', *, *, #2315, .T. ) ;
#1003 = CARTESIAN_POINT ( 'NONE',  ( -3.299999999999999822, 0.2790358633935315913, -3.990398756044762241 ) ) ;
#1004 =( NAMED_UNIT ( * ) SI_UNIT ( $, .STERADIAN. ) SOLID_ANGLE_UNIT ( ) );
#1005 = EDGE_CURVE ( 'NONE', #879, #610, #1407, .T. ) ;
#1006 = ORIENTED_EDGE ( 'NONE', *, *, #1675, .T. ) ;
#1007 = VECTOR ( 'NONE', #2748, 1000.000000000000000 ) ;
#1008 = LINE ( 'NONE', #2543, #647 ) ;
#1009 = CARTESIAN_POINT ( 'NONE',  ( -0.8349999999999999645, 1.194999999999991402, 2.047310653434223582 ) ) ;
#1010 = CIRCLE ( 'NONE', #2517, 0.7772819131103801960 ) ;
#1011 = VERTEX_POINT ( 'NONE', #116 ) ;
#1012 = CARTESIAN_POINT ( 'NONE',  ( -0.8349999999999999645, 0.5968018044541084643, 4.150055918664121712 ) ) ;
#1013 = CARTESIAN_POINT ( 'NONE',  ( 1.974999999999999867, 0.7361007700312771629, 3.947374666064606963 ) ) ;
#1014 = FILL_AREA_STYLE_COLOUR ( '', #81 ) ;
#1015 = ORIENTED_EDGE ( 'NONE', *, *, #1361, .F. ) ;
#1016 = DIRECTION ( 'NONE',  ( 1.000000000000000000, 0.000000000000000000, 0.000000000000000000 ) ) ;
#1017 = ADVANCED_FACE ( 'NONE', ( #2291 ), #532, .F. ) ;
#1018 = EDGE_CURVE ( 'NONE', #1704, #997, #967, .T. ) ;
#1019 = VECTOR ( 'NONE', #1625, 999.9999999999998863 ) ;
#1020 = ORIENTED_EDGE ( 'NONE', *, *, #2327, .T. ) ;
#1021 = CARTESIAN_POINT ( 'NONE',  ( -1.975000000000000089, 0.9527180868896116817, 2.988728652589659696 ) ) ;
#1022 = DIRECTION ( 'NONE',  ( -1.000000000000000000, 0.000000000000000000, -0.000000000000000000 ) ) ;
#1023 = CIRCLE ( 'NONE', #2627, 0.7772819131103801960 ) ;
#1024 = AXIS2_PLACEMENT_3D ( 'NONE', #968, #1210, #1867 ) ;
#1025 = ORIENTED_EDGE ( 'NONE', *, *, #2565, .T. ) ;
#1026 = DIRECTION ( 'NONE',  ( -1.000000000000000000, -0.000000000000000000, -0.000000000000000000 ) ) ;
#1027 = CARTESIAN_POINT ( 'NONE',  ( 2.584999999999999520, 0.000000000000000000, 5.015180286546897293 ) ) ;
#1028 = CLOSED_SHELL ( 'NONE', ( #2718, #2720, #1546, #1828, #920, #1529, #361, #520, #946, #276, #1170, #1088, #1580 ) ) ;
#1029 = PRESENTATION_STYLE_ASSIGNMENT (( #1409 ) ) ;
#1030 = DIRECTION ( 'NONE',  ( -1.000000000000000000, -0.000000000000000000, 0.000000000000000000 ) ) ;
#1031 = DIRECTION ( 'NONE',  ( -1.000000000000000000, -0.000000000000000000, -0.000000000000000000 ) ) ;
#1032 = VERTEX_POINT ( 'NONE', #2719 ) ;
#1033 = DIRECTION ( 'NONE',  ( 0.000000000000000000, -2.303338524349784201E-16, -1.000000000000000000 ) ) ;
#1034 = VECTOR ( 'NONE', #2153, 1000.000000000000000 ) ;
#1035 = SHAPE_DEFINITION_REPRESENTATION ( #2218, #270 ) ;
#1036 = EDGE_CURVE ( 'NONE', #1930, #2055, #2335, .T. ) ;
#1037 = VERTEX_POINT ( 'NONE', #1431 ) ;
#1038 = PLANE ( 'NONE',  #201 ) ;
#1039 = DIRECTION ( 'NONE',  ( -1.000000000000000000, -0.000000000000000000, -0.000000000000000000 ) ) ;
#1040 = ORIENTED_EDGE ( 'NONE', *, *, #953, .F. ) ;
#1041 = CARTESIAN_POINT ( 'NONE',  ( 2.584999999999999520, 0.06310503756510232876, 4.112736205211018792 ) ) ;
#1042 = PLANE ( 'NONE',  #2293 ) ;
#1043 = LINE ( 'NONE', #818, #1937 ) ;
#1044 = ADVANCED_FACE ( 'NONE', ( #346 ), #1634, .T. ) ;
#1045 = DIRECTION ( 'NONE',  ( -1.000000000000000000, -0.000000000000000000, -0.000000000000000000 ) ) ;
#1046 = DIRECTION ( 'NONE',  ( -0.000000000000000000, 0.000000000000000000, 1.000000000000000000 ) ) ;
#1047 = ORIENTED_EDGE ( 'NONE', *, *, #803, .F. ) ;
#1048 = CARTESIAN_POINT ( 'NONE',  ( 0.3049999999999999933, 1.194999999999991624, 2.988728652589659696 ) ) ;
#1049 = ORIENTED_EDGE ( 'NONE', *, *, #2132, .F. ) ;
#1050 = ORIENTED_EDGE ( 'NONE', *, *, #2689, .T. ) ;
#1051 =( NAMED_UNIT ( * ) SI_UNIT ( $, .STERADIAN. ) SOLID_ANGLE_UNIT ( ) );
#1052 = ORIENTED_EDGE ( 'NONE', *, *, #680, .T. ) ;
#1053 = VECTOR ( 'NONE', #1776, 999.9999999999998863 ) ;
#1054 = ORIENTED_EDGE ( 'NONE', *, *, #2689, .F. ) ;
#1055 = LINE ( 'NONE', #170, #2659 ) ;
#1056 = DIRECTION ( 'NONE',  ( -1.000000000000000000, -0.000000000000000000, -0.000000000000000000 ) ) ;
#1057 = ORIENTED_EDGE ( 'NONE', *, *, #52, .T. ) ;
#1058 = LINE ( 'NONE', #603, #2362 ) ;
#1059 = EDGE_CURVE ( 'NONE', #289, #691, #1644, .T. ) ;
#1060 = DIRECTION ( 'NONE',  ( 1.000000000000000000, -0.000000000000000000, 0.000000000000000000 ) ) ;
#1061 = ADVANCED_FACE ( 'NONE', ( #1417 ), #1660, .F. ) ;
#1062 = ORIENTED_EDGE ( 'NONE', *, *, #418, .F. ) ;
#1063 = PLANE ( 'NONE',  #2637 ) ;
#1064 = CARTESIAN_POINT ( 'NONE',  ( 0.000000000000000000, 0.000000000000000000, 0.000000000000000000 ) ) ;
#1065 = EDGE_LOOP ( 'NONE', ( #595, #1508, #1747, #345 ) ) ;
#1066 = LINE ( 'NONE', #2158, #531 ) ;
#1067 = CARTESIAN_POINT ( 'NONE',  ( -2.412499999999999645, 0.5349999999999999201, -0.2225000000000004752 ) ) ;
#1068 = ADVANCED_FACE ( 'NONE', ( #2079 ), #1866, .F. ) ;
#1069 = DIRECTION ( 'NONE',  ( 0.000000000000000000, -2.503270168319173594E-16, 1.000000000000000000 ) ) ;
#1070 = ORIENTED_EDGE ( 'NONE', *, *, #89, .F. ) ;
#1071 =( NAMED_UNIT ( * ) PLANE_ANGLE_UNIT ( ) SI_UNIT ( $, .RADIAN. ) );
#1072 = PRESENTATION_LAYER_ASSIGNMENT (  '', '', ( #1396 ) ) ;
#1073 = LINE ( 'NONE', #1307, #2133 ) ;
#1074 = VECTOR ( 'NONE', #2526, 1000.000000000000000 ) ;
#1075 = EDGE_CURVE ( 'NONE', #2639, #1674, #601, .T. ) ;
#1076 = VECTOR ( 'NONE', #1280, 1000.000000000000000 ) ;
#1077 = DIRECTION ( 'NONE',  ( 1.000000000000000000, 0.000000000000000000, 0.000000000000000000 ) ) ;
#1078 = CARTESIAN_POINT ( 'NONE',  ( -1.444999999999999840, 0.000000000000000000, 5.015180286546897293 ) ) ;
#1079 = ORIENTED_EDGE ( 'NONE', *, *, #930, .T. ) ;
#1080 = AXIS2_PLACEMENT_3D ( 'NONE', #1725, #238, #2628 ) ;
#1081 = SURFACE_SIDE_STYLE ('',( #1300 ) ) ;
#1082 = CIRCLE ( 'NONE', #896, 0.7772819131103801960 ) ;
#1083 = ORIENTED_EDGE ( 'NONE', *, *, #1589, .T. ) ;
#1084 = PRESENTATION_LAYER_ASSIGNMENT (  '', '', ( #2685 ) ) ;
#1085 = PLANE ( 'NONE',  #1177 ) ;
#1086 = DIRECTION ( 'NONE',  ( 1.000000000000000000, 0.000000000000000000, 0.000000000000000000 ) ) ;
#1087 = EDGE_LOOP ( 'NONE', ( #517, #1224, #1289, #1658 ) ) ;
#1088 = ADVANCED_FACE ( 'NONE', ( #806 ), #2816, .T. ) ;
#1089 = CARTESIAN_POINT ( 'NONE',  ( -2.412500000000000089, 7.408208857586099150, -3.972500000000000142 ) ) ;
#1090 =( LENGTH_UNIT ( ) NAMED_UNIT ( * ) SI_UNIT ( .MILLI., .METRE. ) );
#1091 = PLANE ( 'NONE',  #158 ) ;
#1092 = ORIENTED_EDGE ( 'NONE', *, *, #2802, .T. ) ;
#1093 = CARTESIAN_POINT ( 'NONE',  ( 2.412499999999999645, 0.5349999999999999201, -0.2225000000000004752 ) ) ;
#1094 = FACE_OUTER_BOUND ( 'NONE', #297, .T. ) ;
#1095 = EDGE_CURVE ( 'NONE', #1551, #2570, #2572, .T. ) ;
#1096 = ORIENTED_EDGE ( 'NONE', *, *, #1075, .F. ) ;
#1097 = DIRECTION ( 'NONE',  ( 0.000000000000000000, -1.000000000000000000, -2.503270168319173594E-16 ) ) ;
#1098 = ORIENTED_EDGE ( 'NONE', *, *, #2597, .F. ) ;
#1099 = VERTEX_POINT ( 'NONE', #386 ) ;
#1100 = DIRECTION ( 'NONE',  ( 0.000000000000000000, -0.06975647374411905743, 0.9975640502598246417 ) ) ;
#1101 = DIRECTION ( 'NONE',  ( -1.000000000000000000, -0.000000000000000000, -0.000000000000000000 ) ) ;
#1102 = EDGE_CURVE ( 'NONE', #1648, #2355, #612, .T. ) ;
#1103 = ORIENTED_EDGE ( 'NONE', *, *, #2411, .T. ) ;
#1104 = CARTESIAN_POINT ( 'NONE',  ( -1.975000000000000089, 0.5968018044541084643, 4.150055918664121712 ) ) ;
#1105 = DIRECTION ( 'NONE',  ( 0.000000000000000000, 0.9902680687415710281, 0.1391731009600597757 ) ) ;
#1106 = DIRECTION ( 'NONE',  ( 1.000000000000000000, -0.000000000000000000, -0.000000000000000000 ) ) ;
#1107 = FACE_OUTER_BOUND ( 'NONE', #962, .T. ) ;
#1108 = STYLED_ITEM ( 'NONE', ( #2618 ), #1170 ) ;
#1109 = ORIENTED_EDGE ( 'NONE', *, *, #350, .F. ) ;
#1110 = UNCERTAINTY_MEASURE_WITH_UNIT (LENGTH_MEASURE( 1.000000000000000082E-05 ), #2310, 'distance_accuracy_value', 'NONE');
#1111 = APPLICATION_CONTEXT ( 'automotive_design' ) ;
#1112 = CARTESIAN_POINT ( 'NONE',  ( -2.584999999999999964, 0.5100000000000000089, 3.462500000000000799 ) ) ;
#1113 = ORIENTED_EDGE ( 'NONE', *, *, #396, .F. ) ;
#1114 = EDGE_CURVE ( 'NONE', #2342, #2235, #1055, .T. ) ;
#1115 = DIRECTION ( 'NONE',  ( 1.000000000000000000, 0.000000000000000000, 0.000000000000000000 ) ) ;
#1116 = DIRECTION ( 'NONE',  ( 0.000000000000000000, -0.9063077870366486044, 0.4226182617407022724 ) ) ;
#1117 = DIRECTION ( 'NONE',  ( 0.000000000000000000, -1.000000000000000000, 0.000000000000000000 ) ) ;
#1118 = ORIENTED_EDGE ( 'NONE', *, *, #2337, .T. ) ;
#1119 = CARTESIAN_POINT ( 'NONE',  ( -1.444999999999999840, 0.9527180868896116817, 2.988728652589659696 ) ) ;
#1120 = DIRECTION ( 'NONE',  ( 0.000000000000000000, -0.1391731009600597757, 0.9902680687415711391 ) ) ;
#1121 =( GEOMETRIC_REPRESENTATION_CONTEXT ( 3 ) GLOBAL_UNCERTAINTY_ASSIGNED_CONTEXT ( ( #872 ) ) GLOBAL_UNIT_ASSIGNED_CONTEXT ( ( #107, #1188, #1839 ) ) REPRESENTATION_CONTEXT ( 'NONE', 'WORKASPACE' ) );
#1122 = AXIS2_PLACEMENT_3D ( 'NONE', #231, #2790, #1980 ) ;
#1123 = SURFACE_STYLE_FILL_AREA ( #902 ) ;
#1124 =( NAMED_UNIT ( * ) SI_UNIT ( $, .STERADIAN. ) SOLID_ANGLE_UNIT ( ) );
#1125 = AXIS2_PLACEMENT_3D ( 'NONE', #143, #1661, #792 ) ;
#1126 = ORIENTED_EDGE ( 'NONE', *, *, #2422, .T. ) ;
#1127 = VECTOR ( 'NONE', #359, 1000.000000000000000 ) ;
#1128 = LINE ( 'NONE', #1185, #1769 ) ;
#1129 = ORIENTED_EDGE ( 'NONE', *, *, #1230, .F. ) ;
#1130 = VECTOR ( 'NONE', #2247, 1000.000000000000114 ) ;
#1131 = ORIENTED_EDGE ( 'NONE', *, *, #1608, .T. ) ;
#1132 = CARTESIAN_POINT ( 'NONE',  ( -3.290909514447342588, 0.000000000000000000, -3.972500000000000142 ) ) ;
#1133 =( GEOMETRIC_REPRESENTATION_CONTEXT ( 3 ) GLOBAL_UNCERTAINTY_ASSIGNED_CONTEXT ( ( #1419 ) ) GLOBAL_UNIT_ASSIGNED_CONTEXT ( ( #633, #2379, #841 ) ) REPRESENTATION_CONTEXT ( 'NONE', 'WORKASPACE' ) );
#1134 = LINE ( 'NONE', #1523, #1895 ) ;
#1135 = CARTESIAN_POINT ( 'NONE',  ( 0.8350000000000000755, 1.055110847859532575, 3.208310637099733409 ) ) ;
#1136 = MECHANICAL_DESIGN_GEOMETRIC_PRESENTATION_REPRESENTATION (  '', ( #2728 ), #2408 ) ;
#1137 = ORIENTED_EDGE ( 'NONE', *, *, #859, .F. ) ;
#1138 = PLANE ( 'NONE',  #1382 ) ;
#1139 = FACE_OUTER_BOUND ( 'NONE', #941, .T. ) ;
#1140 = PRESENTATION_LAYER_ASSIGNMENT (  '', '', ( #1275 ) ) ;
#1141 = CARTESIAN_POINT ( 'NONE',  ( -1.444999999999999840, 0.5968018044541084643, 4.150055918664121712 ) ) ;
#1142 = DIRECTION ( 'NONE',  ( 0.000000000000000000, 0.000000000000000000, 1.000000000000000000 ) ) ;
#1143 = ADVANCED_FACE ( 'NONE', ( #1914 ), #2179, .T. ) ;
#1144 = ORIENTED_EDGE ( 'NONE', *, *, #380, .F. ) ;
#1145 = PRODUCT_DEFINITION_CONTEXT ( 'detailed design', #1111, 'design' ) ;
#1146 = CARTESIAN_POINT ( 'NONE',  ( 2.584999999999999520, 0.7361007700312771629, 3.947374666064606963 ) ) ;
#1147 = VERTEX_POINT ( 'NONE', #1745 ) ;
#1148 = DIRECTION ( 'NONE',  ( 0.000000000000000000, -0.9902680687415710281, -0.1391731009600597480 ) ) ;
#1149 = CARTESIAN_POINT ( 'NONE',  ( -1.975000000000000089, 0.5099999999999997868, 3.462500000000001243 ) ) ;
#1150 = CARTESIAN_POINT ( 'NONE',  ( -0.8349999999999999645, 0.7361007700312771629, 3.947374666064606963 ) ) ;
#1151 = VERTEX_POINT ( 'NONE', #599 ) ;
#1152 = DIRECTION ( 'NONE',  ( -1.000000000000000000, -0.000000000000000000, -0.000000000000000000 ) ) ;
#1153 = CARTESIAN_POINT ( 'NONE',  ( 1.445000000000000062, 0.9527180868896116817, 2.988728652589659696 ) ) ;
#1154 = EDGE_CURVE ( 'NONE', #2067, #875, #2603, .T. ) ;
#1155 = FACE_OUTER_BOUND ( 'NONE', #2328, .T. ) ;
#1156 = EDGE_LOOP ( 'NONE', ( #2784, #513, #1092, #2366, #2598, #2242, #463, #1286, #141, #2781, #27, #2642 ) ) ;
#1157 =( GEOMETRIC_REPRESENTATION_CONTEXT ( 3 ) GLOBAL_UNCERTAINTY_ASSIGNED_CONTEXT ( ( #561 ) ) GLOBAL_UNIT_ASSIGNED_CONTEXT ( ( #1090, #1071, #1944 ) ) REPRESENTATION_CONTEXT ( 'NONE', 'WORKASPACE' ) );
#1158 = LINE ( 'NONE', #1837, #712 ) ;
#1159 = PRESENTATION_LAYER_ASSIGNMENT (  '', '', ( #2027 ) ) ;
#1160 = ORIENTED_EDGE ( 'NONE', *, *, #2791, .F. ) ;
#1161 = CARTESIAN_POINT ( 'NONE',  ( -0.8349999999999999645, 0.5968018044541084643, 4.150055918664121712 ) ) ;
#1162 = PLANE ( 'NONE',  #2447 ) ;
#1163 = ORIENTED_EDGE ( 'NONE', *, *, #2215, .T. ) ;
#1164 = DIRECTION ( 'NONE',  ( 0.000000000000000000, -0.06975647374411894641, 0.9975640502598247528 ) ) ;
#1165 = PLANE ( 'NONE',  #2354 ) ;
#1166 = VERTEX_POINT ( 'NONE', #2162 ) ;
#1167 = LINE ( 'NONE', #943, #1359 ) ;
#1168 = LINE ( 'NONE', #49, #2676 ) ;
#1169 = APPLICATION_CONTEXT ( 'automotive_design' ) ;
#1170 = ADVANCED_FACE ( 'NONE', ( #1473 ), #1042, .T. ) ;
#1171 = CARTESIAN_POINT ( 'NONE',  ( -2.584999999999999964, 1.055110847859532575, 3.208310637099733409 ) ) ;
#1172 = CIRCLE ( 'NONE', #2764, 0.2422819131103798596 ) ;
#1173 = ORIENTED_EDGE ( 'NONE', *, *, #1324, .T. ) ;
#1174 = FILL_AREA_STYLE ('',( #2710 ) ) ;
#1175 = VECTOR ( 'NONE', #2174, 1000.000000000000227 ) ;
#1176 = EDGE_LOOP ( 'NONE', ( #800, #1899, #538, #1886 ) ) ;
#1177 = AXIS2_PLACEMENT_3D ( 'NONE', #848, #636, #456 ) ;
#1178 = FACE_OUTER_BOUND ( 'NONE', #406, .T. ) ;
#1179 = FACE_OUTER_BOUND ( 'NONE', #2149, .T. ) ;
#1180 = STYLED_ITEM ( 'NONE', ( #1495 ), #520 ) ;
#1181 = ORIENTED_EDGE ( 'NONE', *, *, #234, .F. ) ;
#1182 = VECTOR ( 'NONE', #2017, 1000.000000000000000 ) ;
#1183 = DIRECTION ( 'NONE',  ( 0.000000000000000000, -0.9063077870366486044, 0.4226182617407022724 ) ) ;
#1184 = FILL_AREA_STYLE ('',( #2255 ) ) ;
#1185 = CARTESIAN_POINT ( 'NONE',  ( -1.975000000000000089, 1.281211617890809729, 3.693185303164340905 ) ) ;
#1186 = ORIENTED_EDGE ( 'NONE', *, *, #1968, .F. ) ;
#1187 = CARTESIAN_POINT ( 'NONE',  ( -3.299999999999999822, 0.5350000000000038058, -3.972500000000000142 ) ) ;
#1188 =( NAMED_UNIT ( * ) PLANE_ANGLE_UNIT ( ) SI_UNIT ( $, .RADIAN. ) );
#1189 = VERTEX_POINT ( 'NONE', #242 ) ;
#1190 = DIRECTION ( 'NONE',  ( 0.000000000000000000, 2.303338524349784201E-16, 1.000000000000000000 ) ) ;
#1191 = FACE_OUTER_BOUND ( 'NONE', #783, .T. ) ;
#1192 = EDGE_CURVE ( 'NONE', #2146, #679, #2444, .T. ) ;
#1193 = DIRECTION ( 'NONE',  ( 0.000000000000000000, 0.9063077870366481603, -0.4226182617407035491 ) ) ;
#1194 = CARTESIAN_POINT ( 'NONE',  ( -0.8349999999999999645, 0.5336967668890062466, 5.052500000000000213 ) ) ;
#1195 = FILL_AREA_STYLE ('',( #2765 ) ) ;
#1196 = EDGE_CURVE ( 'NONE', #399, #1952, #2661, .T. ) ;
#1197 = AXIS2_PLACEMENT_3D ( 'NONE', #1527, #2800, #1503 ) ;
#1198 = CARTESIAN_POINT ( 'NONE',  ( -1.975000000000000089, 0.5099999999999997868, 3.462500000000001243 ) ) ;
#1199 = DIRECTION ( 'NONE',  ( 0.000000000000000000, -0.06975647374411894641, 0.9975640502598247528 ) ) ;
#1200 = AXIS2_PLACEMENT_3D ( 'NONE', #980, #734, #1190 ) ;
#1201 = EDGE_CURVE ( 'NONE', #411, #2653, #187, .T. ) ;
#1202 = ORIENTED_EDGE ( 'NONE', *, *, #2446, .T. ) ;
#1203 = EDGE_CURVE ( 'NONE', #2095, #2016, #1975, .T. ) ;
#1204 = CARTESIAN_POINT ( 'NONE',  ( 2.584999999999999520, 0.5336967668890062466, 5.052500000000000213 ) ) ;
#1205 = DIRECTION ( 'NONE',  ( -0.06908086403640370521, 0.9879023813098019025, -0.1388406252737532931 ) ) ;
#1206 = ORIENTED_EDGE ( 'NONE', *, *, #1669, .T. ) ;
#1207 = ORIENTED_EDGE ( 'NONE', *, *, #2634, .F. ) ;
#1208 = ORIENTED_EDGE ( 'NONE', *, *, #1783, .F. ) ;
#1209 = DIRECTION ( 'NONE',  ( 0.000000000000000000, 2.303338524349784201E-16, 1.000000000000000000 ) ) ;
#1210 = DIRECTION ( 'NONE',  ( 0.000000000000000000, 0.000000000000000000, -1.000000000000000000 ) ) ;
#1211 = SURFACE_SIDE_STYLE ('',( #2535 ) ) ;
#1212 = CARTESIAN_POINT ( 'NONE',  ( 2.584999999999999520, 0.5968018044541084643, 4.150055918664121712 ) ) ;
#1213 = ORIENTED_EDGE ( 'NONE', *, *, #2791, .T. ) ;
#1214 = DIRECTION ( 'NONE',  ( 0.000000000000000000, -0.9063077870366481603, 0.4226182617407035491 ) ) ;
#1215 = AXIS2_PLACEMENT_3D ( 'NONE', #2377, #838, #869 ) ;
#1216 = DIRECTION ( 'NONE',  ( -0.000000000000000000, 0.4226182617407035491, 0.9063077870366481603 ) ) ;
#1217 = VECTOR ( 'NONE', #2222, 999.9999999999998863 ) ;
#1218 =( GEOMETRIC_REPRESENTATION_CONTEXT ( 3 ) GLOBAL_UNCERTAINTY_ASSIGNED_CONTEXT ( ( #956 ) ) GLOBAL_UNIT_ASSIGNED_CONTEXT ( ( #914, #2449, #1124 ) ) REPRESENTATION_CONTEXT ( 'NONE', 'WORKASPACE' ) );
#1219 = VERTEX_POINT ( 'NONE', #2022 ) ;
#1220 = VECTOR ( 'NONE', #1542, 1000.000000000000000 ) ;
#1221 = CYLINDRICAL_SURFACE ( 'NONE', #145, 0.7772819131103801960 ) ;
#1222 = DIRECTION ( 'NONE',  ( 0.000000000000000000, 0.000000000000000000, 1.000000000000000000 ) ) ;
#1223 = VECTOR ( 'NONE', #1329, 999.9999999999998863 ) ;
#1224 = ORIENTED_EDGE ( 'NONE', *, *, #2789, .F. ) ;
#1225 = DIRECTION ( 'NONE',  ( 0.000000000000000000, -0.4226182617407023279, -0.9063077870366487154 ) ) ;
#1226 = LINE ( 'NONE', #1027, #1622 ) ;
#1227 = VECTOR ( 'NONE', #1000, 999.9999999999998863 ) ;
#1228 =( NAMED_UNIT ( * ) SI_UNIT ( $, .STERADIAN. ) SOLID_ANGLE_UNIT ( ) );
#1229 = ORIENTED_EDGE ( 'NONE', *, *, #1968, .T. ) ;
#1230 = EDGE_CURVE ( 'NONE', #2077, #399, #645, .T. ) ;
#1231 = ORIENTED_EDGE ( 'NONE', *, *, #220, .F. ) ;
#1232 = LINE ( 'NONE', #2539, #2274 ) ;
#1233 = DIRECTION ( 'NONE',  ( 1.000000000000000000, 0.000000000000000000, 0.000000000000000000 ) ) ;
#1234 = VERTEX_POINT ( 'NONE', #1343 ) ;
#1235 = DIRECTION ( 'NONE',  ( 1.000000000000000000, -0.000000000000000000, -0.000000000000000000 ) ) ;
#1236 = CARTESIAN_POINT ( 'NONE',  ( 1.974999999999999867, 0.8384935310011981668, 4.166956650574681120 ) ) ;
#1237 = ORIENTED_EDGE ( 'NONE', *, *, #2565, .F. ) ;
#1238 = DIRECTION ( 'NONE',  ( -1.000000000000000000, -0.000000000000000000, -0.000000000000000000 ) ) ;
#1239 = DIRECTION ( 'NONE',  ( -1.000000000000000000, -0.000000000000000000, -0.000000000000000000 ) ) ;
#1240 = EDGE_CURVE ( 'NONE', #733, #2077, #880, .T. ) ;
#1241 = EDGE_CURVE ( 'NONE', #729, #1449, #2236, .T. ) ;
#1242 =( NAMED_UNIT ( * ) SI_UNIT ( $, .STERADIAN. ) SOLID_ANGLE_UNIT ( ) );
#1243 = DIRECTION ( 'NONE',  ( 0.000000000000000000, -0.000000000000000000, -1.000000000000000000 ) ) ;
#1244 =( LENGTH_UNIT ( ) NAMED_UNIT ( * ) SI_UNIT ( .MILLI., .METRE. ) );
#1245 = ORIENTED_EDGE ( 'NONE', *, *, #1154, .F. ) ;
#1246 = DIRECTION ( 'NONE',  ( 0.000000000000000000, 2.303338524349784201E-16, 1.000000000000000000 ) ) ;
#1247 = VERTEX_POINT ( 'NONE', #1990 ) ;
#1248 = AXIS2_PLACEMENT_3D ( 'NONE', #362, #333, #1209 ) ;
#1249 = DIRECTION ( 'NONE',  ( 0.000000000000000000, 2.503270168319173594E-16, -1.000000000000000000 ) ) ;
#1250 = LINE ( 'NONE', #530, #2219 ) ;
#1251 = ORIENTED_EDGE ( 'NONE', *, *, #2798, .T. ) ;
#1252 = FACE_OUTER_BOUND ( 'NONE', #1535, .T. ) ;
#1253 = CARTESIAN_POINT ( 'NONE',  ( 1.974999999999999867, 0.5100000000000000089, 3.462500000000000799 ) ) ;
#1254 = DIRECTION ( 'NONE',  ( 1.000000000000000000, 0.000000000000000000, 0.000000000000000000 ) ) ;
#1255 = CARTESIAN_POINT ( 'NONE',  ( -1.975000000000000089, 0.5336967668890062466, 5.052500000000000213 ) ) ;
#1256 = ADVANCED_FACE ( 'NONE', ( #668 ), #1138, .F. ) ;
#1257 = VERTEX_POINT ( 'NONE', #1573 ) ;
#1258 = CARTESIAN_POINT ( 'NONE',  ( 1.445000000000000062, 0.5968018044541084643, 4.150055918664121712 ) ) ;
#1259 = SURFACE_STYLE_USAGE ( .BOTH. , #2566 ) ;
#1260 = ORIENTED_EDGE ( 'NONE', *, *, #1095, .T. ) ;
#1261 = MECHANICAL_DESIGN_GEOMETRIC_PRESENTATION_REPRESENTATION (  '', ( #1396 ), #973 ) ;
#1262 = DIRECTION ( 'NONE',  ( 1.000000000000000000, -0.000000000000000000, 0.000000000000000000 ) ) ;
#1263 = DIRECTION ( 'NONE',  ( 0.000000000000000000, -2.503270168319173594E-16, 1.000000000000000000 ) ) ;
#1264 = AXIS2_PLACEMENT_3D ( 'NONE', #2105, #1001, #2725 ) ;
#1265 = ADVANCED_FACE ( 'NONE', ( #925 ), #1818, .T. ) ;
#1266 = VECTOR ( 'NONE', #334, 1000.000000000000000 ) ;
#1267 = ORIENTED_EDGE ( 'NONE', *, *, #2711, .T. ) ;
#1268 = SURFACE_STYLE_FILL_AREA ( #2346 ) ;
#1269 = PLANE ( 'NONE',  #788 ) ;
#1270 = CLOSED_SHELL ( 'NONE', ( #2275, #1820, #1475, #2372, #181, #2059, #2182, #2620, #62, #1265 ) ) ;
#1271 = AXIS2_PLACEMENT_3D ( 'NONE', #83, #2456, #315 ) ;
#1272 = CARTESIAN_POINT ( 'NONE',  ( -3.299999999999999822, 1.729999999999991545, 2.122499999999999609 ) ) ;
#1273 = ORIENTED_EDGE ( 'NONE', *, *, #2076, .T. ) ;
#1274 = LINE ( 'NONE', #1455, #491 ) ;
#1275 = STYLED_ITEM ( 'NONE', ( #2477 ), #946 ) ;
#1276 = ORIENTED_EDGE ( 'NONE', *, *, #2584, .F. ) ;
#1277 = VERTEX_POINT ( 'NONE', #709 ) ;
#1278 = EDGE_CURVE ( 'NONE', #339, #2352, #911, .T. ) ;
#1279 =( NAMED_UNIT ( * ) SI_UNIT ( $, .STERADIAN. ) SOLID_ANGLE_UNIT ( ) );
#1280 = DIRECTION ( 'NONE',  ( 0.000000000000000000, -2.303338524349784201E-16, -1.000000000000000000 ) ) ;
#1281 = EDGE_LOOP ( 'NONE', ( #398, #2779, #495, #1810 ) ) ;
#1282 = EDGE_CURVE ( 'NONE', #2375, #1521, #1469, .T. ) ;
#1283 = FACE_OUTER_BOUND ( 'NONE', #1460, .T. ) ;
#1284 = ORIENTED_EDGE ( 'NONE', *, *, #674, .T. ) ;
#1285 = LINE ( 'NONE', #1272, #37 ) ;
#1286 = ORIENTED_EDGE ( 'NONE', *, *, #1639, .T. ) ;
#1287 = EDGE_CURVE ( 'NONE', #2055, #2820, #2675, .T. ) ;
#1288 = CARTESIAN_POINT ( 'NONE',  ( -0.8349999999999999645, 0.5100000000000000089, 3.462500000000000799 ) ) ;
#1289 = ORIENTED_EDGE ( 'NONE', *, *, #2239, .F. ) ;
#1290 = FACE_OUTER_BOUND ( 'NONE', #1448, .T. ) ;
#1291 = DIRECTION ( 'NONE',  ( 1.000000000000000000, 0.000000000000000000, -0.000000000000000000 ) ) ;
#1292 = EDGE_CURVE ( 'NONE', #1308, #2277, #2692, .T. ) ;
#1293 = ORIENTED_EDGE ( 'NONE', *, *, #1102, .T. ) ;
#1294 = VECTOR ( 'NONE', #547, 1000.000000000000000 ) ;
#1295 = CARTESIAN_POINT ( 'NONE',  ( -1.975000000000000089, 0.5100000000000000089, 3.462500000000000799 ) ) ;
#1296 = CARTESIAN_POINT ( 'NONE',  ( 1.445000000000000062, 1.055110847859532575, 3.208310637099733409 ) ) ;
#1297 = COLOUR_RGB ( '',0.2509803921568627416, 0.2509803921568627416, 0.2509803921568627416 ) ;
#1298 = CARTESIAN_POINT ( 'NONE',  ( -0.8349999999999999645, 0.8384935310011981668, 4.166956650574681120 ) ) ;
#1299 = ORIENTED_EDGE ( 'NONE', *, *, #169, .F. ) ;
#1300 = SURFACE_STYLE_FILL_AREA ( #1967 ) ;
#1301 = EDGE_LOOP ( 'NONE', ( #2157, #403, #725, #2528 ) ) ;
#1302 = DIRECTION ( 'NONE',  ( -1.000000000000000000, -0.000000000000000000, -0.000000000000000000 ) ) ;
#1303 = CARTESIAN_POINT ( 'NONE',  ( 0.3049999999999999933, 1.194999999999991402, 2.047310653434223582 ) ) ;
#1304 = VERTEX_POINT ( 'NONE', #228 ) ;
#1305 = SURFACE_STYLE_FILL_AREA ( #853 ) ;
#1306 = CIRCLE ( 'NONE', #1264, 0.2422819131103798596 ) ;
#1307 = CARTESIAN_POINT ( 'NONE',  ( 1.445000000000000062, 1.729999999999991545, 2.122499999999999609 ) ) ;
#1308 = VERTEX_POINT ( 'NONE', #2010 ) ;
#1309 = AXIS2_PLACEMENT_3D ( 'NONE', #305, #669, #277 ) ;
#1310 = VECTOR ( 'NONE', #2631, 1000.000000000000000 ) ;
#1311 = PLANE ( 'NONE',  #2495 ) ;
#1312 = PLANE ( 'NONE',  #1215 ) ;
#1313 = PLANE ( 'NONE',  #2229 ) ;
#1314 = EDGE_CURVE ( 'NONE', #2673, #557, #1332, .T. ) ;
#1315 = AXIS2_PLACEMENT_3D ( 'NONE', #1686, #2316, #355 ) ;
#1316 = ORIENTED_EDGE ( 'NONE', *, *, #1669, .F. ) ;
#1317 = FACE_OUTER_BOUND ( 'NONE', #1087, .T. ) ;
#1318 = SURFACE_STYLE_USAGE ( .BOTH. , #2670 ) ;
#1319 = EDGE_LOOP ( 'NONE', ( #1160, #2151, #1372, #1946, #2451, #1829 ) ) ;
#1320 = LINE ( 'NONE', #833, #2629 ) ;
#1321 = EDGE_LOOP ( 'NONE', ( #2360, #1186, #1096, #183, #2429, #202, #1353, #2271, #1049, #2626, #1015, #2632 ) ) ;
#1322 = DIRECTION ( 'NONE',  ( 0.000000000000000000, -2.303338524349784201E-16, -1.000000000000000000 ) ) ;
#1323 = DIRECTION ( 'NONE',  ( -1.000000000000000000, 0.000000000000000000, -0.000000000000000000 ) ) ;
#1324 = EDGE_CURVE ( 'NONE', #1166, #2697, #460, .T. ) ;
#1325 = ORIENTED_EDGE ( 'NONE', *, *, #2187, .T. ) ;
#1326 = PRODUCT_RELATED_PRODUCT_CATEGORY ( 'part', '', ( #2063 ) ) ;
#1327 = DIRECTION ( 'NONE',  ( 0.06958737431667176565, 0.9951458157835084695, 0.06958737431665759643 ) ) ;
#1328 = EDGE_LOOP ( 'NONE', ( #708, #667, #269, #417 ) ) ;
#1329 = DIRECTION ( 'NONE',  ( 0.000000000000000000, 0.9063077870366481603, -0.4226182617407035491 ) ) ;
#1330 = FILL_AREA_STYLE ('',( #2457 ) ) ;
#1331 = ORIENTED_EDGE ( 'NONE', *, *, #1496, .F. ) ;
#1332 = LINE ( 'NONE', #1104, #464 ) ;
#1333 = PLANE ( 'NONE',  #1850 ) ;
#1334 = DIRECTION ( 'NONE',  ( 1.156482317317871478E-16, -0.000000000000000000, 1.000000000000000000 ) ) ;
#1335 = AXIS2_PLACEMENT_3D ( 'NONE', #1617, #1225, #2126 ) ;
#1336 = EDGE_LOOP ( 'NONE', ( #1398, #1724, #2747, #453 ) ) ;
#1337 = LINE ( 'NONE', #1599, #2452 ) ;
#1338 = EDGE_CURVE ( 'NONE', #605, #1151, #2431, .T. ) ;
#1339 = VERTEX_POINT ( 'NONE', #1790 ) ;
#1340 = DIRECTION ( 'NONE',  ( -1.000000000000000000, -0.000000000000000000, -0.000000000000000000 ) ) ;
#1341 = LINE ( 'NONE', #895, #1310 ) ;
#1342 = VERTEX_POINT ( 'NONE', #1204 ) ;
#1343 = CARTESIAN_POINT ( 'NONE',  ( -1.975000000000000089, 0.5336967668890062466, 5.052500000000000213 ) ) ;
#1344 = DIRECTION ( 'NONE',  ( 0.000000000000000000, -2.503270168319173594E-16, 1.000000000000000000 ) ) ;
#1345 = ADVANCED_FACE ( 'NONE', ( #318 ), #1221, .T. ) ;
#1346 = VECTOR ( 'NONE', #93, 1000.000000000000000 ) ;
#1347 = MECHANICAL_DESIGN_GEOMETRIC_PRESENTATION_REPRESENTATION (  '', ( #1988 ), #1528 ) ;
#1348 = LINE ( 'NONE', #1367, #2536 ) ;
#1349 = AXIS2_PLACEMENT_3D ( 'NONE', #1403, #2279, #1888 ) ;
#1350 = AXIS2_PLACEMENT_3D ( 'NONE', #2015, #61, #1822 ) ;
#1351 = MECHANICAL_DESIGN_GEOMETRIC_PRESENTATION_REPRESENTATION (  '', ( #2401 ), #935 ) ;
#1352 = CARTESIAN_POINT ( 'NONE',  ( -3.308978312214676976, -0.2583958465306474550, 1.843049188009827866 ) ) ;
#1353 = ORIENTED_EDGE ( 'NONE', *, *, #687, .F. ) ;
#1354 = VERTEX_POINT ( 'NONE', #1402 ) ;
#1355 = FACE_OUTER_BOUND ( 'NONE', #1543, .T. ) ;
#1356 = VECTOR ( 'NONE', #2269, 1000.000000000000000 ) ;
#1357 = DIRECTION ( 'NONE',  ( 0.000000000000000000, 0.000000000000000000, -1.000000000000000000 ) ) ;
#1358 = DIRECTION ( 'NONE',  ( 0.000000000000000000, 0.06975647374411893253, -0.9975640502598246417 ) ) ;
#1359 = VECTOR ( 'NONE', #1183, 1000.000000000000227 ) ;
#1360 = ORIENTED_EDGE ( 'NONE', *, *, #2215, .F. ) ;
#1361 = EDGE_CURVE ( 'NONE', #138, #2088, #1010, .T. ) ;
#1362 = DIRECTION ( 'NONE',  ( 0.000000000000000000, 2.503270168319173594E-16, -1.000000000000000000 ) ) ;
#1363 = CARTESIAN_POINT ( 'NONE',  ( 1.445000000000000062, 0.06310503756510232876, 4.112736205211018792 ) ) ;
#1364 = EDGE_CURVE ( 'NONE', #384, #1277, #569, .T. ) ;
#1365 = ADVANCED_FACE ( 'NONE', ( #1178 ), #761, .F. ) ;
#1366 = CARTESIAN_POINT ( 'NONE',  ( -1.975000000000000089, 0.8384935310011981668, 4.166956650574681120 ) ) ;
#1367 = CARTESIAN_POINT ( 'NONE',  ( 0.3049999999999999933, 1.194999999999991402, 2.047310653434223582 ) ) ;
#1368 = ORIENTED_EDGE ( 'NONE', *, *, #1102, .F. ) ;
#1369 = UNCERTAINTY_MEASURE_WITH_UNIT (LENGTH_MEASURE( 1.000000000000000082E-05 ), #1570, 'distance_accuracy_value', 'NONE');
#1370 = CARTESIAN_POINT ( 'NONE',  ( -0.8349999999999999645, 0.06310503756510232876, 4.112736205211018792 ) ) ;
#1371 = ORIENTED_EDGE ( 'NONE', *, *, #1707, .F. ) ;
#1372 = ORIENTED_EDGE ( 'NONE', *, *, #2754, .F. ) ;
#1373 =( NAMED_UNIT ( * ) PLANE_ANGLE_UNIT ( ) SI_UNIT ( $, .RADIAN. ) );
#1374 = FILL_AREA_STYLE_COLOUR ( '', #2808 ) ;
#1375 = ORIENTED_EDGE ( 'NONE', *, *, #802, .F. ) ;
#1376 = CARTESIAN_POINT ( 'NONE',  ( -0.8349999999999999645, 0.5968018044541084643, 4.150055918664121712 ) ) ;
#1377 = EDGE_CURVE ( 'NONE', #151, #138, #304, .T. ) ;
#1378 = LINE ( 'NONE', #1819, #2399 ) ;
#1379 = ORIENTED_EDGE ( 'NONE', *, *, #2109, .T. ) ;
#1380 = DIRECTION ( 'NONE',  ( 0.000000000000000000, 0.9063077870366481603, -0.4226182617407035491 ) ) ;
#1381 = LINE ( 'NONE', #245, #1808 ) ;
#1382 = AXIS2_PLACEMENT_3D ( 'NONE', #938, #515, #1362 ) ;
#1383 = CARTESIAN_POINT ( 'NONE',  ( -1.444999999999999840, 1.729999999999991545, 2.122499999999999609 ) ) ;
#1384 = AXIS2_PLACEMENT_3D ( 'NONE', #2484, #1860, #963 ) ;
#1385 = ORIENTED_EDGE ( 'NONE', *, *, #349, .T. ) ;
#1386 = LINE ( 'NONE', #2656, #2320 ) ;
#1387 = FILL_AREA_STYLE ('',( #511 ) ) ;
#1388 = ORIENTED_EDGE ( 'NONE', *, *, #1196, .F. ) ;
#1389 = CARTESIAN_POINT ( 'NONE',  ( 1.445000000000000062, 0.5968018044541084643, 4.150055918664121712 ) ) ;
#1390 = DIRECTION ( 'NONE',  ( 0.000000000000000000, 0.000000000000000000, -1.000000000000000000 ) ) ;
#1391 = PRESENTATION_STYLE_ASSIGNMENT (( #1778 ) ) ;
#1392 = DIRECTION ( 'NONE',  ( 0.000000000000000000, -2.503270168319173594E-16, 1.000000000000000000 ) ) ;
#1393 = AXIS2_PLACEMENT_3D ( 'NONE', #584, #1233, #948 ) ;
#1394 = UNCERTAINTY_MEASURE_WITH_UNIT (LENGTH_MEASURE( 1.000000000000000082E-05 ), #1695, 'distance_accuracy_value', 'NONE');
#1395 = LINE ( 'NONE', #51, #670 ) ;
#1396 = STYLED_ITEM ( 'NONE', ( #1869 ), #1665 ) ;
#1397 = AXIS2_PLACEMENT_3D ( 'NONE', #21, #2180, #2403 ) ;
#1398 = ORIENTED_EDGE ( 'NONE', *, *, #985, .T. ) ;
#1399 = EDGE_CURVE ( 'NONE', #178, #14, #2097, .T. ) ;
#1400 = CARTESIAN_POINT ( 'NONE',  ( 2.445000000000000284, 0.5349999999999999201, -5.052500000000000213 ) ) ;
#1401 = ORIENTED_EDGE ( 'NONE', *, *, #2268, .F. ) ;
#1402 = CARTESIAN_POINT ( 'NONE',  ( 1.974999999999999867, 1.729999999999991322, 2.988728652589659696 ) ) ;
#1403 = CARTESIAN_POINT ( 'NONE',  ( 0.3049999999999999933, 0.9527180868896116817, 2.988728652589659696 ) ) ;
#1404 = MECHANICAL_DESIGN_GEOMETRIC_PRESENTATION_REPRESENTATION (  '', ( #1180 ), #1133 ) ;
#1405 = EDGE_LOOP ( 'NONE', ( #1876, #2585, #75, #1025 ) ) ;
#1406 =( GEOMETRIC_REPRESENTATION_CONTEXT ( 3 ) GLOBAL_UNCERTAINTY_ASSIGNED_CONTEXT ( ( #2391 ) ) GLOBAL_UNIT_ASSIGNED_CONTEXT ( ( #537, #104, #1433 ) ) REPRESENTATION_CONTEXT ( 'NONE', 'WORKASPACE' ) );
#1407 = LINE ( 'NONE', #1878, #2024 ) ;
#1408 = DIRECTION ( 'NONE',  ( -1.000000000000000000, -0.000000000000000000, -0.000000000000000000 ) ) ;
#1409 = SURFACE_STYLE_USAGE ( .BOTH. , #1682 ) ;
#1410 = EDGE_CURVE ( 'NONE', #2820, #729, #951, .T. ) ;
#1411 = SURFACE_STYLE_USAGE ( .BOTH. , #323 ) ;
#1412 = EDGE_LOOP ( 'NONE', ( #57, #1057, #7, #2712 ) ) ;
#1413 = LINE ( 'NONE', #1841, #58 ) ;
#1414 = DIRECTION ( 'NONE',  ( 0.000000000000000000, -0.4226182617407023279, -0.9063077870366487154 ) ) ;
#1415 = ORIENTED_EDGE ( 'NONE', *, *, #2187, .F. ) ;
#1416 = ORIENTED_EDGE ( 'NONE', *, *, #899, .T. ) ;
#1417 = FACE_OUTER_BOUND ( 'NONE', #839, .T. ) ;
#1418 = CARTESIAN_POINT ( 'NONE',  ( -0.8349999999999999645, 0.9527180868896116817, 2.988728652589659696 ) ) ;
#1419 = UNCERTAINTY_MEASURE_WITH_UNIT (LENGTH_MEASURE( 1.000000000000000082E-05 ), #633, 'distance_accuracy_value', 'NONE');
#1420 = FACE_OUTER_BOUND ( 'NONE', #2289, .T. ) ;
#1421 = VECTOR ( 'NONE', #2206, 1000.000000000000227 ) ;
#1422 = DIRECTION ( 'NONE',  ( 0.000000000000000000, 0.000000000000000000, 1.000000000000000000 ) ) ;
#1423 = DIRECTION ( 'NONE',  ( 0.000000000000000000, 0.000000000000000000, 1.000000000000000000 ) ) ;
#1424 = VECTOR ( 'NONE', #1235, 1000.000000000000000 ) ;
#1425 = ORIENTED_EDGE ( 'NONE', *, *, #2115, .F. ) ;
#1426 = CARTESIAN_POINT ( 'NONE',  ( 0.8350000000000000755, 0.9527180868896116817, 2.988728652589659696 ) ) ;
#1427 = FACE_OUTER_BOUND ( 'NONE', #1176, .T. ) ;
#1428 = ORIENTED_EDGE ( 'NONE', *, *, #2798, .F. ) ;
#1429 = ORIENTED_EDGE ( 'NONE', *, *, #395, .F. ) ;
#1430 = ADVANCED_FACE ( 'NONE', ( #2302 ), #340, .F. ) ;
#1431 = CARTESIAN_POINT ( 'NONE',  ( 2.584999999999999520, 1.194999999999991402, 2.047310653434223582 ) ) ;
#1432 = DIRECTION ( 'NONE',  ( 0.000000000000000000, 0.06975647374411893253, -0.9975640502598246417 ) ) ;
#1433 =( NAMED_UNIT ( * ) SI_UNIT ( $, .STERADIAN. ) SOLID_ANGLE_UNIT ( ) );
#1434 = VERTEX_POINT ( 'NONE', #1629 ) ;
#1435 = AXIS2_PLACEMENT_3D ( 'NONE', #1856, #337, #316 ) ;
#1436 = ORIENTED_EDGE ( 'NONE', *, *, #2480, .T. ) ;
#1437 = CARTESIAN_POINT ( 'NONE',  ( -2.584999999999999964, 1.194999999999991624, 2.988728652589659696 ) ) ;
#1438 = COLOUR_RGB ( '',0.2509803921568627416, 0.2509803921568627416, 0.2509803921568627416 ) ;
#1439 = FACE_OUTER_BOUND ( 'NONE', #465, .T. ) ;
#1440 = VECTOR ( 'NONE', #48, 1000.000000000000000 ) ;
#1441 = STYLED_ITEM ( 'NONE', ( #620 ), #1828 ) ;
#1442 = ORIENTED_EDGE ( 'NONE', *, *, #244, .T. ) ;
#1443 = LINE ( 'NONE', #2321, #290 ) ;
#1444 = DIRECTION ( 'NONE',  ( -1.000000000000000000, -0.000000000000000000, -0.000000000000000000 ) ) ;
#1445 = EDGE_CURVE ( 'NONE', #937, #1877, #2074, .T. ) ;
#1446 = EDGE_CURVE ( 'NONE', #2402, #1219, #2758, .T. ) ;
#1447 = VECTOR ( 'NONE', #2161, 1000.000000000000000 ) ;
#1448 = EDGE_LOOP ( 'NONE', ( #475, #1922, #1276, #2212 ) ) ;
#1449 = VERTEX_POINT ( 'NONE', #1614 ) ;
#1450 = CARTESIAN_POINT ( 'NONE',  ( -2.412500000000000089, 0.000000000000000000, -3.972500000000000142 ) ) ;
#1451 = CARTESIAN_POINT ( 'NONE',  ( 3.253498670057560993, 0.5350000000000038058, -3.972500000000000142 ) ) ;
#1452 = VECTOR ( 'NONE', #618, 1000.000000000000000 ) ;
#1453 = PRESENTATION_STYLE_ASSIGNMENT (( #1868 ) ) ;
#1454 = ORIENTED_EDGE ( 'NONE', *, *, #2706, .T. ) ;
#1455 = CARTESIAN_POINT ( 'NONE',  ( -3.123784433902335511, 2.390000000000000124, 2.029743049096424556 ) ) ;
#1456 = DIRECTION ( 'NONE',  ( -1.000000000000000000, -0.000000000000000000, 0.000000000000000000 ) ) ;
#1457 = ORIENTED_EDGE ( 'NONE', *, *, #2371, .F. ) ;
#1458 = DIRECTION ( 'NONE',  ( -1.000000000000000000, -0.000000000000000000, -0.000000000000000000 ) ) ;
#1459 = CARTESIAN_POINT ( 'NONE',  ( -0.3049999999999999933, 1.729999999999991545, 2.122499999999999609 ) ) ;
#1460 = EDGE_LOOP ( 'NONE', ( #2521, #437, #2044, #2314 ) ) ;
#1461 = ADVANCED_FACE ( 'NONE', ( #2744 ), #784, .F. ) ;
#1462 = CARTESIAN_POINT ( 'NONE',  ( -1.975000000000000089, 1.194999999999991624, 2.988728652589659696 ) ) ;
#1463 = DIRECTION ( 'NONE',  ( 0.000000000000000000, 2.303338524349784201E-16, 1.000000000000000000 ) ) ;
#1464 = DIRECTION ( 'NONE',  ( 0.000000000000000000, 0.000000000000000000, 1.000000000000000000 ) ) ;
#1465 = ORIENTED_EDGE ( 'NONE', *, *, #969, .F. ) ;
#1466 = SURFACE_SIDE_STYLE ('',( #582 ) ) ;
#1467 = EDGE_CURVE ( 'NONE', #1864, #1840, #1413, .T. ) ;
#1468 = EDGE_LOOP ( 'NONE', ( #1416, #1331, #1566, #965 ) ) ;
#1469 = CIRCLE ( 'NONE', #2563, 0.7772819131103801960 ) ;
#1470 = FACE_OUTER_BOUND ( 'NONE', #1688, .T. ) ;
#1471 = SURFACE_SIDE_STYLE ('',( #2369 ) ) ;
#1472 = ORIENTED_EDGE ( 'NONE', *, *, #1364, .T. ) ;
#1473 = FACE_OUTER_BOUND ( 'NONE', #897, .T. ) ;
#1474 = DIRECTION ( 'NONE',  ( -0.000000000000000000, -1.000000000000000000, -0.000000000000000000 ) ) ;
#1475 = ADVANCED_FACE ( 'NONE', ( #2499 ), #772, .F. ) ;
#1476 = CARTESIAN_POINT ( 'NONE',  ( -1.444999999999999840, 1.194999999999991624, 2.988728652589659696 ) ) ;
#1477 = LINE ( 'NONE', #2142, #2351 ) ;
#1478 = ORIENTED_EDGE ( 'NONE', *, *, #1059, .T. ) ;
#1479 = ADVANCED_FACE ( 'NONE', ( #2510 ), #553, .F. ) ;
#1480 = ORIENTED_EDGE ( 'NONE', *, *, #698, .F. ) ;
#1481 = VECTOR ( 'NONE', #2622, 1000.000000000000227 ) ;
#1482 = AXIS2_PLACEMENT_3D ( 'NONE', #1418, #1239, #2551 ) ;
#1483 = DIRECTION ( 'NONE',  ( 0.000000000000000000, -1.000000000000000000, -2.503270168319173594E-16 ) ) ;
#1484 = FILL_AREA_STYLE_COLOUR ( '', #793 ) ;
#1485 = VECTOR ( 'NONE', #1515, 1000.000000000000000 ) ;
#1486 = ORIENTED_EDGE ( 'NONE', *, *, #1781, .F. ) ;
#1487 = LINE ( 'NONE', #86, #1130 ) ;
#1488 = CARTESIAN_POINT ( 'NONE',  ( 2.412499999999999645, 7.408208857586099150, -0.2225000000000004752 ) ) ;
#1489 = AXIS2_PLACEMENT_3D ( 'NONE', #619, #1739, #2191 ) ;
#1490 = EDGE_CURVE ( 'NONE', #771, #1930, #1443, .T. ) ;
#1491 = VECTOR ( 'NONE', #2060, 1000.000000000000000 ) ;
#1492 = DIRECTION ( 'NONE',  ( 0.000000000000000000, -2.503270168319173594E-16, 1.000000000000000000 ) ) ;
#1493 = CARTESIAN_POINT ( 'NONE',  ( -2.412500000000000089, 7.408208857586099150, -3.972500000000000142 ) ) ;
#1494 = ORIENTED_EDGE ( 'NONE', *, *, #2755, .T. ) ;
#1495 = PRESENTATION_STYLE_ASSIGNMENT (( #190 ) ) ;
#1496 = EDGE_CURVE ( 'NONE', #2684, #2319, #1008, .T. ) ;
#1497 = VECTOR ( 'NONE', #1380, 999.9999999999998863 ) ;
#1498 = ADVANCED_FACE ( 'NONE', ( #2343 ), #412, .F. ) ;
#1499 = ORIENTED_EDGE ( 'NONE', *, *, #454, .T. ) ;
#1500 = DIRECTION ( 'NONE',  ( 0.000000000000000000, 0.000000000000000000, 1.000000000000000000 ) ) ;
#1501 = ORIENTED_EDGE ( 'NONE', *, *, #454, .F. ) ;
#1502 = CARTESIAN_POINT ( 'NONE',  ( 2.584999999999999520, 1.281211617890809285, 3.693185303164340461 ) ) ;
#1503 = DIRECTION ( 'NONE',  ( 0.000000000000000000, 0.000000000000000000, 1.000000000000000000 ) ) ;
#1504 = CARTESIAN_POINT ( 'NONE',  ( 0.8350000000000000755, 0.8384935310011981668, 4.166956650574681120 ) ) ;
#1505 = DIRECTION ( 'NONE',  ( -1.000000000000000000, -0.000000000000000000, -0.000000000000000000 ) ) ;
#1506 = EDGE_CURVE ( 'NONE', #1784, #2235, #2331, .T. ) ;
#1507 = ORIENTED_EDGE ( 'NONE', *, *, #6, .T. ) ;
#1508 = ORIENTED_EDGE ( 'NONE', *, *, #2384, .T. ) ;
#1509 = LINE ( 'NONE', #2172, #2770 ) ;
#1510 = CARTESIAN_POINT ( 'NONE',  ( -3.299999999999999822, -0.2590115108474256855, 1.842962662032851417 ) ) ;
#1511 = DIRECTION ( 'NONE',  ( 0.000000000000000000, 0.9063077870366481603, -0.4226182617407035491 ) ) ;
#1512 = EDGE_LOOP ( 'NONE', ( #452, #1415, #1047, #317 ) ) ;
#1513 = AXIS2_PLACEMENT_3D ( 'NONE', #2113, #2513, #142 ) ;
#1514 = DIRECTION ( 'NONE',  ( 0.000000000000000000, -0.9063077870366486044, 0.4226182617407022724 ) ) ;
#1515 = DIRECTION ( 'NONE',  ( 0.000000000000000000, -1.000000000000000000, 0.000000000000000000 ) ) ;
#1516 = ADVANCED_FACE ( 'NONE', ( #1290 ), #1726, .F. ) ;
#1517 = CARTESIAN_POINT ( 'NONE',  ( -0.8349999999999999645, 0.000000000000000000, 2.937500000000000000 ) ) ;
#1518 = LINE ( 'NONE', #420, #613 ) ;
#1519 = EDGE_LOOP ( 'NONE', ( #2753, #1813, #135, #414 ) ) ;
#1520 = DIRECTION ( 'NONE',  ( 0.000000000000000000, -0.000000000000000000, 1.000000000000000000 ) ) ;
#1521 = VERTEX_POINT ( 'NONE', #627 ) ;
#1522 = CARTESIAN_POINT ( 'NONE',  ( 1.445000000000000062, 1.729999999999991322, 2.988728652589659696 ) ) ;
#1523 = CARTESIAN_POINT ( 'NONE',  ( 2.584999999999999520, 0.000000000000000000, 5.015180286546897293 ) ) ;
#1524 = LINE ( 'NONE', #209, #2223 ) ;
#1525 = ORIENTED_EDGE ( 'NONE', *, *, #175, .F. ) ;
#1526 = DIRECTION ( 'NONE',  ( 0.000000000000000000, -1.000000000000000000, 0.000000000000000000 ) ) ;
#1527 = CARTESIAN_POINT ( 'NONE',  ( -1.975000000000000089, 0.9527180868896116817, 2.988728652589659696 ) ) ;
#1528 =( GEOMETRIC_REPRESENTATION_CONTEXT ( 3 ) GLOBAL_UNCERTAINTY_ASSIGNED_CONTEXT ( ( #1849 ) ) GLOBAL_UNIT_ASSIGNED_CONTEXT ( ( #1755, #1373, #908 ) ) REPRESENTATION_CONTEXT ( 'NONE', 'WORKASPACE' ) );
#1529 = ADVANCED_FACE ( 'NONE', ( #1470 ), #165, .T. ) ;
#1530 = CARTESIAN_POINT ( 'NONE',  ( -1.975000000000000089, 0.000000000000000000, 5.015180286546897293 ) ) ;
#1531 = EDGE_CURVE ( 'NONE', #1257, #771, #194, .T. ) ;
#1532 = CIRCLE ( 'NONE', #1623, 0.7772819131103801960 ) ;
#1533 = LINE ( 'NONE', #2364, #167 ) ;
#1534 = DIRECTION ( 'NONE',  ( 0.000000000000000000, 0.000000000000000000, -1.000000000000000000 ) ) ;
#1535 = EDGE_LOOP ( 'NONE', ( #429, #2021, #2541, #1606 ) ) ;
#1536 = LINE ( 'NONE', #1288, #624 ) ;
#1537 = EDGE_LOOP ( 'NONE', ( #874, #2746, #1368, #2716 ) ) ;
#1538 = VECTOR ( 'NONE', #1782, 999.9999999999998863 ) ;
#1539 = ORIENTED_EDGE ( 'NONE', *, *, #1569, .F. ) ;
#1540 = LINE ( 'NONE', #862, #840 ) ;
#1541 = DIRECTION ( 'NONE',  ( 0.000000000000000000, -0.9975640502598247528, -0.06975647374411791946 ) ) ;
#1542 = DIRECTION ( 'NONE',  ( 0.000000000000000000, 0.000000000000000000, -1.000000000000000000 ) ) ;
#1543 = EDGE_LOOP ( 'NONE', ( #64, #2073, #126, #1144, #1109, #1499 ) ) ;
#1544 = DIRECTION ( 'NONE',  ( 1.000000000000000000, 0.000000000000000000, 0.000000000000000000 ) ) ;
#1545 = DIRECTION ( 'NONE',  ( 0.000000000000000000, 0.9063077870366481603, -0.4226182617407035491 ) ) ;
#1546 = ADVANCED_FACE ( 'NONE', ( #369 ), #1038, .F. ) ;
#1547 =( LENGTH_UNIT ( ) NAMED_UNIT ( * ) SI_UNIT ( .MILLI., .METRE. ) );
#1548 = ORIENTED_EDGE ( 'NONE', *, *, #685, .F. ) ;
#1549 = DIRECTION ( 'NONE',  ( 0.000000000000000000, 0.9063077870366481603, -0.4226182617407035491 ) ) ;
#1550 = ORIENTED_EDGE ( 'NONE', *, *, #1618, .F. ) ;
#1551 = VERTEX_POINT ( 'NONE', #863 ) ;
#1552 = EDGE_CURVE ( 'NONE', #2055, #1877, #485, .T. ) ;
#1553 = CARTESIAN_POINT ( 'NONE',  ( -3.123784433902335511, 2.389999999999999680, -3.842785763844801750 ) ) ;
#1554 = CARTESIAN_POINT ( 'NONE',  ( 1.445000000000000062, 1.281211617890809285, 3.693185303164340461 ) ) ;
#1555 = ORIENTED_EDGE ( 'NONE', *, *, #1338, .T. ) ;
#1556 = DIRECTION ( 'NONE',  ( 0.000000000000000000, -0.9063077870366486044, 0.4226182617407022724 ) ) ;
#1557 = CARTESIAN_POINT ( 'NONE',  ( -3.169936129785057677, 1.729999999999991545, 2.122499999999999609 ) ) ;
#1558 = MECHANICAL_DESIGN_GEOMETRIC_PRESENTATION_REPRESENTATION (  '', ( #2380 ), #1157 ) ;
#1559 = CARTESIAN_POINT ( 'NONE',  ( 2.584999999999999520, 1.055110847859532575, 3.208310637099733409 ) ) ;
#1560 = CARTESIAN_POINT ( 'NONE',  ( 2.584999999999999520, 0.9527180868896116817, 2.988728652589659696 ) ) ;
#1561 = AXIS2_PLACEMENT_3D ( 'NONE', #1021, #1458, #812 ) ;
#1562 = VERTEX_POINT ( 'NONE', #1554 ) ;
#1563 = DIRECTION ( 'NONE',  ( 0.000000000000000000, 0.000000000000000000, 1.000000000000000000 ) ) ;
#1564 = ORIENTED_EDGE ( 'NONE', *, *, #455, .F. ) ;
#1565 = EDGE_CURVE ( 'NONE', #25, #653, #2019, .T. ) ;
#1566 = ORIENTED_EDGE ( 'NONE', *, *, #1696, .F. ) ;
#1567 = CARTESIAN_POINT ( 'NONE',  ( -0.8349999999999999645, 0.7361007700312771629, 3.947374666064606963 ) ) ;
#1568 = LINE ( 'NONE', #457, #2397 ) ;
#1569 = EDGE_CURVE ( 'NONE', #2355, #635, #247, .T. ) ;
#1570 =( LENGTH_UNIT ( ) NAMED_UNIT ( * ) SI_UNIT ( .MILLI., .METRE. ) );
#1571 = EDGE_CURVE ( 'NONE', #2697, #2095, #1667, .T. ) ;
#1572 = ORIENTED_EDGE ( 'NONE', *, *, #2252, .F. ) ;
#1573 = CARTESIAN_POINT ( 'NONE',  ( -2.412499999999999645, 0.5349999999999999201, -0.2225000000000004752 ) ) ;
#1574 =( GEOMETRIC_REPRESENTATION_CONTEXT ( 3 ) GLOBAL_UNCERTAINTY_ASSIGNED_CONTEXT ( ( #221 ) ) GLOBAL_UNIT_ASSIGNED_CONTEXT ( ( #1687, #634, #842 ) ) REPRESENTATION_CONTEXT ( 'NONE', 'WORKASPACE' ) );
#1575 = CARTESIAN_POINT ( 'NONE',  ( 0.3049999999999999933, 1.729999999999991545, 2.122499999999999609 ) ) ;
#1576 = STYLED_ITEM ( 'NONE', ( #678 ), #2720 ) ;
#1577 = VECTOR ( 'NONE', #1060, 1000.000000000000000 ) ;
#1578 = SURFACE_SIDE_STYLE ('',( #1123 ) ) ;
#1579 = VECTOR ( 'NONE', #682, 999.9999999999998863 ) ;
#1580 = ADVANCED_FACE ( 'NONE', ( #2427 ), #2216, .T. ) ;
#1581 = VECTOR ( 'NONE', #1392, 1000.000000000000000 ) ;
#1582 = EDGE_LOOP ( 'NONE', ( #1912, #1208, #1480, #1998 ) ) ;
#1583 = AXIS2_PLACEMENT_3D ( 'NONE', #2075, #2733, #1222 ) ;
#1584 = CARTESIAN_POINT ( 'NONE',  ( -1.975000000000000089, 0.7361007700312771629, 3.947374666064606963 ) ) ;
#1585 = EDGE_LOOP ( 'NONE', ( #163, #1712, #2117, #2520, #2301, #1973, #223, #1716 ) ) ;
#1586 = VECTOR ( 'NONE', #2643, 999.9999999999998863 ) ;
#1587 = ORIENTED_EDGE ( 'NONE', *, *, #2371, .T. ) ;
#1588 = ORIENTED_EDGE ( 'NONE', *, *, #2636, .F. ) ;
#1589 = EDGE_CURVE ( 'NONE', #2340, #542, #2400, .T. ) ;
#1590 = MECHANICAL_DESIGN_GEOMETRIC_PRESENTATION_REPRESENTATION (  '', ( #1898 ), #1719 ) ;
#1591 = CARTESIAN_POINT ( 'NONE',  ( -1.444999999999999840, 1.194999999999991402, 2.047310653434223582 ) ) ;
#1592 = PLANE ( 'NONE',  #385 ) ;
#1593 = ORIENTED_EDGE ( 'NONE', *, *, #74, .T. ) ;
#1594 = DIRECTION ( 'NONE',  ( 0.000000000000000000, 1.000000000000000000, 0.000000000000000000 ) ) ;
#1595 = LINE ( 'NONE', #724, #1217 ) ;
#1596 = ORIENTED_EDGE ( 'NONE', *, *, #2327, .F. ) ;
#1597 = CARTESIAN_POINT ( 'NONE',  ( -1.444999999999999840, 0.7361007700312771629, 3.947374666064606963 ) ) ;
#1598 = FACE_OUTER_BOUND ( 'NONE', #1468, .T. ) ;
#1599 = CARTESIAN_POINT ( 'NONE',  ( 2.412499999999999645, 7.943208857586099292, -0.2225000000000004752 ) ) ;
#1600 = CARTESIAN_POINT ( 'NONE',  ( 1.974999999999999867, 0.5336967668890062466, 5.052500000000000213 ) ) ;
#1601 = ADVANCED_FACE ( 'NONE', ( #2192 ), #2202, .F. ) ;
#1602 = ORIENTED_EDGE ( 'NONE', *, *, #332, .T. ) ;
#1603 = PLANE ( 'NONE',  #2723 ) ;
#1604 = DIRECTION ( 'NONE',  ( -0.06908086403640370521, -0.9879023813098019025, 0.1388406252737532931 ) ) ;
#1605 = CARTESIAN_POINT ( 'NONE',  ( 2.584999999999999520, 0.8384935310011981668, 4.166956650574681120 ) ) ;
#1606 = ORIENTED_EDGE ( 'NONE', *, *, #740, .F. ) ;
#1607 = SURFACE_SIDE_STYLE ('',( #2694 ) ) ;
#1608 = EDGE_CURVE ( 'NONE', #1906, #1767, #239, .T. ) ;
#1609 = LINE ( 'NONE', #928, #1631 ) ;
#1610 = EDGE_LOOP ( 'NONE', ( #2108, #179, #1942, #891, #1798, #2734, #41, #19 ) ) ;
#1611 = LINE ( 'NONE', #1814, #2183 ) ;
#1612 = PLANE ( 'NONE',  #1435 ) ;
#1613 = EDGE_LOOP ( 'NONE', ( #1163, #2170, #2261, #1103 ) ) ;
#1614 = CARTESIAN_POINT ( 'NONE',  ( -2.445000000000000284, 0.5349999999999999201, -3.972500000000000142 ) ) ;
#1615 = LINE ( 'NONE', #1843, #1668 ) ;
#1616 = EDGE_CURVE ( 'NONE', #2385, #2067, #1023, .T. ) ;
#1617 = CARTESIAN_POINT ( 'NONE',  ( 2.584999999999999520, 1.281211617890809729, 3.693185303164340905 ) ) ;
#1618 = EDGE_CURVE ( 'NONE', #830, #780, #253, .T. ) ;
#1619 =( GEOMETRIC_REPRESENTATION_CONTEXT ( 3 ) GLOBAL_UNCERTAINTY_ASSIGNED_CONTEXT ( ( #78 ) ) GLOBAL_UNIT_ASSIGNED_CONTEXT ( ( #2357, #427, #1924 ) ) REPRESENTATION_CONTEXT ( 'NONE', 'WORKASPACE' ) );
#1620 = UNCERTAINTY_MEASURE_WITH_UNIT (LENGTH_MEASURE( 1.000000000000000082E-05 ), #644, 'distance_accuracy_value', 'NONE');
#1621 = DIRECTION ( 'NONE',  ( 0.000000000000000000, 0.000000000000000000, -1.000000000000000000 ) ) ;
#1622 = VECTOR ( 'NONE', #2514, 1000.000000000000000 ) ;
#1623 = AXIS2_PLACEMENT_3D ( 'NONE', #2762, #1254, #2721 ) ;
#1624 = PLANE ( 'NONE',  #1271 ) ;
#1625 = DIRECTION ( 'NONE',  ( -0.06908086403640371909, 0.9879023813098020135, 0.1388406252737530155 ) ) ;
#1626 = VECTOR ( 'NONE', #1526, 1000.000000000000000 ) ;
#1627 = ORIENTED_EDGE ( 'NONE', *, *, #1757, .F. ) ;
#1628 = AXIS2_PLACEMENT_3D ( 'NONE', #1003, #2107, #123 ) ;
#1629 = CARTESIAN_POINT ( 'NONE',  ( -1.444999999999999840, 1.281211617890809285, 3.693185303164340461 ) ) ;
#1630 = FACE_OUTER_BOUND ( 'NONE', #695, .T. ) ;
#1631 = VECTOR ( 'NONE', #2479, 1000.000000000000000 ) ;
#1632 = ORIENTED_EDGE ( 'NONE', *, *, #1618, .T. ) ;
#1633 = VECTOR ( 'NONE', #294, 1000.000000000000000 ) ;
#1634 = CYLINDRICAL_SURFACE ( 'NONE', #1744, 0.7772819131103801960 ) ;
#1635 = DIRECTION ( 'NONE',  ( -0.000000000000000000, 1.000000000000000000, 0.000000000000000000 ) ) ;
#1636 = DIRECTION ( 'NONE',  ( 0.000000000000000000, -0.9063077870366486044, 0.4226182617407022724 ) ) ;
#1637 = SURFACE_STYLE_USAGE ( .BOTH. , #1466 ) ;
#1638 = LINE ( 'NONE', #2698, #1346 ) ;
#1639 = EDGE_CURVE ( 'NONE', #2553, #2375, #1134, .T. ) ;
#1640 = ORIENTED_EDGE ( 'NONE', *, *, #985, .F. ) ;
#1641 = DIRECTION ( 'NONE',  ( 1.000000000000000000, 0.000000000000000000, -1.156482317317871478E-16 ) ) ;
#1642 = LINE ( 'NONE', #2745, #70 ) ;
#1643 = ORIENTED_EDGE ( 'NONE', *, *, #552, .T. ) ;
#1644 = LINE ( 'NONE', #1450, #1294 ) ;
#1645 = PLANE ( 'NONE',  #1125 ) ;
#1646 = DIRECTION ( 'NONE',  ( 1.000000000000000000, 0.000000000000000000, 0.000000000000000000 ) ) ;
#1647 = VERTEX_POINT ( 'NONE', #877 ) ;
#1648 = VERTEX_POINT ( 'NONE', #1149 ) ;
#1649 = VECTOR ( 'NONE', #291, 1000.000000000000000 ) ;
#1650 = CARTESIAN_POINT ( 'NONE',  ( -2.584999999999999964, 0.06310503756510232876, 4.112736205211018792 ) ) ;
#1651 = EDGE_CURVE ( 'NONE', #653, #2077, #1568, .T. ) ;
#1652 = FACE_OUTER_BOUND ( 'NONE', #1321, .T. ) ;
#1653 = AXIS2_PLACEMENT_3D ( 'NONE', #596, #1483, #1249 ) ;
#1654 = ORIENTED_EDGE ( 'NONE', *, *, #2350, .T. ) ;
#1655 = CARTESIAN_POINT ( 'NONE',  ( -2.412500000000000089, 7.408208857586099150, -3.972500000000000142 ) ) ;
#1656 = DIRECTION ( 'NONE',  ( 0.000000000000000000, -0.9975640502598247528, -0.06975647374411791946 ) ) ;
#1657 = ADVANCED_FACE ( 'NONE', ( #30 ), #894, .F. ) ;
#1658 = ORIENTED_EDGE ( 'NONE', *, *, #191, .T. ) ;
#1659 = ORIENTED_EDGE ( 'NONE', *, *, #2706, .F. ) ;
#1660 = PLANE ( 'NONE',  #1248 ) ;
#1661 = DIRECTION ( 'NONE',  ( 1.000000000000000000, 0.000000000000000000, 0.000000000000000000 ) ) ;
#1662 = SURFACE_STYLE_FILL_AREA ( #497 ) ;
#1663 = AXIS2_PLACEMENT_3D ( 'NONE', #1884, #1456, #1423 ) ;
#1664 = ORIENTED_EDGE ( 'NONE', *, *, #2164, .F. ) ;
#1665 = MANIFOLD_SOLID_BREP ( 'Pin 2', #1764 ) ;
#1666 = DIRECTION ( 'NONE',  ( 0.000000000000000000, -0.9902680687415710281, -0.1391731009600597480 ) ) ;
#1667 = CIRCLE ( 'NONE', #2577, 0.2422819131103802759 ) ;
#1668 = VECTOR ( 'NONE', #1656, 1000.000000000000000 ) ;
#1669 = EDGE_CURVE ( 'NONE', #487, #1099, #1306, .T. ) ;
#1670 = ORIENTED_EDGE ( 'NONE', *, *, #1446, .F. ) ;
#1671 = VECTOR ( 'NONE', #1742, 1000.000000000000000 ) ;
#1672 = DIRECTION ( 'NONE',  ( -1.156482317317871478E-16, 0.000000000000000000, -1.000000000000000000 ) ) ;
#1673 = CARTESIAN_POINT ( 'NONE',  ( -2.584999999999999964, 1.729999999999991322, 2.988728652589659696 ) ) ;
#1674 = VERTEX_POINT ( 'NONE', #392 ) ;
#1675 = EDGE_CURVE ( 'NONE', #1354, #733, #68, .T. ) ;
#1676 = ORIENTED_EDGE ( 'NONE', *, *, #2288, .T. ) ;
#1677 = CARTESIAN_POINT ( 'NONE',  ( -1.975000000000000089, 0.9527180868896116817, 2.988728652589659696 ) ) ;
#1678 = DIRECTION ( 'NONE',  ( 0.000000000000000000, -2.303338524349784201E-16, -1.000000000000000000 ) ) ;
#1679 = DIRECTION ( 'NONE',  ( 0.000000000000000000, 0.06975647374411793333, -0.9975640502598247528 ) ) ;
#1680 = AXIS2_PLACEMENT_3D ( 'NONE', #2780, #1894, #1666 ) ;
#1681 = VECTOR ( 'NONE', #11, 1000.000000000000227 ) ;
#1682 = SURFACE_SIDE_STYLE ('',( #1662 ) ) ;
#1683 = DIRECTION ( 'NONE',  ( 0.000000000000000000, 0.000000000000000000, -1.000000000000000000 ) ) ;
#1684 = ORIENTED_EDGE ( 'NONE', *, *, #1900, .T. ) ;
#1685 = MANIFOLD_SOLID_BREP ( 'Thermal Pad', #1270 ) ;
#1686 = CARTESIAN_POINT ( 'NONE',  ( 1.445000000000000062, 0.9527180868896116817, 2.988728652589659696 ) ) ;
#1687 =( LENGTH_UNIT ( ) NAMED_UNIT ( * ) SI_UNIT ( .MILLI., .METRE. ) );
#1688 = EDGE_LOOP ( 'NONE', ( #585, #1213, #1796, #890 ) ) ;
#1689 = DIRECTION ( 'NONE',  ( 0.000000000000000000, -1.000000000000000000, 0.000000000000000000 ) ) ;
#1690 = DIRECTION ( 'NONE',  ( 0.000000000000000000, 0.000000000000000000, 1.000000000000000000 ) ) ;
#1691 = ORIENTED_EDGE ( 'NONE', *, *, #94, .F. ) ;
#1692 = LINE ( 'NONE', #1089, #2318 ) ;
#1693 = DIRECTION ( 'NONE',  ( 1.156482317317871478E-16, 0.000000000000000000, 1.000000000000000000 ) ) ;
#1694 = DIRECTION ( 'NONE',  ( 0.000000000000000000, 0.9975640502598247528, 0.06975647374411793333 ) ) ;
#1695 =( LENGTH_UNIT ( ) NAMED_UNIT ( * ) SI_UNIT ( .MILLI., .METRE. ) );
#1696 = EDGE_CURVE ( 'NONE', #1562, #2684, #2766, .T. ) ;
#1697 = ORIENTED_EDGE ( 'NONE', *, *, #1445, .T. ) ;
#1698 = PRESENTATION_STYLE_ASSIGNMENT (( #1637 ) ) ;
#1699 = ORIENTED_EDGE ( 'NONE', *, *, #261, .F. ) ;
#1700 = VECTOR ( 'NONE', #502, 1000.000000000000000 ) ;
#1701 = SURFACE_SIDE_STYLE ('',( #1938 ) ) ;
#1702 = EDGE_CURVE ( 'NONE', #1877, #1551, #366, .T. ) ;
#1703 = DIRECTION ( 'NONE',  ( -0.000000000000000000, -1.000000000000000000, -0.000000000000000000 ) ) ;
#1704 = VERTEX_POINT ( 'NONE', #377 ) ;
#1705 = DIRECTION ( 'NONE',  ( -0.000000000000000000, -0.000000000000000000, 1.000000000000000000 ) ) ;
#1706 = EDGE_CURVE ( 'NONE', #1234, #1906, #2505, .T. ) ;
#1707 = EDGE_CURVE ( 'NONE', #605, #919, #2561, .T. ) ;
#1708 = CARTESIAN_POINT ( 'NONE',  ( -1.975000000000000089, 1.194999999999991402, 2.047310653434223582 ) ) ;
#1709 = DIRECTION ( 'NONE',  ( -1.000000000000000000, -0.000000000000000000, -0.000000000000000000 ) ) ;
#1710 = ORIENTED_EDGE ( 'NONE', *, *, #1292, .F. ) ;
#1711 = FACE_OUTER_BOUND ( 'NONE', #1788, .T. ) ;
#1712 = ORIENTED_EDGE ( 'NONE', *, *, #1241, .T. ) ;
#1713 = AXIS2_PLACEMENT_3D ( 'NONE', #2500, #2287, #554 ) ;
#1714 = DIRECTION ( 'NONE',  ( 0.000000000000000000, 0.000000000000000000, -1.000000000000000000 ) ) ;
#1715 = VECTOR ( 'NONE', #2225, 1000.000000000000000 ) ;
#1716 = ORIENTED_EDGE ( 'NONE', *, *, #1287, .T. ) ;
#1717 = CARTESIAN_POINT ( 'NONE',  ( -2.584999999999999964, 1.281211617890809729, 3.693185303164340905 ) ) ;
#1718 = CARTESIAN_POINT ( 'NONE',  ( -1.975000000000000089, 1.729999999999991322, 2.988728652589659696 ) ) ;
#1719 =( GEOMETRIC_REPRESENTATION_CONTEXT ( 3 ) GLOBAL_UNCERTAINTY_ASSIGNED_CONTEXT ( ( #103 ) ) GLOBAL_UNIT_ASSIGNED_CONTEXT ( ( #692, #498, #2494 ) ) REPRESENTATION_CONTEXT ( 'NONE', 'WORKASPACE' ) );
#1720 = CARTESIAN_POINT ( 'NONE',  ( -0.8349999999999999645, 0.06310503756510232876, 4.112736205211018792 ) ) ;
#1721 =( NAMED_UNIT ( * ) PLANE_ANGLE_UNIT ( ) SI_UNIT ( $, .RADIAN. ) );
#1722 = CIRCLE ( 'NONE', #2454, 0.2422819131103802759 ) ;
#1723 = CARTESIAN_POINT ( 'NONE',  ( 2.584999999999999520, 0.5336967668890062466, 5.052500000000000213 ) ) ;
#1724 = ORIENTED_EDGE ( 'NONE', *, *, #2655, .F. ) ;
#1725 = CARTESIAN_POINT ( 'NONE',  ( 2.412500000000000089, 7.408208857586099150, -3.972500000000000142 ) ) ;
#1726 = PLANE ( 'NONE',  #1653 ) ;
#1727 = LINE ( 'NONE', #2148, #706 ) ;
#1728 = EDGE_CURVE ( 'NONE', #459, #14, #1477, .T. ) ;
#1729 = ORIENTED_EDGE ( 'NONE', *, *, #191, .F. ) ;
#1730 = DIRECTION ( 'NONE',  ( 0.000000000000000000, 0.000000000000000000, -1.000000000000000000 ) ) ;
#1731 = FACE_OUTER_BOUND ( 'NONE', #2601, .T. ) ;
#1732 = ORIENTED_EDGE ( 'NONE', *, *, #2502, .F. ) ;
#1733 = CARTESIAN_POINT ( 'NONE',  ( 2.584999999999999520, 1.055110847859532575, 3.208310637099733409 ) ) ;
#1734 = LINE ( 'NONE', #2606, #2487 ) ;
#1735 = ORIENTED_EDGE ( 'NONE', *, *, #802, .T. ) ;
#1736 = LINE ( 'NONE', #2609, #666 ) ;
#1737 = ORIENTED_EDGE ( 'NONE', *, *, #1900, .F. ) ;
#1738 = ADVANCED_FACE ( 'NONE', ( #1420 ), #2297, .F. ) ;
#1739 = DIRECTION ( 'NONE',  ( 1.000000000000000000, 0.000000000000000000, 0.000000000000000000 ) ) ;
#1740 = ADVANCED_FACE ( 'NONE', ( #1107 ), #1312, .F. ) ;
#1741 = SURFACE_STYLE_FILL_AREA ( #2568 ) ;
#1742 = DIRECTION ( 'NONE',  ( 0.000000000000000000, -0.9975640502598247528, -0.06975647374411791946 ) ) ;
#1743 = ORIENTED_EDGE ( 'NONE', *, *, #2011, .F. ) ;
#1744 = AXIS2_PLACEMENT_3D ( 'NONE', #998, #2503, #986 ) ;
#1745 = CARTESIAN_POINT ( 'NONE',  ( -3.253498670057560105, 0.5350000000000038058, -3.972500000000000142 ) ) ;
#1746 = LINE ( 'NONE', #655, #835 ) ;
#1747 = ORIENTED_EDGE ( 'NONE', *, *, #256, .F. ) ;
#1748 = AXIS2_PLACEMENT_3D ( 'NONE', #1655, #1641, #1672 ) ;
#1749 = DIRECTION ( 'NONE',  ( 0.000000000000000000, 0.9902680687415710281, 0.1391731009600597757 ) ) ;
#1750 = PLANE ( 'NONE',  #342 ) ;
#1751 = ORIENTED_EDGE ( 'NONE', *, *, #256, .T. ) ;
#1752 = CARTESIAN_POINT ( 'NONE',  ( 3.123784433902335511, 2.390000000000000124, 0.000000000000000000 ) ) ;
#1753 = ORIENTED_EDGE ( 'NONE', *, *, #1932, .T. ) ;
#1754 = DIRECTION ( 'NONE',  ( -1.000000000000000000, -0.000000000000000000, -0.000000000000000000 ) ) ;
#1755 =( LENGTH_UNIT ( ) NAMED_UNIT ( * ) SI_UNIT ( .MILLI., .METRE. ) );
#1756 = LINE ( 'NONE', #878, #1220 ) ;
#1757 = EDGE_CURVE ( 'NONE', #635, #1978, #408, .T. ) ;
#1758 = ORIENTED_EDGE ( 'NONE', *, *, #1911, .T. ) ;
#1759 = CARTESIAN_POINT ( 'NONE',  ( 1.974999999999999867, 0.5968018044541084643, 4.150055918664121712 ) ) ;
#1760 = CIRCLE ( 'NONE', #1122, 0.7772819131103801960 ) ;
#1761 = CARTESIAN_POINT ( 'NONE',  ( -0.8349999999999999645, 0.5968018044541084643, 4.150055918664121712 ) ) ;
#1762 = AXIS2_PLACEMENT_3D ( 'NONE', #405, #2635, #387 ) ;
#1763 = SURFACE_STYLE_FILL_AREA ( #1949 ) ;
#1764 = CLOSED_SHELL ( 'NONE', ( #260, #1657, #2046, #2506, #2771, #1601, #2204, #2209, #40, #2777, #1017, #469, #790, #133 ) ) ;
#1765 = EDGE_CURVE ( 'NONE', #185, #610, #1760, .T. ) ;
#1766 = EDGE_CURVE ( 'NONE', #675, #1784, #1518, .T. ) ;
#1767 = VERTEX_POINT ( 'NONE', #671 ) ;
#1768 = CARTESIAN_POINT ( 'NONE',  ( -3.299999999999999822, 0.000000000000000000, -3.972500000000000142 ) ) ;
#1769 = VECTOR ( 'NONE', #42, 1000.000000000000227 ) ;
#1770 = ORIENTED_EDGE ( 'NONE', *, *, #1467, .F. ) ;
#1771 = AXIS2_PLACEMENT_3D ( 'NONE', #1298, #1077, #2663 ) ;
#1772 = LINE ( 'NONE', #2414, #1223 ) ;
#1773 = DIRECTION ( 'NONE',  ( 0.000000000000000000, 0.06975647374411907131, -0.9975640502598247528 ) ) ;
#1774 = SURFACE_SIDE_STYLE ('',( #2234 ) ) ;
#1775 = ORIENTED_EDGE ( 'NONE', *, *, #1203, .T. ) ;
#1776 = DIRECTION ( 'NONE',  ( 0.000000000000000000, -0.06975647374411894641, 0.9975640502598247528 ) ) ;
#1777 = CARTESIAN_POINT ( 'NONE',  ( -2.445000000000000284, 7.408208857586099150, -3.972500000000000142 ) ) ;
#1778 = SURFACE_STYLE_USAGE ( .BOTH. , #1578 ) ;
#1779 = DIRECTION ( 'NONE',  ( 0.000000000000000000, -0.06975647374411894641, 0.9975640502598247528 ) ) ;
#1780 = ORIENTED_EDGE ( 'NONE', *, *, #1075, .T. ) ;
#1781 = EDGE_CURVE ( 'NONE', #1449, #523, #450, .T. ) ;
#1782 = DIRECTION ( 'NONE',  ( -0.06908086403640371909, -0.9879023813098020135, -0.1388406252737530155 ) ) ;
#1783 = EDGE_CURVE ( 'NONE', #384, #188, #2389, .T. ) ;
#1784 = VERTEX_POINT ( 'NONE', #462 ) ;
#1785 = CARTESIAN_POINT ( 'NONE',  ( 0.3049999999999999933, 1.194999999999991624, 2.937500000000000000 ) ) ;
#1786 = DIRECTION ( 'NONE',  ( -1.156482317317871478E-16, 0.000000000000000000, 1.000000000000000000 ) ) ;
#1787 = DIRECTION ( 'NONE',  ( -1.000000000000000000, -0.000000000000000000, -0.000000000000000000 ) ) ;
#1788 = EDGE_LOOP ( 'NONE', ( #1735, #1732, #274, #368 ) ) ;
#1789 = ADVANCED_FACE ( 'NONE', ( #2185 ), #24, .F. ) ;
#1790 = CARTESIAN_POINT ( 'NONE',  ( -1.975000000000000089, 1.281211617890809285, 3.693185303164340461 ) ) ;
#1791 = CARTESIAN_POINT ( 'NONE',  ( -1.975000000000000089, 1.729999999999991322, 2.988728652589659696 ) ) ;
#1792 = AXIS2_PLACEMENT_3D ( 'NONE', #2306, #1238, #2736 ) ;
#1793 = LINE ( 'NONE', #1012, #512 ) ;
#1794 = CARTESIAN_POINT ( 'NONE',  ( -1.444999999999999840, 0.5336967668890062466, 5.052500000000000213 ) ) ;
#1795 = EDGE_CURVE ( 'NONE', #830, #2740, #1734, .T. ) ;
#1796 = ORIENTED_EDGE ( 'NONE', *, *, #764, .F. ) ;
#1797 = CARTESIAN_POINT ( 'NONE',  ( 1.445000000000000062, 0.8384935310011981668, 4.166956650574681120 ) ) ;
#1798 = ORIENTED_EDGE ( 'NONE', *, *, #1870, .F. ) ;
#1799 = FACE_OUTER_BOUND ( 'NONE', #2666, .T. ) ;
#1800 = DIRECTION ( 'NONE',  ( -1.000000000000000000, -0.000000000000000000, 0.000000000000000000 ) ) ;
#1801 = ORIENTED_EDGE ( 'NONE', *, *, #845, .F. ) ;
#1802 = CARTESIAN_POINT ( 'NONE',  ( 2.584999999999999520, 0.8384935310011981668, 4.166956650574681120 ) ) ;
#1803 = CIRCLE ( 'NONE', #1393, 0.7772819131103801960 ) ;
#1804 = DIRECTION ( 'NONE',  ( -1.000000000000000000, -0.000000000000000000, 0.000000000000000000 ) ) ;
#1805 = EDGE_CURVE ( 'NONE', #1919, #129, #436, .T. ) ;
#1806 = DIRECTION ( 'NONE',  ( 0.000000000000000000, 0.9902680687415712502, -0.1391731009600591096 ) ) ;
#1807 = CIRCLE ( 'NONE', #571, 0.7772819131103801960 ) ;
#1808 = VECTOR ( 'NONE', #927, 1000.000000000000000 ) ;
#1809 = DIRECTION ( 'NONE',  ( 0.000000000000000000, 0.06975647374411907131, -0.9975640502598247528 ) ) ;
#1810 = ORIENTED_EDGE ( 'NONE', *, *, #121, .T. ) ;
#1811 = AXIS2_PLACEMENT_3D ( 'NONE', #208, #1115, #2006 ) ;
#1812 = ORIENTED_EDGE ( 'NONE', *, *, #1314, .T. ) ;
#1813 = ORIENTED_EDGE ( 'NONE', *, *, #1192, .F. ) ;
#1814 = CARTESIAN_POINT ( 'NONE',  ( -0.8349999999999999645, 0.5336967668890062466, 5.052500000000000213 ) ) ;
#1815 = VECTOR ( 'NONE', #1549, 999.9999999999998863 ) ;
#1816 = CARTESIAN_POINT ( 'NONE',  ( -0.8349999999999999645, 1.194999999999991624, 2.988728652589659696 ) ) ;
#1817 = ORIENTED_EDGE ( 'NONE', *, *, #1616, .F. ) ;
#1818 = PLANE ( 'NONE',  #2341 ) ;
#1819 = CARTESIAN_POINT ( 'NONE',  ( 1.445000000000000062, 0.06310503756510232876, 4.112736205211018792 ) ) ;
#1820 = ADVANCED_FACE ( 'NONE', ( #1094 ), #1750, .F. ) ;
#1821 = FILL_AREA_STYLE ('',( #2433 ) ) ;
#1822 = DIRECTION ( 'NONE',  ( 0.000000000000000000, 0.000000000000000000, -1.000000000000000000 ) ) ;
#1823 = UNCERTAINTY_MEASURE_WITH_UNIT (LENGTH_MEASURE( 1.000000000000000082E-05 ), #758, 'distance_accuracy_value', 'NONE');
#1824 = LINE ( 'NONE', #2696, #1182 ) ;
#1825 = ORIENTED_EDGE ( 'NONE', *, *, #1005, .T. ) ;
#1826 = LINE ( 'NONE', #1785, #2726 ) ;
#1827 = LINE ( 'NONE', #2523, #2485 ) ;
#1828 = ADVANCED_FACE ( 'NONE', ( #657 ), #822, .T. ) ;
#1829 = ORIENTED_EDGE ( 'NONE', *, *, #2384, .F. ) ;
#1830 = DIRECTION ( 'NONE',  ( 0.000000000000000000, -1.000000000000000000, 0.000000000000000000 ) ) ;
#1831 = PRODUCT_DEFINITION ( 'UNKNOWN', '', #26, #1145 ) ;
#1832 = CARTESIAN_POINT ( 'NONE',  ( -1.975000000000000089, 0.8384935310011981668, 4.166956650574681120 ) ) ;
#1833 = LINE ( 'NONE', #2432, #1993 ) ;
#1834 = FACE_OUTER_BOUND ( 'NONE', #1405, .T. ) ;
#1835 = FACE_OUTER_BOUND ( 'NONE', #2437, .T. ) ;
#1836 = VECTOR ( 'NONE', #749, 1000.000000000000000 ) ;
#1837 = CARTESIAN_POINT ( 'NONE',  ( -1.444999999999999840, 1.281211617890809729, 3.693185303164340905 ) ) ;
#1838 = PLANE ( 'NONE',  #1628 ) ;
#1839 =( NAMED_UNIT ( * ) SI_UNIT ( $, .STERADIAN. ) SOLID_ANGLE_UNIT ( ) );
#1840 = VERTEX_POINT ( 'NONE', #1078 ) ;
#1841 = CARTESIAN_POINT ( 'NONE',  ( -1.444999999999999840, 0.5336967668890062466, 5.052500000000000213 ) ) ;
#1842 = EDGE_CURVE ( 'NONE', #188, #2562, #1168, .T. ) ;
#1843 = CARTESIAN_POINT ( 'NONE',  ( -1.975000000000000089, 0.5336967668890062466, 5.052500000000000213 ) ) ;
#1844 = ORIENTED_EDGE ( 'NONE', *, *, #2607, .T. ) ;
#1845 = ORIENTED_EDGE ( 'NONE', *, *, #687, .T. ) ;
#1846 = DIRECTION ( 'NONE',  ( -1.000000000000000000, -0.000000000000000000, -0.000000000000000000 ) ) ;
#1847 = CARTESIAN_POINT ( 'NONE',  ( -2.584999999999999964, 1.281211617890809285, 3.693185303164340461 ) ) ;
#1848 = AXIS2_PLACEMENT_3D ( 'NONE', #2644, #2349, #2326 ) ;
#1849 = UNCERTAINTY_MEASURE_WITH_UNIT (LENGTH_MEASURE( 1.000000000000000082E-05 ), #1755, 'distance_accuracy_value', 'NONE');
#1850 = AXIS2_PLACEMENT_3D ( 'NONE', #900, #1120, #516 ) ;
#1851 = DIRECTION ( 'NONE',  ( 0.000000000000000000, 0.000000000000000000, -1.000000000000000000 ) ) ;
#1852 = AXIS2_PLACEMENT_3D ( 'NONE', #2292, #1901, #1464 ) ;
#1853 = ADVANCED_FACE ( 'NONE', ( #1835 ), #714, .T. ) ;
#1854 = AXIS2_PLACEMENT_3D ( 'NONE', #2616, #2812, #1714 ) ;
#1855 = CARTESIAN_POINT ( 'NONE',  ( 2.584999999999999520, 0.5100000000000000089, 3.462500000000000799 ) ) ;
#1856 = CARTESIAN_POINT ( 'NONE',  ( 0.8350000000000000755, 0.9527180868896116817, 2.988728652589659696 ) ) ;
#1857 = AXIS2_PLACEMENT_3D ( 'NONE', #1677, #2613, #426 ) ;
#1858 = EDGE_LOOP ( 'NONE', ( #2476, #378, #1181, #2483 ) ) ;
#1859 = VECTOR ( 'NONE', #2741, 1000.000000000000000 ) ;
#1860 = DIRECTION ( 'NONE',  ( 0.000000000000000000, -1.000000000000000000, -2.503270168319173594E-16 ) ) ;
#1861 = LINE ( 'NONE', #2714, #2173 ) ;
#1862 = COLOUR_RGB ( '',0.7921568627450980005, 0.8196078431372548767, 0.9333333333333333481 ) ;
#1863 = ORIENTED_EDGE ( 'NONE', *, *, #2083, .F. ) ;
#1864 = VERTEX_POINT ( 'NONE', #1794 ) ;
#1865 = MECHANICAL_DESIGN_GEOMETRIC_PRESENTATION_REPRESENTATION (  '', ( #1275 ), #2363 ) ;
#1866 = CYLINDRICAL_SURFACE ( 'NONE', #1792, 0.2422819131103802759 ) ;
#1867 = DIRECTION ( 'NONE',  ( -1.000000000000000000, 0.000000000000000000, -0.000000000000000000 ) ) ;
#1868 = SURFACE_STYLE_USAGE ( .BOTH. , #1211 ) ;
#1869 = PRESENTATION_STYLE_ASSIGNMENT (( #767 ) ) ;
#1870 = EDGE_CURVE ( 'NONE', #2352, #937, #77, .T. ) ;
#1871 = ADVANCED_FACE ( 'NONE', ( #1155 ), #2466, .F. ) ;
#1872 = DIRECTION ( 'NONE',  ( 0.000000000000000000, 1.000000000000000000, -2.303338524349784201E-16 ) ) ;
#1873 = ORIENTED_EDGE ( 'NONE', *, *, #481, .T. ) ;
#1874 = CARTESIAN_POINT ( 'NONE',  ( 2.412500000000000089, 0.5349999999999999201, -3.972500000000000142 ) ) ;
#1875 = DIRECTION ( 'NONE',  ( 0.000000000000000000, 0.000000000000000000, -1.000000000000000000 ) ) ;
#1876 = ORIENTED_EDGE ( 'NONE', *, *, #1240, .T. ) ;
#1877 = VERTEX_POINT ( 'NONE', #2705 ) ;
#1878 = CARTESIAN_POINT ( 'NONE',  ( 1.445000000000000062, 0.5099999999999997868, 3.462500000000001243 ) ) ;
#1879 = DIRECTION ( 'NONE',  ( 0.000000000000000000, 0.000000000000000000, -1.000000000000000000 ) ) ;
#1880 = CARTESIAN_POINT ( 'NONE',  ( -2.445000000000000284, 0.5349999999999999201, -5.052500000000000213 ) ) ;
#1881 = ADVANCED_FACE ( 'NONE', ( #1598 ), #944, .F. ) ;
#1882 = EDGE_LOOP ( 'NONE', ( #33, #2699, #367, #1273 ) ) ;
#1883 = LINE ( 'NONE', #2091, #1859 ) ;
#1884 = CARTESIAN_POINT ( 'NONE',  ( -2.584999999999999964, 0.9527180868896116817, 2.988728652589659696 ) ) ;
#1885 = VECTOR ( 'NONE', #96, 1000.000000000000000 ) ;
#1886 = ORIENTED_EDGE ( 'NONE', *, *, #602, .T. ) ;
#1887 = DIRECTION ( 'NONE',  ( -1.000000000000000000, -0.000000000000000000, -0.000000000000000000 ) ) ;
#1888 = DIRECTION ( 'NONE',  ( 0.000000000000000000, 0.000000000000000000, -1.000000000000000000 ) ) ;
#1889 = ORIENTED_EDGE ( 'NONE', *, *, #1201, .F. ) ;
#1890 = CARTESIAN_POINT ( 'NONE',  ( -3.290909514447342588, 0.000000000000000000, 1.879364355964874056 ) ) ;
#1891 = DIRECTION ( 'NONE',  ( 0.000000000000000000, -0.9975640502598247528, -0.06975647374411894641 ) ) ;
#1892 =( NAMED_UNIT ( * ) SI_UNIT ( $, .STERADIAN. ) SOLID_ANGLE_UNIT ( ) );
#1893 = ORIENTED_EDGE ( 'NONE', *, *, #89, .T. ) ;
#1894 = DIRECTION ( 'NONE',  ( 0.000000000000000000, -0.1391731009600597757, 0.9902680687415711391 ) ) ;
#1895 = VECTOR ( 'NONE', #1773, 999.9999999999998863 ) ;
#1896 = EDGE_LOOP ( 'NONE', ( #2029, #2160, #763, #808 ) ) ;
#1897 =( LENGTH_UNIT ( ) NAMED_UNIT ( * ) SI_UNIT ( .MILLI., .METRE. ) );
#1898 = STYLED_ITEM ( 'NONE', ( #524 ), #276 ) ;
#1899 = ORIENTED_EDGE ( 'NONE', *, *, #1314, .F. ) ;
#1900 = EDGE_CURVE ( 'NONE', #2557, #1434, #205, .T. ) ;
#1901 = DIRECTION ( 'NONE',  ( -1.000000000000000000, -0.000000000000000000, 0.000000000000000000 ) ) ;
#1902 = MECHANICAL_DESIGN_GEOMETRIC_PRESENTATION_REPRESENTATION (  '', ( #36 ), #579 ) ;
#1903 = COLOUR_RGB ( '',0.2509803921568627416, 0.2509803921568627416, 0.2509803921568627416 ) ;
#1904 = DIRECTION ( 'NONE',  ( 0.000000000000000000, 0.9063077870366486044, -0.4226182617407022724 ) ) ;
#1905 = CARTESIAN_POINT ( 'NONE',  ( 1.445000000000000062, 1.194999999999991402, 2.047310653434223582 ) ) ;
#1906 = VERTEX_POINT ( 'NONE', #2695 ) ;
#1907 = CARTESIAN_POINT ( 'NONE',  ( 0.3049999999999999933, 1.194999999999991624, 2.988728652589659696 ) ) ;
#1908 = VERTEX_POINT ( 'NONE', #505 ) ;
#1909 = FILL_AREA_STYLE_COLOUR ( '', #1297 ) ;
#1910 = CARTESIAN_POINT ( 'NONE',  ( 1.974999999999999867, 1.729999999999991545, 2.122499999999999609 ) ) ;
#1911 = EDGE_CURVE ( 'NONE', #1277, #2290, #1381, .T. ) ;
#1912 = ORIENTED_EDGE ( 'NONE', *, *, #2132, .T. ) ;
#1913 = CYLINDRICAL_SURFACE ( 'NONE', #2586, 0.7772819131103801960 ) ;
#1914 = FACE_OUTER_BOUND ( 'NONE', #113, .T. ) ;
#1915 = CARTESIAN_POINT ( 'NONE',  ( -2.412500000000000089, 7.943208857586099292, -3.972500000000000142 ) ) ;
#1916 = ORIENTED_EDGE ( 'NONE', *, *, #1410, .F. ) ;
#1917 = DIRECTION ( 'NONE',  ( -1.000000000000000000, -0.000000000000000000, -0.000000000000000000 ) ) ;
#1918 = DIRECTION ( 'NONE',  ( 0.000000000000000000, -0.9975640502598247528, -0.06975647374411894641 ) ) ;
#1919 = VERTEX_POINT ( 'NONE', #39 ) ;
#1920 = CARTESIAN_POINT ( 'NONE',  ( -1.975000000000000089, 1.729999999999991545, 2.122499999999999609 ) ) ;
#1921 = VECTOR ( 'NONE', #1514, 1000.000000000000227 ) ;
#1922 = ORIENTED_EDGE ( 'NONE', *, *, #2395, .F. ) ;
#1923 = STYLED_ITEM ( 'NONE', ( #2782 ), #1529 ) ;
#1924 =( NAMED_UNIT ( * ) SI_UNIT ( $, .STERADIAN. ) SOLID_ANGLE_UNIT ( ) );
#1925 = EDGE_LOOP ( 'NONE', ( #1981, #1375, #1889, #743, #861, #1231, #1770, #1428, #1743, #2, #1737, #153 ) ) ;
#1926 = DIRECTION ( 'NONE',  ( 0.000000000000000000, -2.503270168319173594E-16, 1.000000000000000000 ) ) ;
#1927 = MANIFOLD_SOLID_BREP ( 'Housing', #1028 ) ;
#1928 = LINE ( 'NONE', #391, #124 ) ;
#1929 = CARTESIAN_POINT ( 'NONE',  ( 1.974999999999999867, 0.9527180868896116817, 2.988728652589659696 ) ) ;
#1930 = VERTEX_POINT ( 'NONE', #533 ) ;
#1931 =( GEOMETRIC_REPRESENTATION_CONTEXT ( 3 ) GLOBAL_UNCERTAINTY_ASSIGNED_CONTEXT ( ( #1369 ) ) GLOBAL_UNIT_ASSIGNED_CONTEXT ( ( #1570, #2245, #2203 ) ) REPRESENTATION_CONTEXT ( 'NONE', 'WORKASPACE' ) );
#1932 = EDGE_CURVE ( 'NONE', #2396, #2122, #738, .T. ) ;
#1933 = PRODUCT_CONTEXT ( 'NONE', #1169, 'mechanical' ) ;
#1934 = EDGE_LOOP ( 'NONE', ( #1284, #1699, #2548, #1202 ) ) ;
#1935 = COLOUR_RGB ( '',0.7921568627450980005, 0.8196078431372548767, 0.9333333333333333481 ) ;
#1936 = DIRECTION ( 'NONE',  ( 0.000000000000000000, 0.06975647374411907131, -0.9975640502598247528 ) ) ;
#1937 = VECTOR ( 'NONE', #1705, 1000.000000000000000 ) ;
#1938 = SURFACE_STYLE_FILL_AREA ( #2147 ) ;
#1939 = CARTESIAN_POINT ( 'NONE',  ( 2.584999999999999520, 1.729999999999991545, 2.122499999999999609 ) ) ;
#1940 = AXIS2_PLACEMENT_3D ( 'NONE', #1560, #1408, #2434 ) ;
#1941 = AXIS2_PLACEMENT_3D ( 'NONE', #2193, #5, #1690 ) ;
#1942 = ORIENTED_EDGE ( 'NONE', *, *, #1702, .F. ) ;
#1943 = CARTESIAN_POINT ( 'NONE',  ( 2.584999999999999520, 0.5968018044541084643, 4.150055918664121712 ) ) ;
#1944 =( NAMED_UNIT ( * ) SI_UNIT ( $, .STERADIAN. ) SOLID_ANGLE_UNIT ( ) );
#1945 = PLANE ( 'NONE',  #1397 ) ;
#1946 = ORIENTED_EDGE ( 'NONE', *, *, #720, .F. ) ;
#1947 = VECTOR ( 'NONE', #2669, 1000.000000000000000 ) ;
#1948 = DIRECTION ( 'NONE',  ( -1.000000000000000000, -0.000000000000000000, -0.000000000000000000 ) ) ;
#1949 = FILL_AREA_STYLE ('',( #2154 ) ) ;
#1950 = ADVANCED_FACE ( 'NONE', ( #2266 ), #2650, .F. ) ;
#1951 = MECHANICAL_DESIGN_GEOMETRIC_PRESENTATION_REPRESENTATION (  '', ( #990 ), #847 ) ;
#1952 = VERTEX_POINT ( 'NONE', #473 ) ;
#1953 = EDGE_CURVE ( 'NONE', #1304, #1959, #1348, .T. ) ;
#1954 = DIRECTION ( 'NONE',  ( 0.000000000000000000, -2.303338524349784201E-16, -1.000000000000000000 ) ) ;
#1955 = ORIENTED_EDGE ( 'NONE', *, *, #2011, .T. ) ;
#1956 = CARTESIAN_POINT ( 'NONE',  ( 0.3049999999999999933, 1.194999999999991624, 2.937500000000000000 ) ) ;
#1957 = CARTESIAN_POINT ( 'NONE',  ( -3.299999999999999822, 13.76382017852094108, -3.972500000000000142 ) ) ;
#1958 = SURFACE_STYLE_USAGE ( .BOTH. , #1471 ) ;
#1959 = VERTEX_POINT ( 'NONE', #279 ) ;
#1960 = CARTESIAN_POINT ( 'NONE',  ( -0.8349999999999999645, 0.8384935310011981668, 4.166956650574681120 ) ) ;
#1961 = CARTESIAN_POINT ( 'NONE',  ( -2.445000000000000284, 0.000000000000000000, -5.052500000000000213 ) ) ;
#1962 = FACE_OUTER_BOUND ( 'NONE', #1301, .T. ) ;
#1963 = ORIENTED_EDGE ( 'NONE', *, *, #2411, .F. ) ;
#1964 = LINE ( 'NONE', #2605, #1452 ) ;
#1965 = CARTESIAN_POINT ( 'NONE',  ( -2.412500000000000089, 0.5349999999999999201, -3.972500000000000142 ) ) ;
#1966 = ORIENTED_EDGE ( 'NONE', *, *, #349, .F. ) ;
#1967 = FILL_AREA_STYLE ('',( #204 ) ) ;
#1968 = EDGE_CURVE ( 'NONE', #1674, #1151, #2080, .T. ) ;
#1969 = ORIENTED_EDGE ( 'NONE', *, *, #2597, .T. ) ;
#1970 = EDGE_LOOP ( 'NONE', ( #2100, #1525, #2792, #593 ) ) ;
#1971 = DIRECTION ( 'NONE',  ( 0.000000000000000000, -2.303338524349784201E-16, -1.000000000000000000 ) ) ;
#1972 = CARTESIAN_POINT ( 'NONE',  ( -1.444999999999999840, 1.194999999999991624, 2.988728652589659696 ) ) ;
#1973 = ORIENTED_EDGE ( 'NONE', *, *, #1490, .T. ) ;
#1974 = CARTESIAN_POINT ( 'NONE',  ( 2.412500000000000089, 7.943208857586099292, -3.972500000000000142 ) ) ;
#1975 = LINE ( 'NONE', #1376, #1053 ) ;
#1976 = DIRECTION ( 'NONE',  ( 1.000000000000000000, 0.000000000000000000, 0.000000000000000000 ) ) ;
#1977 = EDGE_CURVE ( 'NONE', #2553, #1908, #1226, .T. ) ;
#1978 = VERTEX_POINT ( 'NONE', #576 ) ;
#1979 = CARTESIAN_POINT ( 'NONE',  ( 2.584999999999999520, 0.5099999999999997868, 3.462500000000001243 ) ) ;
#1980 = DIRECTION ( 'NONE',  ( 0.000000000000000000, 0.000000000000000000, -1.000000000000000000 ) ) ;
#1981 = ORIENTED_EDGE ( 'NONE', *, *, #1589, .F. ) ;
#1982 = LINE ( 'NONE', #1768, #989 ) ;
#1983 = EDGE_LOOP ( 'NONE', ( #2311, #2567, #1070, #214 ) ) ;
#1984 = EDGE_LOOP ( 'NONE', ( #1126, #1325, #2589, #267 ) ) ;
#1985 = PLANE ( 'NONE',  #1080 ) ;
#1986 = DIRECTION ( 'NONE',  ( -1.000000000000000000, -0.000000000000000000, -0.000000000000000000 ) ) ;
#1987 = SURFACE_STYLE_USAGE ( .BOTH. , #468 ) ;
#1988 = STYLED_ITEM ( 'NONE', ( #55 ), #1580 ) ;
#1989 = ORIENTED_EDGE ( 'NONE', *, *, #2461, .F. ) ;
#1990 = CARTESIAN_POINT ( 'NONE',  ( 1.445000000000000062, 1.194999999999991624, 2.988728652589659696 ) ) ;
#1991 = AXIS2_PLACEMENT_3D ( 'NONE', #2127, #2532, #117 ) ;
#1992 = DIRECTION ( 'NONE',  ( 1.000000000000000000, -0.000000000000000000, 0.000000000000000000 ) ) ;
#1993 = VECTOR ( 'NONE', #1344, 1000.000000000000000 ) ;
#1994 = ADVANCED_FACE ( 'NONE', ( #548 ), #1645, .T. ) ;
#1995 = CARTESIAN_POINT ( 'NONE',  ( -3.123784433902335511, 2.390000000000000124, 0.000000000000000000 ) ) ;
#1996 = SURFACE_STYLE_USAGE ( .BOTH. , #2680 ) ;
#1997 = CLOSED_SHELL ( 'NONE', ( #2013, #496, #1143, #711, #2545, #2030, #2004, #182, #1345, #592, #1498, #1430, #1994, #1871 ) ) ;
#1998 = ORIENTED_EDGE ( 'NONE', *, *, #1496, .T. ) ;
#1999 = UNCERTAINTY_MEASURE_WITH_UNIT (LENGTH_MEASURE( 1.000000000000000082E-05 ), #1897, 'distance_accuracy_value', 'NONE');
#2000 = VECTOR ( 'NONE', #2392, 1000.000000000000227 ) ;
#2001 = CARTESIAN_POINT ( 'NONE',  ( -0.3049999999999999933, 1.194999999999991624, 2.937500000000000000 ) ) ;
#2002 = ORIENTED_EDGE ( 'NONE', *, *, #1977, .T. ) ;
#2003 = AXIS2_PLACEMENT_3D ( 'NONE', #2141, #172, #23 ) ;
#2004 = ADVANCED_FACE ( 'NONE', ( #102 ), #347, .F. ) ;
#2005 = EDGE_LOOP ( 'NONE', ( #1676, #1664, #108, #1825 ) ) ;
#2006 = DIRECTION ( 'NONE',  ( 0.000000000000000000, 0.000000000000000000, -1.000000000000000000 ) ) ;
#2007 = CARTESIAN_POINT ( 'NONE',  ( -1.975000000000000089, 0.9527180868896116817, 2.988728652589659696 ) ) ;
#2008 = CYLINDRICAL_SURFACE ( 'NONE', #484, 0.7772819131103801960 ) ;
#2009 = VERTEX_POINT ( 'NONE', #600 ) ;
#2010 = CARTESIAN_POINT ( 'NONE',  ( -3.123784433902335511, 2.389999999999999680, 2.029743049096424556 ) ) ;
#2011 = EDGE_CURVE ( 'NONE', #924, #887, #250, .T. ) ;
#2012 = DIRECTION ( 'NONE',  ( -1.000000000000000000, -0.000000000000000000, -0.000000000000000000 ) ) ;
#2013 = ADVANCED_FACE ( 'NONE', ( #2559 ), #2737, .F. ) ;
#2014 = CARTESIAN_POINT ( 'NONE',  ( -3.299999999999999822, 0.3260287768741282899, 2.319815287596237230 ) ) ;
#2015 = CARTESIAN_POINT ( 'NONE',  ( -2.584999999999999964, 0.9527180868896116817, 2.988728652589659696 ) ) ;
#2016 = VERTEX_POINT ( 'NONE', #1194 ) ;
#2017 = DIRECTION ( 'NONE',  ( 0.000000000000000000, -2.503270168319173594E-16, 1.000000000000000000 ) ) ;
#2018 = DIRECTION ( 'NONE',  ( -1.000000000000000000, 0.000000000000000000, 0.000000000000000000 ) ) ;
#2019 = LINE ( 'NONE', #443, #111 ) ;
#2020 = PRESENTATION_STYLE_ASSIGNMENT (( #2428 ) ) ;
#2021 = ORIENTED_EDGE ( 'NONE', *, *, #803, .T. ) ;
#2022 = CARTESIAN_POINT ( 'NONE',  ( 2.412500000000000089, 0.5349999999999999201, -3.972500000000000142 ) ) ;
#2023 = CARTESIAN_POINT ( 'NONE',  ( 1.974999999999999867, 1.194999999999991402, 2.047310653434223582 ) ) ;
#2024 = VECTOR ( 'NONE', #575, 1000.000000000000000 ) ;
#2025 =( NAMED_UNIT ( * ) PLANE_ANGLE_UNIT ( ) SI_UNIT ( $, .RADIAN. ) );
#2026 = DIRECTION ( 'NONE',  ( 1.000000000000000000, 0.000000000000000000, 0.000000000000000000 ) ) ;
#2027 = STYLED_ITEM ( 'NONE', ( #2123 ), #1546 ) ;
#2028 = PLANE ( 'NONE',  #2139 ) ;
#2029 = ORIENTED_EDGE ( 'NONE', *, *, #1531, .F. ) ;
#2030 = ADVANCED_FACE ( 'NONE', ( #2070 ), #560, .F. ) ;
#2031 = LINE ( 'NONE', #1198, #534 ) ;
#2032 = DIRECTION ( 'NONE',  ( 0.000000000000000000, -0.9975640502598247528, -0.06975647374411894641 ) ) ;
#2033 = DIRECTION ( 'NONE',  ( -0.000000000000000000, -1.000000000000000000, -0.000000000000000000 ) ) ;
#2034 = ORIENTED_EDGE ( 'NONE', *, *, #2755, .F. ) ;
#2035 = DIRECTION ( 'NONE',  ( -1.000000000000000000, -0.000000000000000000, 0.000000000000000000 ) ) ;
#2036 = MECHANICAL_DESIGN_GEOMETRIC_PRESENTATION_REPRESENTATION (  '', ( #1576 ), #1121 ) ;
#2037 = CARTESIAN_POINT ( 'NONE',  ( -2.412499999999999645, 7.408208857586099150, -0.2225000000000004752 ) ) ;
#2038 = VERTEX_POINT ( 'NONE', #2282 ) ;
#2039 = VECTOR ( 'NONE', #795, 1000.000000000000000 ) ;
#2040 = FACE_OUTER_BOUND ( 'NONE', #509, .T. ) ;
#2041 = VECTOR ( 'NONE', #641, 1000.000000000000000 ) ;
#2042 = VECTOR ( 'NONE', #1263, 1000.000000000000000 ) ;
#2043 = CARTESIAN_POINT ( 'NONE',  ( 2.584999999999999520, 1.729999999999991322, 2.988728652589659696 ) ) ;
#2044 = ORIENTED_EDGE ( 'NONE', *, *, #552, .F. ) ;
#2045 = EDGE_CURVE ( 'NONE', #523, #1257, #2103, .T. ) ;
#2046 = ADVANCED_FACE ( 'NONE', ( #374 ), #2776, .T. ) ;
#2047 = CIRCLE ( 'NONE', #2093, 0.2422819131103798596 ) ;
#2048 = ORIENTED_EDGE ( 'NONE', *, *, #261, .T. ) ;
#2049 = SURFACE_STYLE_FILL_AREA ( #1174 ) ;
#2050 = VECTOR ( 'NONE', #1033, 1000.000000000000000 ) ;
#2051 = CARTESIAN_POINT ( 'NONE',  ( -0.8349999999999999645, 0.8384935310011981668, 4.166956650574681120 ) ) ;
#2052 = VERTEX_POINT ( 'NONE', #1451 ) ;
#2053 = DIRECTION ( 'NONE',  ( -0.000000000000000000, 0.9975640502598247528, 0.06975647374411907131 ) ) ;
#2054 = LINE ( 'NONE', #1791, #744 ) ;
#2055 = VERTEX_POINT ( 'NONE', #590 ) ;
#2056 =( LENGTH_UNIT ( ) NAMED_UNIT ( * ) SI_UNIT ( .MILLI., .METRE. ) );
#2057 = DIRECTION ( 'NONE',  ( -1.000000000000000000, -0.000000000000000000, -0.000000000000000000 ) ) ;
#2058 = FACE_OUTER_BOUND ( 'NONE', #1537, .T. ) ;
#2059 = ADVANCED_FACE ( 'NONE', ( #807 ), #2325, .F. ) ;
#2060 = DIRECTION ( 'NONE',  ( 1.000000000000000000, -0.000000000000000000, -0.000000000000000000 ) ) ;
#2061 = CARTESIAN_POINT ( 'NONE',  ( 3.277482018092971572, 0.1920221440270649393, 1.906351308367779662 ) ) ;
#2062 = ORIENTED_EDGE ( 'NONE', *, *, #2081, .F. ) ;
#2063 = PRODUCT ( 'KVU5', 'KVU5', '', ( #1933 ) ) ;
#2064 = DIRECTION ( 'NONE',  ( 0.000000000000000000, -0.06975647374411905743, 0.9975640502598246417 ) ) ;
#2065 = CARTESIAN_POINT ( 'NONE',  ( 1.974999999999999867, 1.194999999999991624, 2.988728652589659696 ) ) ;
#2066 = VERTEX_POINT ( 'NONE', #2307 ) ;
#2067 = VERTEX_POINT ( 'NONE', #1847 ) ;
#2068 = EDGE_CURVE ( 'NONE', #344, #2660, #2489, .T. ) ;
#2069 = PLANE ( 'NONE',  #2118 ) ;
#2070 = FACE_OUTER_BOUND ( 'NONE', #2481, .T. ) ;
#2071 = COLOUR_RGB ( '',0.2509803921568627416, 0.2509803921568627416, 0.2509803921568627416 ) ;
#2072 = LINE ( 'NONE', #1600, #2813 ) ;
#2073 = ORIENTED_EDGE ( 'NONE', *, *, #720, .T. ) ;
#2074 = LINE ( 'NONE', #127, #1424 ) ;
#2075 = CARTESIAN_POINT ( 'NONE',  ( -1.975000000000000089, 0.8384935310011981668, 4.166956650574681120 ) ) ;
#2076 = EDGE_CURVE ( 'NONE', #1339, #2067, #363, .T. ) ;
#2077 = VERTEX_POINT ( 'NONE', #1013 ) ;
#2078 = ORIENTED_EDGE ( 'NONE', *, *, #1490, .F. ) ;
#2079 = FACE_OUTER_BOUND ( 'NONE', #1582, .T. ) ;
#2080 = LINE ( 'NONE', #766, #705 ) ;
#2081 = EDGE_CURVE ( 'NONE', #2799, #1648, #1532, .T. ) ;
#2082 = AXIS2_PLACEMENT_3D ( 'NONE', #2051, #2729, #125 ) ;
#2083 = EDGE_CURVE ( 'NONE', #232, #1011, #2336, .T. ) ;
#2084 = AXIS2_PLACEMENT_3D ( 'NONE', #352, #1646, #1683 ) ;
#2085 = VECTOR ( 'NONE', #1545, 999.9999999999998863 ) ;
#2086 = CARTESIAN_POINT ( 'NONE',  ( -1.975000000000000089, 1.281211617890809729, 3.693185303164340905 ) ) ;
#2087 = FILL_AREA_STYLE_COLOUR ( '', #1935 ) ;
#2088 = VERTEX_POINT ( 'NONE', #2504 ) ;
#2089 = COLOUR_RGB ( '',0.7921568627450980005, 0.8196078431372548767, 0.9333333333333333481 ) ;
#2090 = VECTOR ( 'NONE', #486, 1000.000000000000000 ) ;
#2091 = CARTESIAN_POINT ( 'NONE',  ( -3.299999999999999822, 0.5350000000000038058, -3.972500000000000142 ) ) ;
#2092 = DIRECTION ( 'NONE',  ( 0.000000000000000000, -0.9063077870366481603, 0.4226182617407035491 ) ) ;
#2093 = AXIS2_PLACEMENT_3D ( 'NONE', #821, #1030, #2575 ) ;
#2094 = ADVANCED_FACE ( 'NONE', ( #2163 ), #1269, .F. ) ;
#2095 = VERTEX_POINT ( 'NONE', #1761 ) ;
#2096 = CIRCLE ( 'NONE', #397, 0.2422819131103798596 ) ;
#2097 = LINE ( 'NONE', #543, #1885 ) ;
#2098 = LINE ( 'NONE', #981, #1074 ) ;
#2099 = VECTOR ( 'NONE', #837, 1000.000000000000000 ) ;
#2100 = ORIENTED_EDGE ( 'NONE', *, *, #2068, .T. ) ;
#2101 = EDGE_CURVE ( 'NONE', #255, #1840, #1320, .T. ) ;
#2102 = DIRECTION ( 'NONE',  ( -0.000000000000000000, -1.000000000000000000, -0.000000000000000000 ) ) ;
#2103 = LINE ( 'NONE', #321, #1266 ) ;
#2104 = CARTESIAN_POINT ( 'NONE',  ( 0.8350000000000000755, 0.000000000000000000, 5.015180286546897293 ) ) ;
#2105 = CARTESIAN_POINT ( 'NONE',  ( -0.8349999999999999645, 0.9527180868896116817, 2.988728652589659696 ) ) ;
#2106 = ORIENTED_EDGE ( 'NONE', *, *, #735, .F. ) ;
#2107 = DIRECTION ( 'NONE',  ( 0.000000000000000000, -0.06975647374411825252, 0.9975640502598247528 ) ) ;
#2108 = ORIENTED_EDGE ( 'NONE', *, *, #2213, .F. ) ;
#2109 = EDGE_CURVE ( 'NONE', #771, #2352, #866, .T. ) ;
#2110 = CARTESIAN_POINT ( 'NONE',  ( 1.445000000000000062, 0.000000000000000000, 5.015180286546897293 ) ) ;
#2111 = DIRECTION ( 'NONE',  ( 0.000000000000000000, 0.9902680687415710281, 0.1391731009600597757 ) ) ;
#2112 = ORIENTED_EDGE ( 'NONE', *, *, #244, .F. ) ;
#2113 = CARTESIAN_POINT ( 'NONE',  ( 0.8350000000000000755, 0.9527180868896116817, 2.988728652589659696 ) ) ;
#2114 = CARTESIAN_POINT ( 'NONE',  ( -1.975000000000000089, 1.281211617890809285, 3.693185303164340461 ) ) ;
#2115 = EDGE_CURVE ( 'NONE', #2016, #1864, #1746, .T. ) ;
#2116 = SURFACE_STYLE_FILL_AREA ( #173 ) ;
#2117 = ORIENTED_EDGE ( 'NONE', *, *, #1781, .T. ) ;
#2118 = AXIS2_PLACEMENT_3D ( 'NONE', #373, #777, #1463 ) ;
#2119 = CARTESIAN_POINT ( 'NONE',  ( -2.584999999999999964, 1.729999999999991545, 2.122499999999999609 ) ) ;
#2120 = AXIS2_PLACEMENT_3D ( 'NONE', #2110, #2525, #139 ) ;
#2121 = EDGE_CURVE ( 'NONE', #2775, #780, #416, .T. ) ;
#2122 = VERTEX_POINT ( 'NONE', #1718 ) ;
#2123 = PRESENTATION_STYLE_ASSIGNMENT (( #608 ) ) ;
#2124 = DIRECTION ( 'NONE',  ( -1.000000000000000000, -0.000000000000000000, -0.000000000000000000 ) ) ;
#2125 = ORIENTED_EDGE ( 'NONE', *, *, #1241, .F. ) ;
#2126 = DIRECTION ( 'NONE',  ( 0.000000000000000000, 0.9063077870366486044, -0.4226182617407022724 ) ) ;
#2127 = CARTESIAN_POINT ( 'NONE',  ( -1.975000000000000089, 1.194999999999991402, 2.047310653434223582 ) ) ;
#2128 = VECTOR ( 'NONE', #137, 1000.000000000000000 ) ;
#2129 = EDGE_LOOP ( 'NONE', ( #2646, #882, #237, #2538 ) ) ;
#2130 = STYLED_ITEM ( 'NONE', ( #754 ), #1685 ) ;
#2131 = EDGE_CURVE ( 'NONE', #919, #1032, #1073, .T. ) ;
#2132 = EDGE_CURVE ( 'NONE', #2319, #188, #203, .T. ) ;
#2133 = VECTOR ( 'NONE', #854, 1000.000000000000000 ) ;
#2134 = ORIENTED_EDGE ( 'NONE', *, *, #474, .F. ) ;
#2135 = DIRECTION ( 'NONE',  ( 0.000000000000000000, -0.06975647374411894641, 0.9975640502598247528 ) ) ;
#2136 = ORIENTED_EDGE ( 'NONE', *, *, #757, .F. ) ;
#2137 = LINE ( 'NONE', #1974, #1626 ) ;
#2138 = CARTESIAN_POINT ( 'NONE',  ( 2.412500000000000089, 0.000000000000000000, -3.972500000000000142 ) ) ;
#2139 = AXIS2_PLACEMENT_3D ( 'NONE', #957, #476, #296 ) ;
#2140 = VECTOR ( 'NONE', #2518, 1000.000000000000227 ) ;
#2141 = CARTESIAN_POINT ( 'NONE',  ( -0.8349999999999999645, 0.9527180868896116817, 2.988728652589659696 ) ) ;
#2142 = CARTESIAN_POINT ( 'NONE',  ( 3.123784433902335511, 2.390000000000000124, -3.842785763844801750 ) ) ;
#2143 = EDGE_LOOP ( 'NONE', ( #2460, #1507, #598, #2330 ) ) ;
#2144 = LINE ( 'NONE', #1352, #1538 ) ;
#2145 = ORIENTED_EDGE ( 'NONE', *, *, #1651, .T. ) ;
#2146 = VERTEX_POINT ( 'NONE', #171 ) ;
#2147 = FILL_AREA_STYLE ('',( #1909 ) ) ;
#2148 = CARTESIAN_POINT ( 'NONE',  ( 2.584999999999999520, 1.281211617890809285, 3.693185303164340461 ) ) ;
#2149 = EDGE_LOOP ( 'NONE', ( #1006, #1237, #2686, #563 ) ) ;
#2150 = LINE ( 'NONE', #184, #2443 ) ;
#2151 = ORIENTED_EDGE ( 'NONE', *, *, #1795, .F. ) ;
#2152 = EDGE_CURVE ( 'NONE', #1151, #1032, #2374, .T. ) ;
#2153 = DIRECTION ( 'NONE',  ( 0.000000000000000000, -2.303338524349784201E-16, -1.000000000000000000 ) ) ;
#2154 = FILL_AREA_STYLE_COLOUR ( '', #616 ) ;
#2155 = EDGE_LOOP ( 'NONE', ( #2305, #2194, #1371, #1555 ) ) ;
#2156 = CARTESIAN_POINT ( 'NONE',  ( -0.8349999999999999645, 1.194999999999991624, 2.988728652589659696 ) ) ;
#2157 = ORIENTED_EDGE ( 'NONE', *, *, #1467, .T. ) ;
#2158 = CARTESIAN_POINT ( 'NONE',  ( -0.8349999999999999645, 0.5099999999999997868, 3.462500000000001243 ) ) ;
#2159 = AXIS2_PLACEMENT_3D ( 'NONE', #1510, #2811, #2587 ) ;
#2160 = ORIENTED_EDGE ( 'NONE', *, *, #976, .T. ) ;
#2161 = DIRECTION ( 'NONE',  ( -1.000000000000000000, -0.000000000000000000, -0.000000000000000000 ) ) ;
#2162 = CARTESIAN_POINT ( 'NONE',  ( -0.8349999999999999645, 1.281211617890809285, 3.693185303164340461 ) ) ;
#2163 = FACE_OUTER_BOUND ( 'NONE', #2005, .T. ) ;
#2164 = EDGE_CURVE ( 'NONE', #2066, #2639, #2196, .T. ) ;
#2165 = CARTESIAN_POINT ( 'NONE',  ( -0.3049999999999999933, 1.194999999999991402, 2.047310653434223582 ) ) ;
#2166 = DIRECTION ( 'NONE',  ( 0.000000000000000000, 1.000000000000000000, 0.000000000000000000 ) ) ;
#2167 = EDGE_CURVE ( 'NONE', #675, #2342, #2787, .T. ) ;
#2168 = VERTEX_POINT ( 'NONE', #229 ) ;
#2169 = DIRECTION ( 'NONE',  ( 0.9975640502598237536, 0.06975647374413238011, 0.000000000000000000 ) ) ;
#2170 = ORIENTED_EDGE ( 'NONE', *, *, #2337, .F. ) ;
#2171 = VECTOR ( 'NONE', #105, 1000.000000000000000 ) ;
#2172 = CARTESIAN_POINT ( 'NONE',  ( 0.3049999999999999933, 1.729999999999991545, 2.122499999999999609 ) ) ;
#2173 = VECTOR ( 'NONE', #1205, 1000.000000000000000 ) ;
#2174 = DIRECTION ( 'NONE',  ( 0.000000000000000000, 0.9902680687415710281, 0.1391731009600597757 ) ) ;
#2175 = STYLED_ITEM ( 'NONE', ( #91 ), #1927 ) ;
#2176 = VECTOR ( 'NONE', #1511, 999.9999999999998863 ) ;
#2177 = VERTEX_POINT ( 'NONE', #1530 ) ;
#2178 = CARTESIAN_POINT ( 'NONE',  ( 3.123784433902335955, 2.389999999999999680, -3.842785763844801750 ) ) ;
#2179 = CYLINDRICAL_SURFACE ( 'NONE', #1197, 0.7772819131103801960 ) ;
#2180 = DIRECTION ( 'NONE',  ( 0.000000000000000000, 0.06975647374411793333, -0.9975640502598247528 ) ) ;
#2181 = ORIENTED_EDGE ( 'NONE', *, *, #1911, .F. ) ;
#2182 = ADVANCED_FACE ( 'NONE', ( #1731 ), #1091, .F. ) ;
#2183 = VECTOR ( 'NONE', #2688, 1000.000000000000000 ) ;
#2184 = FACE_OUTER_BOUND ( 'NONE', #2595, .T. ) ;
#2185 = FACE_OUTER_BOUND ( 'NONE', #161, .T. ) ;
#2186 = AXIS2_PLACEMENT_3D ( 'NONE', #2406, #1045, #186 ) ;
#2187 = EDGE_CURVE ( 'NONE', #1647, #1011, #447, .T. ) ;
#2188 = ORIENTED_EDGE ( 'NONE', *, *, #2612, .T. ) ;
#2189 = DIRECTION ( 'NONE',  ( 0.000000000000000000, 2.303338524349784201E-16, 1.000000000000000000 ) ) ;
#2190 = ORIENTED_EDGE ( 'NONE', *, *, #953, .T. ) ;
#2191 = DIRECTION ( 'NONE',  ( 0.000000000000000000, 0.000000000000000000, -1.000000000000000000 ) ) ;
#2192 = FACE_OUTER_BOUND ( 'NONE', #2272, .T. ) ;
#2193 = CARTESIAN_POINT ( 'NONE',  ( -2.584999999999999964, 0.8384935310011981668, 4.166956650574681120 ) ) ;
#2194 = ORIENTED_EDGE ( 'NONE', *, *, #2131, .F. ) ;
#2195 = CARTESIAN_POINT ( 'NONE',  ( -2.412500000000000089, 7.943208857586099292, -3.972500000000000142 ) ) ;
#2196 = LINE ( 'NONE', #1296, #2041 ) ;
#2197 = CARTESIAN_POINT ( 'NONE',  ( -0.8349999999999999645, 1.729999999999991322, 2.988728652589659696 ) ) ;
#2198 = LINE ( 'NONE', #1048, #444 ) ;
#2199 = EDGE_LOOP ( 'NONE', ( #2381, #546, #805, #501 ) ) ;
#2200 = ORIENTED_EDGE ( 'NONE', *, *, #2547, .F. ) ;
#2201 = LINE ( 'NONE', #29, #1586 ) ;
#2202 = PLANE ( 'NONE',  #2308 ) ;
#2203 =( NAMED_UNIT ( * ) SI_UNIT ( $, .STERADIAN. ) SOLID_ANGLE_UNIT ( ) );
#2204 = ADVANCED_FACE ( 'NONE', ( #1962 ), #1945, .F. ) ;
#2205 = EDGE_LOOP ( 'NONE', ( #2210, #625, #2654, #2709 ) ) ;
#2206 = DIRECTION ( 'NONE',  ( 0.000000000000000000, -0.9063077870366486044, 0.4226182617407022724 ) ) ;
#2207 = PLANE ( 'NONE',  #615 ) ;
#2208 = CARTESIAN_POINT ( 'NONE',  ( 0.000000000000000000, 2.390000000000000124, 0.000000000000000000 ) ) ;
#2209 = ADVANCED_FACE ( 'NONE', ( #1283 ), #2817, .F. ) ;
#2210 = ORIENTED_EDGE ( 'NONE', *, *, #1361, .T. ) ;
#2211 = DIRECTION ( 'NONE',  ( 0.000000000000000000, -0.9063077870366486044, 0.4226182617407022724 ) ) ;
#2212 = ORIENTED_EDGE ( 'NONE', *, *, #298, .T. ) ;
#2213 = EDGE_CURVE ( 'NONE', #2570, #289, #1043, .T. ) ;
#2214 = CARTESIAN_POINT ( 'NONE',  ( -0.8349999999999999645, 1.729999999999991545, 2.122499999999999609 ) ) ;
#2215 = EDGE_CURVE ( 'NONE', #381, #2385, #2150, .T. ) ;
#2216 = PLANE ( 'NONE',  #787 ) ;
#2217 = EDGE_LOOP ( 'NONE', ( #2078, #1379, #2378, #293 ) ) ;
#2218 = PRODUCT_DEFINITION_SHAPE ( 'NONE', 'NONE',  #1831 ) ;
#2219 = VECTOR ( 'NONE', #1444, 1000.000000000000000 ) ;
#2220 = DIRECTION ( 'NONE',  ( -1.000000000000000000, -0.000000000000000000, -0.000000000000000000 ) ) ;
#2221 = PRESENTATION_LAYER_ASSIGNMENT (  '', '', ( #2175 ) ) ;
#2222 = DIRECTION ( 'NONE',  ( 0.000000000000000000, -0.06975647374411894641, 0.9975640502598247528 ) ) ;
#2223 = VECTOR ( 'NONE', #1703, 1000.000000000000000 ) ;
#2224 =( NAMED_UNIT ( * ) PLANE_ANGLE_UNIT ( ) SI_UNIT ( $, .RADIAN. ) );
#2225 = DIRECTION ( 'NONE',  ( 1.156482317317871478E-16, -0.000000000000000000, -1.000000000000000000 ) ) ;
#2226 = VECTOR ( 'NONE', #2398, 1000.000000000000227 ) ;
#2227 = ORIENTED_EDGE ( 'NONE', *, *, #1324, .F. ) ;
#2228 = UNCERTAINTY_MEASURE_WITH_UNIT (LENGTH_MEASURE( 1.000000000000000082E-05 ), #638, 'distance_accuracy_value', 'NONE');
#2229 = AXIS2_PLACEMENT_3D ( 'NONE', #1723, #410, #2640 ) ;
#2230 = CARTESIAN_POINT ( 'NONE',  ( -1.975000000000000089, 1.194999999999991624, 2.988728652589659696 ) ) ;
#2231 =( GEOMETRIC_REPRESENTATION_CONTEXT ( 3 ) GLOBAL_UNCERTAINTY_ASSIGNED_CONTEXT ( ( #727 ) ) GLOBAL_UNIT_ASSIGNED_CONTEXT ( ( #2751, #2295, #376 ) ) REPRESENTATION_CONTEXT ( 'NONE', 'WORKASPACE' ) );
#2232 = CARTESIAN_POINT ( 'NONE',  ( -2.445000000000000284, 0.000000000000000000, -3.972500000000000142 ) ) ;
#2233 = DIRECTION ( 'NONE',  ( 0.000000000000000000, 0.9902680687415710281, 0.1391731009600597757 ) ) ;
#2234 = SURFACE_STYLE_FILL_AREA ( #665 ) ;
#2235 = VERTEX_POINT ( 'NONE', #2801 ) ;
#2236 = LINE ( 'NONE', #71, #1649 ) ;
#2237 = CARTESIAN_POINT ( 'NONE',  ( 2.584999999999999520, 0.5968018044541084643, 4.150055918664121712 ) ) ;
#2238 = DIRECTION ( 'NONE',  ( -1.000000000000000000, -0.000000000000000000, -0.000000000000000000 ) ) ;
#2239 = EDGE_CURVE ( 'NONE', #2177, #2799, #2591, .T. ) ;
#2240 = EDGE_LOOP ( 'NONE', ( #353, #1052, #1697, #130 ) ) ;
#2241 = PLANE ( 'NONE',  #2588 ) ;
#2242 = ORIENTED_EDGE ( 'NONE', *, *, #2359, .T. ) ;
#2243 = VERTEX_POINT ( 'NONE', #2023 ) ;
#2244 = FACE_OUTER_BOUND ( 'NONE', #2509, .T. ) ;
#2245 =( NAMED_UNIT ( * ) PLANE_ANGLE_UNIT ( ) SI_UNIT ( $, .RADIAN. ) );
#2246 = ORIENTED_EDGE ( 'NONE', *, *, #311, .T. ) ;
#2247 = DIRECTION ( 'NONE',  ( 0.06975647374413238011, 0.9975640502598237536, -0.000000000000000000 ) ) ;
#2248 = DIRECTION ( 'NONE',  ( -1.000000000000000000, -0.000000000000000000, 0.000000000000000000 ) ) ;
#2249 = DIRECTION ( 'NONE',  ( 0.000000000000000000, 0.000000000000000000, 1.000000000000000000 ) ) ;
#2250 = AXIS2_PLACEMENT_3D ( 'NONE', #20, #2248, #2647 ) ;
#2251 = ORIENTED_EDGE ( 'NONE', *, *, #175, .T. ) ;
#2252 = EDGE_CURVE ( 'NONE', #1247, #1674, #939, .T. ) ;
#2253 = LINE ( 'NONE', #1559, #1633 ) ;
#2254 = ADVANCED_FACE ( 'NONE', ( #259 ), #1333, .F. ) ;
#2255 = FILL_AREA_STYLE_COLOUR ( '', #2089 ) ;
#2256 = PRESENTATION_LAYER_ASSIGNMENT (  '', '', ( #1923 ) ) ;
#2257 = CARTESIAN_POINT ( 'NONE',  ( 1.445000000000000062, 1.194999999999991402, 2.047310653434223582 ) ) ;
#2258 = ORIENTED_EDGE ( 'NONE', *, *, #2164, .T. ) ;
#2259 = DIRECTION ( 'NONE',  ( 0.000000000000000000, 0.06975647374411907131, -0.9975640502598247528 ) ) ;
#2260 = SURFACE_STYLE_FILL_AREA ( #1387 ) ;
#2261 = ORIENTED_EDGE ( 'NONE', *, *, #1932, .F. ) ;
#2262 = DIRECTION ( 'NONE',  ( -1.000000000000000000, -0.000000000000000000, -0.000000000000000000 ) ) ;
#2263 = CIRCLE ( 'NONE', #1663, 0.2422819131103798596 ) ;
#2264 = CARTESIAN_POINT ( 'NONE',  ( 2.584999999999999520, 0.8384935310011981668, 4.166956650574681120 ) ) ;
#2265 = VECTOR ( 'NONE', #604, 1000.000000000000227 ) ;
#2266 = FACE_OUTER_BOUND ( 'NONE', #85, .T. ) ;
#2267 = VECTOR ( 'NONE', #2749, 1000.000000000000000 ) ;
#2268 = EDGE_CURVE ( 'NONE', #2333, #185, #1378, .T. ) ;
#2269 = DIRECTION ( 'NONE',  ( -1.000000000000000000, -0.000000000000000000, -0.000000000000000000 ) ) ;
#2270 = ORIENTED_EDGE ( 'NONE', *, *, #380, .T. ) ;
#2271 = ORIENTED_EDGE ( 'NONE', *, *, #1842, .F. ) ;
#2272 = EDGE_LOOP ( 'NONE', ( #1251, #1425, #904, #2190 ) ) ;
#2273 = LINE ( 'NONE', #1187, #1491 ) ;
#2274 = VECTOR ( 'NONE', #1327, 1000.000000000000227 ) ;
#2275 = ADVANCED_FACE ( 'NONE', ( #1139 ), #2207, .F. ) ;
#2276 = VECTOR ( 'NONE', #449, 999.9999999999998863 ) ;
#2277 = VERTEX_POINT ( 'NONE', #1557 ) ;
#2278 = DIRECTION ( 'NONE',  ( 0.000000000000000000, 0.000000000000000000, -1.000000000000000000 ) ) ;
#2279 = DIRECTION ( 'NONE',  ( 1.000000000000000000, 0.000000000000000000, 0.000000000000000000 ) ) ;
#2280 = ORIENTED_EDGE ( 'NONE', *, *, #271, .T. ) ;
#2281 = CARTESIAN_POINT ( 'NONE',  ( -0.8349999999999999645, 0.9527180868896116817, 2.988728652589659696 ) ) ;
#2282 = CARTESIAN_POINT ( 'NONE',  ( 2.584999999999999520, 1.729999999999991545, 2.122499999999999609 ) ) ;
#2283 = LINE ( 'NONE', #717, #2542 ) ;
#2284 = CARTESIAN_POINT ( 'NONE',  ( 3.290909514447343032, 0.000000000000000000, 1.879364355964874056 ) ) ;
#2285 = ORIENTED_EDGE ( 'NONE', *, *, #1506, .T. ) ;
#2286 = DIRECTION ( 'NONE',  ( -1.000000000000000000, -0.000000000000000000, -0.000000000000000000 ) ) ;
#2287 = DIRECTION ( 'NONE',  ( 1.000000000000000000, 0.000000000000000000, 0.000000000000000000 ) ) ;
#2288 = EDGE_CURVE ( 'NONE', #610, #2639, #912, .T. ) ;
#2289 = EDGE_LOOP ( 'NONE', ( #2527, #13, #2757, #827 ) ) ;
#2290 = VERTEX_POINT ( 'NONE', #2648 ) ;
#2291 = FACE_OUTER_BOUND ( 'NONE', #2501, .T. ) ;
#2292 = CARTESIAN_POINT ( 'NONE',  ( -1.444999999999999840, 0.8384935310011981668, 4.166956650574681120 ) ) ;
#2293 = AXIS2_PLACEMENT_3D ( 'NONE', #2195, #258, #898 ) ;
#2294 = MECHANICAL_DESIGN_GEOMETRIC_PRESENTATION_REPRESENTATION (  '', ( #1923 ), #556 ) ;
#2295 =( NAMED_UNIT ( * ) PLANE_ANGLE_UNIT ( ) SI_UNIT ( $, .RADIAN. ) );
#2296 = ADVANCED_FACE ( 'NONE', ( #1179 ), #2445, .T. ) ;
#2297 = PLANE ( 'NONE',  #2441 ) ;
#2298 = LINE ( 'NONE', #336, #536 ) ;
#2299 = CARTESIAN_POINT ( 'NONE',  ( -0.8349999999999999645, 0.5100000000000000089, 3.462500000000000799 ) ) ;
#2300 = EDGE_CURVE ( 'NONE', #653, #22, #888, .T. ) ;
#2301 = ORIENTED_EDGE ( 'NONE', *, *, #1531, .T. ) ;
#2302 = FACE_OUTER_BOUND ( 'NONE', #1519, .T. ) ;
#2303 = DIRECTION ( 'NONE',  ( 0.000000000000000000, -2.503270168319173594E-16, 1.000000000000000000 ) ) ;
#2304 = ORIENTED_EDGE ( 'NONE', *, *, #2634, .T. ) ;
#2305 = ORIENTED_EDGE ( 'NONE', *, *, #2152, .T. ) ;
#2306 = CARTESIAN_POINT ( 'NONE',  ( 1.445000000000000062, 0.8384935310011981668, 4.166956650574681120 ) ) ;
#2307 = CARTESIAN_POINT ( 'NONE',  ( 1.445000000000000062, 1.055110847859532575, 3.208310637099733409 ) ) ;
#2308 = AXIS2_PLACEMENT_3D ( 'NONE', #1161, #2032, #2615 ) ;
#2309 = VECTOR ( 'NONE', #2303, 1000.000000000000000 ) ;
#2310 =( LENGTH_UNIT ( ) NAMED_UNIT ( * ) SI_UNIT ( .MILLI., .METRE. ) );
#2311 = ORIENTED_EDGE ( 'NONE', *, *, #1765, .T. ) ;
#2312 = MECHANICAL_DESIGN_GEOMETRIC_PRESENTATION_REPRESENTATION (  '', ( #1441 ), #977 ) ;
#2313 = AXIS2_PLACEMENT_3D ( 'NONE', #2344, #1500, #1291 ) ;
#2314 = ORIENTED_EDGE ( 'NONE', *, *, #2101, .T. ) ;
#2315 = EDGE_CURVE ( 'NONE', #1032, #138, #1833, .T. ) ;
#2316 = DIRECTION ( 'NONE',  ( 1.000000000000000000, 0.000000000000000000, 0.000000000000000000 ) ) ;
#2317 =( LENGTH_UNIT ( ) NAMED_UNIT ( * ) SI_UNIT ( .MILLI., .METRE. ) );
#2318 = VECTOR ( 'NONE', #852, 1000.000000000000000 ) ;
#2319 = VERTEX_POINT ( 'NONE', #926 ) ;
#2320 = VECTOR ( 'NONE', #2259, 999.9999999999998863 ) ;
#2321 = CARTESIAN_POINT ( 'NONE',  ( 2.412500000000000089, 0.5349999999999999201, -3.972500000000000142 ) ) ;
#2322 = DIRECTION ( 'NONE',  ( 0.000000000000000000, 0.000000000000000000, -1.000000000000000000 ) ) ;
#2323 = ORIENTED_EDGE ( 'NONE', *, *, #1728, .T. ) ;
#2324 = CARTESIAN_POINT ( 'NONE',  ( -2.412500000000000089, 0.000000000000000000, -3.972500000000000142 ) ) ;
#2325 = PLANE ( 'NONE',  #1024 ) ;
#2326 = DIRECTION ( 'NONE',  ( 0.000000000000000000, 2.503270168319173594E-16, -1.000000000000000000 ) ) ;
#2327 = EDGE_CURVE ( 'NONE', #2673, #1234, #1595, .T. ) ;
#2328 = EDGE_LOOP ( 'NONE', ( #1564, #1113, #2034, #2134, #1098, #2106, #2423, #1207, #2200, #1245, #1817, #1360 ) ) ;
#2329 = CARTESIAN_POINT ( 'NONE',  ( -0.3049999999999999933, 1.729999999999991545, 2.122499999999999609 ) ) ;
#2330 = ORIENTED_EDGE ( 'NONE', *, *, #629, .F. ) ;
#2331 = LINE ( 'NONE', #2368, #189 ) ;
#2332 = LINE ( 'NONE', #1459, #2309 ) ;
#2333 = VERTEX_POINT ( 'NONE', #1363 ) ;
#2334 = LINE ( 'NONE', #892, #488 ) ;
#2335 = LINE ( 'NONE', #559, #1836 ) ;
#2336 = LINE ( 'NONE', #156, #390 ) ;
#2337 = EDGE_CURVE ( 'NONE', #2122, #2385, #2054, .T. ) ;
#2338 = ADVANCED_FACE ( 'NONE', ( #243 ), #2662, .F. ) ;
#2339 = CARTESIAN_POINT ( 'NONE',  ( 1.445000000000000062, 1.281211617890809729, 3.693185303164340905 ) ) ;
#2340 = VERTEX_POINT ( 'NONE', #2463 ) ;
#2341 = AXIS2_PLACEMENT_3D ( 'NONE', #696, #1594, #2472 ) ;
#2342 = VERTEX_POINT ( 'NONE', #697 ) ;
#2343 = FACE_OUTER_BOUND ( 'NONE', #659, .T. ) ;
#2344 = CARTESIAN_POINT ( 'NONE',  ( -2.445000000000000284, 7.408208857586099150, -5.052500000000000213 ) ) ;
#2345 = ORIENTED_EDGE ( 'NONE', *, *, #481, .F. ) ;
#2346 = FILL_AREA_STYLE ('',( #640 ) ) ;
#2347 = DIRECTION ( 'NONE',  ( -1.000000000000000000, 0.000000000000000000, 0.000000000000000000 ) ) ;
#2348 = FACE_OUTER_BOUND ( 'NONE', #1512, .T. ) ;
#2349 = DIRECTION ( 'NONE',  ( 0.000000000000000000, -1.000000000000000000, -2.503270168319173594E-16 ) ) ;
#2350 = EDGE_CURVE ( 'NONE', #265, #1011, #88, .T. ) ;
#2351 = VECTOR ( 'NONE', #1851, 1000.000000000000000 ) ;
#2352 = VERTEX_POINT ( 'NONE', #710 ) ;
#2353 = AXIS2_PLACEMENT_3D ( 'NONE', #307, #2057, #1142 ) ;
#2354 = AXIS2_PLACEMENT_3D ( 'NONE', #2037, #2322, #1022 ) ;
#2355 = VERTEX_POINT ( 'NONE', #490 ) ;
#2356 = EDGE_LOOP ( 'NONE', ( #149, #2743, #207, #2145 ) ) ;
#2357 =( LENGTH_UNIT ( ) NAMED_UNIT ( * ) SI_UNIT ( .MILLI., .METRE. ) );
#2358 =( NAMED_UNIT ( * ) PLANE_ANGLE_UNIT ( ) SI_UNIT ( $, .RADIAN. ) );
#2359 = EDGE_CURVE ( 'NONE', #22, #1342, #35, .T. ) ;
#2360 = ORIENTED_EDGE ( 'NONE', *, *, #2152, .F. ) ;
#2361 = DIRECTION ( 'NONE',  ( 0.000000000000000000, 0.000000000000000000, 1.000000000000000000 ) ) ;
#2362 = VECTOR ( 'NONE', #1917, 1000.000000000000000 ) ;
#2363 =( GEOMETRIC_REPRESENTATION_CONTEXT ( 3 ) GLOBAL_UNCERTAINTY_ASSIGNED_CONTEXT ( ( #281 ) ) GLOBAL_UNIT_ASSIGNED_CONTEXT ( ( #2056, #2224, #90 ) ) REPRESENTATION_CONTEXT ( 'NONE', 'WORKASPACE' ) );
#2364 = CARTESIAN_POINT ( 'NONE',  ( 1.445000000000000062, 1.194999999999991624, 2.988728652589659696 ) ) ;
#2365 = DIRECTION ( 'NONE',  ( 0.000000000000000000, 0.06975647374411893253, -0.9975640502598246417 ) ) ;
#2366 = ORIENTED_EDGE ( 'NONE', *, *, #1565, .T. ) ;
#2367 = VERTEX_POINT ( 'NONE', #503 ) ;
#2368 = CARTESIAN_POINT ( 'NONE',  ( -2.412499999999999645, 7.943208857586099292, -0.2225000000000004752 ) ) ;
#2369 = SURFACE_STYLE_FILL_AREA ( #850 ) ;
#2370 = ORIENTED_EDGE ( 'NONE', *, *, #1377, .F. ) ;
#2371 = EDGE_CURVE ( 'NONE', #2066, #1247, #1172, .T. ) ;
#2372 = ADVANCED_FACE ( 'NONE', ( #2677 ), #1165, .F. ) ;
#2373 = CARTESIAN_POINT ( 'NONE',  ( -2.412499999999999645, 7.943208857586099292, -0.2225000000000004752 ) ) ;
#2374 = LINE ( 'NONE', #10, #660 ) ;
#2375 = VERTEX_POINT ( 'NONE', #128 ) ;
#2376 = CARTESIAN_POINT ( 'NONE',  ( -2.584999999999999964, 0.7361007700312771629, 3.947374666064606963 ) ) ;
#2377 = CARTESIAN_POINT ( 'NONE',  ( 1.445000000000000062, 0.5336967668890062466, 5.052500000000000213 ) ) ;
#2378 = ORIENTED_EDGE ( 'NONE', *, *, #1870, .T. ) ;
#2379 =( NAMED_UNIT ( * ) PLANE_ANGLE_UNIT ( ) SI_UNIT ( $, .RADIAN. ) );
#2380 = STYLED_ITEM ( 'NONE', ( #446 ), #1088 ) ;
#2381 = ORIENTED_EDGE ( 'NONE', *, *, #1842, .T. ) ;
#2382 = CARTESIAN_POINT ( 'NONE',  ( -1.975000000000000089, 0.000000000000000000, 5.015180286546897293 ) ) ;
#2383 = CARTESIAN_POINT ( 'NONE',  ( -2.584999999999999964, 0.5968018044541084643, 4.150055918664121712 ) ) ;
#2384 = EDGE_CURVE ( 'NONE', #2409, #459, #1861, .T. ) ;
#2385 = VERTEX_POINT ( 'NONE', #1673 ) ;
#2386 = DIRECTION ( 'NONE',  ( -1.000000000000000000, 0.000000000000000000, -0.000000000000000000 ) ) ;
#2387 = CARTESIAN_POINT ( 'NONE',  ( 1.445000000000000062, 0.5100000000000000089, 3.462500000000000799 ) ) ;
#2388 = CARTESIAN_POINT ( 'NONE',  ( 2.412500000000000089, 0.000000000000000000, -3.972500000000000142 ) ) ;
#2389 = LINE ( 'NONE', #2407, #526 ) ;
#2390 = ORIENTED_EDGE ( 'NONE', *, *, #2515, .T. ) ;
#2391 = UNCERTAINTY_MEASURE_WITH_UNIT (LENGTH_MEASURE( 1.000000000000000082E-05 ), #537, 'distance_accuracy_value', 'NONE');
#2392 = DIRECTION ( 'NONE',  ( 0.000000000000000000, 0.9902680687415710281, 0.1391731009600597757 ) ) ;
#2393 = PRESENTATION_LAYER_ASSIGNMENT (  '', '', ( #782 ) ) ;
#2394 = ORIENTED_EDGE ( 'NONE', *, *, #418, .T. ) ;
#2395 = EDGE_CURVE ( 'NONE', #639, #1354, #762, .T. ) ;
#2396 = VERTEX_POINT ( 'NONE', #152 ) ;
#2397 = VECTOR ( 'NONE', #1986, 1000.000000000000000 ) ;
#2398 = DIRECTION ( 'NONE',  ( 0.000000000000000000, 0.9902680687415710281, 0.1391731009600597757 ) ) ;
#2399 = VECTOR ( 'NONE', #952, 1000.000000000000000 ) ;
#2400 = LINE ( 'NONE', #1591, #886 ) ;
#2401 = STYLED_ITEM ( 'NONE', ( #2600 ), #2608 ) ;
#2402 = VERTEX_POINT ( 'NONE', #736 ) ;
#2403 = DIRECTION ( 'NONE',  ( 0.000000000000000000, 0.9975640502598247528, 0.06975647374411793333 ) ) ;
#2404 = CIRCLE ( 'NONE', #1857, 0.7772819131103801960 ) ;
#2405 = COLOUR_RGB ( '',0.2509803921568627416, 0.2509803921568627416, 0.2509803921568627416 ) ;
#2406 = CARTESIAN_POINT ( 'NONE',  ( 1.445000000000000062, 0.9527180868896116817, 2.988728652589659696 ) ) ;
#2407 = CARTESIAN_POINT ( 'NONE',  ( 1.445000000000000062, 0.5968018044541084643, 4.150055918664121712 ) ) ;
#2408 =( GEOMETRIC_REPRESENTATION_CONTEXT ( 3 ) GLOBAL_UNCERTAINTY_ASSIGNED_CONTEXT ( ( #2707 ) ) GLOBAL_UNIT_ASSIGNED_CONTEXT ( ( #1547, #2025, #683 ) ) REPRESENTATION_CONTEXT ( 'NONE', 'WORKASPACE' ) );
#2409 = VERTEX_POINT ( 'NONE', #2701 ) ;
#2410 = PLANE ( 'NONE',  #210 ) ;
#2411 = EDGE_CURVE ( 'NONE', #2396, #381, #995, .T. ) ;
#2412 = ORIENTED_EDGE ( 'NONE', *, *, #1201, .T. ) ;
#2413 = ORIENTED_EDGE ( 'NONE', *, *, #448, .F. ) ;
#2414 = CARTESIAN_POINT ( 'NONE',  ( 2.584999999999999520, 0.5100000000000000089, 3.462500000000000799 ) ) ;
#2415 = DIRECTION ( 'NONE',  ( 0.000000000000000000, 0.000000000000000000, 1.000000000000000000 ) ) ;
#2416 = FACE_OUTER_BOUND ( 'NONE', #2199, .T. ) ;
#2417 = ORIENTED_EDGE ( 'NONE', *, *, #1953, .F. ) ;
#2418 = DIRECTION ( 'NONE',  ( -1.000000000000000000, -0.000000000000000000, -0.000000000000000000 ) ) ;
#2419 = CARTESIAN_POINT ( 'NONE',  ( 1.445000000000000062, 1.194999999999991624, 2.988728652589659696 ) ) ;
#2420 = SURFACE_STYLE_USAGE ( .BOTH. , #1607 ) ;
#2421 =( NAMED_UNIT ( * ) SI_UNIT ( $, .STERADIAN. ) SOLID_ANGLE_UNIT ( ) );
#2422 = EDGE_CURVE ( 'NONE', #425, #1647, #2332, .T. ) ;
#2423 = ORIENTED_EDGE ( 'NONE', *, *, #1608, .F. ) ;
#2424 = UNCERTAINTY_MEASURE_WITH_UNIT (LENGTH_MEASURE( 1.000000000000000082E-05 ), #1244, 'distance_accuracy_value', 'NONE');
#2425 = ORIENTED_EDGE ( 'NONE', *, *, #756, .T. ) ;
#2426 = LINE ( 'NONE', #251, #2681 ) ;
#2427 = FACE_OUTER_BOUND ( 'NONE', #2143, .T. ) ;
#2428 = SURFACE_STYLE_USAGE ( .BOTH. , #1774 ) ;
#2429 = ORIENTED_EDGE ( 'NONE', *, *, #1765, .F. ) ;
#2430 = VECTOR ( 'NONE', #2220, 1000.000000000000000 ) ;
#2431 = LINE ( 'NONE', #471, #2430 ) ;
#2432 = CARTESIAN_POINT ( 'NONE',  ( 0.8350000000000000755, 1.729999999999991545, 2.122499999999999609 ) ) ;
#2433 = FILL_AREA_STYLE_COLOUR ( '', #402 ) ;
#2434 = DIRECTION ( 'NONE',  ( 0.000000000000000000, 0.000000000000000000, 1.000000000000000000 ) ) ;
#2435 = ORIENTED_EDGE ( 'NONE', *, *, #52, .F. ) ;
#2436 = LINE ( 'NONE', #282, #309 ) ;
#2437 = EDGE_LOOP ( 'NONE', ( #422, #1137, #69, #241 ) ) ;
#2438 = DIRECTION ( 'NONE',  ( 0.000000000000000000, -2.503270168319173594E-16, 1.000000000000000000 ) ) ;
#2439 = FACE_OUTER_BOUND ( 'NONE', #1983, .T. ) ;
#2440 =( GEOMETRIC_REPRESENTATION_CONTEXT ( 3 ) GLOBAL_UNCERTAINTY_ASSIGNED_CONTEXT ( ( #2478 ) ) GLOBAL_UNIT_ASSIGNED_CONTEXT ( ( #2317, #540, #1004 ) ) REPRESENTATION_CONTEXT ( 'NONE', 'WORKASPACE' ) );
#2441 = AXIS2_PLACEMENT_3D ( 'NONE', #1212, #1918, #2365 ) ;
#2442 = ORIENTED_EDGE ( 'NONE', *, *, #1805, .T. ) ;
#2443 = VECTOR ( 'NONE', #1926, 1000.000000000000000 ) ;
#2444 = LINE ( 'NONE', #2633, #2516 ) ;
#2445 = CYLINDRICAL_SURFACE ( 'NONE', #1309, 0.7772819131103801960 ) ;
#2446 = EDGE_CURVE ( 'NONE', #129, #542, #2098, .T. ) ;
#2447 = AXIS2_PLACEMENT_3D ( 'NONE', #2470, #909, #1358 ) ;
#2448 = CARTESIAN_POINT ( 'NONE',  ( 1.445000000000000062, 1.729999999999991545, 2.122499999999999609 ) ) ;
#2449 =( NAMED_UNIT ( * ) PLANE_ANGLE_UNIT ( ) SI_UNIT ( $, .RADIAN. ) );
#2450 = VECTOR ( 'NONE', #2785, 1000.000000000000000 ) ;
#2451 = ORIENTED_EDGE ( 'NONE', *, *, #1728, .F. ) ;
#2452 = VECTOR ( 'NONE', #905, 1000.000000000000000 ) ;
#2453 = FILL_AREA_STYLE_COLOUR ( '', #1862 ) ;
#2454 = AXIS2_PLACEMENT_3D ( 'NONE', #1366, #700, #2679 ) ;
#2455 = ORIENTED_EDGE ( 'NONE', *, *, #2502, .T. ) ;
#2456 = DIRECTION ( 'NONE',  ( 0.000000000000000000, 1.000000000000000000, 0.000000000000000000 ) ) ;
#2457 = FILL_AREA_STYLE_COLOUR ( '', #1438 ) ;
#2458 = CARTESIAN_POINT ( 'NONE',  ( 0.000000000000000000, 0.000000000000000000, 0.000000000000000000 ) ) ;
#2459 = EDGE_CURVE ( 'NONE', #2168, #1704, #1807, .T. ) ;
#2460 = ORIENTED_EDGE ( 'NONE', *, *, #1446, .T. ) ;
#2461 = EDGE_CURVE ( 'NONE', #2243, #1189, #1642, .T. ) ;
#2462 = CARTESIAN_POINT ( 'NONE',  ( 2.445000000000000284, 0.5349999999999999201, -5.052500000000000213 ) ) ;
#2463 = CARTESIAN_POINT ( 'NONE',  ( -1.444999999999999840, 1.194999999999991402, 2.047310653434223582 ) ) ;
#2464 = EDGE_LOOP ( 'NONE', ( #621, #1401, #1966, #1267 ) ) ;
#2465 = DIRECTION ( 'NONE',  ( 0.000000000000000000, -0.1391731009600591096, -0.9902680687415712502 ) ) ;
#2466 = PLANE ( 'NONE',  #1350 ) ;
#2467 = DIRECTION ( 'NONE',  ( 0.000000000000000000, -0.9902680687415710281, -0.1391731009600597480 ) ) ;
#2468 = ORIENTED_EDGE ( 'NONE', *, *, #1506, .F. ) ;
#2469 = PLANE ( 'NONE',  #351 ) ;
#2470 = CARTESIAN_POINT ( 'NONE',  ( 1.445000000000000062, 0.5968018044541084643, 4.150055918664121712 ) ) ;
#2471 = ORIENTED_EDGE ( 'NONE', *, *, #652, .T. ) ;
#2472 = DIRECTION ( 'NONE',  ( 0.000000000000000000, -0.000000000000000000, 1.000000000000000000 ) ) ;
#2473 = EDGE_CURVE ( 'NONE', #1234, #2177, #1615, .T. ) ;
#2474 = DIRECTION ( 'NONE',  ( -1.000000000000000000, -0.000000000000000000, -0.000000000000000000 ) ) ;
#2475 = VECTOR ( 'NONE', #1193, 999.9999999999998863 ) ;
#2476 = ORIENTED_EDGE ( 'NONE', *, *, #1018, .T. ) ;
#2477 = PRESENTATION_STYLE_ASSIGNMENT (( #2420 ) ) ;
#2478 = UNCERTAINTY_MEASURE_WITH_UNIT (LENGTH_MEASURE( 1.000000000000000082E-05 ), #2317, 'distance_accuracy_value', 'NONE');
#2479 = DIRECTION ( 'NONE',  ( -0.000000000000000000, -1.000000000000000000, -0.000000000000000000 ) ) ;
#2480 = EDGE_CURVE ( 'NONE', #572, #1959, #570, .T. ) ;
#2481 = EDGE_LOOP ( 'NONE', ( #2304, #192, #1596, #1812 ) ) ;
#2482 = LINE ( 'NONE', #934, #1947 ) ;
#2483 = ORIENTED_EDGE ( 'NONE', *, *, #859, .T. ) ;
#2484 = CARTESIAN_POINT ( 'NONE',  ( 0.3049999999999999933, 1.729999999999991545, 2.122499999999999609 ) ) ;
#2485 = VECTOR ( 'NONE', #960, 1000.000000000000114 ) ;
#2486 = DIRECTION ( 'NONE',  ( -1.000000000000000000, -0.000000000000000000, -0.000000000000000000 ) ) ;
#2487 = VECTOR ( 'NONE', #1046, 1000.000000000000000 ) ;
#2488 = PLANE ( 'NONE',  #1335 ) ;
#2489 = CIRCLE ( 'NONE', #2674, 0.7772819131103801960 ) ;
#2490 = CLOSED_SHELL ( 'NONE', ( #431, #1256, #1044, #1881, #1068, #2687, #1740, #1479, #2667, #2094, #816, #1061, #434, #2742 ) ) ;
#2491 = DIRECTION ( 'NONE',  ( 0.000000000000000000, -0.1391731009600597757, 0.9902680687415711391 ) ) ;
#2492 = PRESENTATION_LAYER_ASSIGNMENT (  '', '', ( #36 ) ) ;
#2493 = EDGE_CURVE ( 'NONE', #1277, #2562, #1250, .T. ) ;
#2494 =( NAMED_UNIT ( * ) SI_UNIT ( $, .STERADIAN. ) SOLID_ANGLE_UNIT ( ) );
#2495 = AXIS2_PLACEMENT_3D ( 'NONE', #1517, #2574, #855 ) ;
#2496 = CARTESIAN_POINT ( 'NONE',  ( -1.975000000000000089, 0.06310503756510232876, 4.112736205211018792 ) ) ;
#2497 = PRESENTATION_LAYER_ASSIGNMENT (  '', '', ( #2728 ) ) ;
#2498 = ORIENTED_EDGE ( 'NONE', *, *, #2593, .T. ) ;
#2499 = FACE_OUTER_BOUND ( 'NONE', #1328, .T. ) ;
#2500 = CARTESIAN_POINT ( 'NONE',  ( 2.584999999999999520, 0.9527180868896116817, 2.988728652589659696 ) ) ;
#2501 = EDGE_LOOP ( 'NONE', ( #2412, #360, #1316, #906 ) ) ;
#2502 = EDGE_CURVE ( 'NONE', #1919, #2340, #2544, .T. ) ;
#2503 = DIRECTION ( 'NONE',  ( -1.000000000000000000, -0.000000000000000000, -0.000000000000000000 ) ) ;
#2504 = CARTESIAN_POINT ( 'NONE',  ( 0.8350000000000000755, 1.281211617890809285, 3.693185303164340461 ) ) ;
#2505 = LINE ( 'NONE', #1255, #2763 ) ;
#2506 = ADVANCED_FACE ( 'NONE', ( #1630 ), #341, .F. ) ;
#2507 = ADVANCED_FACE ( 'NONE', ( #1191 ), #2511, .T. ) ;
#2508 = CARTESIAN_POINT ( 'NONE',  ( 2.412499999999999645, 0.000000000000000000, -0.2225000000000004752 ) ) ;
#2509 = EDGE_LOOP ( 'NONE', ( #1083, #587, #797, #2455 ) ) ;
#2510 = FACE_OUTER_BOUND ( 'NONE', #2464, .T. ) ;
#2511 = PLANE ( 'NONE',  #1349 ) ;
#2512 = ORIENTED_EDGE ( 'NONE', *, *, #455, .T. ) ;
#2513 = DIRECTION ( 'NONE',  ( -1.000000000000000000, -0.000000000000000000, 0.000000000000000000 ) ) ;
#2514 = DIRECTION ( 'NONE',  ( -1.000000000000000000, -0.000000000000000000, -0.000000000000000000 ) ) ;
#2515 = EDGE_CURVE ( 'NONE', #2355, #580, #544, .T. ) ;
#2516 = VECTOR ( 'NONE', #1152, 1000.000000000000000 ) ;
#2517 = AXIS2_PLACEMENT_3D ( 'NONE', #1426, #327, #2278 ) ;
#2518 = DIRECTION ( 'NONE',  ( 0.06958737431667176565, -0.9951458157835084695, -0.06958737431665759643 ) ) ;
#2519 = SURFACE_SIDE_STYLE ('',( #991 ) ) ;
#2520 = ORIENTED_EDGE ( 'NONE', *, *, #2045, .T. ) ;
#2521 = ORIENTED_EDGE ( 'NONE', *, *, #220, .T. ) ;
#2522 = FACE_OUTER_BOUND ( 'NONE', #2155, .T. ) ;
#2523 = CARTESIAN_POINT ( 'NONE',  ( 3.123784433902335511, 2.390000000000000124, -3.972500000000000142 ) ) ;
#2524 = VERTEX_POINT ( 'NONE', #2065 ) ;
#2525 = DIRECTION ( 'NONE',  ( -0.000000000000000000, 0.9975640502598247528, 0.06975647374411907131 ) ) ;
#2526 = DIRECTION ( 'NONE',  ( -1.000000000000000000, -0.000000000000000000, -0.000000000000000000 ) ) ;
#2527 = ORIENTED_EDGE ( 'NONE', *, *, #1196, .T. ) ;
#2528 = ORIENTED_EDGE ( 'NONE', *, *, #2115, .T. ) ;
#2529 = AXIS2_PLACEMENT_3D ( 'NONE', #2540, #300, #974 ) ;
#2530 = ADVANCED_FACE ( 'NONE', ( #964 ), #110, .T. ) ;
#2531 = LINE ( 'NONE', #2324, #870 ) ;
#2532 = DIRECTION ( 'NONE',  ( 0.000000000000000000, -0.1391731009600597757, 0.9902680687415711391 ) ) ;
#2533 = PRESENTATION_LAYER_ASSIGNMENT (  '', '', ( #1988 ) ) ;
#2534 = VECTOR ( 'NONE', #2486, 1000.000000000000000 ) ;
#2535 = SURFACE_STYLE_FILL_AREA ( #1195 ) ;
#2536 = VECTOR ( 'NONE', #2238, 1000.000000000000000 ) ;
#2537 = AXIS2_PLACEMENT_3D ( 'NONE', #428, #1086, #166 ) ;
#2538 = ORIENTED_EDGE ( 'NONE', *, *, #1953, .T. ) ;
#2539 = CARTESIAN_POINT ( 'NONE',  ( -3.105176117881207176, 2.656111317017558093, -3.824177447823677412 ) ) ;
#2540 = CARTESIAN_POINT ( 'NONE',  ( -3.299999999999999822, 13.76382017852094108, -3.972500000000000142 ) ) ;
#2541 = ORIENTED_EDGE ( 'NONE', *, *, #2422, .F. ) ;
#2542 = VECTOR ( 'NONE', #66, 1000.000000000000000 ) ;
#2543 = CARTESIAN_POINT ( 'NONE',  ( 1.445000000000000062, 0.7361007700312771629, 3.947374666064606963 ) ) ;
#2544 = LINE ( 'NONE', #1009, #975 ) ;
#2545 = ADVANCED_FACE ( 'NONE', ( #1427 ), #328, .F. ) ;
#2546 = CIRCLE ( 'NONE', #1771, 0.7772819131103801960 ) ;
#2547 = EDGE_CURVE ( 'NONE', #875, #557, #2582, .T. ) ;
#2548 = ORIENTED_EDGE ( 'NONE', *, *, #825, .F. ) ;
#2549 = CARTESIAN_POINT ( 'NONE',  ( 2.584999999999999520, 0.5336967668890062466, 5.052500000000000213 ) ) ;
#2550 = LINE ( 'NONE', #954, #1007 ) ;
#2551 = DIRECTION ( 'NONE',  ( 0.000000000000000000, 0.000000000000000000, 1.000000000000000000 ) ) ;
#2552 = DIRECTION ( 'NONE',  ( 0.000000000000000000, -0.4226182617407023279, -0.9063077870366487154 ) ) ;
#2553 = VERTEX_POINT ( 'NONE', #401 ) ;
#2554 = CARTESIAN_POINT ( 'NONE',  ( 2.584999999999999520, 0.9527180868896116817, 2.988728652589659696 ) ) ;
#2555 = ORIENTED_EDGE ( 'NONE', *, *, #844, .F. ) ;
#2556 =( NAMED_UNIT ( * ) PLANE_ANGLE_UNIT ( ) SI_UNIT ( $, .RADIAN. ) );
#2557 = VERTEX_POINT ( 'NONE', #226 ) ;
#2558 = EDGE_CURVE ( 'NONE', #1189, #1354, #864, .T. ) ;
#2559 = FACE_OUTER_BOUND ( 'NONE', #2768, .T. ) ;
#2560 = CARTESIAN_POINT ( 'NONE',  ( 3.290909514447343032, 0.000000000000000000, -3.972500000000000142 ) ) ;
#2561 = LINE ( 'NONE', #1905, #2265 ) ;
#2562 = VERTEX_POINT ( 'NONE', #609 ) ;
#2563 = AXIS2_PLACEMENT_3D ( 'NONE', #1802, #59, #34 ) ;
#2564 = FACE_OUTER_BOUND ( 'NONE', #1858, .T. ) ;
#2565 = EDGE_CURVE ( 'NONE', #25, #733, #1727, .T. ) ;
#2566 = SURFACE_SIDE_STYLE ('',( #2795 ) ) ;
#2567 = ORIENTED_EDGE ( 'NONE', *, *, #1005, .F. ) ;
#2568 = FILL_AREA_STYLE ('',( #828 ) ) ;
#2569 = FACE_OUTER_BOUND ( 'NONE', #760, .T. ) ;
#2570 = VERTEX_POINT ( 'NONE', #2783 ) ;
#2571 = LINE ( 'NONE', #1041, #1447 ) ;
#2572 = LINE ( 'NONE', #1961, #375 ) ;
#2573 = DIRECTION ( 'NONE',  ( 1.156482317317871478E-16, -0.000000000000000000, -1.000000000000000000 ) ) ;
#2574 = DIRECTION ( 'NONE',  ( 0.000000000000000000, 0.000000000000000000, -1.000000000000000000 ) ) ;
#2575 = DIRECTION ( 'NONE',  ( 0.000000000000000000, 0.000000000000000000, 1.000000000000000000 ) ) ;
#2576 = SURFACE_STYLE_USAGE ( .BOTH. , #885 ) ;
#2577 = AXIS2_PLACEMENT_3D ( 'NONE', #2630, #971, #2415 ) ;
#2578 = ORIENTED_EDGE ( 'NONE', *, *, #2583, .T. ) ;
#2579 = EDGE_CURVE ( 'NONE', #1342, #2553, #180, .T. ) ;
#2580 = AXIS2_PLACEMENT_3D ( 'NONE', #2759, #1414, #785 ) ;
#2581 = LINE ( 'NONE', #451, #843 ) ;
#2582 = CIRCLE ( 'NONE', #1941, 0.2422819131103802759 ) ;
#2583 = EDGE_CURVE ( 'NONE', #1099, #1919, #813, .T. ) ;
#2584 = EDGE_CURVE ( 'NONE', #2038, #639, #413, .T. ) ;
#2585 = ORIENTED_EDGE ( 'NONE', *, *, #1651, .F. ) ;
#2586 = AXIS2_PLACEMENT_3D ( 'NONE', #1960, #611, #8 ) ;
#2587 = DIRECTION ( 'NONE',  ( 0.000000000000000000, -0.9902680687415712502, -0.1391731009600588043 ) ) ;
#2588 = AXIS2_PLACEMENT_3D ( 'NONE', #92, #2491, #2467 ) ;
#2589 = ORIENTED_EDGE ( 'NONE', *, *, #2350, .F. ) ;
#2590 = CARTESIAN_POINT ( 'NONE',  ( 2.445000000000000284, 7.408208857586099150, -5.052500000000000213 ) ) ;
#2591 = LINE ( 'NONE', #631, #1579 ) ;
#2592 = VECTOR ( 'NONE', #632, 1000.000000000000000 ) ;
#2593 = EDGE_CURVE ( 'NONE', #1304, #265, #829, .T. ) ;
#2594 = LINE ( 'NONE', #2818, #2592 ) ;
#2595 = EDGE_LOOP ( 'NONE', ( #1780, #1572, #1457, #2258 ) ) ;
#2596 = DIRECTION ( 'NONE',  ( 1.000000000000000000, -0.000000000000000000, -0.000000000000000000 ) ) ;
#2597 = EDGE_CURVE ( 'NONE', #409, #730, #617, .T. ) ;
#2598 = ORIENTED_EDGE ( 'NONE', *, *, #2300, .T. ) ;
#2599 = DIRECTION ( 'NONE',  ( -0.000000000000000000, 0.9975640502598247528, 0.06975647374411907131 ) ) ;
#2600 = PRESENTATION_STYLE_ASSIGNMENT (( #1958 ) ) ;
#2601 = EDGE_LOOP ( 'NONE', ( #2772, #978, #958, #249 ) ) ;
#2602 = FACE_OUTER_BOUND ( 'NONE', #1970, .T. ) ;
#2603 = LINE ( 'NONE', #1717, #1921 ) ;
#2604 = CARTESIAN_POINT ( 'NONE',  ( 0.3049999999999999933, 1.729999999999991322, 2.937500000000000000 ) ) ;
#2605 = CARTESIAN_POINT ( 'NONE',  ( -0.3049999999999999933, 0.9527180868896116817, 2.937500000000000000 ) ) ;
#2606 = CARTESIAN_POINT ( 'NONE',  ( 3.290909514447342143, 0.000000000000000000, 0.000000000000000000 ) ) ;
#2607 = EDGE_CURVE ( 'NONE', #729, #2570, #1524, .T. ) ;
#2608 = MANIFOLD_SOLID_BREP ( 'LPattern1[3]', #2490 ) ;
#2609 = CARTESIAN_POINT ( 'NONE',  ( 1.445000000000000062, 1.281211617890809285, 3.693185303164340461 ) ) ;
#2610 = DIRECTION ( 'NONE',  ( 1.000000000000000000, 0.000000000000000000, 0.000000000000000000 ) ) ;
#2611 = VERTEX_POINT ( 'NONE', #195 ) ;
#2612 = EDGE_CURVE ( 'NONE', #879, #2066, #628, .T. ) ;
#2613 = DIRECTION ( 'NONE',  ( 1.000000000000000000, 0.000000000000000000, 0.000000000000000000 ) ) ;
#2614 = AXIS2_PLACEMENT_3D ( 'NONE', #87, #2053, #2064 ) ;
#2615 = DIRECTION ( 'NONE',  ( 0.000000000000000000, 0.06975647374411893253, -0.9975640502598246417 ) ) ;
#2616 = CARTESIAN_POINT ( 'NONE',  ( -2.584999999999999964, 0.8384935310011981668, 4.166956650574681120 ) ) ;
#2617 = ORIENTED_EDGE ( 'NONE', *, *, #1338, .F. ) ;
#2618 = PRESENTATION_STYLE_ASSIGNMENT (( #9 ) ) ;
#2619 = CARTESIAN_POINT ( 'NONE',  ( 2.445000000000000284, 7.408208857586099150, -5.052500000000000213 ) ) ;
#2620 = ADVANCED_FACE ( 'NONE', ( #2569 ), #597, .F. ) ;
#2621 = CARTESIAN_POINT ( 'NONE',  ( 1.974999999999999867, 1.281211617890809285, 3.693185303164340461 ) ) ;
#2622 = DIRECTION ( 'NONE',  ( 0.000000000000000000, 0.9902680687415710281, 0.1391731009600597757 ) ) ;
#2623 = CARTESIAN_POINT ( 'NONE',  ( -2.412500000000000089, 0.5349999999999999201, -3.972500000000000142 ) ) ;
#2624 = COLOUR_RGB ( '',0.2509803921568627416, 0.2509803921568627416, 0.2509803921568627416 ) ;
#2625 = ORIENTED_EDGE ( 'NONE', *, *, #1192, .T. ) ;
#2626 = ORIENTED_EDGE ( 'NONE', *, *, #899, .F. ) ;
#2627 = AXIS2_PLACEMENT_3D ( 'NONE', #693, #650, #1357 ) ;
#2628 = DIRECTION ( 'NONE',  ( -1.156482317317871478E-16, 0.000000000000000000, 1.000000000000000000 ) ) ;
#2629 = VECTOR ( 'NONE', #1056, 1000.000000000000000 ) ;
#2630 = CARTESIAN_POINT ( 'NONE',  ( -0.8349999999999999645, 0.8384935310011981668, 4.166956650574681120 ) ) ;
#2631 = DIRECTION ( 'NONE',  ( -1.000000000000000000, -0.000000000000000000, -0.000000000000000000 ) ) ;
#2632 = ORIENTED_EDGE ( 'NONE', *, *, #2315, .F. ) ;
#2633 = CARTESIAN_POINT ( 'NONE',  ( -1.975000000000000089, 1.194999999999991402, 2.047310653434223582 ) ) ;
#2634 = EDGE_CURVE ( 'NONE', #557, #1906, #383, .T. ) ;
#2635 = DIRECTION ( 'NONE',  ( -0.000000000000000000, 0.9975640502598247528, 0.06975647374411907131 ) ) ;
#2636 = EDGE_CURVE ( 'NONE', #851, #1166, #979, .T. ) ;
#2637 = AXIS2_PLACEMENT_3D ( 'NONE', #1920, #1097, #873 ) ;
#2638 = VECTOR ( 'NONE', #1749, 1000.000000000000227 ) ;
#2639 = VERTEX_POINT ( 'NONE', #1135 ) ;
#2640 = DIRECTION ( 'NONE',  ( 0.000000000000000000, 0.9975640502598247528, 0.06975647374411793333 ) ) ;
#2641 = VERTEX_POINT ( 'NONE', #923 ) ;
#2642 = ORIENTED_EDGE ( 'NONE', *, *, #2815, .T. ) ;
#2643 = DIRECTION ( 'NONE',  ( 0.000000000000000000, 0.06975647374411907131, -0.9975640502598247528 ) ) ;
#2644 = CARTESIAN_POINT ( 'NONE',  ( -0.8349999999999999645, 1.729999999999991545, 2.122499999999999609 ) ) ;
#2645 = CARTESIAN_POINT ( 'NONE',  ( -1.444999999999999840, 0.5099999999999997868, 3.462500000000001243 ) ) ;
#2646 = ORIENTED_EDGE ( 'NONE', *, *, #740, .T. ) ;
#2647 = DIRECTION ( 'NONE',  ( 0.000000000000000000, 0.000000000000000000, 1.000000000000000000 ) ) ;
#2648 = CARTESIAN_POINT ( 'NONE',  ( 1.445000000000000062, 0.000000000000000000, 5.015180286546897293 ) ) ;
#2649 = LINE ( 'NONE', #504, #1497 ) ;
#2650 = CYLINDRICAL_SURFACE ( 'NONE', #1940, 0.2422819131103798596 ) ;
#2651 = ORIENTED_EDGE ( 'NONE', *, *, #1569, .T. ) ;
#2652 = FACE_OUTER_BOUND ( 'NONE', #748, .T. ) ;
#2653 = VERTEX_POINT ( 'NONE', #1972 ) ;
#2654 = ORIENTED_EDGE ( 'NONE', *, *, #652, .F. ) ;
#2655 = EDGE_CURVE ( 'NONE', #1037, #2243, #500, .T. ) ;
#2656 = CARTESIAN_POINT ( 'NONE',  ( 1.445000000000000062, 0.000000000000000000, 5.015180286546897293 ) ) ;
#2657 = CARTESIAN_POINT ( 'NONE',  ( -2.584999999999999964, 0.5336967668890062466, 5.052500000000000213 ) ) ;
#2658 = CARTESIAN_POINT ( 'NONE',  ( -1.975000000000000089, 0.5968018044541084643, 4.150055918664121712 ) ) ;
#2659 = VECTOR ( 'NONE', #1693, 1000.000000000000000 ) ;
#2660 = VERTEX_POINT ( 'NONE', #2645 ) ;
#2661 = LINE ( 'NONE', #1759, #732 ) ;
#2662 = CYLINDRICAL_SURFACE ( 'NONE', #252, 0.2422819131103802759 ) ;
#2663 = DIRECTION ( 'NONE',  ( 0.000000000000000000, 0.000000000000000000, -1.000000000000000000 ) ) ;
#2664 = EDGE_LOOP ( 'NONE', ( #702, #630, #1436, #2417 ) ) ;
#2665 = DIRECTION ( 'NONE',  ( -1.000000000000000000, -0.000000000000000000, 0.000000000000000000 ) ) ;
#2666 = EDGE_LOOP ( 'NONE', ( #1670, #1465, #865, #2270 ) ) ;
#2667 = ADVANCED_FACE ( 'NONE', ( #2439 ), #2008, .T. ) ;
#2668 = COLOUR_RGB ( '',0.7921568627450980005, 0.8196078431372548767, 0.9333333333333333481 ) ;
#2669 = DIRECTION ( 'NONE',  ( -1.000000000000000000, -0.000000000000000000, -0.000000000000000000 ) ) ;
#2670 = SURFACE_SIDE_STYLE ('',( #44 ) ) ;
#2671 = EDGE_CURVE ( 'NONE', #1099, #2653, #936, .T. ) ;
#2672 = PRESENTATION_LAYER_ASSIGNMENT (  '', '', ( #2130 ) ) ;
#2673 = VERTEX_POINT ( 'NONE', #2658 ) ;
#2674 = AXIS2_PLACEMENT_3D ( 'NONE', #132, #999, #1879 ) ;
#2675 = LINE ( 'NONE', #2462, #1700 ) ;
#2676 = VECTOR ( 'NONE', #1779, 999.9999999999998863 ) ;
#2677 = FACE_OUTER_BOUND ( 'NONE', #1896, .T. ) ;
#2678 = VECTOR ( 'NONE', #1787, 1000.000000000000000 ) ;
#2679 = DIRECTION ( 'NONE',  ( 0.000000000000000000, 0.000000000000000000, 1.000000000000000000 ) ) ;
#2680 = SURFACE_SIDE_STYLE ('',( #955 ) ) ;
#2681 = VECTOR ( 'NONE', #2810, 1000.000000000000000 ) ;
#2682 = PRESENTATION_LAYER_ASSIGNMENT (  '', '', ( #1898 ) ) ;
#2683 = CARTESIAN_POINT ( 'NONE',  ( 0.8350000000000000755, 0.5099999999999997868, 3.462500000000001243 ) ) ;
#2684 = VERTEX_POINT ( 'NONE', #254 ) ;
#2685 = STYLED_ITEM ( 'NONE', ( #120 ), #719 ) ;
#2686 = ORIENTED_EDGE ( 'NONE', *, *, #2802, .F. ) ;
#2687 = ADVANCED_FACE ( 'NONE', ( #2416 ), #1162, .F. ) ;
#2688 = DIRECTION ( 'NONE',  ( 0.000000000000000000, -0.9975640502598247528, -0.06975647374411791946 ) ) ;
#2689 = EDGE_CURVE ( 'NONE', #1449, #289, #18, .T. ) ;
#2690 = ORIENTED_EDGE ( 'NONE', *, *, #1795, .T. ) ;
#2691 = FACE_OUTER_BOUND ( 'NONE', #1610, .T. ) ;
#2692 = LINE ( 'NONE', #723, #815 ) ;
#2693 = DIRECTION ( 'NONE',  ( -1.000000000000000000, -0.000000000000000000, 0.000000000000000000 ) ) ;
#2694 = SURFACE_STYLE_FILL_AREA ( #1821 ) ;
#2695 = CARTESIAN_POINT ( 'NONE',  ( -2.584999999999999964, 0.5336967668890062466, 5.052500000000000213 ) ) ;
#2696 = CARTESIAN_POINT ( 'NONE',  ( -1.444999999999999840, 1.729999999999991545, 2.122499999999999609 ) ) ;
#2697 = VERTEX_POINT ( 'NONE', #1150 ) ;
#2698 = CARTESIAN_POINT ( 'NONE',  ( 2.584999999999999520, 1.194999999999991624, 2.988728652589659696 ) ) ;
#2699 = ORIENTED_EDGE ( 'NONE', *, *, #602, .F. ) ;
#2700 = DIRECTION ( 'NONE',  ( -1.000000000000000000, 0.000000000000000000, 0.000000000000000000 ) ) ;
#2701 = CARTESIAN_POINT ( 'NONE',  ( 3.169936129785058565, 1.729999999999991545, 2.122499999999999609 ) ) ;
#2702 = AXIS2_PLACEMENT_3D ( 'NONE', #2373, #1730, #2386 ) ;
#2703 = ORIENTED_EDGE ( 'NONE', *, *, #2789, .T. ) ;
#2704 = LINE ( 'NONE', #101, #421 ) ;
#2705 = CARTESIAN_POINT ( 'NONE',  ( 2.445000000000000284, 0.000000000000000000, -3.972500000000000142 ) ) ;
#2706 = EDGE_CURVE ( 'NONE', #983, #196, #1756, .T. ) ;
#2707 = UNCERTAINTY_MEASURE_WITH_UNIT (LENGTH_MEASURE( 1.000000000000000082E-05 ), #1547, 'distance_accuracy_value', 'NONE');
#2708 = CARTESIAN_POINT ( 'NONE',  ( 0.8350000000000000755, 0.5336967668890062466, 5.052500000000000213 ) ) ;
#2709 = ORIENTED_EDGE ( 'NONE', *, *, #1377, .T. ) ;
#2710 = FILL_AREA_STYLE_COLOUR ( '', #308 ) ;
#2711 = EDGE_CURVE ( 'NONE', #2290, #2641, #1341, .T. ) ;
#2712 = ORIENTED_EDGE ( 'NONE', *, *, #2167, .T. ) ;
#2713 = DIRECTION ( 'NONE',  ( 0.000000000000000000, -0.06975647374411894641, 0.9975640502598247528 ) ) ;
#2714 = CARTESIAN_POINT ( 'NONE',  ( 3.104316700752393299, 2.668401554552020993, 1.990616262237242085 ) ) ;
#2715 = VECTOR ( 'NONE', #1541, 1000.000000000000000 ) ;
#2716 = ORIENTED_EDGE ( 'NONE', *, *, #287, .T. ) ;
#2717 = AXIS2_PLACEMENT_3D ( 'NONE', #2208, #2166, #200 ) ;
#2718 = ADVANCED_FACE ( 'NONE', ( #694 ), #1592, .T. ) ;
#2719 = CARTESIAN_POINT ( 'NONE',  ( 0.8350000000000000755, 1.729999999999991545, 2.122499999999999609 ) ) ;
#2720 = ADVANCED_FACE ( 'NONE', ( #67 ), #718, .F. ) ;
#2721 = DIRECTION ( 'NONE',  ( 0.000000000000000000, 0.000000000000000000, -1.000000000000000000 ) ) ;
#2722 = VECTOR ( 'NONE', #1976, 1000.000000000000000 ) ;
#2723 = AXIS2_PLACEMENT_3D ( 'NONE', #950, #1830, #1243 ) ;
#2724 = LINE ( 'NONE', #753, #2140 ) ;
#2725 = DIRECTION ( 'NONE',  ( 0.000000000000000000, 0.000000000000000000, 1.000000000000000000 ) ) ;
#2726 = VECTOR ( 'NONE', #2018, 1000.000000000000000 ) ;
#2727 = CARTESIAN_POINT ( 'NONE',  ( -1.444999999999999840, 1.055110847859532575, 3.208310637099733409 ) ) ;
#2728 = STYLED_ITEM ( 'NONE', ( #1391 ), #920 ) ;
#2729 = DIRECTION ( 'NONE',  ( -1.000000000000000000, -0.000000000000000000, -0.000000000000000000 ) ) ;
#2730 = AXIS2_PLACEMENT_3D ( 'NONE', #1995, #38, #263 ) ;
#2731 = ORIENTED_EDGE ( 'NONE', *, *, #2636, .T. ) ;
#2732 = DIRECTION ( 'NONE',  ( 1.156482317317871478E-16, 0.000000000000000000, -1.000000000000000000 ) ) ;
#2733 = DIRECTION ( 'NONE',  ( -1.000000000000000000, -0.000000000000000000, -0.000000000000000000 ) ) ;
#2734 = ORIENTED_EDGE ( 'NONE', *, *, #1278, .F. ) ;
#2735 = ORIENTED_EDGE ( 'NONE', *, *, #698, .T. ) ;
#2736 = DIRECTION ( 'NONE',  ( 0.000000000000000000, 0.000000000000000000, 1.000000000000000000 ) ) ;
#2737 = PLANE ( 'NONE',  #1991 ) ;
#2738 = SURFACE_STYLE_FILL_AREA ( #322 ) ;
#2739 = CARTESIAN_POINT ( 'NONE',  ( 2.445000000000000284, 0.000000000000000000, -5.052500000000000213 ) ) ;
#2740 = VERTEX_POINT ( 'NONE', #2284 ) ;
#2741 = DIRECTION ( 'NONE',  ( 1.000000000000000000, -0.000000000000000000, -0.000000000000000000 ) ) ;
#2742 = ADVANCED_FACE ( 'NONE', ( #1652 ), #1612, .F. ) ;
#2743 = ORIENTED_EDGE ( 'NONE', *, *, #566, .F. ) ;
#2744 = FACE_OUTER_BOUND ( 'NONE', #1984, .T. ) ;
#2745 = CARTESIAN_POINT ( 'NONE',  ( 1.974999999999999867, 1.194999999999991402, 2.047310653434223582 ) ) ;
#2746 = ORIENTED_EDGE ( 'NONE', *, *, #2515, .F. ) ;
#2747 = ORIENTED_EDGE ( 'NONE', *, *, #2815, .F. ) ;
#2748 = DIRECTION ( 'NONE',  ( 1.000000000000000000, -0.000000000000000000, 0.000000000000000000 ) ) ;
#2749 = DIRECTION ( 'NONE',  ( -1.000000000000000000, -0.000000000000000000, -0.000000000000000000 ) ) ;
#2750 = MECHANICAL_DESIGN_GEOMETRIC_PRESENTATION_REPRESENTATION (  '', ( #1108 ), #688 ) ;
#2751 =( LENGTH_UNIT ( ) NAMED_UNIT ( * ) SI_UNIT ( .MILLI., .METRE. ) );
#2752 =( NAMED_UNIT ( * ) PLANE_ANGLE_UNIT ( ) SI_UNIT ( $, .RADIAN. ) );
#2753 = ORIENTED_EDGE ( 'NONE', *, *, #396, .T. ) ;
#2754 = EDGE_CURVE ( 'NONE', #2052, #830, #1827, .T. ) ;
#2755 = EDGE_CURVE ( 'NONE', #580, #1978, #2263, .T. ) ;
#2756 = CYLINDRICAL_SURFACE ( 'NONE', #2082, 0.2422819131103802759 ) ;
#2757 = ORIENTED_EDGE ( 'NONE', *, *, #2359, .F. ) ;
#2758 = LINE ( 'NONE', #1874, #2793 ) ;
#2759 = CARTESIAN_POINT ( 'NONE',  ( -0.8349999999999999645, 1.281211617890809729, 3.693185303164340905 ) ) ;
#2760 = EDGE_LOOP ( 'NONE', ( #1969, #393, #2062, #2703 ) ) ;
#2761 = LINE ( 'NONE', #791, #144 ) ;
#2762 = CARTESIAN_POINT ( 'NONE',  ( -1.975000000000000089, 0.8384935310011981668, 4.166956650574681120 ) ) ;
#2763 = VECTOR ( 'NONE', #1031, 1000.000000000000000 ) ;
#2764 = AXIS2_PLACEMENT_3D ( 'NONE', #1153, #1804, #72 ) ;
#2765 = FILL_AREA_STYLE_COLOUR ( '', #215 ) ;
#2766 = LINE ( 'NONE', #2339, #658 ) ;
#2767 = VECTOR ( 'NONE', #2135, 999.9999999999998863 ) ;
#2768 = EDGE_LOOP ( 'NONE', ( #2512, #1963, #50, #2625 ) ) ;
#2769 = PLANE ( 'NONE',  #1315 ) ;
#2770 = VECTOR ( 'NONE', #588, 1000.000000000000000 ) ;
#2771 = ADVANCED_FACE ( 'NONE', ( #731 ), #2756, .F. ) ;
#2772 = ORIENTED_EDGE ( 'NONE', *, *, #1287, .F. ) ;
#2773 = CARTESIAN_POINT ( 'NONE',  ( 1.445000000000000062, 0.5100000000000000089, 3.462500000000000799 ) ) ;
#2774 = PRESENTATION_LAYER_ASSIGNMENT (  '', '', ( #713 ) ) ;
#2775 = VERTEX_POINT ( 'NONE', #2508 ) ;
#2776 = CYLINDRICAL_SURFACE ( 'NONE', #1482, 0.7772819131103801960 ) ;
#2777 = ADVANCED_FACE ( 'NONE', ( #1439 ), #550, .F. ) ;
#2778 = SURFACE_STYLE_USAGE ( .BOTH. , #591 ) ;
#2779 = ORIENTED_EDGE ( 'NONE', *, *, #1977, .F. ) ;
#2780 = CARTESIAN_POINT ( 'NONE',  ( 1.445000000000000062, 1.194999999999991402, 2.047310653434223582 ) ) ;
#2781 = ORIENTED_EDGE ( 'NONE', *, *, #234, .T. ) ;
#2782 = PRESENTATION_STYLE_ASSIGNMENT (( #382 ) ) ;
#2783 = CARTESIAN_POINT ( 'NONE',  ( -2.445000000000000284, 0.000000000000000000, -5.052500000000000213 ) ) ;
#2784 = ORIENTED_EDGE ( 'NONE', *, *, #169, .T. ) ;
#2785 = DIRECTION ( 'NONE',  ( -0.000000000000000000, -1.000000000000000000, -0.000000000000000000 ) ) ;
#2786 = SURFACE_SIDE_STYLE ('',( #1268 ) ) ;
#2787 = LINE ( 'NONE', #1915, #1485 ) ;
#2788 = PLANE ( 'NONE',  #2003 ) ;
#2789 = EDGE_CURVE ( 'NONE', #2799, #409, #565, .T. ) ;
#2790 = DIRECTION ( 'NONE',  ( 1.000000000000000000, 0.000000000000000000, 0.000000000000000000 ) ) ;
#2791 = EDGE_CURVE ( 'NONE', #2740, #2409, #324, .T. ) ;
#2792 = ORIENTED_EDGE ( 'NONE', *, *, #883, .F. ) ;
#2793 = VECTOR ( 'NONE', #2732, 1000.000000000000000 ) ;
#2794 = DIRECTION ( 'NONE',  ( -1.000000000000000000, -0.000000000000000000, -0.000000000000000000 ) ) ;
#2795 = SURFACE_STYLE_FILL_AREA ( #810 ) ;
#2796 = EDGE_LOOP ( 'NONE', ( #2814, #302, #1062, #2468 ) ) ;
#2797 = DIRECTION ( 'NONE',  ( 1.000000000000000000, 0.000000000000000000, -0.000000000000000000 ) ) ;
#2798 = EDGE_CURVE ( 'NONE', #887, #1864, #84, .T. ) ;
#2799 = VERTEX_POINT ( 'NONE', #2496 ) ;
#2800 = DIRECTION ( 'NONE',  ( -1.000000000000000000, -0.000000000000000000, -0.000000000000000000 ) ) ;
#2801 = CARTESIAN_POINT ( 'NONE',  ( -2.412499999999999645, 0.000000000000000000, -0.2225000000000004752 ) ) ;
#2802 = EDGE_CURVE ( 'NONE', #639, #25, #1803, .T. ) ;
#2803 = LINE ( 'NONE', #1979, #2099 ) ;
#2804 = DIRECTION ( 'NONE',  ( -1.000000000000000000, -0.000000000000000000, -0.000000000000000000 ) ) ;
#2805 = VECTOR ( 'NONE', #2804, 1000.000000000000000 ) ;
#2806 = AXIS2_PLACEMENT_3D ( 'NONE', #1504, #197, #2361 ) ;
#2807 = PRESENTATION_STYLE_ASSIGNMENT (( #1259 ) ) ;
#2808 = COLOUR_RGB ( '',0.2509803921568627416, 0.2509803921568627416, 0.2509803921568627416 ) ;
#2809 = ORIENTED_EDGE ( 'NONE', *, *, #541, .F. ) ;
#2810 = DIRECTION ( 'NONE',  ( 1.000000000000000000, -0.000000000000000000, -0.000000000000000000 ) ) ;
#2811 = DIRECTION ( 'NONE',  ( 0.000000000000000000, -0.1391731009600588043, 0.9902680687415712502 ) ) ;
#2812 = DIRECTION ( 'NONE',  ( 1.000000000000000000, 0.000000000000000000, 0.000000000000000000 ) ) ;
#2813 = VECTOR ( 'NONE', #907, 1000.000000000000000 ) ;
#2814 = ORIENTED_EDGE ( 'NONE', *, *, #969, .T. ) ;
#2815 = EDGE_CURVE ( 'NONE', #2009, #1037, #1638, .T. ) ;
#2816 = PLANE ( 'NONE',  #2702 ) ;
#2817 = PLANE ( 'NONE',  #1762 ) ;
#2818 = CARTESIAN_POINT ( 'NONE',  ( -3.299999999999999822, 0.000000000000000000, 1.879364355964874056 ) ) ;
#2819 = CARTESIAN_POINT ( 'NONE',  ( -1.975000000000000089, 1.194999999999991624, 2.988728652589659696 ) ) ;
#2820 = VERTEX_POINT ( 'NONE', #1400 ) ;
ENDSEC;
END-ISO-10303-21;
